# This file uses centimeters as units for non-parametric coordinates.

mtllib caseta riotutte.mtl
g default
v -2.892195 1.609261 7.805379
v -1.591597 1.390774 7.767521
v -2.861992 1.789025 7.805519
v -1.561395 1.570538 7.767661
v -2.863850 1.789389 7.739617
v -1.563252 1.570901 7.701759
v -2.894052 1.609624 7.739477
v -1.593455 1.391137 7.701619
vt 0.181025 0.112390
vt 0.257806 0.113789
vt 0.180832 0.122998
vt 0.257612 0.124397
vt 0.180762 0.126834
vt 0.257542 0.128234
vt 0.180568 0.137442
vt 0.257349 0.138842
vt 0.180498 0.141279
vt 0.257279 0.142679
vt 0.261643 0.113859
vt 0.261449 0.124467
vt 0.177188 0.112320
vt 0.176995 0.122928
vn 0.028171 -0.005511 0.999588
vn 0.028171 -0.005511 0.999588
vn 0.028171 -0.005511 0.999588
vn 0.028171 -0.005511 0.999588
vn 0.165690 0.986178 0.000767
vn 0.165690 0.986178 0.000767
vn 0.165690 0.986178 0.000767
vn 0.165690 0.986178 0.000767
vn -0.028171 0.005511 -0.999588
vn -0.028171 0.005511 -0.999588
vn -0.028171 0.005511 -0.999588
vn -0.028171 0.005511 -0.999588
vn -0.165690 -0.986178 -0.000767
vn -0.165690 -0.986178 -0.000767
vn -0.165690 -0.986178 -0.000767
vn -0.165690 -0.986178 -0.000767
vn 0.985775 -0.165600 -0.028694
vn 0.985775 -0.165600 -0.028694
vn 0.985775 -0.165600 -0.028694
vn 0.985775 -0.165600 -0.028694
vn -0.985775 0.165600 0.028694
vn -0.985775 0.165600 0.028694
vn -0.985775 0.165600 0.028694
vn -0.985775 0.165600 0.028694
s off
g pCube31
usemtl vigas_caseta_riotutte
f 1/1/1 2/2/2 4/4/3 3/3/4
f 3/3/5 4/4/6 6/6/7 5/5/8
f 5/5/9 6/6/10 8/8/11 7/7/12
f 7/7/13 8/8/14 2/10/15 1/9/16
f 2/2/17 8/11/18 6/12/19 4/4/20
f 7/13/21 1/1/22 3/3/23 5/14/24
g default
v -2.865574 2.529801 7.764053
v -1.564501 2.743894 7.809832
v -2.895164 2.709667 7.763845
v -1.594091 2.923760 7.809623
v -2.892895 2.709964 7.697955
v -1.591821 2.924057 7.743734
v -2.863305 2.530098 7.698164
v -1.562231 2.744191 7.743942
vt 0.273570 0.089289
vt 0.350350 0.090688
vt 0.273376 0.099897
vt 0.350157 0.101297
vt 0.273306 0.103734
vt 0.350087 0.105133
vt 0.273113 0.114342
vt 0.349894 0.115741
vt 0.273043 0.118178
vt 0.349824 0.119578
vt 0.354187 0.090758
vt 0.353994 0.101366
vt 0.269733 0.089219
vt 0.269539 0.099827
vn -0.034423 -0.004504 0.999397
vn -0.034423 -0.004504 0.999397
vn -0.034423 -0.004504 0.999397
vn -0.034423 -0.004504 0.999397
vn -0.162328 0.986736 -0.001144
vn -0.162328 0.986736 -0.001144
vn -0.162328 0.986736 -0.001144
vn -0.162328 0.986736 -0.001144
vn 0.034423 0.004504 -0.999397
vn 0.034423 0.004504 -0.999397
vn 0.034423 0.004504 -0.999397
vn 0.034423 0.004504 -0.999397
vn 0.162328 -0.986736 0.001144
vn 0.162328 -0.986736 0.001144
vn 0.162328 -0.986736 0.001144
vn 0.162328 -0.986736 0.001144
vn 0.986136 0.162270 0.034697
vn 0.986136 0.162270 0.034697
vn 0.986136 0.162270 0.034697
vn 0.986136 0.162270 0.034697
vn -0.986136 -0.162270 -0.034697
vn -0.986136 -0.162270 -0.034697
vn -0.986136 -0.162270 -0.034697
vn -0.986136 -0.162270 -0.034697
s off
g pCube26
usemtl vigas_caseta_riotutte
f 9/15/25 10/16/26 12/18/27 11/17/28
f 11/17/29 12/18/30 14/20/31 13/19/32
f 13/19/33 14/20/34 16/22/35 15/21/36
f 15/21/37 16/22/38 10/24/39 9/23/40
f 10/16/41 16/25/42 14/26/43 12/18/44
f 15/27/45 9/15/46 11/17/47 13/28/48
g default
v -2.607416 4.266346 7.233341
v -1.403426 4.266346 7.233341
v -2.607416 4.421102 7.233341
v -1.403426 4.421102 7.233341
v -2.607416 4.421102 7.078585
v -1.403426 4.421102 7.078585
v -2.607416 4.266346 7.078585
v -1.403426 4.266346 7.078585
vt 0.652281 0.014124
vt 0.673585 0.014124
vt 0.652281 0.035428
vt 0.673585 0.035428
vt 0.652281 0.056732
vt 0.673585 0.056732
vt 0.652281 0.078037
vt 0.673585 0.078037
vt 0.652281 0.099341
vt 0.673585 0.099341
vt 0.694889 0.014124
vt 0.694889 0.035428
vt 0.630977 0.014124
vt 0.630977 0.035428
vn 0.000000 0.000000 1.000000
vn 0.000000 0.000000 1.000000
vn 0.000000 0.000000 1.000000
vn 0.000000 0.000000 1.000000
vn 0.000000 1.000000 0.000000
vn 0.000000 1.000000 0.000000
vn 0.000000 1.000000 0.000000
vn 0.000000 1.000000 0.000000
vn 0.000000 0.000000 -1.000000
vn 0.000000 0.000000 -1.000000
vn 0.000000 0.000000 -1.000000
vn 0.000000 0.000000 -1.000000
vn 0.000000 -1.000000 0.000000
vn 0.000000 -1.000000 0.000000
vn 0.000000 -1.000000 0.000000
vn 0.000000 -1.000000 0.000000
vn 1.000000 0.000000 0.000000
vn 1.000000 0.000000 0.000000
vn 1.000000 0.000000 0.000000
vn 1.000000 0.000000 0.000000
vn -1.000000 0.000000 0.000000
vn -1.000000 0.000000 0.000000
vn -1.000000 0.000000 0.000000
vn -1.000000 0.000000 0.000000
s off
g pCube25
usemtl vigas_caseta_riotutte
f 17/29/49 18/30/50 20/32/51 19/31/52
f 19/31/53 20/32/54 22/34/55 21/33/56
f 21/33/57 22/34/58 24/36/59 23/35/60
f 23/35/61 24/36/62 18/38/63 17/37/64
f 18/30/65 24/39/66 22/40/67 20/32/68
f 23/41/69 17/29/70 19/31/71 21/42/72
g default
v -1.538790 5.245642 5.738495
v -1.553259 5.528193 5.738495
v -1.538790 5.245642 5.768017
v -1.553259 5.528193 5.768017
v -1.573682 5.244423 5.768017
v -1.587177 5.520941 5.768017
v -1.573682 5.244423 5.796773
v -1.587177 5.520941 5.796773
v -1.602436 5.243367 5.796773
v -1.615125 5.514991 5.796773
v -1.538790 4.607138 5.738495
v -1.538790 4.607138 5.768017
v -1.573682 4.607138 5.768017
v -1.573682 4.607138 5.796773
v -1.602436 4.607138 5.796773
v -1.464641 5.248272 5.738495
v -1.479447 5.512167 5.738495
v -1.464641 4.607138 5.738495
v -1.169780 5.245642 5.738495
v -1.155311 5.474370 5.738495
v -1.169780 5.245642 5.768017
v -1.155311 5.474370 5.768017
v -1.134887 5.244423 5.768017
v -1.121392 5.467118 5.768017
v -1.134887 5.244423 5.796773
v -1.121392 5.467118 5.796773
v -1.106133 5.243367 5.796773
v -1.093442 5.461168 5.796773
v -1.169780 4.607138 5.738495
v -1.169780 4.607138 5.768017
v -1.134887 4.607138 5.768017
v -1.134887 4.607138 5.796773
v -1.106133 4.607138 5.796773
v -1.243926 5.248272 5.738495
v -1.227355 5.489812 5.738495
v -1.243926 4.607138 5.738495
v -1.169780 5.245642 6.107505
v -1.155311 5.474370 6.107505
v -1.169780 5.245642 6.077983
v -1.155311 5.474370 6.077983
v -1.134887 5.244423 6.077983
v -1.121392 5.467118 6.077983
v -1.134887 5.244423 6.049227
v -1.121392 5.467118 6.049227
v -1.106133 5.243367 6.049227
v -1.093442 5.461168 6.049227
v -1.169780 4.607138 6.107505
v -1.169780 4.607138 6.077983
v -1.134887 4.607138 6.077983
v -1.134887 4.607138 6.049227
v -1.106133 4.607138 6.049227
v -1.243926 5.248272 6.107505
v -1.227355 5.489812 6.107505
v -1.243926 4.607138 6.107505
v -1.538790 5.245642 6.107505
v -1.553259 5.474370 6.107505
v -1.538790 5.245642 6.077983
v -1.553259 5.474370 6.077983
v -1.573682 5.244423 6.077983
v -1.587177 5.467118 6.077983
v -1.573682 5.244423 6.049227
v -1.587177 5.467118 6.049227
v -1.602436 5.243367 6.049227
v -1.615125 5.461168 6.049227
v -1.538790 4.607138 6.107505
v -1.538790 4.607138 6.077983
v -1.573682 4.607138 6.077983
v -1.573682 4.607138 6.049227
v -1.602436 4.607138 6.049227
v -1.464641 5.248272 6.107505
v -1.481214 5.489812 6.107505
v -1.464641 4.607138 6.107505
v -1.583425 5.619135 5.738495
v -1.582620 5.616710 5.768017
v -1.619286 5.617456 5.768017
v -1.618499 5.615093 5.796773
v -1.648721 5.615709 5.796773
v -1.505608 5.617550 5.738495
v -1.128221 5.556035 5.738495
v -1.204984 5.611423 5.738495
v -1.129015 5.553642 5.768017
v -1.092853 5.552905 5.768017
v -1.093629 5.550572 5.796773
v -1.063823 5.549964 5.796773
v -1.138149 5.526108 6.107505
v -1.137354 5.528503 6.077983
v -1.101216 5.527766 6.077983
v -1.100440 5.530098 6.049227
v -1.070652 5.529491 6.049227
v -1.214861 5.527672 6.107505
v -1.573364 5.534978 6.107505
v -1.495597 5.533394 6.107505
v -1.574169 5.537406 6.077983
v -1.610807 5.538153 6.077983
v -1.611593 5.540517 6.049227
v -1.641800 5.541132 6.049227
v -1.355862 5.547278 5.922999
vt 0.333161 0.967275
vt 0.332995 0.929947
vt 0.334720 0.929951
vt 0.334895 0.967281
vt 0.333115 0.983813
vt 0.334856 0.983723
vt 0.336756 0.929956
vt 0.336943 0.967260
vt 0.336894 0.983514
vt 0.338433 0.929959
vt 0.338634 0.967266
vt 0.338596 0.983440
vt 0.340107 0.929962
vt 0.340323 0.967243
vt 0.340282 0.983281
vt 0.328874 0.982491
vt 0.328805 0.967327
vt 0.328659 0.929939
vt 0.405803 0.966469
vt 0.405366 0.929024
vt 0.409701 0.928948
vt 0.410145 0.966434
vt 0.405954 0.979906
vt 0.410283 0.980271
vt 0.404069 0.966498
vt 0.403642 0.929054
vt 0.404209 0.979824
vt 0.402021 0.966512
vt 0.401608 0.929089
vt 0.402161 0.979646
vt 0.400330 0.966541
vt 0.399931 0.929117
vt 0.400455 0.979584
vt 0.398640 0.966546
vt 0.398257 0.929144
vt 0.398760 0.979454
vt 0.376608 0.966625
vt 0.376479 0.929304
vt 0.378203 0.929310
vt 0.378343 0.966629
vt 0.376640 0.980011
vt 0.378373 0.979905
vt 0.380238 0.929318
vt 0.380393 0.966614
vt 0.380410 0.979699
vt 0.381914 0.929324
vt 0.382085 0.966620
vt 0.382106 0.979620
vt 0.383588 0.929330
vt 0.383776 0.966603
vt 0.383795 0.979474
vt 0.372321 0.980498
vt 0.372264 0.966655
vt 0.372145 0.929291
vt 0.362330 0.967103
vt 0.361895 0.929668
vt 0.366230 0.929593
vt 0.366673 0.967071
vt 0.362454 0.980519
vt 0.366784 0.980937
vt 0.360596 0.967132
vt 0.360171 0.929698
vt 0.360716 0.980441
vt 0.358548 0.967145
vt 0.358136 0.929732
vt 0.358672 0.980267
vt 0.356858 0.967174
vt 0.356459 0.929760
vt 0.356970 0.980211
vt 0.355169 0.967180
vt 0.354785 0.929787
vt 0.355275 0.980089
vt 0.294443 0.930952
vt 0.294443 0.968519
vt 0.281511 0.968519
vt 0.281511 0.930952
vt 0.295414 0.982672
vt 0.280539 0.982672
vt 0.268017 0.931435
vt 0.268017 0.969001
vt 0.255084 0.969001
vt 0.255084 0.931435
vt 0.268884 0.984464
vt 0.254113 0.983154
vt 0.270417 0.990639
vt 0.252802 0.990280
vt 0.321764 0.970968
vt 0.320034 0.970907
vt 0.310685 0.957115
vt 0.335503 0.989032
vt 0.398444 0.985004
vt 0.333858 0.989413
vt 0.337520 0.989481
vt 0.384022 0.983669
vt 0.410245 0.987433
vt 0.339116 0.989137
vt 0.340739 0.989547
vt 0.329492 0.988601
vt 0.405289 0.984953
vt 0.403648 0.984585
vt 0.401646 0.984965
vt 0.400050 0.984642
vt 0.378795 0.983115
vt 0.377093 0.983205
vt 0.380795 0.983439
vt 0.366351 0.983500
vt 0.361991 0.984266
vt 0.360289 0.984201
vt 0.358283 0.984657
vt 0.296146 0.984891
vt 0.279697 0.985226
vt 0.356646 0.984617
vt 0.355045 0.985027
vt 0.382431 0.983370
vt 0.372742 0.982723
vt 0.319959 0.973053
vt 0.318274 0.972986
vt 0.318202 0.974756
vt 0.321903 0.966419
vt 0.321352 0.943568
vt 0.322675 0.948931
vt 0.319623 0.943645
vt 0.319600 0.941526
vt 0.317916 0.941600
vt 0.317897 0.939852
vt 0.299752 0.944316
vt 0.301482 0.944273
vt 0.301466 0.942156
vt 0.303151 0.942113
vt 0.303136 0.940366
vt 0.299781 0.948803
vt 0.299561 0.969696
vt 0.299660 0.965149
vt 0.301291 0.969770
vt 0.301242 0.971916
vt 0.302925 0.971991
vt 0.302884 0.973761
vn -0.999988 -0.004935 0.000000
vn -1.000000 0.000000 0.000000
vn -1.000000 0.000000 0.000000
vn -0.999988 -0.004935 0.000000
vn -0.980528 -0.196378 0.000000
vn -0.999988 -0.004935 0.000000
vn -0.999988 -0.004935 0.000000
vn -0.980528 -0.196378 0.000000
vn 0.000001 0.000000 -1.000000
vn 0.000001 0.000000 -1.000000
vn 0.000001 0.000000 -1.000000
vn 0.000001 0.000000 -1.000000
vn 0.000000 0.000000 -1.000000
vn 0.000001 0.000000 -1.000000
vn 0.000001 0.000000 -1.000000
vn 0.000000 0.000000 -1.000000
vn -0.999945 -0.010513 0.000000
vn -0.999980 -0.006361 0.000000
vn -0.999980 -0.006361 0.000000
vn -0.999945 -0.010513 0.000000
vn -0.980925 -0.194386 0.000000
vn -0.999945 -0.010513 0.000000
vn -0.999945 -0.010513 0.000000
vn -0.980925 -0.194386 0.000000
vn 0.000000 0.000000 -1.000000
vn 0.000000 0.000000 -1.000000
vn 0.000000 0.000000 -1.000000
vn 0.000000 0.000000 -1.000000
vn -0.000001 0.000000 -1.000000
vn 0.000000 0.000000 -1.000000
vn 0.000000 0.000000 -1.000000
vn -0.000001 0.000000 -1.000000
vn 0.000000 0.000000 -1.000000
vn 0.000000 0.000000 -1.000000
vn 0.000000 0.000000 -1.000000
vn 0.000000 0.000000 -1.000000
vn 0.000000 0.000000 -1.000000
vn 0.000000 0.000000 -1.000000
vn 0.000000 0.000000 -1.000000
vn 0.000000 0.000000 -1.000000
vn 0.000000 0.000000 -1.000000
vn 0.000000 0.000000 -1.000000
vn 0.000000 0.000000 -1.000000
vn 0.000000 0.000000 -1.000000
vn 0.000000 0.000000 -1.000000
vn 0.000000 0.000000 -1.000000
vn 0.000000 0.000000 -1.000000
vn 0.000000 0.000000 -1.000000
vn 0.999988 -0.004935 0.000000
vn 0.999988 -0.004935 0.000000
vn 1.000000 0.000000 0.000000
vn 1.000000 0.000000 0.000000
vn 0.980528 -0.196378 0.000000
vn 0.980528 -0.196378 0.000000
vn 0.999988 -0.004935 0.000000
vn 0.999988 -0.004935 0.000000
vn -0.000002 0.000000 -1.000000
vn -0.000002 0.000000 -1.000000
vn -0.000002 0.000000 -1.000000
vn -0.000002 0.000000 -1.000000
vn 0.000000 0.000000 -1.000000
vn 0.000000 0.000000 -1.000000
vn -0.000002 0.000000 -1.000000
vn -0.000002 0.000000 -1.000000
vn 0.999945 -0.010513 0.000000
vn 0.999945 -0.010513 0.000000
vn 0.999980 -0.006361 0.000000
vn 0.999980 -0.006361 0.000000
vn 0.980925 -0.194386 0.000000
vn 0.980925 -0.194386 0.000000
vn 0.999945 -0.010513 0.000000
vn 0.999945 -0.010513 0.000000
vn 0.000000 0.000000 -1.000000
vn 0.000000 0.000000 -1.000000
vn 0.000000 0.000000 -1.000000
vn 0.000000 0.000000 -1.000000
vn 0.000001 0.000000 -1.000000
vn 0.000001 0.000000 -1.000000
vn 0.000000 0.000000 -1.000000
vn 0.000000 0.000000 -1.000000
vn 0.999988 -0.004935 0.000000
vn 1.000000 0.000000 0.000000
vn 1.000000 0.000000 0.000000
vn 0.999988 -0.004935 0.000000
vn 0.980528 -0.196378 0.000000
vn 0.999988 -0.004935 0.000000
vn 0.999988 -0.004935 0.000000
vn 0.980528 -0.196378 0.000000
vn 0.000000 0.000000 1.000000
vn 0.000000 0.000000 1.000000
vn 0.000000 0.000000 1.000000
vn 0.000000 0.000000 1.000000
vn 0.000001 0.000000 1.000000
vn 0.000000 0.000000 1.000000
vn 0.000000 0.000000 1.000000
vn 0.000001 0.000000 1.000000
vn 0.999945 -0.010513 0.000000
vn 0.999980 -0.006361 0.000000
vn 0.999980 -0.006361 0.000000
vn 0.999945 -0.010513 0.000000
vn 0.980925 -0.194386 0.000000
vn 0.999945 -0.010513 0.000000
vn 0.999945 -0.010513 0.000000
vn 0.980925 -0.194386 0.000000
vn 0.000000 0.000000 1.000000
vn 0.000000 0.000000 1.000000
vn 0.000000 0.000000 1.000000
vn 0.000000 0.000000 1.000000
vn 0.000000 0.000000 1.000000
vn 0.000000 0.000000 1.000000
vn 0.000000 0.000000 1.000000
vn 0.000000 0.000000 1.000000
vn 0.000001 0.000000 1.000000
vn 0.000000 0.000000 1.000000
vn 0.000000 0.000000 1.000000
vn 0.000000 0.000000 1.000000
vn 0.000000 0.000000 1.000000
vn 0.000000 0.000000 1.000000
vn 0.000000 0.000000 1.000000
vn 0.000000 0.000000 1.000000
vn 0.000000 0.000000 1.000000
vn 0.000000 0.000000 1.000000
vn 0.000000 0.000000 1.000000
vn 0.000000 0.000000 1.000000
vn 0.000000 0.000000 1.000000
vn 0.000000 0.000000 1.000000
vn 0.000000 0.000000 1.000000
vn 0.000000 0.000000 1.000000
vn -0.999988 -0.004935 0.000000
vn -0.999988 -0.004935 0.000000
vn -1.000000 0.000000 0.000000
vn -1.000000 0.000000 0.000000
vn -0.980528 -0.196378 0.000000
vn -0.980528 -0.196378 0.000000
vn -0.999988 -0.004935 0.000000
vn -0.999988 -0.004935 0.000000
vn 0.000000 0.000000 1.000000
vn 0.000000 0.000000 1.000000
vn 0.000000 0.000000 1.000000
vn 0.000000 0.000000 1.000000
vn 0.000000 0.000000 1.000000
vn 0.000000 0.000000 1.000000
vn 0.000000 0.000000 1.000000
vn 0.000000 0.000000 1.000000
vn -0.999945 -0.010513 0.000000
vn -0.999945 -0.010513 0.000000
vn -0.999980 -0.006361 0.000000
vn -0.999980 -0.006361 0.000000
vn -0.980925 -0.194386 0.000000
vn -0.980925 -0.194386 0.000000
vn -0.999945 -0.010513 0.000000
vn -0.999945 -0.010513 0.000000
vn 0.000000 0.000000 1.000000
vn 0.000000 0.000000 1.000000
vn 0.000000 0.000000 1.000000
vn 0.000000 0.000000 1.000000
vn 0.000000 0.000000 1.000000
vn 0.000000 0.000000 1.000000
vn 0.000000 0.000000 1.000000
vn 0.000000 0.000000 1.000000
vn 0.999955 -0.009470 0.000000
vn 0.999914 -0.013144 0.000000
vn 0.999914 -0.013144 0.000000
vn 0.999955 -0.009470 0.000000
vn 0.999914 -0.013144 0.000000
vn 0.981278 -0.192598 0.000000
vn 0.981278 -0.192598 0.000000
vn 0.999914 -0.013144 0.000000
vn 0.981278 -0.192598 0.000000
vn 0.948615 -0.316431 -0.000001
vn 0.948615 -0.316431 -0.000001
vn 0.981278 -0.192598 0.000000
vn -0.981278 -0.192598 0.000000
vn -0.999914 -0.013144 0.000000
vn -0.999914 -0.013144 0.000000
vn -0.981278 -0.192598 0.000000
vn -0.999914 -0.013144 0.000000
vn -0.999955 -0.009470 0.000000
vn -0.999955 -0.009470 0.000000
vn -0.999914 -0.013144 0.000000
vn 0.000000 0.000000 1.000000
vn 0.000000 0.000000 1.000000
vn 0.000000 0.000000 1.000000
vn 0.000000 0.000000 1.000000
vn 0.000000 0.000000 1.000000
vn 0.000000 0.000000 1.000000
vn 0.000000 0.000000 1.000000
vn 0.000000 0.000000 1.000000
vn 0.000000 0.000000 1.000000
vn 0.000000 0.000000 1.000000
vn 0.000000 0.000000 1.000000
vn 0.000000 0.000000 1.000000
vn 0.000000 0.000000 -1.000000
vn 0.000000 0.000000 -1.000000
vn 0.000000 0.000000 -1.000000
vn 0.000000 0.000000 -1.000000
vn 0.000000 0.000000 -1.000000
vn 0.000000 0.000000 -1.000000
vn 0.000000 0.000000 -1.000000
vn 0.000000 0.000000 -1.000000
vn 0.000000 0.000000 -1.000000
vn 0.000000 0.000000 -1.000000
vn 0.000000 0.000000 -1.000000
vn 0.000000 0.000000 -1.000000
vn -0.949146 -0.314835 0.000004
vn -0.949146 -0.314835 0.000004
vn -0.980528 -0.196378 0.000000
vn -0.980528 -0.196378 0.000000
vn 0.000000 0.000000 -1.000000
vn 0.000000 0.000000 -1.000000
vn 0.000000 0.000000 -1.000000
vn 0.000000 0.000000 -1.000000
vn -0.948873 -0.315658 0.000004
vn -0.948873 -0.315658 0.000004
vn -0.980925 -0.194386 0.000000
vn -0.980925 -0.194386 0.000000
vn 0.000000 0.000000 -1.000000
vn 0.000000 0.000000 -1.000000
vn -0.000001 0.000000 -1.000000
vn -0.000001 0.000000 -1.000000
vn 0.000000 0.000000 -1.000000
vn 0.000000 0.000000 -1.000000
vn 0.000000 0.000000 -1.000000
vn 0.000000 0.000000 -1.000000
vn 0.000000 0.000000 -1.000000
vn 0.000000 0.000000 -1.000000
vn 0.000000 0.000000 -1.000000
vn 0.000000 0.000000 -1.000000
vn 0.949139 -0.314856 0.000014
vn 0.949140 -0.314856 0.000014
vn 0.980528 -0.196378 0.000000
vn 0.980528 -0.196378 0.000000
vn -0.000015 0.000000 -1.000000
vn -0.000015 0.000000 -1.000000
vn 0.000000 0.000000 -1.000000
vn 0.000000 0.000000 -1.000000
vn 0.948876 -0.315649 -0.000009
vn 0.948876 -0.315649 -0.000009
vn 0.980925 -0.194386 0.000000
vn 0.980925 -0.194386 0.000000
vn -0.000018 0.000000 -1.000000
vn -0.000018 0.000000 -1.000000
vn 0.000001 0.000000 -1.000000
vn 0.000001 0.000000 -1.000000
vn 0.949139 -0.314858 0.000000
vn 0.949139 -0.314858 0.000000
vn 0.980528 -0.196378 0.000000
vn 0.980528 -0.196378 0.000000
vn 0.000000 0.000000 1.000000
vn 0.000000 0.000000 1.000000
vn 0.000001 0.000000 1.000000
vn 0.000001 0.000000 1.000000
vn 0.948874 -0.315656 0.000006
vn 0.948874 -0.315656 0.000006
vn 0.980925 -0.194386 0.000000
vn 0.980925 -0.194386 0.000000
vn 0.000023 -0.000009 1.000000
vn 0.000023 -0.000009 1.000000
vn 0.000000 0.000000 1.000000
vn 0.000000 0.000000 1.000000
vn 0.000000 0.000000 1.000000
vn 0.000000 0.000000 1.000000
vn 0.000000 0.000000 1.000000
vn 0.000001 0.000000 1.000000
vn 0.000000 0.000000 1.000000
vn 0.000000 0.000000 1.000000
vn 0.000000 0.000000 1.000000
vn 0.000000 0.000000 1.000000
vn -0.949137 -0.314862 0.000000
vn -0.949137 -0.314862 0.000000
vn -0.980528 -0.196378 0.000000
vn -0.980528 -0.196378 0.000000
vn 0.000000 0.000000 1.000000
vn 0.000000 0.000000 1.000000
vn 0.000000 0.000000 1.000000
vn 0.000000 0.000000 1.000000
vn -0.948879 -0.315640 0.000005
vn -0.948879 -0.315640 0.000005
vn -0.980925 -0.194386 0.000000
vn -0.980925 -0.194386 0.000000
vn -0.000020 -0.000007 1.000000
vn -0.000020 -0.000007 1.000000
vn 0.000000 0.000000 1.000000
vn 0.000000 0.000000 1.000000
vn -0.946463 -0.315717 -0.067314
vn -0.946463 -0.315717 -0.067314
vn -0.981278 -0.192598 0.000000
vn -0.981278 -0.192598 0.000000
vn 0.246255 0.966477 0.072671
vn 0.246255 0.966477 0.072671
vn 0.246255 0.966477 0.072671
vn 0.018779 0.922414 0.385746
vn 0.018779 0.922414 0.385746
vn 0.018779 0.922414 0.385746
vn 0.215799 0.973621 0.074116
vn 0.215799 0.973621 0.074116
vn 0.215799 0.973621 0.074116
vn 0.018259 0.896143 0.443389
vn 0.018259 0.896143 0.443389
vn 0.018259 0.896143 0.443389
vn 0.019131 0.939408 0.342268
vn 0.019131 0.939408 0.342268
vn 0.019131 0.939408 0.342268
vn 0.465762 0.645502 0.605304
vn 0.465762 0.645502 0.605304
vn 0.465762 0.645502 0.605304
vn 0.027735 0.996292 0.081443
vn 0.027735 0.996292 0.081443
vn 0.027735 0.996292 0.081443
vn 0.020338 0.997285 0.070774
vn 0.020338 0.997285 0.070774
vn 0.020338 0.997285 0.070774
vn 0.026730 0.996314 0.081514
vn 0.026730 0.996314 0.081514
vn 0.026730 0.996314 0.081514
vn 0.020346 0.997459 0.068276
vn 0.020346 0.997459 0.068276
vn 0.020346 0.997459 0.068276
vn 0.027768 0.996284 0.081525
vn 0.027768 0.996284 0.081525
vn 0.027768 0.996284 0.081525
vn 0.020281 0.995549 0.092035
vn 0.020281 0.995549 0.092035
vn 0.020281 0.995549 0.092035
vn 0.026727 0.996314 0.081516
vn 0.026727 0.996314 0.081516
vn 0.026727 0.996314 0.081516
vn 0.020293 0.995326 0.094418
vn 0.020293 0.995326 0.094418
vn 0.020293 0.995326 0.094418
vn 0.020292 0.995708 0.090302
vn 0.020292 0.995708 0.090302
vn 0.020292 0.995708 0.090302
vn 0.020293 0.995709 0.090288
vn 0.020293 0.995709 0.090288
vn 0.020293 0.995709 0.090288
vn 0.012853 0.996582 0.081601
vn 0.012853 0.996582 0.081601
vn 0.012853 0.996582 0.081601
vn 0.020295 0.995553 0.091990
vn 0.020295 0.995553 0.091990
vn 0.020295 0.995553 0.091990
vn 0.013908 0.996569 0.081594
vn 0.013908 0.996569 0.081594
vn 0.013908 0.996569 0.081594
vn 0.020265 0.995334 0.094341
vn 0.020265 0.995334 0.094341
vn 0.020265 0.995334 0.094341
vn 0.026064 0.996332 0.081507
vn 0.026064 0.996332 0.081507
vn 0.026064 0.996332 0.081507
vn 0.102738 0.954716 0.279219
vn 0.102738 0.954715 0.279219
vn 0.102738 0.954715 0.279219
vn 0.020294 0.995708 0.090302
vn 0.020294 0.995708 0.090302
vn 0.020294 0.995708 0.090302
vn 0.019146 0.939412 0.342256
vn 0.019146 0.939412 0.342256
vn 0.019146 0.939412 0.342256
s off
g column_short6
usemtl piedra_caseta_riotutte
f 25/43/73 35/44/74 36/45/75 27/46/76
f 26/47/77 25/43/78 27/46/79 28/48/80
f 27/46/81 36/45/82 37/49/83 29/50/84
f 28/48/85 27/46/86 29/50/87 30/51/88
f 29/50/89 37/49/90 38/52/91 31/53/92
f 30/51/93 29/50/94 31/53/95 32/54/96
f 31/53/97 38/52/98 39/55/99 33/56/100
f 32/54/101 31/53/102 33/56/103 34/57/104
f 26/47/105 41/58/106 40/59/107 25/43/108
f 25/43/109 40/59/110 42/60/111 35/44/112
f 43/61/113 53/62/114 60/63/115 58/64/116
f 44/65/117 43/61/118 58/64/119 59/66/120
f 43/61/121 45/67/122 54/68/123 53/62/124
f 44/65/125 46/69/126 45/67/127 43/61/128
f 45/67/129 47/70/130 55/71/131 54/68/132
f 46/69/133 48/72/134 47/70/135 45/67/136
f 47/70/137 49/73/138 56/74/139 55/71/140
f 48/72/141 50/75/142 49/73/143 47/70/144
f 49/73/145 51/76/146 57/77/147 56/74/148
f 50/75/149 52/78/150 51/76/151 49/73/152
f 61/79/153 71/80/154 72/81/155 63/82/156
f 62/83/157 61/79/158 63/82/159 64/84/160
f 63/82/161 72/81/162 73/85/163 65/86/164
f 64/84/165 63/82/166 65/86/167 66/87/168
f 65/86/169 73/85/170 74/88/171 67/89/172
f 66/87/173 65/86/174 67/89/175 68/90/176
f 67/89/177 74/88/178 75/91/179 69/92/180
f 68/90/181 67/89/182 69/92/183 70/93/184
f 62/83/185 77/94/186 76/95/187 61/79/188
f 61/79/189 76/95/190 78/96/191 71/80/192
f 79/97/193 89/98/194 96/99/195 94/100/196
f 80/101/197 79/97/198 94/100/199 95/102/200
f 79/97/201 81/103/202 90/104/203 89/98/204
f 80/101/205 82/105/206 81/103/207 79/97/208
f 81/103/209 83/106/210 91/107/211 90/104/212
f 82/105/213 84/108/214 83/106/215 81/103/216
f 83/106/217 85/109/218 92/110/219 91/107/220
f 84/108/221 86/111/222 85/109/223 83/106/224
f 85/109/225 87/112/226 93/113/227 92/110/228
f 86/111/229 88/114/230 87/112/231 85/109/232
f 57/77/233 51/76/234 69/92/235 75/91/236
f 51/76/237 52/78/238 70/93/239 69/92/240
f 52/78/241 108/133/242 113/136/243 70/93/244
f 34/57/245 33/56/246 87/112/247 88/114/248
f 33/56/249 39/55/250 93/113/251 87/112/252
f 78/115/253 76/116/254 94/117/255 96/118/256
f 76/116/257 77/119/258 95/120/259 94/117/260
f 77/119/261 114/152/262 116/153/263 95/120/264
f 42/121/265 40/122/266 58/123/267 60/124/268
f 40/122/269 41/125/270 59/126/271 58/123/272
f 41/125/273 102/127/274 104/128/275 59/126/276
f 98/132/277 97/134/278 26/47/279 28/48/280
f 99/135/281 98/132/282 28/48/283 30/51/284
f 100/138/285 99/135/286 30/51/287 32/54/288
f 101/139/289 100/138/290 32/54/291 34/57/292
f 97/134/293 102/140/294 41/58/295 26/47/296
f 104/137/297 103/141/298 44/65/299 59/66/300
f 103/141/301 105/142/302 46/69/303 44/65/304
f 105/142/305 106/143/306 48/72/307 46/69/308
f 106/143/309 107/144/310 50/75/311 48/72/312
f 107/144/313 108/133/314 52/78/315 50/75/316
f 110/145/317 109/146/318 62/83/319 64/84/320
f 111/147/321 110/145/322 64/84/323 66/87/324
f 112/156/325 111/147/326 66/87/327 68/90/328
f 113/136/329 112/156/330 68/90/331 70/93/332
f 109/146/333 114/157/334 77/94/335 62/83/336
f 116/148/337 115/149/338 80/101/339 95/102/340
f 115/149/341 117/150/342 82/105/343 80/101/344
f 117/150/345 118/151/346 84/108/347 82/105/348
f 118/151/349 119/154/350 86/111/351 84/108/352
f 119/154/353 120/155/354 88/114/355 86/111/356
f 120/155/357 101/139/358 34/57/359 88/114/360
f 97/129/361 98/130/362 121/131/363
f 98/130/364 99/158/365 121/131/366
f 99/158/367 100/159/368 121/131/369
f 100/159/370 101/160/371 121/131/372
f 102/161/373 97/129/374 121/131/375
f 103/162/376 104/163/377 121/131/378
f 105/164/379 103/162/380 121/131/381
f 106/165/382 105/164/383 121/131/384
f 107/166/385 106/165/386 121/131/387
f 108/167/388 107/166/389 121/131/390
f 109/168/391 110/169/392 121/131/393
f 110/169/394 111/170/395 121/131/396
f 111/170/397 112/171/398 121/131/399
f 112/171/400 113/172/401 121/131/402
f 114/173/403 109/168/404 121/131/405
f 115/174/406 116/175/407 121/131/408
f 117/176/409 115/174/410 121/131/411
f 118/177/412 117/176/413 121/131/414
f 119/178/415 118/177/416 121/131/417
f 120/179/418 119/178/419 121/131/420
f 113/172/421 108/167/422 121/131/423
f 101/160/424 120/179/425 121/131/426
f 116/175/427 114/173/428 121/131/429
f 104/163/430 102/161/431 121/131/432
g default
v -2.869671 2.771212 7.791198
v -1.562247 2.942296 7.837001
v -2.893322 2.951956 7.791198
v -1.585898 3.123039 7.837001
v -2.891053 2.952252 7.725308
v -1.583629 3.123336 7.771112
v -2.867401 2.771509 7.725308
v -1.559978 2.942593 7.771112
vt 0.274122 0.055958
vt 0.351416 0.057367
vt 0.273927 0.066637
vt 0.351221 0.068046
vt 0.273857 0.070499
vt 0.351151 0.071908
vt 0.273662 0.081178
vt 0.350956 0.082587
vt 0.273592 0.085040
vt 0.350885 0.086449
vt 0.355278 0.057437
vt 0.355083 0.068116
vt 0.270259 0.055887
vt 0.270065 0.066566
vn -0.034423 -0.004504 0.999397
vn -0.034423 -0.004504 0.999397
vn -0.034423 -0.004504 0.999397
vn -0.034423 -0.004504 0.999397
vn -0.129750 0.991547 -0.000000
vn -0.129750 0.991547 -0.000000
vn -0.129750 0.991547 -0.000000
vn -0.129750 0.991547 -0.000000
vn 0.034423 0.004504 -0.999397
vn 0.034423 0.004504 -0.999397
vn 0.034423 0.004504 -0.999397
vn 0.034423 0.004504 -0.999397
vn 0.129750 -0.991547 0.000000
vn 0.129750 -0.991547 0.000000
vn 0.129750 -0.991547 0.000000
vn 0.129750 -0.991547 0.000000
vn 0.990949 0.129671 0.034716
vn 0.990949 0.129671 0.034716
vn 0.990949 0.129671 0.034716
vn 0.990949 0.129671 0.034716
vn -0.990949 -0.129671 -0.034716
vn -0.990949 -0.129671 -0.034716
vn -0.990949 -0.129671 -0.034716
vn -0.990949 -0.129671 -0.034716
s off
g pCube15
usemtl vigas_caseta_riotutte
f 122/180/433 123/181/434 125/183/435 124/182/436
f 124/182/437 125/183/438 127/185/439 126/184/440
f 126/184/441 127/185/442 129/187/443 128/186/444
f 128/186/445 129/187/446 123/189/447 122/188/448
f 123/181/449 129/190/450 127/191/451 125/183/452
f 128/192/453 122/180/454 124/182/455 126/193/456
g default
v -1.223541 2.587839 5.796318
v -1.349530 2.587839 5.796318
v -1.475520 2.587839 5.796318
v -1.475520 2.587839 5.816477
v -1.499236 2.587839 5.816477
v -1.499236 2.587839 5.836113
v -1.518817 2.587839 5.836113
v -1.518817 2.587839 6.008501
v -1.499236 2.587839 6.008501
v -1.499236 2.587839 6.028136
v -1.475520 2.587839 6.028136
v -1.475520 2.587839 6.048296
v -1.349530 2.587839 6.048296
v -1.223541 2.587839 6.048296
v -1.223541 2.587839 6.028136
v -1.199825 2.587839 6.028136
v -1.199825 2.587839 6.008501
v -1.180244 2.587839 6.008501
v -1.180244 2.587839 5.836113
v -1.199825 2.587839 5.836113
v -1.199825 2.587839 5.816477
v -1.223541 2.587839 5.816477
v -1.195055 2.532622 6.076782
v -1.349530 2.532622 6.076782
v -1.504006 2.532622 6.076782
v -1.504006 2.532622 6.052065
v -1.532790 2.532622 6.052065
v -1.532790 2.532622 6.027989
v -1.556655 2.532622 6.027989
v -1.556655 2.532622 5.816625
v -1.532790 2.532622 5.816625
v -1.532790 2.532622 5.792549
v -1.504006 2.532622 5.792549
v -1.504006 2.532622 5.767832
v -1.349530 2.532622 5.767832
v -1.195055 2.532622 5.767832
v -1.195055 2.532622 5.792549
v -1.166270 2.532622 5.792549
v -1.166270 2.532622 5.816625
v -1.142405 2.532622 5.816625
v -1.142405 2.532622 6.027989
v -1.166270 2.532622 6.027989
v -1.166270 2.532622 6.052065
v -1.195055 2.532622 6.052065
v -1.135507 2.587839 6.137509
v -1.142674 2.532622 6.127130
v -1.349530 2.587839 6.137509
v -1.349530 2.532622 6.127130
v -1.556387 2.532622 6.127130
v -1.563554 2.587839 6.137509
v -1.556387 2.532622 6.099642
v -1.563554 2.587839 6.108633
v -1.590767 2.532480 6.099642
v -1.599488 2.587695 6.108633
v -1.590767 2.532480 6.070886
v -1.599488 2.587695 6.078424
v -1.619271 2.532410 6.070886
v -1.629157 2.587626 6.078424
v -1.619271 2.532410 5.773728
v -1.629157 2.587626 5.766256
v -1.599488 2.587695 5.766256
v -1.590767 2.532480 5.773728
v -1.599488 2.587695 5.736049
v -1.590767 2.532480 5.744972
v -1.563554 2.587839 5.736049
v -1.556387 2.532622 5.744972
v -1.563554 2.587839 5.705772
v -1.556387 2.532622 5.716151
v -1.349530 2.587839 5.705771
v -1.349530 2.532622 5.716151
v -1.142674 2.532622 5.716151
v -1.135507 2.587839 5.705772
v -1.142674 2.532622 5.744972
v -1.135507 2.587839 5.736049
v -1.108294 2.532480 5.744972
v -1.099573 2.587695 5.736049
v -1.108294 2.532480 5.773728
v -1.099573 2.587695 5.766256
v -1.079791 2.532410 5.773728
v -1.069904 2.587626 5.766256
v -1.079790 2.532410 6.070886
v -1.069904 2.587626 6.078424
v -1.099573 2.587695 6.078424
v -1.108294 2.532480 6.070886
v -1.099573 2.587695 6.108633
v -1.108294 2.532480 6.099642
v -1.135507 2.587839 6.108633
v -1.142674 2.532622 6.099642
v -1.349530 2.570947 6.137509
v -1.563554 2.570947 6.137509
v -1.563554 2.570947 6.108633
v -1.599377 2.570804 6.108633
v -1.599377 2.570804 6.078424
v -1.628991 2.570735 6.078424
v -1.628991 2.570735 5.766256
v -1.599377 2.570804 5.766256
v -1.599377 2.570804 5.736049
v -1.563554 2.570947 5.736049
v -1.563554 2.570947 5.705772
v -1.349530 2.570947 5.705772
v -1.135507 2.570947 5.705772
v -1.135507 2.570947 5.736049
v -1.099684 2.570804 5.736049
v -1.099684 2.570804 5.766256
v -1.070069 2.570735 5.766256
v -1.070069 2.570735 6.078424
v -1.099684 2.570804 6.078424
v -1.099684 2.570804 6.108633
v -1.135507 2.570947 6.108633
v -1.135507 2.570947 6.137509
v -1.349530 2.565154 6.127130
v -1.556387 2.565154 6.127130
v -1.556387 2.565154 6.099642
v -1.590974 2.565012 6.099642
v -1.590974 2.565012 6.070886
v -1.619578 2.564941 6.070886
v -1.619579 2.564942 5.773728
v -1.590974 2.565012 5.773728
v -1.590974 2.565012 5.744972
v -1.556387 2.565154 5.744972
v -1.556387 2.565154 5.716151
v -1.349530 2.565154 5.716151
v -1.142674 2.565154 5.716151
v -1.142674 2.565154 5.744972
v -1.108087 2.565012 5.744972
v -1.108087 2.565012 5.773728
v -1.079482 2.564942 5.773728
v -1.079482 2.564942 6.070886
v -1.108087 2.565012 6.070886
v -1.108087 2.565012 6.099642
v -1.142674 2.565154 6.099642
v -1.142674 2.565154 6.127130
v -1.223541 2.696014 5.796318
v -1.349530 2.696014 5.796318
v -1.475520 2.696014 5.796318
v -1.475520 2.696014 5.816477
v -1.499236 2.696014 5.816477
v -1.499236 2.696014 5.836113
v -1.518817 2.696014 5.836113
v -1.518817 2.696013 6.008501
v -1.499236 2.696014 6.008501
v -1.499236 2.696014 6.028136
v -1.475520 2.696014 6.028136
v -1.475520 2.696014 6.048296
v -1.349530 2.696014 6.048296
v -1.223541 2.696014 6.048296
v -1.223541 2.696014 6.028136
v -1.199825 2.696014 6.028136
v -1.199825 2.696014 6.008501
v -1.180244 2.696014 6.008501
v -1.180244 2.696014 5.836113
v -1.199825 2.696014 5.836113
v -1.199825 2.696014 5.816477
v -1.223541 2.696014 5.816477
v -1.195055 2.640798 6.076782
v -1.349530 2.640798 6.076782
v -1.504006 2.640798 6.076782
v -1.504006 2.640798 6.052065
v -1.532790 2.640798 6.052065
v -1.532790 2.640798 6.027989
v -1.556655 2.640798 6.027989
v -1.556655 2.640798 5.816625
v -1.532790 2.640798 5.816625
v -1.532790 2.640798 5.792549
v -1.504006 2.640798 5.792549
v -1.504006 2.640798 5.767832
v -1.349530 2.640798 5.767832
v -1.195055 2.640798 5.767832
v -1.195055 2.640798 5.792549
v -1.166270 2.640798 5.792549
v -1.166270 2.640798 5.816625
v -1.142405 2.640798 5.816625
v -1.142405 2.640798 6.027989
v -1.166270 2.640798 6.027989
v -1.166270 2.640798 6.052065
v -1.195055 2.640798 6.052065
v -1.135507 2.696014 6.137509
v -1.142674 2.640798 6.127130
v -1.349530 2.696014 6.137509
v -1.349530 2.640798 6.127130
v -1.556387 2.640798 6.127130
v -1.563554 2.696014 6.137509
v -1.556387 2.640798 6.099642
v -1.563554 2.696014 6.108633
v -1.590767 2.640655 6.099642
v -1.599488 2.695871 6.108633
v -1.590767 2.640655 6.070886
v -1.599488 2.695871 6.078424
v -1.619271 2.640586 6.070886
v -1.629157 2.695802 6.078424
v -1.619271 2.640586 5.773728
v -1.629157 2.695802 5.766256
v -1.599488 2.695871 5.766256
v -1.590767 2.640655 5.773728
v -1.599488 2.695871 5.736049
v -1.590767 2.640655 5.744972
v -1.563554 2.696014 5.736049
v -1.556387 2.640798 5.744972
v -1.563554 2.696014 5.705772
v -1.556387 2.640798 5.716151
v -1.349530 2.696014 5.705771
v -1.349530 2.640798 5.716151
v -1.142674 2.640798 5.716151
v -1.135507 2.696014 5.705772
v -1.142674 2.640798 5.744972
v -1.135507 2.696014 5.736049
v -1.108294 2.640655 5.744972
v -1.099573 2.695871 5.736049
v -1.108294 2.640655 5.773728
v -1.099573 2.695871 5.766256
v -1.079791 2.640586 5.773728
v -1.069904 2.695802 5.766256
v -1.079790 2.640586 6.070886
v -1.069904 2.695802 6.078424
v -1.099573 2.695871 6.078424
v -1.108294 2.640655 6.070886
v -1.099573 2.695871 6.108633
v -1.108294 2.640655 6.099642
v -1.135507 2.696014 6.108633
v -1.142674 2.640798 6.099642
v -1.349530 2.679123 6.137509
v -1.563554 2.679123 6.137509
v -1.563554 2.679123 6.108633
v -1.599377 2.678980 6.108633
v -1.599377 2.678980 6.078424
v -1.628991 2.678911 6.078424
v -1.628991 2.678911 5.766256
v -1.599377 2.678980 5.766256
v -1.599377 2.678980 5.736049
v -1.563554 2.679123 5.736049
v -1.563554 2.679123 5.705772
v -1.349530 2.679123 5.705772
v -1.135507 2.679123 5.705772
v -1.135507 2.679123 5.736049
v -1.099684 2.678980 5.736049
v -1.099684 2.678980 5.766256
v -1.070069 2.678911 5.766256
v -1.070069 2.678911 6.078424
v -1.099684 2.678980 6.078424
v -1.099684 2.678980 6.108633
v -1.135507 2.679123 6.108633
v -1.135507 2.679123 6.137509
v -1.349530 2.673330 6.127130
v -1.556387 2.673330 6.127130
v -1.556387 2.673330 6.099642
v -1.590974 2.673186 6.099642
v -1.590974 2.673186 6.070886
v -1.619578 2.673118 6.070886
v -1.619579 2.673118 5.773728
v -1.590974 2.673186 5.773728
v -1.590974 2.673186 5.744972
v -1.556387 2.673330 5.744972
v -1.556387 2.673330 5.716151
v -1.349530 2.673330 5.716151
v -1.142674 2.673330 5.716151
v -1.142674 2.673330 5.744972
v -1.108087 2.673186 5.744972
v -1.108087 2.673186 5.773728
v -1.079482 2.673118 5.773728
v -1.079482 2.673118 6.070886
v -1.108087 2.673186 6.070886
v -1.108087 2.673186 6.099642
v -1.142674 2.673330 6.099642
v -1.142674 2.673330 6.127130
v -1.761633 3.357485 5.737802
v -1.534035 2.714142 5.737802
v -1.617026 3.128519 5.737802
v -1.941592 3.540381 5.737802
v -1.548504 2.931882 5.737802
v -1.534035 2.714142 5.767324
v -1.941592 3.540381 5.767324
v -1.617026 3.128519 5.767324
v -1.761633 3.357485 5.767324
v -1.548504 2.931882 5.767324
v -1.568928 2.712985 5.767324
v -1.963731 3.513601 5.767324
v -1.648286 3.113445 5.767324
v -1.788850 3.335909 5.767324
v -1.582423 2.924976 5.767324
v -1.568928 2.712985 5.796081
v -1.963731 3.513601 5.796081
v -1.648286 3.113445 5.796081
v -1.788850 3.335909 5.796081
v -1.582423 2.924976 5.796081
v -1.597683 2.711978 5.796081
v -1.982283 3.491745 5.796081
v -1.674039 3.101009 5.796081
v -1.811274 3.318126 5.796081
v -1.610373 2.919313 5.796081
v -2.164643 3.689106 5.737802
v -2.164643 3.689106 5.767324
v -2.164643 3.655289 5.767324
v -2.164643 3.655289 5.796081
v -2.164643 3.623910 5.796081
v -1.534036 -0.012801 5.737802
v -1.534036 -0.012801 5.767324
v -1.568928 -0.012801 5.767324
v -1.568928 -0.012801 5.796081
v -1.597683 -0.012801 5.796081
v -1.894657 3.597318 5.737802
v -2.164643 3.777855 5.737802
v -1.550627 3.160517 5.737802
v -1.703824 3.403306 5.737802
v -1.459888 2.716645 5.737802
v -1.476459 2.946579 5.737802
v -1.459888 -0.012801 5.737802
v -0.937428 3.357485 5.737802
v -1.165025 2.714142 5.737802
v -1.082035 3.128519 5.737802
v -0.757469 3.540381 5.737802
v -1.150557 2.931882 5.737802
v -1.165025 2.714142 5.767324
v -0.757469 3.540381 5.767324
v -1.082035 3.128519 5.767324
v -0.937428 3.357485 5.767324
v -1.150557 2.931882 5.767324
v -1.130133 2.712985 5.767324
v -0.735331 3.513601 5.767324
v -1.050775 3.113445 5.767324
v -0.910212 3.335909 5.767324
v -1.116637 2.924976 5.767324
v -1.130133 2.712985 5.796081
v -0.735331 3.513601 5.796081
v -1.050775 3.113445 5.796081
v -0.910212 3.335909 5.796081
v -1.116637 2.924976 5.796081
v -1.101378 2.711978 5.796081
v -0.716778 3.491745 5.796081
v -1.025022 3.101009 5.796081
v -0.887787 3.318126 5.796081
v -1.088688 2.919313 5.796081
v -0.534418 3.689106 5.737802
v -0.534418 3.689106 5.767324
v -0.534418 3.655289 5.767324
v -0.534418 3.655289 5.796081
v -0.534418 3.623910 5.796081
v -1.165025 -0.012801 5.737802
v -1.165025 -0.012801 5.767324
v -1.130133 -0.012801 5.767324
v -1.130133 -0.012801 5.796081
v -1.101378 -0.012801 5.796081
v -0.804404 3.597318 5.737802
v -0.534418 3.777855 5.737802
v -1.148434 3.160517 5.737802
v -0.995237 3.403306 5.737802
v -1.239173 2.716645 5.737802
v -1.222601 2.946579 5.737802
v -1.239173 -0.012801 5.737802
v -0.937428 3.357485 6.106812
v -1.165025 2.714142 6.106812
v -1.082035 3.128519 6.106812
v -0.757469 3.540381 6.106812
v -1.150557 2.931882 6.106812
v -1.165025 2.714142 6.077290
v -0.757469 3.540381 6.077290
v -1.082035 3.128519 6.077290
v -0.937428 3.357485 6.077290
v -1.150557 2.931882 6.077290
v -1.130133 2.712985 6.077290
v -0.735331 3.513601 6.077290
v -1.050775 3.113445 6.077290
v -0.910212 3.335909 6.077290
v -1.116637 2.924976 6.077290
v -1.130133 2.712985 6.048533
v -0.735331 3.513601 6.048534
v -1.050775 3.113445 6.048534
v -0.910212 3.335909 6.048534
v -1.116637 2.924976 6.048533
v -1.101378 2.711978 6.048533
v -0.716778 3.491745 6.048534
v -1.025022 3.101009 6.048534
v -0.887787 3.318126 6.048534
v -1.088688 2.919313 6.048533
v -0.534418 3.689106 6.106812
v -0.534418 3.689106 6.077290
v -0.534418 3.655289 6.077290
v -0.534418 3.655289 6.048534
v -0.534418 3.623910 6.048533
v -1.165025 -0.012801 6.106812
v -1.165025 -0.012801 6.077290
v -1.130133 -0.012801 6.077290
v -1.130133 -0.012801 6.048533
v -1.101378 -0.012801 6.048533
v -0.804404 3.597318 6.106812
v -0.534418 3.777855 6.106812
v -1.148434 3.160517 6.106812
v -0.995237 3.403306 6.106812
v -1.239173 2.716645 6.106812
v -1.222601 2.946579 6.106812
v -1.239173 -0.012801 6.106812
v -1.761633 3.357485 6.106812
v -1.534035 2.714142 6.106812
v -1.617026 3.128519 6.106812
v -1.941592 3.540381 6.106812
v -1.548504 2.931882 6.106812
v -1.534035 2.714142 6.077290
v -1.941592 3.540381 6.077290
v -1.617026 3.128519 6.077290
v -1.761633 3.357485 6.077290
v -1.548504 2.931882 6.077290
v -1.568928 2.712985 6.077290
v -1.963731 3.513601 6.077290
v -1.648286 3.113445 6.077290
v -1.788850 3.335909 6.077290
v -1.582424 2.924976 6.077290
v -1.568928 2.712985 6.048533
v -1.963731 3.513601 6.048534
v -1.648286 3.113445 6.048534
v -1.788850 3.335909 6.048534
v -1.582424 2.924976 6.048533
v -1.597683 2.711978 6.048533
v -1.982283 3.491745 6.048534
v -1.674039 3.101009 6.048534
v -1.811274 3.318126 6.048534
v -1.610373 2.919313 6.048533
v -2.164643 3.689106 6.106812
v -2.164643 3.689106 6.077290
v -2.164643 3.655289 6.077290
v -2.164643 3.655289 6.048534
v -2.164643 3.623910 6.048533
v -1.534036 -0.012801 6.106812
v -1.534036 -0.012801 6.077290
v -1.568928 -0.012801 6.077290
v -1.568928 -0.012801 6.048533
v -1.597683 -0.012801 6.048533
v -1.894657 3.597318 6.106812
v -2.164643 3.777855 6.106812
v -1.550627 3.160517 6.106812
v -1.703824 3.403306 6.106812
v -1.459888 2.716645 6.106812
v -1.476459 2.946579 6.106812
v -1.459888 -0.012801 6.106812
v -0.578668 4.608101 6.106812
v -2.164643 4.608101 6.106812
v -2.164643 4.608101 5.737802
v -0.578668 4.608101 5.737802
v -0.578668 4.608101 5.922307
v -2.164643 4.608101 5.922307
v -1.223541 2.642421 5.796318
v -1.349530 2.642421 5.796318
v -1.475520 2.642421 5.796318
v -1.475520 2.642421 5.816477
v -1.499236 2.642421 5.816477
v -1.499236 2.642421 5.836113
v -1.518817 2.642421 5.836113
v -1.518817 2.642421 6.008501
v -1.499236 2.642421 6.008501
v -1.499236 2.642421 6.028136
v -1.475520 2.642421 6.028136
v -1.475520 2.642421 6.048296
v -1.349530 2.642421 6.048296
v -1.223541 2.642421 6.048296
v -1.223541 2.642421 6.028136
v -1.199825 2.642421 6.028136
v -1.199825 2.642421 6.008501
v -1.180244 2.642421 6.008501
v -1.180244 2.642421 5.836113
v -1.199825 2.642421 5.836113
v -1.199825 2.642421 5.816477
v -1.223541 2.642421 5.816477
v -1.195055 2.587205 6.076782
v -1.349530 2.587205 6.076782
v -1.504006 2.587205 6.076782
v -1.504006 2.587205 6.052065
v -1.532790 2.587205 6.052065
v -1.532790 2.587205 6.027989
v -1.556655 2.587205 6.027989
v -1.556655 2.587205 5.816625
v -1.532790 2.587205 5.816625
v -1.532790 2.587205 5.792549
v -1.504006 2.587205 5.792549
v -1.504006 2.587205 5.767832
v -1.349530 2.587205 5.767832
v -1.195055 2.587205 5.767832
v -1.195055 2.587205 5.792549
v -1.166270 2.587205 5.792549
v -1.166270 2.587205 5.816625
v -1.142405 2.587205 5.816625
v -1.142405 2.587205 6.027989
v -1.166270 2.587205 6.027989
v -1.166270 2.587205 6.052065
v -1.195055 2.587205 6.052065
v -1.135507 2.642421 6.137509
v -1.142674 2.587205 6.127130
v -1.349530 2.642421 6.137509
v -1.349530 2.587205 6.127130
v -1.556387 2.587205 6.127130
v -1.563554 2.642421 6.137509
v -1.556387 2.587205 6.099642
v -1.563554 2.642421 6.108633
v -1.590767 2.587062 6.099642
v -1.599488 2.642277 6.108633
v -1.590767 2.587062 6.070886
v -1.599488 2.642277 6.078424
v -1.619271 2.586993 6.070886
v -1.629157 2.642210 6.078424
v -1.619271 2.586993 5.773728
v -1.629157 2.642210 5.766256
v -1.599488 2.642277 5.766256
v -1.590767 2.587062 5.773728
v -1.599488 2.642277 5.736049
v -1.590767 2.587062 5.744972
v -1.563554 2.642421 5.736049
v -1.556387 2.587205 5.744972
v -1.563554 2.642421 5.705772
v -1.556387 2.587205 5.716151
v -1.349530 2.642421 5.705771
v -1.349530 2.587205 5.716151
v -1.142674 2.587205 5.716151
v -1.135507 2.642421 5.705772
v -1.142674 2.587205 5.744972
v -1.135507 2.642421 5.736049
v -1.108294 2.587062 5.744972
v -1.099573 2.642277 5.736049
v -1.108294 2.587062 5.773728
v -1.099573 2.642277 5.766256
v -1.079791 2.586993 5.773728
v -1.069904 2.642210 5.766256
v -1.079790 2.586993 6.070886
v -1.069904 2.642210 6.078424
v -1.099573 2.642277 6.078424
v -1.108294 2.587062 6.070886
v -1.099573 2.642277 6.108633
v -1.108294 2.587062 6.099642
v -1.135507 2.642421 6.108633
v -1.142674 2.587205 6.099642
v -1.349530 2.625530 6.137509
v -1.563554 2.625530 6.137509
v -1.563554 2.625530 6.108633
v -1.599377 2.625387 6.108633
v -1.599377 2.625387 6.078424
v -1.628991 2.625317 6.078424
v -1.628991 2.625318 5.766256
v -1.599377 2.625387 5.766256
v -1.599377 2.625387 5.736049
v -1.563554 2.625530 5.736049
v -1.563554 2.625530 5.705772
v -1.349530 2.625530 5.705772
v -1.135507 2.625530 5.705772
v -1.135507 2.625530 5.736049
v -1.099684 2.625387 5.736049
v -1.099684 2.625387 5.766256
v -1.070069 2.625318 5.766256
v -1.070069 2.625318 6.078424
v -1.099684 2.625387 6.078424
v -1.099684 2.625387 6.108633
v -1.135507 2.625530 6.108633
v -1.135507 2.625530 6.137509
v -1.349530 2.619736 6.127130
v -1.556387 2.619736 6.127130
v -1.556387 2.619736 6.099642
v -1.590974 2.619593 6.099642
v -1.590974 2.619593 6.070886
v -1.619578 2.619524 6.070886
v -1.619579 2.619524 5.773728
v -1.590974 2.619593 5.773728
v -1.590974 2.619593 5.744972
v -1.556387 2.619736 5.744972
v -1.556387 2.619736 5.716151
v -1.349530 2.619736 5.716151
v -1.142674 2.619736 5.716151
v -1.142674 2.619736 5.744972
v -1.108087 2.619593 5.744972
v -1.108087 2.619593 5.773728
v -1.079482 2.619524 5.773728
v -1.079482 2.619524 6.070886
v -1.108087 2.619593 6.070886
v -1.108087 2.619593 6.099642
v -1.142674 2.619736 6.099642
v -1.142674 2.619736 6.127130
v -0.310667 3.777855 5.737802
v -0.399858 3.696161 5.737802
v -0.399858 3.696161 5.767324
v -0.426571 3.675425 5.767324
v -0.426571 3.675425 5.796081
v -0.451358 3.656185 5.796081
v -0.399858 3.696161 6.077290
v -0.399858 3.696161 6.106812
v -0.426571 3.675425 6.077290
v -0.426571 3.675425 6.048534
v -0.451358 3.656185 6.048533
v -0.310667 3.777855 6.106812
v -0.451358 3.656185 5.922307
v -0.534418 3.623910 5.922307
v -0.716778 3.491745 5.922308
v -0.887787 3.318126 5.922308
v -1.025022 3.101009 5.922308
v -1.088688 2.919313 5.922307
v -1.101378 2.711978 5.922307
v -1.101378 -0.012801 5.922307
v -2.164643 3.777855 5.922307
v -2.551094 4.037792 5.922307
v -3.264433 4.608101 5.922307
v -3.264433 4.608101 5.737802
v -2.551094 4.037792 5.737802
v -3.264433 4.608101 6.106812
v -2.551094 4.037792 6.106812
v 0.030361 4.176577 6.106812
v 0.036722 4.034113 6.106812
v 0.032279 4.175971 5.922307
v 0.040785 4.033529 5.924351
v 0.036722 4.034113 5.737802
v 0.030361 4.176577 5.737802
v -0.173722 4.317748 6.106812
v -0.172086 4.316576 5.922307
v -0.173722 4.317748 5.737802
v -0.556465 4.191518 6.106812
v -2.164643 4.191518 6.106812
v -3.185988 4.231664 6.106812
v -3.185988 4.231664 5.922307
v -3.185988 4.231664 5.737802
v -2.164643 4.191518 5.737802
v -0.556465 4.191518 5.737802
v -0.220860 4.131913 5.737802
v 0.033552 4.105095 5.737802
v 0.036547 4.104500 5.923333
v 0.033552 4.105095 6.106812
v -0.220860 4.131913 6.106812
vt 0.981807 0.709590
vt 0.981783 0.711496
vt 0.969663 0.711346
vt 0.969687 0.709440
vt 0.926496 0.719431
vt 0.926480 0.717525
vt 0.938601 0.717425
vt 0.938617 0.719332
vt 0.940227 0.719318
vt 0.940211 0.717412
vt 0.942242 0.719310
vt 0.942238 0.717404
vt 0.943926 0.719307
vt 0.943923 0.717401
vt 0.945597 0.719297
vt 0.945599 0.717391
vt 0.963009 0.719320
vt 0.963011 0.717413
vt 0.964687 0.717427
vt 0.964679 0.719334
vt 0.966372 0.717435
vt 0.966364 0.719341
vt 0.968399 0.717448
vt 0.968378 0.719354
vt 0.970087 0.717466
vt 0.970067 0.719372
vt 0.982207 0.717596
vt 0.982187 0.719502
vt 0.926092 0.711332
vt 0.926080 0.709426
vt 0.938200 0.709348
vt 0.938213 0.711254
vt 0.939902 0.711243
vt 0.939889 0.709336
vt 0.941916 0.711238
vt 0.941916 0.709332
vt 0.943601 0.711237
vt 0.943601 0.709331
vt 0.945271 0.711231
vt 0.945277 0.709325
vt 0.962683 0.711282
vt 0.962689 0.709376
vt 0.964365 0.709392
vt 0.964353 0.711299
vt 0.966050 0.709403
vt 0.966038 0.711309
vt 0.968076 0.709420
vt 0.968053 0.711326
vt 0.924254 0.775320
vt 0.929499 0.780461
vt 0.929523 0.787843
vt 0.924296 0.787861
vt 0.984873 0.775914
vt 0.984851 0.788034
vt 0.981901 0.788029
vt 0.981917 0.778978
vt 0.949762 0.768510
vt 0.944535 0.768521
vt 0.944521 0.761138
vt 0.949738 0.755970
vt 0.959898 0.758846
vt 0.959883 0.746726
vt 0.962837 0.749792
vt 0.962848 0.758843
vt 0.964285 0.749790
vt 0.961494 0.746724
vt 0.943340 0.761141
vt 0.948046 0.755974
vt 0.964283 0.748103
vt 0.961492 0.744709
vt 0.943337 0.759751
vt 0.948042 0.753868
vt 0.965694 0.748101
vt 0.963176 0.744707
vt 0.942186 0.759753
vt 0.946272 0.753872
vt 0.965692 0.746703
vt 0.963174 0.743037
vt 0.942184 0.758606
vt 0.946268 0.752133
vt 0.978077 0.746689
vt 0.980586 0.743017
vt 0.932083 0.758626
vt 0.927978 0.752169
vt 0.932085 0.759773
vt 0.927981 0.753907
vt 0.978078 0.748087
vt 0.980588 0.744687
vt 0.930935 0.759775
vt 0.926211 0.753910
vt 0.979489 0.748085
vt 0.982273 0.744685
vt 0.930937 0.761165
vt 0.926215 0.756016
vt 0.979491 0.749772
vt 0.982275 0.746699
vt 0.929756 0.761167
vt 0.924441 0.756019
vt 0.980940 0.749770
vt 0.983964 0.746697
vt 0.929771 0.768549
vt 0.924465 0.768560
vt 0.983978 0.758818
vt 0.980950 0.758821
vt 0.949593 0.787776
vt 0.944287 0.787794
vt 0.944263 0.780411
vt 0.949551 0.775235
vt 0.960770 0.787991
vt 0.960792 0.775870
vt 0.963815 0.778945
vt 0.963799 0.787996
vt 0.965264 0.778947
vt 0.962481 0.775873
vt 0.943082 0.780415
vt 0.947777 0.775241
vt 0.965266 0.777261
vt 0.962485 0.773859
vt 0.943077 0.779026
vt 0.947770 0.773136
vt 0.966677 0.777263
vt 0.964170 0.773862
vt 0.941926 0.779030
vt 0.946000 0.773142
vt 0.966680 0.775865
vt 0.964173 0.772192
vt 0.941923 0.777882
vt 0.945994 0.771404
vt 0.979064 0.775887
vt 0.981585 0.772223
vt 0.931822 0.777916
vt 0.927703 0.771465
vt 0.931826 0.779064
vt 0.927709 0.773203
vt 0.979062 0.777286
vt 0.981581 0.773893
vt 0.930675 0.779067
vt 0.925939 0.773209
vt 0.980473 0.777288
vt 0.983266 0.773896
vt 0.930680 0.780457
vt 0.925946 0.775314
vt 0.980469 0.778975
vt 0.983262 0.775911
vt 0.938224 0.726899
vt 0.925684 0.726847
vt 0.925688 0.725857
vt 0.938228 0.725909
vt 0.983504 0.731855
vt 0.983514 0.732845
vt 0.970974 0.732966
vt 0.970964 0.731976
vt 0.969272 0.731992
vt 0.969282 0.732982
vt 0.967173 0.732004
vt 0.967176 0.732994
vt 0.965403 0.732010
vt 0.965406 0.733000
vt 0.963668 0.732023
vt 0.963668 0.733012
vt 0.945376 0.732020
vt 0.945376 0.733009
vt 0.943638 0.732996
vt 0.943641 0.732006
vt 0.941868 0.732990
vt 0.941871 0.732000
vt 0.939762 0.732977
vt 0.939772 0.731988
vt 0.937988 0.732960
vt 0.937998 0.731970
vt 0.925448 0.732835
vt 0.925458 0.731845
vt 0.983731 0.725528
vt 0.983746 0.726518
vt 0.971208 0.726712
vt 0.971193 0.725722
vt 0.969419 0.725749
vt 0.969434 0.726739
vt 0.967320 0.725774
vt 0.967329 0.726763
vt 0.965550 0.725789
vt 0.965559 0.726779
vt 0.963815 0.725812
vt 0.963821 0.726802
vt 0.945524 0.725915
vt 0.945530 0.726905
vt 0.943792 0.726902
vt 0.943789 0.725912
vt 0.942022 0.726906
vt 0.942019 0.725916
vt 0.939916 0.726906
vt 0.939920 0.725916
vt 0.987244 0.778077
vt 0.986554 0.778173
vt 0.984878 0.766169
vt 0.985509 0.765657
vt 0.957994 0.753635
vt 0.957304 0.753539
vt 0.959038 0.741120
vt 0.959670 0.741631
vt 0.961279 0.741560
vt 0.960729 0.741044
vt 0.961612 0.739560
vt 0.961073 0.738973
vt 0.963296 0.739527
vt 0.962843 0.738938
vt 0.963616 0.737882
vt 0.963174 0.737234
vt 0.981028 0.737862
vt 0.981464 0.737214
vt 0.981802 0.738916
vt 0.981354 0.739506
vt 0.983572 0.738948
vt 0.983038 0.739537
vt 0.983923 0.741017
vt 0.983377 0.741534
vt 0.985695 0.741094
vt 0.985064 0.741607
vt 0.987453 0.753510
vt 0.986764 0.753607
vt 0.957783 0.778145
vt 0.957094 0.778047
vt 0.958852 0.765631
vt 0.959483 0.766144
vt 0.961170 0.766072
vt 0.960624 0.765555
vt 0.961509 0.764074
vt 0.960975 0.763486
vt 0.963194 0.764044
vt 0.962745 0.763454
vt 0.963520 0.762400
vt 0.963083 0.761751
vt 0.980931 0.762419
vt 0.981374 0.761772
vt 0.981705 0.763475
vt 0.981252 0.764064
vt 0.983475 0.763511
vt 0.982936 0.764098
vt 0.983819 0.765581
vt 0.983269 0.766097
vt 0.983733 0.875230
vt 0.983710 0.877136
vt 0.971590 0.876986
vt 0.971614 0.875080
vt 0.928423 0.885071
vt 0.928407 0.883165
vt 0.940528 0.883066
vt 0.940543 0.884972
vt 0.942154 0.884959
vt 0.942138 0.883053
vt 0.944168 0.884950
vt 0.944165 0.883044
vt 0.945853 0.884947
vt 0.945850 0.883041
vt 0.947523 0.884938
vt 0.947526 0.883032
vt 0.964935 0.884960
vt 0.964938 0.883054
vt 0.966614 0.883068
vt 0.966605 0.884974
vt 0.968298 0.883075
vt 0.968290 0.884981
vt 0.970325 0.883088
vt 0.970304 0.884995
vt 0.972014 0.883107
vt 0.971993 0.885013
vt 0.984133 0.883237
vt 0.984113 0.885143
vt 0.928019 0.876973
vt 0.928007 0.875067
vt 0.940127 0.874988
vt 0.940139 0.876894
vt 0.941828 0.876883
vt 0.941816 0.874976
vt 0.943843 0.876878
vt 0.943842 0.874972
vt 0.945528 0.876878
vt 0.945527 0.874971
vt 0.947198 0.876871
vt 0.947203 0.874964
vt 0.964610 0.876922
vt 0.964615 0.875016
vt 0.966291 0.875033
vt 0.966280 0.876939
vt 0.967977 0.875043
vt 0.967965 0.876949
vt 0.970003 0.875059
vt 0.969980 0.876966
vt 0.926629 0.924635
vt 0.931874 0.929776
vt 0.931899 0.937158
vt 0.926672 0.937175
vt 0.984873 0.939852
vt 0.984851 0.951972
vt 0.981901 0.951967
vt 0.981917 0.942915
vt 0.951717 0.917395
vt 0.946490 0.917405
vt 0.946475 0.910023
vt 0.951693 0.904854
vt 0.959866 0.923777
vt 0.959851 0.911657
vt 0.962805 0.914722
vt 0.962816 0.923774
vt 0.964253 0.914720
vt 0.961462 0.911655
vt 0.945294 0.910025
vt 0.950001 0.904858
vt 0.964251 0.913034
vt 0.961459 0.909640
vt 0.945291 0.908635
vt 0.949997 0.902752
vt 0.965662 0.913032
vt 0.963144 0.909638
vt 0.944141 0.908638
vt 0.948227 0.902755
vt 0.965660 0.911634
vt 0.963142 0.907968
vt 0.944139 0.907490
vt 0.948223 0.901017
vt 0.978045 0.911619
vt 0.980554 0.907947
vt 0.934038 0.907510
vt 0.929932 0.901053
vt 0.934040 0.908657
vt 0.929936 0.902791
vt 0.978047 0.913018
vt 0.980556 0.909617
vt 0.932889 0.908660
vt 0.928166 0.902795
vt 0.979457 0.913016
vt 0.982241 0.909616
vt 0.932892 0.910049
vt 0.928170 0.904900
vt 0.979459 0.914702
vt 0.982243 0.911630
vt 0.931711 0.910051
vt 0.926396 0.904904
vt 0.980908 0.914701
vt 0.983932 0.911628
vt 0.931726 0.917434
vt 0.926420 0.917444
vt 0.983947 0.923749
vt 0.980918 0.923752
vt 0.951968 0.937091
vt 0.946663 0.937108
vt 0.946638 0.929726
vt 0.951926 0.924551
vt 0.960770 0.951928
vt 0.960792 0.939808
vt 0.963815 0.942882
vt 0.963798 0.951934
vt 0.965263 0.942885
vt 0.962481 0.939811
vt 0.945457 0.929730
vt 0.950152 0.924556
vt 0.965266 0.941198
vt 0.962485 0.937796
vt 0.945452 0.928341
vt 0.950145 0.922451
vt 0.966677 0.941201
vt 0.964170 0.937800
vt 0.944302 0.928345
vt 0.948375 0.922457
vt 0.966679 0.939803
vt 0.964172 0.936129
vt 0.944298 0.927197
vt 0.948369 0.920718
vt 0.979064 0.939825
vt 0.981584 0.936161
vt 0.934197 0.927231
vt 0.930079 0.920780
vt 0.934201 0.928378
vt 0.930084 0.922518
vt 0.979062 0.941223
vt 0.981581 0.937831
vt 0.933051 0.928382
vt 0.928315 0.922524
vt 0.980472 0.941226
vt 0.983266 0.937834
vt 0.933055 0.929772
vt 0.928322 0.924629
vt 0.980469 0.942913
vt 0.983262 0.939849
vt 0.940150 0.892539
vt 0.927609 0.892487
vt 0.927613 0.891497
vt 0.940154 0.891549
vt 0.985429 0.897496
vt 0.985438 0.898486
vt 0.972899 0.898606
vt 0.972890 0.897617
vt 0.971197 0.897633
vt 0.971207 0.898623
vt 0.969099 0.897645
vt 0.969102 0.898634
vt 0.967329 0.897650
vt 0.967332 0.898640
vt 0.965594 0.897663
vt 0.965593 0.898653
vt 0.947303 0.897660
vt 0.947303 0.898650
vt 0.945565 0.898636
vt 0.945568 0.897647
vt 0.943795 0.898630
vt 0.943798 0.897641
vt 0.941690 0.898618
vt 0.941700 0.897628
vt 0.939916 0.898600
vt 0.939926 0.897611
vt 0.927377 0.898476
vt 0.927386 0.897486
vt 0.985659 0.891168
vt 0.985674 0.892158
vt 0.973135 0.892352
vt 0.973120 0.891362
vt 0.971346 0.891390
vt 0.971361 0.892379
vt 0.969247 0.891414
vt 0.969256 0.892403
vt 0.967477 0.891429
vt 0.967486 0.892419
vt 0.965742 0.891452
vt 0.965748 0.892442
vt 0.947451 0.891556
vt 0.947456 0.892545
vt 0.945718 0.892542
vt 0.945715 0.891552
vt 0.943948 0.892546
vt 0.943945 0.891557
vt 0.941842 0.892546
vt 0.941846 0.891556
vt 0.987245 0.942015
vt 0.986555 0.942112
vt 0.984879 0.930106
vt 0.985511 0.929594
vt 0.957760 0.917221
vt 0.957070 0.917125
vt 0.958804 0.904704
vt 0.959436 0.905216
vt 0.961045 0.905144
vt 0.960495 0.904628
vt 0.961378 0.903145
vt 0.960839 0.902557
vt 0.963063 0.903111
vt 0.962609 0.902522
vt 0.963383 0.901466
vt 0.962941 0.900818
vt 0.980797 0.901446
vt 0.981233 0.900798
vt 0.981571 0.902500
vt 0.981123 0.903090
vt 0.983341 0.902532
vt 0.982807 0.903121
vt 0.983692 0.904602
vt 0.983146 0.905119
vt 0.985465 0.904678
vt 0.984834 0.905191
vt 0.987223 0.917096
vt 0.986533 0.917194
vt 0.957782 0.942084
vt 0.957092 0.941986
vt 0.958850 0.929568
vt 0.959481 0.930082
vt 0.961168 0.930009
vt 0.960623 0.929492
vt 0.961508 0.928011
vt 0.960974 0.927423
vt 0.963193 0.927981
vt 0.962744 0.927391
vt 0.963519 0.926337
vt 0.963082 0.925688
vt 0.980932 0.926356
vt 0.981375 0.925708
vt 0.981706 0.927412
vt 0.981252 0.928001
vt 0.983476 0.927447
vt 0.982937 0.928035
vt 0.983820 0.929518
vt 0.983270 0.930034
vt 0.840987 0.832873
vt 0.841149 0.673838
vt 0.842878 0.673843
vt 0.842717 0.832907
vt 0.840799 0.872809
vt 0.840710 0.857216
vt 0.842457 0.857179
vt 0.840639 0.845303
vt 0.842394 0.845341
vt 0.841059 0.887712
vt 0.842778 0.887549
vt 0.844921 0.673848
vt 0.844759 0.832921
vt 0.844501 0.857148
vt 0.844455 0.845382
vt 0.844790 0.887364
vt 0.846604 0.673853
vt 0.846443 0.832954
vt 0.846213 0.857118
vt 0.846179 0.845417
vt 0.846467 0.887234
vt 0.848287 0.673857
vt 0.848125 0.832955
vt 0.847907 0.857101
vt 0.847887 0.845445
vt 0.848131 0.887113
vt 0.844289 0.903155
vt 0.842614 0.903366
vt 0.845767 0.901862
vt 0.847371 0.901711
vt 0.848718 0.900517
vt 0.838629 0.906743
vt 0.836798 0.888110
vt 0.914252 0.832595
vt 0.915129 0.673546
vt 0.919473 0.673567
vt 0.918594 0.832590
vt 0.914125 0.872493
vt 0.914315 0.856975
vt 0.918616 0.857080
vt 0.918418 0.872665
vt 0.914494 0.845074
vt 0.918852 0.845010
vt 0.913944 0.887277
vt 0.918176 0.887532
vt 0.912522 0.832616
vt 0.913400 0.673538
vt 0.912388 0.872437
vt 0.912571 0.856936
vt 0.912740 0.845102
vt 0.912224 0.887165
vt 0.910480 0.832613
vt 0.911356 0.673529
vt 0.910358 0.872372
vt 0.910531 0.856903
vt 0.910682 0.845133
vt 0.910211 0.887038
vt 0.908797 0.832631
vt 0.909673 0.673521
vt 0.908660 0.872328
vt 0.908823 0.856871
vt 0.908962 0.845161
vt 0.908527 0.886956
vt 0.907115 0.832618
vt 0.907990 0.673513
vt 0.906982 0.872285
vt 0.907134 0.856853
vt 0.907258 0.845183
vt 0.917519 0.905761
vt 0.913162 0.902940
vt 0.911465 0.902546
vt 0.909833 0.901449
vt 0.908171 0.901197
vt 0.906659 0.900185
vt 0.885206 0.832438
vt 0.886077 0.673390
vt 0.887806 0.673401
vt 0.886935 0.832479
vt 0.884889 0.872343
vt 0.884867 0.856793
vt 0.886612 0.856772
vt 0.886626 0.872302
vt 0.884823 0.844883
vt 0.886577 0.844928
vt 0.884939 0.887170
vt 0.886659 0.887070
vt 0.889849 0.673414
vt 0.888977 0.832500
vt 0.888652 0.856758
vt 0.888656 0.872255
vt 0.888634 0.844977
vt 0.888670 0.886956
vt 0.891533 0.673425
vt 0.890661 0.832537
vt 0.890360 0.856742
vt 0.890353 0.872225
vt 0.890355 0.845019
vt 0.890352 0.886884
vt 0.893216 0.673436
vt 0.892343 0.832545
vt 0.892049 0.856739
vt 0.892031 0.872197
vt 0.892059 0.845053
vt 0.892017 0.886818
vt 0.887320 0.902526
vt 0.836504 0.873014
vt 0.836407 0.857310
vt 0.836282 0.845210
vt 0.836647 0.832834
vt 0.836805 0.673828
vt 0.870032 0.832904
vt 0.870197 0.673854
vt 0.874541 0.673853
vt 0.874373 0.832876
vt 0.870160 0.872807
vt 0.870257 0.857281
vt 0.874560 0.857378
vt 0.874455 0.873002
vt 0.870355 0.845384
vt 0.874712 0.845296
vt 0.869969 0.887588
vt 0.874232 0.887955
vt 0.868302 0.832935
vt 0.868468 0.673855
vt 0.868419 0.872741
vt 0.868510 0.857246
vt 0.868599 0.845423
vt 0.868247 0.887439
vt 0.866261 0.832942
vt 0.866425 0.673855
vt 0.866383 0.872666
vt 0.866467 0.857219
vt 0.866539 0.845468
vt 0.866232 0.887276
vt 0.864577 0.832970
vt 0.864742 0.673856
vt 0.864679 0.872616
vt 0.864754 0.857192
vt 0.864816 0.845510
vt 0.864552 0.887165
vt 0.862895 0.832966
vt 0.863059 0.673856
vt 0.982063 0.792884
vt 0.982039 0.794790
vt 0.969920 0.794640
vt 0.969944 0.792733
vt 0.926753 0.802725
vt 0.926738 0.800819
vt 0.938858 0.800719
vt 0.938874 0.802625
vt 0.940484 0.802612
vt 0.940469 0.800706
vt 0.942499 0.802604
vt 0.942495 0.800698
vt 0.944183 0.802601
vt 0.944180 0.800695
vt 0.945854 0.802591
vt 0.945856 0.800685
vt 0.963266 0.802613
vt 0.963268 0.800707
vt 0.964944 0.800721
vt 0.964936 0.802627
vt 0.966629 0.800729
vt 0.966621 0.802635
vt 0.968656 0.800742
vt 0.968635 0.802648
vt 0.970345 0.800760
vt 0.970324 0.802666
vt 0.982464 0.800891
vt 0.982444 0.802796
vt 0.926351 0.794626
vt 0.926338 0.792720
vt 0.938458 0.792641
vt 0.938471 0.794548
vt 0.940160 0.794536
vt 0.940147 0.792630
vt 0.942174 0.794532
vt 0.942173 0.792625
vt 0.943859 0.794531
vt 0.943858 0.792625
vt 0.945529 0.794524
vt 0.945534 0.792619
vt 0.962940 0.794576
vt 0.962946 0.792670
vt 0.964622 0.792686
vt 0.964610 0.794593
vt 0.966307 0.792697
vt 0.966295 0.794603
vt 0.968333 0.792714
vt 0.968309 0.794619
vt 0.925516 0.846535
vt 0.930761 0.851676
vt 0.930786 0.859058
vt 0.925559 0.859076
vt 0.983967 0.858922
vt 0.983944 0.871042
vt 0.980994 0.871037
vt 0.981010 0.861985
vt 0.950604 0.840056
vt 0.945377 0.840067
vt 0.945363 0.832684
vt 0.950580 0.827516
vt 0.958851 0.843324
vt 0.958836 0.831203
vt 0.961790 0.834269
vt 0.961801 0.843320
vt 0.963239 0.834267
vt 0.960447 0.831202
vt 0.944181 0.832686
vt 0.948888 0.827519
vt 0.963237 0.832581
vt 0.960445 0.829187
vt 0.944179 0.831297
vt 0.948884 0.825414
vt 0.964647 0.832579
vt 0.962129 0.829185
vt 0.943028 0.831299
vt 0.947114 0.825417
vt 0.964645 0.831181
vt 0.962127 0.827515
vt 0.943026 0.830152
vt 0.947110 0.823679
vt 0.977030 0.831166
vt 0.979539 0.827495
vt 0.932925 0.830171
vt 0.928819 0.823714
vt 0.932927 0.831319
vt 0.928822 0.825453
vt 0.977031 0.832565
vt 0.979541 0.829165
vt 0.931776 0.831321
vt 0.927053 0.825456
vt 0.978442 0.832563
vt 0.981226 0.829162
vt 0.931779 0.832711
vt 0.927057 0.827561
vt 0.978444 0.834249
vt 0.981228 0.831177
vt 0.930598 0.832713
vt 0.925283 0.827565
vt 0.979893 0.834248
vt 0.982917 0.831175
vt 0.930613 0.840095
vt 0.925307 0.840106
vt 0.982931 0.843295
vt 0.979903 0.843299
vt 0.950855 0.858991
vt 0.945550 0.859009
vt 0.945525 0.851627
vt 0.950813 0.846451
vt 0.959863 0.870998
vt 0.959885 0.858878
vt 0.962908 0.861952
vt 0.962892 0.871004
vt 0.964356 0.861955
vt 0.961574 0.858881
vt 0.944344 0.851631
vt 0.949039 0.846457
vt 0.964359 0.860268
vt 0.961578 0.856866
vt 0.944339 0.850241
vt 0.949032 0.844351
vt 0.965770 0.860271
vt 0.963263 0.856869
vt 0.943189 0.850245
vt 0.947262 0.844357
vt 0.965773 0.858873
vt 0.963266 0.855199
vt 0.943185 0.849097
vt 0.947257 0.842619
vt 0.978157 0.858895
vt 0.980678 0.855231
vt 0.933084 0.849131
vt 0.928966 0.842680
vt 0.933088 0.850279
vt 0.928971 0.844418
vt 0.978155 0.860294
vt 0.980675 0.856901
vt 0.931938 0.850283
vt 0.927202 0.844424
vt 0.979566 0.860296
vt 0.982359 0.856904
vt 0.931942 0.851672
vt 0.927209 0.846529
vt 0.979562 0.861983
vt 0.982356 0.858919
vt 0.938480 0.810193
vt 0.925940 0.810141
vt 0.925944 0.809151
vt 0.938485 0.809203
vt 0.983760 0.815149
vt 0.983769 0.816139
vt 0.971230 0.816260
vt 0.971220 0.815270
vt 0.969528 0.815286
vt 0.969538 0.816276
vt 0.967429 0.815298
vt 0.967433 0.816288
vt 0.965660 0.815304
vt 0.965663 0.816293
vt 0.963925 0.815316
vt 0.963924 0.816306
vt 0.945634 0.815313
vt 0.945634 0.816303
vt 0.943895 0.816290
vt 0.943899 0.815300
vt 0.942126 0.816284
vt 0.942129 0.815294
vt 0.940020 0.816272
vt 0.940030 0.815282
vt 0.938246 0.816254
vt 0.938256 0.815264
vt 0.925707 0.816129
vt 0.925717 0.815139
vt 0.983990 0.808822
vt 0.984005 0.809812
vt 0.971466 0.810006
vt 0.971451 0.809016
vt 0.969677 0.809043
vt 0.969692 0.810033
vt 0.967578 0.809067
vt 0.967587 0.810057
vt 0.965808 0.809083
vt 0.965817 0.810073
vt 0.964073 0.809106
vt 0.964078 0.810096
vt 0.945781 0.809209
vt 0.945787 0.810199
vt 0.944048 0.810196
vt 0.944046 0.809206
vt 0.942278 0.810200
vt 0.942276 0.809210
vt 0.940173 0.810200
vt 0.940177 0.809210
vt 0.986338 0.861085
vt 0.985649 0.861181
vt 0.983972 0.849176
vt 0.984604 0.848664
vt 0.956666 0.838467
vt 0.955977 0.838371
vt 0.957711 0.825952
vt 0.958343 0.826464
vt 0.959951 0.826392
vt 0.959401 0.825876
vt 0.960284 0.824393
vt 0.959745 0.823806
vt 0.961968 0.824359
vt 0.961515 0.823770
vt 0.962289 0.822714
vt 0.961846 0.822067
vt 0.979700 0.822695
vt 0.980137 0.822047
vt 0.980474 0.823748
vt 0.980026 0.824339
vt 0.982243 0.823780
vt 0.981710 0.824369
vt 0.982595 0.825850
vt 0.982049 0.826367
vt 0.984367 0.825926
vt 0.983736 0.826439
vt 0.986125 0.838342
vt 0.985436 0.838439
vt 0.956875 0.861153
vt 0.956186 0.861056
vt 0.957944 0.848638
vt 0.958575 0.849152
vt 0.960262 0.849079
vt 0.959717 0.848562
vt 0.960601 0.847081
vt 0.960067 0.846492
vt 0.962286 0.847050
vt 0.961837 0.846460
vt 0.962612 0.845407
vt 0.962175 0.844758
vt 0.980025 0.845425
vt 0.980468 0.844778
vt 0.980799 0.846482
vt 0.980346 0.847071
vt 0.982569 0.846517
vt 0.982030 0.847105
vt 0.982913 0.848588
vt 0.982363 0.849104
vt 0.885629 0.902897
vt 0.888960 0.901441
vt 0.890616 0.901204
vt 0.892133 0.900200
vt 0.881246 0.905663
vt 0.880707 0.887392
vt 0.880594 0.872473
vt 0.880565 0.856852
vt 0.880466 0.844772
vt 0.880865 0.832385
vt 0.881733 0.673362
vt 0.899730 0.832642
vt 0.900602 0.673478
vt 0.899661 0.845170
vt 0.899588 0.856758
vt 0.899507 0.872174
vt 0.899381 0.899931
vt 0.862993 0.872569
vt 0.863061 0.857181
vt 0.863109 0.845546
vt 0.872591 0.906387
vt 0.868576 0.903062
vt 0.866902 0.902851
vt 0.865414 0.901565
vt 0.863815 0.901401
vt 0.862459 0.900205
vt 0.853562 0.930290
vt 0.855692 0.930290
vt 0.866875 0.936693
vt 0.855692 0.927850
vt 0.853562 0.936693
vt 0.857767 0.927850
vt 0.866875 0.955449
vt 0.853562 0.955449
vt 0.857767 0.925586
vt 0.880187 0.936693
vt 0.880187 0.955449
vt 0.875982 0.925586
vt 0.880187 0.930290
vt 0.875983 0.927850
vt 0.878057 0.930290
vt 0.878057 0.927850
vt 0.809855 0.707204
vt 0.796316 0.707247
vt 0.796316 0.702010
vt 0.809780 0.701966
vt 0.796316 0.712522
vt 0.809931 0.712478
vt 0.796316 0.683100
vt 0.823546 0.707247
vt 0.823546 0.702010
vt 0.823546 0.712522
vt 0.809931 0.722853
vt 0.796316 0.722939
vt 0.798494 0.677071
vt 0.796316 0.677071
vt 0.823546 0.683100
vt 0.823546 0.722939
vt 0.809931 0.744365
vt 0.796316 0.744365
vt 0.800616 0.675541
vt 0.798494 0.675541
vt 0.823546 0.677071
vt 0.821367 0.677071
vt 0.823546 0.744365
vt 0.809931 0.674121
vt 0.800616 0.674121
vt 0.819245 0.675541
vt 0.821367 0.675541
vt 0.819245 0.674121
vt 0.864642 0.963235
vt 0.875568 0.963235
vt 0.875568 0.985527
vt 0.864642 0.985527
vt 0.853716 0.963235
vt 0.853716 0.985527
vt 0.810567 0.755086
vt 0.821378 0.755086
vt 0.821378 0.848014
vt 0.810567 0.848014
vt 0.821378 0.912455
vt 0.810567 0.912455
vt 0.799756 0.755086
vt 0.799756 0.848014
vt 0.799756 0.912455
vt 0.906247 0.936697
vt 0.906247 0.974737
vt 0.895193 0.974737
vt 0.895193 0.936697
vt 0.917302 0.936697
vt 0.917302 0.974737
vt 0.775486 0.719944
vt 0.775486 0.879122
vt 0.762554 0.879122
vt 0.762554 0.719944
vt 0.776457 0.892595
vt 0.761583 0.892595
vt 0.780803 0.905130
vt 0.757237 0.905130
vt 0.789779 0.919356
vt 0.748260 0.919356
vt 0.800961 0.930724
vt 0.737079 0.930724
vt 0.816780 0.941302
vt 0.721259 0.941302
vt 0.815488 0.965540
vt 0.721259 0.965540
vt 0.835153 0.962048
vt 0.829891 0.941302
vt 0.814188 0.989950
vt 0.721259 0.989950
vt 0.661415 0.967893
vt 0.698616 0.956533
vt 0.837915 0.972937
vt 0.850060 0.960477
vt 0.850246 0.956317
vt 0.656819 0.989950
vt 0.849873 0.964665
vt 0.534602 0.718841
vt 0.534602 0.878020
vt 0.521670 0.878020
vt 0.521670 0.718841
vt 0.535573 0.891492
vt 0.520698 0.891492
vt 0.539919 0.904028
vt 0.516353 0.904028
vt 0.548895 0.918254
vt 0.507376 0.918254
vt 0.560077 0.929621
vt 0.496195 0.929621
vt 0.575896 0.940200
vt 0.480375 0.940200
vt 0.575896 0.964438
vt 0.481667 0.964438
vt 0.635741 0.966790
vt 0.598540 0.955431
vt 0.575896 0.988847
vt 0.482968 0.988847
vt 0.462003 0.960945
vt 0.467265 0.940200
vt 0.640337 0.988847
vt 0.459241 0.971834
vt 0.447096 0.959374
vt 0.446910 0.955215
vt 0.447283 0.963562
vt 0.911574 0.917131
vt 0.909816 0.910269
vt 0.908317 0.909586
vt 0.907986 0.907660
vt 0.906480 0.907197
vt 0.906171 0.905412
vt 0.890413 0.909620
vt 0.888867 0.910292
vt 0.890762 0.907687
vt 0.892304 0.907226
vt 0.892614 0.905431
vt 0.886971 0.917108
vt 0.899394 0.905194
vt 0.906860 0.886881
vt 0.899446 0.886726
vt 0.842540 0.872736
vt 0.844575 0.872652
vt 0.846277 0.872591
vt 0.847962 0.872533
vt 0.862883 0.887068
vn 0.000000 0.000000 1.000000
vn 0.000000 0.000000 1.000000
vn 0.000000 0.000000 1.000000
vn 0.000000 0.000000 1.000000
vn 0.000000 0.000000 1.000000
vn 0.000000 0.000000 1.000000
vn 0.000000 0.000000 1.000000
vn 0.000000 0.000000 1.000000
vn -1.000000 0.000000 0.000000
vn -1.000000 0.000000 0.000000
vn -1.000000 0.000000 0.000000
vn -1.000000 0.000000 0.000000
vn -0.000013 0.000000 1.000000
vn -0.000013 0.000000 1.000000
vn -0.000013 0.000000 1.000000
vn -0.000013 0.000000 1.000000
vn -0.999980 -0.006359 0.000000
vn -0.999980 -0.006359 0.000000
vn -0.999980 -0.006359 0.000000
vn -0.999980 -0.006359 0.000000
vn 0.000016 0.000000 1.000000
vn 0.000016 0.000000 1.000000
vn 0.000016 0.000000 1.000000
vn 0.000016 0.000000 1.000000
vn -0.999955 -0.009461 0.000001
vn -0.999955 -0.009461 0.000001
vn -0.999955 -0.009461 0.000001
vn -0.999955 -0.009461 0.000001
vn 0.000000 0.000000 -1.000000
vn 0.000000 0.000000 -1.000000
vn 0.000000 0.000000 -1.000000
vn 0.000000 0.000000 -1.000000
vn -0.999980 -0.006359 0.000000
vn -0.999980 -0.006359 0.000000
vn -0.999980 -0.006359 0.000000
vn -0.999980 -0.006359 0.000000
vn 0.000013 0.000000 -1.000000
vn 0.000013 0.000000 -1.000000
vn 0.000013 0.000000 -1.000000
vn 0.000013 0.000000 -1.000000
vn -1.000000 0.000000 0.000000
vn -1.000000 0.000000 0.000000
vn -1.000000 0.000000 0.000000
vn -1.000000 0.000000 0.000000
vn 0.000000 0.000000 -1.000000
vn 0.000000 0.000000 -1.000000
vn 0.000000 0.000000 -1.000000
vn 0.000000 0.000000 -1.000000
vn 0.000000 0.000000 -1.000000
vn 0.000000 0.000000 -1.000000
vn 0.000000 0.000000 -1.000000
vn 0.000000 0.000000 -1.000000
vn 1.000000 0.000000 0.000000
vn 1.000000 0.000000 0.000000
vn 1.000000 0.000000 0.000000
vn 1.000000 0.000000 0.000000
vn -0.000013 0.000000 -1.000000
vn -0.000013 0.000000 -1.000000
vn -0.000013 0.000000 -1.000000
vn -0.000013 0.000000 -1.000000
vn 0.999980 -0.006359 0.000000
vn 0.999980 -0.006359 0.000000
vn 0.999980 -0.006359 0.000000
vn 0.999980 -0.006359 0.000000
vn 0.000000 0.000000 -1.000000
vn 0.000000 0.000000 -1.000000
vn 0.000000 0.000000 -1.000000
vn 0.000000 0.000000 -1.000000
vn 0.999955 -0.009467 -0.000001
vn 0.999955 -0.009467 -0.000001
vn 0.999955 -0.009467 -0.000001
vn 0.999955 -0.009467 -0.000001
vn 0.000000 0.000000 1.000000
vn 0.000000 0.000000 1.000000
vn 0.000000 0.000000 1.000000
vn 0.000000 0.000000 1.000000
vn 0.999980 -0.006359 0.000000
vn 0.999980 -0.006359 0.000000
vn 0.999980 -0.006359 0.000000
vn 0.999980 -0.006359 0.000000
vn 0.000013 0.000000 1.000000
vn 0.000013 0.000000 1.000000
vn 0.000013 0.000000 1.000000
vn 0.000013 0.000000 1.000000
vn 1.000000 0.000000 0.000000
vn 1.000000 0.000000 0.000000
vn 1.000000 0.000000 0.000000
vn 1.000000 0.000000 0.000000
vn 0.000000 1.000000 0.000000
vn 0.000000 1.000000 0.000000
vn 0.000000 1.000000 0.000000
vn 0.000000 1.000000 0.000000
vn 0.000000 -1.000000 0.000003
vn 0.000000 -1.000000 0.000003
vn 0.000000 -1.000000 0.000003
vn 0.000000 -1.000000 0.000003
vn 0.000000 1.000000 0.000000
vn 0.000000 1.000000 0.000000
vn 0.000000 1.000000 0.000000
vn 0.000000 1.000000 0.000000
vn 0.000000 -1.000000 0.000003
vn 0.000000 -1.000000 0.000003
vn 0.000000 -1.000000 0.000003
vn 0.000000 -1.000000 0.000003
vn 0.000000 -1.000000 0.000000
vn 0.000000 -1.000000 0.000000
vn 0.000000 -1.000000 0.000000
vn 0.000000 -1.000000 0.000000
vn 0.000000 1.000000 0.000000
vn 0.000000 1.000000 0.000000
vn 0.000000 1.000000 0.000000
vn 0.000000 1.000000 0.000000
vn 0.002253 -0.999997 0.001101
vn 0.002253 -0.999997 0.001101
vn 0.002253 -0.999997 0.001101
vn 0.002253 -0.999997 0.001101
vn -0.002414 0.999995 -0.001930
vn -0.002414 0.999995 -0.001930
vn -0.002414 0.999995 -0.001930
vn -0.002414 0.999995 -0.001930
vn 0.002455 -0.999997 0.000000
vn 0.002455 -0.999997 0.000000
vn 0.002455 -0.999997 0.000000
vn 0.002455 -0.999997 0.000000
vn -0.001436 0.999999 0.000000
vn -0.001436 0.999999 0.000000
vn -0.001436 0.999999 0.000000
vn -0.001436 0.999999 0.000000
vn 0.001329 -0.999997 -0.002242
vn 0.001329 -0.999997 -0.002242
vn 0.001329 -0.999997 -0.002242
vn 0.001329 -0.999997 -0.002242
vn -0.001389 0.999999 0.000450
vn -0.001389 0.999999 0.000450
vn -0.001389 0.999999 0.000450
vn -0.001389 0.999999 0.000450
vn 0.003387 -0.999994 0.000001
vn 0.003387 -0.999994 0.000001
vn 0.003387 -0.999994 0.000001
vn 0.003387 -0.999994 0.000001
vn -0.001925 0.999998 -0.000001
vn -0.001925 0.999998 -0.000001
vn -0.001925 0.999998 -0.000001
vn -0.001925 0.999998 -0.000001
vn -0.001389 0.999999 -0.000450
vn -0.001389 0.999999 -0.000450
vn -0.001389 0.999999 -0.000450
vn -0.001389 0.999999 -0.000450
vn 0.001334 -0.999997 0.002242
vn 0.001334 -0.999997 0.002242
vn 0.001334 -0.999997 0.002242
vn 0.001334 -0.999997 0.002242
vn -0.001436 0.999999 0.000000
vn -0.001436 0.999999 0.000000
vn -0.001436 0.999999 0.000000
vn -0.001436 0.999999 0.000000
vn 0.002455 -0.999997 0.000000
vn 0.002455 -0.999997 0.000000
vn 0.002455 -0.999997 0.000000
vn 0.002455 -0.999997 0.000000
vn -0.002414 0.999995 0.001938
vn -0.002414 0.999995 0.001938
vn -0.002414 0.999995 0.001938
vn -0.002414 0.999995 0.001938
vn 0.002253 -0.999997 -0.001111
vn 0.002253 -0.999997 -0.001111
vn 0.002253 -0.999997 -0.001111
vn 0.002253 -0.999997 -0.001111
vn 0.000000 1.000000 0.000000
vn 0.000000 1.000000 0.000000
vn 0.000000 1.000000 0.000000
vn 0.000000 1.000000 0.000000
vn 0.000000 -1.000000 0.000000
vn 0.000000 -1.000000 0.000000
vn 0.000000 -1.000000 0.000000
vn 0.000000 -1.000000 0.000000
vn 0.000000 1.000000 0.000000
vn 0.000000 1.000000 0.000000
vn 0.000000 1.000000 0.000000
vn 0.000000 1.000000 0.000000
vn 0.000000 -1.000000 -0.000003
vn 0.000000 -1.000000 -0.000003
vn 0.000000 -1.000000 -0.000003
vn 0.000000 -1.000000 -0.000003
vn 0.000000 1.000000 0.000000
vn 0.000000 1.000000 0.000000
vn 0.000000 1.000000 0.000000
vn 0.000000 1.000000 0.000000
vn 0.000000 -1.000000 -0.000003
vn 0.000000 -1.000000 -0.000003
vn 0.000000 -1.000000 -0.000003
vn 0.000000 -1.000000 -0.000003
vn 0.000000 -1.000000 0.000000
vn 0.000000 -1.000000 0.000000
vn 0.000000 -1.000000 0.000000
vn 0.000000 -1.000000 0.000000
vn 0.000000 1.000000 0.000000
vn 0.000000 1.000000 0.000000
vn 0.000000 1.000000 0.000000
vn 0.000000 1.000000 0.000000
vn -0.002253 -0.999997 -0.001111
vn -0.002253 -0.999997 -0.001111
vn -0.002253 -0.999997 -0.001111
vn -0.002253 -0.999997 -0.001111
vn 0.002414 0.999995 0.001919
vn 0.002414 0.999995 0.001919
vn 0.002414 0.999995 0.001919
vn 0.002414 0.999995 0.001919
vn -0.002455 -0.999997 0.000000
vn -0.002455 -0.999997 0.000000
vn -0.002455 -0.999997 0.000000
vn -0.002455 -0.999997 0.000000
vn 0.001436 0.999999 0.000000
vn 0.001436 0.999999 0.000000
vn 0.001436 0.999999 0.000000
vn 0.001436 0.999999 0.000000
vn -0.001329 -0.999997 0.002255
vn -0.001329 -0.999997 0.002255
vn -0.001329 -0.999997 0.002255
vn -0.001329 -0.999997 0.002255
vn 0.001389 0.999999 -0.000450
vn 0.001389 0.999999 -0.000450
vn 0.001389 0.999999 -0.000450
vn 0.001389 0.999999 -0.000450
vn -0.003387 -0.999994 -0.000001
vn -0.003387 -0.999994 -0.000001
vn -0.003387 -0.999994 -0.000001
vn -0.003387 -0.999994 -0.000001
vn 0.001925 0.999998 0.000000
vn 0.001925 0.999998 0.000000
vn 0.001925 0.999998 0.000000
vn 0.001925 0.999998 0.000000
vn 0.001389 0.999999 0.000450
vn 0.001389 0.999999 0.000450
vn 0.001389 0.999999 0.000450
vn 0.001389 0.999999 0.000450
vn -0.001334 -0.999997 -0.002255
vn -0.001334 -0.999997 -0.002255
vn -0.001334 -0.999997 -0.002255
vn -0.001334 -0.999997 -0.002255
vn 0.001436 0.999999 0.000000
vn 0.001436 0.999999 0.000000
vn 0.001436 0.999999 0.000000
vn 0.001436 0.999999 0.000000
vn -0.002455 -0.999997 0.000000
vn -0.002455 -0.999997 0.000000
vn -0.002455 -0.999997 0.000000
vn -0.002455 -0.999997 0.000000
vn 0.002414 0.999995 -0.001924
vn 0.002414 0.999995 -0.001924
vn 0.002414 0.999995 -0.001924
vn 0.002414 0.999995 -0.001924
vn -0.002253 -0.999997 0.001111
vn -0.002253 -0.999997 0.001111
vn -0.002253 -0.999997 0.001111
vn -0.002253 -0.999997 0.001111
vn 0.000000 1.000000 0.000000
vn 0.000000 1.000000 0.000000
vn 0.000000 1.000000 0.000000
vn 0.000000 1.000000 0.000000
vn 0.000000 -1.000000 0.000000
vn 0.000000 -1.000000 0.000000
vn 0.000000 -1.000000 0.000000
vn 0.000000 -1.000000 0.000000
vn -0.000002 0.000000 1.000000
vn -0.000002 0.000000 1.000000
vn -0.000002 0.000000 1.000000
vn -0.000002 0.000000 1.000000
vn 0.000002 0.000000 1.000000
vn 0.000002 0.000000 1.000000
vn 0.000002 0.000000 1.000000
vn 0.000002 0.000000 1.000000
vn -1.000000 0.000000 0.000000
vn -1.000000 0.000000 0.000000
vn -1.000000 0.000000 0.000000
vn -1.000000 0.000000 0.000000
vn 0.000000 0.000000 1.000000
vn 0.000000 0.000000 1.000000
vn 0.000000 0.000000 1.000000
vn 0.000000 0.000000 1.000000
vn -0.999978 -0.006571 0.000000
vn -0.999978 -0.006571 0.000000
vn -0.999978 -0.006571 0.000000
vn -0.999978 -0.006571 0.000000
vn 0.000000 0.000000 1.000000
vn 0.000000 0.000000 1.000000
vn 0.000000 0.000000 1.000000
vn 0.000000 0.000000 1.000000
vn -0.999952 -0.009800 0.000000
vn -0.999952 -0.009800 0.000000
vn -0.999952 -0.009800 0.000000
vn -0.999952 -0.009800 0.000000
vn 0.000015 0.000000 -1.000000
vn 0.000015 0.000000 -1.000000
vn 0.000015 0.000000 -1.000000
vn 0.000015 0.000000 -1.000000
vn -0.999979 -0.006564 0.000000
vn -0.999979 -0.006564 0.000000
vn -0.999979 -0.006564 0.000000
vn -0.999979 -0.006564 0.000000
vn 0.000000 0.000000 -1.000000
vn 0.000000 0.000000 -1.000000
vn 0.000000 0.000000 -1.000000
vn 0.000000 0.000000 -1.000000
vn -1.000000 0.000000 0.000000
vn -1.000000 0.000000 0.000000
vn -1.000000 0.000000 0.000000
vn -1.000000 0.000000 0.000000
vn -0.000002 -0.000028 -1.000000
vn -0.000002 -0.000028 -1.000000
vn -0.000002 -0.000028 -1.000000
vn -0.000002 -0.000028 -1.000000
vn 0.000002 -0.000028 -1.000000
vn 0.000002 -0.000028 -1.000000
vn 0.000002 -0.000028 -1.000000
vn 0.000002 -0.000028 -1.000000
vn 1.000000 0.000000 0.000000
vn 1.000000 0.000000 0.000000
vn 1.000000 0.000000 0.000000
vn 1.000000 0.000000 0.000000
vn 0.000000 0.000000 -1.000000
vn 0.000000 0.000000 -1.000000
vn 0.000000 0.000000 -1.000000
vn 0.000000 0.000000 -1.000000
vn 0.999978 -0.006586 0.000004
vn 0.999978 -0.006586 0.000004
vn 0.999978 -0.006586 0.000004
vn 0.999978 -0.006586 0.000004
vn -0.000015 0.000000 -1.000000
vn -0.000015 0.000000 -1.000000
vn -0.000015 0.000000 -1.000000
vn -0.000015 0.000000 -1.000000
vn 0.999952 -0.009800 -0.000001
vn 0.999952 -0.009800 -0.000001
vn 0.999952 -0.009800 -0.000001
vn 0.999952 -0.009800 -0.000001
vn 0.000000 0.000000 1.000000
vn 0.000000 0.000000 1.000000
vn 0.000000 0.000000 1.000000
vn 0.000000 0.000000 1.000000
vn 0.999978 -0.006593 0.000000
vn 0.999978 -0.006593 0.000000
vn 0.999978 -0.006593 0.000000
vn 0.999978 -0.006593 0.000000
vn 0.000000 0.000000 1.000000
vn 0.000000 0.000000 1.000000
vn 0.000000 0.000000 1.000000
vn 0.000000 0.000000 1.000000
vn 1.000000 0.000000 0.000000
vn 1.000000 0.000000 0.000000
vn 1.000000 0.000000 0.000000
vn 1.000000 0.000000 0.000000
vn 0.000000 -0.873219 0.487328
vn 0.000000 -0.873219 0.487328
vn 0.000000 -0.873219 0.487328
vn 0.000000 -0.873219 0.487328
vn 0.000000 -0.873209 0.487346
vn 0.000000 -0.873209 0.487346
vn 0.000000 -0.873209 0.487346
vn 0.000000 -0.873209 0.487346
vn -0.628633 -0.777702 0.000000
vn -0.628633 -0.777702 0.000000
vn -0.628633 -0.777702 0.000000
vn -0.628633 -0.777702 0.000000
vn 0.003408 -0.839286 0.543679
vn 0.003408 -0.839286 0.543679
vn 0.003408 -0.839286 0.543679
vn 0.003408 -0.839286 0.543679
vn -0.567577 -0.823321 0.000000
vn -0.567577 -0.823321 0.000000
vn -0.567577 -0.823321 0.000000
vn -0.567577 -0.823321 0.000000
vn 0.001895 -0.791833 0.610735
vn 0.001895 -0.791833 0.610735
vn 0.001895 -0.791833 0.610735
vn 0.001895 -0.791833 0.610735
vn -0.524162 -0.851619 -0.000001
vn -0.524162 -0.851619 -0.000001
vn -0.524162 -0.851619 -0.000001
vn -0.524162 -0.851619 -0.000001
vn 0.001879 -0.789229 -0.614096
vn 0.001879 -0.789229 -0.614096
vn 0.001879 -0.789229 -0.614096
vn 0.001879 -0.789229 -0.614096
vn -0.567562 -0.823330 0.000000
vn -0.567562 -0.823330 0.000000
vn -0.567562 -0.823330 0.000000
vn -0.567562 -0.823330 0.000000
vn 0.003401 -0.837395 -0.546587
vn 0.003401 -0.837395 -0.546587
vn 0.003401 -0.837395 -0.546587
vn 0.003401 -0.837395 -0.546587
vn -0.628630 -0.777704 0.000000
vn -0.628630 -0.777704 0.000000
vn -0.628630 -0.777704 0.000000
vn -0.628630 -0.777704 0.000000
vn 0.000000 -0.873184 -0.487391
vn 0.000000 -0.873184 -0.487391
vn 0.000000 -0.873184 -0.487391
vn 0.000000 -0.873184 -0.487391
vn 0.000000 -0.873190 -0.487381
vn 0.000000 -0.873190 -0.487381
vn 0.000000 -0.873190 -0.487381
vn 0.000000 -0.873190 -0.487381
vn 0.628634 -0.777702 0.000000
vn 0.628634 -0.777702 0.000000
vn 0.628634 -0.777702 0.000000
vn 0.628634 -0.777702 0.000000
vn -0.003401 -0.837404 -0.546573
vn -0.003401 -0.837404 -0.546573
vn -0.003401 -0.837404 -0.546573
vn -0.003401 -0.837404 -0.546573
vn 0.567573 -0.823323 0.000006
vn 0.567573 -0.823323 0.000006
vn 0.567573 -0.823323 0.000006
vn 0.567573 -0.823323 0.000006
vn -0.001879 -0.789219 -0.614110
vn -0.001879 -0.789219 -0.614110
vn -0.001879 -0.789219 -0.614110
vn -0.001879 -0.789219 -0.614110
vn 0.524154 -0.851623 0.000000
vn 0.524154 -0.851623 0.000000
vn 0.524154 -0.851624 0.000000
vn 0.524154 -0.851623 0.000000
vn -0.001889 -0.791855 0.610706
vn -0.001889 -0.791855 0.610706
vn -0.001889 -0.791855 0.610706
vn -0.001889 -0.791855 0.610706
vn 0.567565 -0.823329 0.000000
vn 0.567565 -0.823329 0.000000
vn 0.567565 -0.823329 0.000000
vn 0.567565 -0.823329 0.000000
vn -0.003408 -0.839278 0.543692
vn -0.003408 -0.839278 0.543692
vn -0.003408 -0.839278 0.543692
vn -0.003408 -0.839278 0.543692
vn 0.628632 -0.777703 0.000000
vn 0.628632 -0.777703 0.000000
vn 0.628632 -0.777703 0.000000
vn 0.628632 -0.777703 0.000000
vn 0.000000 0.000000 1.000000
vn 0.000000 0.000000 1.000000
vn 0.000000 0.000000 1.000000
vn 0.000000 0.000000 1.000000
vn 0.000000 0.000000 1.000000
vn 0.000000 0.000000 1.000000
vn 0.000000 0.000000 1.000000
vn 0.000000 0.000000 1.000000
vn -1.000000 0.000000 0.000000
vn -1.000000 0.000000 0.000000
vn -1.000000 0.000000 0.000000
vn -1.000000 0.000000 0.000000
vn 0.000000 0.000000 1.000000
vn 0.000000 0.000000 1.000000
vn 0.000000 0.000000 1.000000
vn 0.000000 0.000000 1.000000
vn -0.999980 -0.006360 0.000000
vn -0.999980 -0.006360 0.000000
vn -0.999980 -0.006360 0.000000
vn -0.999980 -0.006360 0.000000
vn -0.000016 0.000000 1.000000
vn -0.000016 0.000000 1.000000
vn -0.000016 0.000000 1.000000
vn -0.000016 0.000000 1.000000
vn -0.999955 -0.009461 0.000001
vn -0.999955 -0.009461 0.000001
vn -0.999955 -0.009461 0.000001
vn -0.999955 -0.009461 0.000001
vn 0.000016 0.000000 -1.000000
vn 0.000016 0.000000 -1.000000
vn 0.000016 0.000000 -1.000000
vn 0.000016 0.000000 -1.000000
vn -0.999980 -0.006359 0.000000
vn -0.999980 -0.006359 0.000000
vn -0.999980 -0.006359 0.000000
vn -0.999980 -0.006359 0.000000
vn 0.000000 0.000000 -1.000000
vn 0.000000 0.000000 -1.000000
vn 0.000000 0.000000 -1.000000
vn 0.000000 0.000000 -1.000000
vn -1.000000 0.000000 0.000000
vn -1.000000 0.000000 0.000000
vn -1.000000 0.000000 0.000000
vn -1.000000 0.000000 0.000000
vn 0.000000 0.000000 -1.000000
vn 0.000000 0.000000 -1.000000
vn 0.000000 0.000000 -1.000000
vn 0.000000 0.000000 -1.000000
vn 0.000000 0.000000 -1.000000
vn 0.000000 0.000000 -1.000000
vn 0.000000 0.000000 -1.000000
vn 0.000000 0.000000 -1.000000
vn 1.000000 0.000000 0.000000
vn 1.000000 0.000000 0.000000
vn 1.000000 0.000000 0.000000
vn 1.000000 0.000000 0.000000
vn 0.000000 0.000000 -1.000000
vn 0.000000 0.000000 -1.000000
vn 0.000000 0.000000 -1.000000
vn 0.000000 0.000000 -1.000000
vn 0.999980 -0.006359 0.000000
vn 0.999980 -0.006359 0.000000
vn 0.999980 -0.006359 0.000000
vn 0.999980 -0.006359 0.000000
vn -0.000016 0.000000 -1.000000
vn -0.000016 0.000000 -1.000000
vn -0.000016 0.000000 -1.000000
vn -0.000016 0.000000 -1.000000
vn 0.999955 -0.009467 -0.000001
vn 0.999955 -0.009467 -0.000001
vn 0.999955 -0.009467 -0.000001
vn 0.999955 -0.009467 -0.000001
vn 0.000016 0.000000 1.000000
vn 0.000016 0.000000 1.000000
vn 0.000016 0.000000 1.000000
vn 0.000016 0.000000 1.000000
vn 0.999980 -0.006360 0.000000
vn 0.999980 -0.006360 0.000000
vn 0.999980 -0.006360 0.000000
vn 0.999980 -0.006360 0.000000
vn 0.000000 0.000000 1.000000
vn 0.000000 0.000000 1.000000
vn 0.000000 0.000000 1.000000
vn 0.000000 0.000000 1.000000
vn 1.000000 0.000000 0.000000
vn 1.000000 0.000000 0.000000
vn 1.000000 0.000000 0.000000
vn 1.000000 0.000000 0.000000
vn 0.000000 1.000000 0.000000
vn 0.000000 1.000000 0.000000
vn 0.000000 1.000000 0.000000
vn 0.000000 1.000000 0.000000
vn 0.000000 -1.000000 -0.000002
vn 0.000000 -1.000000 -0.000002
vn 0.000000 -1.000000 -0.000002
vn 0.000000 -1.000000 -0.000002
vn 0.000000 1.000000 0.000000
vn 0.000000 1.000000 0.000000
vn 0.000000 1.000000 0.000000
vn 0.000000 1.000000 0.000000
vn 0.000000 -1.000000 0.000003
vn 0.000000 -1.000000 0.000003
vn 0.000000 -1.000000 0.000003
vn 0.000000 -1.000000 0.000003
vn 0.000000 -1.000000 0.000000
vn 0.000000 -1.000000 0.000000
vn 0.000000 -1.000000 0.000000
vn 0.000000 -1.000000 0.000000
vn 0.000000 1.000000 0.000000
vn 0.000000 1.000000 0.000000
vn 0.000000 1.000000 0.000000
vn 0.000000 1.000000 0.000000
vn 0.002261 -0.999997 0.001131
vn 0.002261 -0.999997 0.001131
vn 0.002261 -0.999997 0.001131
vn 0.002261 -0.999997 0.001131
vn -0.002394 0.999995 -0.001912
vn -0.002394 0.999995 -0.001912
vn -0.002394 0.999995 -0.001912
vn -0.002394 0.999995 -0.001912
vn 0.002463 -0.999997 0.000000
vn 0.002463 -0.999997 0.000000
vn 0.002463 -0.999997 0.000000
vn 0.002463 -0.999997 0.000000
vn -0.001425 0.999999 0.000000
vn -0.001425 0.999999 0.000000
vn -0.001425 0.999999 0.000000
vn -0.001425 0.999999 0.000000
vn 0.001316 -0.999997 -0.002295
vn 0.001316 -0.999997 -0.002295
vn 0.001316 -0.999997 -0.002295
vn 0.001316 -0.999997 -0.002295
vn -0.001399 0.999999 0.000415
vn -0.001399 0.999999 0.000415
vn -0.001399 0.999999 0.000415
vn -0.001399 0.999999 0.000415
vn 0.003381 -0.999994 -0.000001
vn 0.003381 -0.999994 -0.000001
vn 0.003381 -0.999994 -0.000001
vn 0.003381 -0.999994 -0.000001
vn -0.001912 0.999998 0.000000
vn -0.001912 0.999998 0.000000
vn -0.001912 0.999998 0.000000
vn -0.001912 0.999998 0.000000
vn -0.001389 0.999999 -0.000416
vn -0.001389 0.999999 -0.000416
vn -0.001389 0.999999 -0.000416
vn -0.001389 0.999999 -0.000416
vn 0.001316 -0.999997 0.002282
vn 0.001316 -0.999997 0.002282
vn 0.001316 -0.999997 0.002282
vn 0.001316 -0.999997 0.002282
vn -0.001425 0.999999 0.000000
vn -0.001425 0.999999 0.000000
vn -0.001425 0.999999 0.000000
vn -0.001425 0.999999 0.000000
vn 0.002463 -0.999997 0.000000
vn 0.002463 -0.999997 0.000000
vn 0.002463 -0.999997 0.000000
vn 0.002463 -0.999997 0.000000
vn -0.002394 0.999995 0.001913
vn -0.002394 0.999995 0.001913
vn -0.002394 0.999995 0.001913
vn -0.002394 0.999995 0.001913
vn 0.002261 -0.999997 -0.001121
vn 0.002261 -0.999997 -0.001121
vn 0.002261 -0.999997 -0.001121
vn 0.002261 -0.999997 -0.001121
vn 0.000000 1.000000 0.000000
vn 0.000000 1.000000 0.000000
vn 0.000000 1.000000 0.000000
vn 0.000000 1.000000 0.000000
vn 0.000000 -1.000000 0.000000
vn 0.000000 -1.000000 0.000000
vn 0.000000 -1.000000 0.000000
vn 0.000000 -1.000000 0.000000
vn 0.000000 1.000000 0.000000
vn 0.000000 1.000000 0.000000
vn 0.000000 1.000000 0.000000
vn 0.000000 1.000000 0.000000
vn 0.000000 -1.000000 -0.000002
vn 0.000000 -1.000000 -0.000002
vn 0.000000 -1.000000 -0.000002
vn 0.000000 -1.000000 -0.000002
vn 0.000000 1.000000 0.000000
vn 0.000000 1.000000 0.000000
vn 0.000000 1.000000 0.000000
vn 0.000000 1.000000 0.000000
vn 0.000000 -1.000000 0.000003
vn 0.000000 -1.000000 0.000003
vn 0.000000 -1.000000 0.000003
vn 0.000000 -1.000000 0.000003
vn 0.000000 -1.000000 0.000000
vn 0.000000 -1.000000 0.000000
vn 0.000000 -1.000000 0.000000
vn 0.000000 -1.000000 0.000000
vn 0.000000 1.000000 0.000000
vn 0.000000 1.000000 0.000000
vn 0.000000 1.000000 0.000000
vn 0.000000 1.000000 0.000000
vn -0.002261 -0.999997 -0.001131
vn -0.002261 -0.999997 -0.001131
vn -0.002261 -0.999997 -0.001131
vn -0.002261 -0.999997 -0.001131
vn 0.002394 0.999995 0.001913
vn 0.002394 0.999995 0.001913
vn 0.002394 0.999995 0.001913
vn 0.002394 0.999995 0.001913
vn -0.002463 -0.999997 0.000000
vn -0.002463 -0.999997 0.000000
vn -0.002463 -0.999997 0.000000
vn -0.002463 -0.999997 0.000000
vn 0.001425 0.999999 0.000000
vn 0.001425 0.999999 0.000000
vn 0.001425 0.999999 0.000000
vn 0.001425 0.999999 0.000000
vn -0.001316 -0.999997 0.002295
vn -0.001316 -0.999997 0.002295
vn -0.001316 -0.999997 0.002295
vn -0.001316 -0.999997 0.002295
vn 0.001389 0.999999 -0.000433
vn 0.001389 0.999999 -0.000433
vn 0.001389 0.999999 -0.000433
vn 0.001389 0.999999 -0.000433
vn -0.003381 -0.999994 0.000000
vn -0.003381 -0.999994 0.000000
vn -0.003381 -0.999994 0.000000
vn -0.003381 -0.999994 0.000000
vn 0.001914 0.999998 0.000000
vn 0.001914 0.999998 0.000000
vn 0.001914 0.999998 0.000000
vn 0.001914 0.999998 0.000000
vn 0.001389 0.999999 0.000433
vn 0.001389 0.999999 0.000433
vn 0.001389 0.999999 0.000433
vn 0.001389 0.999999 0.000433
vn -0.001316 -0.999997 -0.002282
vn -0.001316 -0.999997 -0.002282
vn -0.001316 -0.999997 -0.002282
vn -0.001316 -0.999997 -0.002282
vn 0.001425 0.999999 0.000000
vn 0.001425 0.999999 0.000000
vn 0.001425 0.999999 0.000000
vn 0.001425 0.999999 0.000000
vn -0.002463 -0.999997 0.000000
vn -0.002463 -0.999997 0.000000
vn -0.002463 -0.999997 0.000000
vn -0.002463 -0.999997 0.000000
vn 0.002394 0.999995 -0.001912
vn 0.002394 0.999995 -0.001912
vn 0.002394 0.999995 -0.001912
vn 0.002394 0.999995 -0.001912
vn -0.002261 -0.999997 0.001121
vn -0.002261 -0.999997 0.001121
vn -0.002261 -0.999997 0.001121
vn -0.002261 -0.999997 0.001121
vn 0.000000 1.000000 0.000000
vn 0.000000 1.000000 0.000000
vn 0.000000 1.000000 0.000000
vn 0.000000 1.000000 0.000000
vn 0.000000 -1.000000 0.000000
vn 0.000000 -1.000000 0.000000
vn 0.000000 -1.000000 0.000000
vn 0.000000 -1.000000 0.000000
vn 0.000000 0.000000 1.000000
vn 0.000000 0.000000 1.000000
vn 0.000000 0.000000 1.000000
vn 0.000000 0.000000 1.000000
vn 0.000000 0.000000 1.000000
vn 0.000000 0.000000 1.000000
vn 0.000000 0.000000 1.000000
vn 0.000000 0.000000 1.000000
vn -1.000000 0.000000 0.000000
vn -1.000000 0.000000 0.000000
vn -1.000000 0.000000 0.000000
vn -1.000000 0.000000 0.000000
vn 0.000000 0.000000 1.000000
vn 0.000000 0.000000 1.000000
vn 0.000000 0.000000 1.000000
vn 0.000000 0.000000 1.000000
vn -0.999978 -0.006571 0.000000
vn -0.999978 -0.006571 0.000000
vn -0.999978 -0.006571 0.000000
vn -0.999978 -0.006571 0.000000
vn 0.000000 0.000000 1.000000
vn 0.000000 0.000000 1.000000
vn 0.000000 0.000000 1.000000
vn 0.000000 0.000000 1.000000
vn -0.999952 -0.009800 0.000000
vn -0.999952 -0.009800 0.000000
vn -0.999952 -0.009800 0.000000
vn -0.999952 -0.009800 0.000000
vn 0.000015 0.000000 -1.000000
vn 0.000015 0.000000 -1.000000
vn 0.000015 0.000000 -1.000000
vn 0.000015 0.000000 -1.000000
vn -0.999979 -0.006564 0.000000
vn -0.999979 -0.006564 0.000000
vn -0.999979 -0.006564 0.000000
vn -0.999979 -0.006564 0.000000
vn 0.000000 0.000000 -1.000000
vn 0.000000 0.000000 -1.000000
vn 0.000000 0.000000 -1.000000
vn 0.000000 0.000000 -1.000000
vn -1.000000 0.000000 0.000000
vn -1.000000 0.000000 0.000000
vn -1.000000 0.000000 0.000000
vn -1.000000 0.000000 0.000000
vn -0.000002 -0.000028 -1.000000
vn -0.000002 -0.000028 -1.000000
vn -0.000002 -0.000028 -1.000000
vn -0.000002 -0.000028 -1.000000
vn 0.000002 -0.000028 -1.000000
vn 0.000002 -0.000028 -1.000000
vn 0.000002 -0.000028 -1.000000
vn 0.000002 -0.000028 -1.000000
vn 1.000000 0.000000 0.000000
vn 1.000000 0.000000 0.000000
vn 1.000000 0.000000 0.000000
vn 1.000000 0.000000 0.000000
vn 0.000000 0.000000 -1.000000
vn 0.000000 0.000000 -1.000000
vn 0.000000 0.000000 -1.000000
vn 0.000000 0.000000 -1.000000
vn 0.999978 -0.006586 0.000004
vn 0.999978 -0.006586 0.000004
vn 0.999978 -0.006586 0.000004
vn 0.999978 -0.006586 0.000004
vn -0.000015 0.000000 -1.000000
vn -0.000015 0.000000 -1.000000
vn -0.000015 0.000000 -1.000000
vn -0.000015 0.000000 -1.000000
vn 0.999952 -0.009800 -0.000001
vn 0.999952 -0.009800 -0.000001
vn 0.999952 -0.009800 -0.000001
vn 0.999952 -0.009800 -0.000001
vn 0.000000 0.000000 1.000000
vn 0.000000 0.000000 1.000000
vn 0.000000 0.000000 1.000000
vn 0.000000 0.000000 1.000000
vn 0.999978 -0.006593 0.000000
vn 0.999978 -0.006593 0.000000
vn 0.999978 -0.006593 0.000000
vn 0.999978 -0.006593 0.000000
vn 0.000000 0.000000 1.000000
vn 0.000000 0.000000 1.000000
vn 0.000000 0.000000 1.000000
vn 0.000000 0.000000 1.000000
vn 1.000000 0.000000 0.000000
vn 1.000000 0.000000 0.000000
vn 1.000000 0.000000 0.000000
vn 1.000000 0.000000 0.000000
vn 0.000000 -0.873188 0.487383
vn 0.000000 -0.873188 0.487383
vn 0.000000 -0.873188 0.487383
vn 0.000000 -0.873188 0.487383
vn 0.000000 -0.873189 0.487382
vn 0.000000 -0.873189 0.487382
vn 0.000000 -0.873189 0.487382
vn 0.000000 -0.873189 0.487382
vn -0.628668 -0.777674 0.000000
vn -0.628668 -0.777674 0.000000
vn -0.628668 -0.777674 0.000000
vn -0.628668 -0.777674 0.000000
vn 0.003417 -0.839235 0.543759
vn 0.003417 -0.839235 0.543759
vn 0.003417 -0.839235 0.543759
vn 0.003417 -0.839235 0.543759
vn -0.567656 -0.823266 0.000000
vn -0.567656 -0.823266 0.000000
vn -0.567656 -0.823266 0.000000
vn -0.567656 -0.823266 0.000000
vn 0.001862 -0.791830 0.610739
vn 0.001862 -0.791830 0.610739
vn 0.001862 -0.791830 0.610739
vn 0.001862 -0.791830 0.610739
vn -0.524154 -0.851624 -0.000001
vn -0.524154 -0.851624 -0.000001
vn -0.524154 -0.851624 -0.000001
vn -0.524154 -0.851624 -0.000001
vn 0.001852 -0.789196 -0.614138
vn 0.001852 -0.789196 -0.614138
vn 0.001852 -0.789196 -0.614138
vn 0.001852 -0.789196 -0.614138
vn -0.567642 -0.823275 0.000000
vn -0.567642 -0.823276 0.000000
vn -0.567642 -0.823276 0.000000
vn -0.567642 -0.823276 0.000000
vn 0.003411 -0.837350 -0.546657
vn 0.003411 -0.837350 -0.546657
vn 0.003411 -0.837350 -0.546657
vn 0.003411 -0.837350 -0.546657
vn -0.628659 -0.777681 0.000000
vn -0.628659 -0.777681 0.000000
vn -0.628659 -0.777681 0.000000
vn -0.628659 -0.777681 0.000000
vn 0.000000 -0.873174 -0.487408
vn 0.000000 -0.873174 -0.487408
vn 0.000000 -0.873174 -0.487408
vn 0.000000 -0.873174 -0.487408
vn 0.000000 -0.873169 -0.487417
vn 0.000000 -0.873169 -0.487417
vn 0.000000 -0.873169 -0.487417
vn 0.000000 -0.873169 -0.487417
vn 0.628663 -0.777678 0.000000
vn 0.628663 -0.777678 0.000000
vn 0.628663 -0.777678 0.000000
vn 0.628663 -0.777678 0.000000
vn -0.003411 -0.837350 -0.546657
vn -0.003411 -0.837350 -0.546657
vn -0.003411 -0.837350 -0.546657
vn -0.003411 -0.837350 -0.546657
vn 0.567652 -0.823268 0.000000
vn 0.567652 -0.823268 0.000000
vn 0.567652 -0.823268 0.000000
vn 0.567652 -0.823268 0.000000
vn -0.001852 -0.789186 -0.614152
vn -0.001852 -0.789186 -0.614152
vn -0.001852 -0.789186 -0.614152
vn -0.001852 -0.789186 -0.614152
vn 0.524154 -0.851623 0.000000
vn 0.524154 -0.851623 0.000000
vn 0.524154 -0.851624 0.000000
vn 0.524154 -0.851623 0.000000
vn -0.001862 -0.791835 0.610732
vn -0.001862 -0.791835 0.610732
vn -0.001862 -0.791835 0.610732
vn -0.001862 -0.791835 0.610732
vn 0.567645 -0.823274 0.000000
vn 0.567645 -0.823274 0.000000
vn 0.567645 -0.823274 0.000000
vn 0.567645 -0.823274 0.000000
vn -0.003417 -0.839233 0.543761
vn -0.003417 -0.839233 0.543761
vn -0.003417 -0.839233 0.543761
vn -0.003417 -0.839233 0.543761
vn 0.628666 -0.777675 0.000000
vn 0.628666 -0.777675 0.000000
vn 0.628666 -0.777675 0.000000
vn 0.628666 -0.777675 0.000000
vn -1.000000 0.000000 0.000000
vn -1.000000 0.000000 0.000000
vn -1.000000 0.000000 0.000000
vn -1.000000 0.000000 0.000000
vn -0.845495 -0.533984 0.000000
vn -0.845495 -0.533984 0.000000
vn -0.845495 -0.533984 0.000000
vn -0.845495 -0.533984 0.000000
vn -0.997800 -0.066301 0.000000
vn -0.997800 -0.066301 0.000000
vn -0.997800 -0.066301 0.000000
vn -0.997800 -0.066301 0.000000
vn -0.712808 -0.701359 0.000000
vn -0.712808 -0.701359 0.000000
vn -0.712808 -0.701359 0.000000
vn -0.712808 -0.701359 0.000000
vn -0.944308 -0.329063 0.000000
vn -0.944308 -0.329063 0.000000
vn -0.944308 -0.329063 0.000000
vn -0.944308 -0.329063 0.000000
vn -0.000000 0.000000 -1.000000
vn -0.000000 0.000000 -1.000000
vn -0.000000 0.000000 -1.000000
vn -0.000000 0.000000 -1.000000
vn 0.000011 0.000000 -1.000000
vn 0.000011 0.000000 -1.000000
vn 0.000011 0.000000 -1.000000
vn 0.000011 0.000000 -1.000000
vn 0.000003 0.000000 -1.000000
vn 0.000003 0.000000 -1.000000
vn 0.000003 0.000000 -1.000000
vn 0.000003 0.000000 -1.000000
vn -0.000003 0.000000 -1.000000
vn -0.000003 0.000000 -1.000000
vn -0.000003 0.000000 -1.000000
vn -0.000003 0.000000 -1.000000
vn 0.000000 0.000000 -1.000000
vn 0.000000 0.000000 -1.000000
vn 0.000000 0.000000 -1.000000
vn 0.000000 0.000000 -1.000000
vn -1.000000 0.000000 0.000000
vn -1.000000 0.000000 0.000000
vn -1.000000 0.000000 0.000000
vn -1.000000 0.000000 0.000000
vn -0.845387 -0.534155 0.000000
vn -0.845387 -0.534155 0.000000
vn -0.845387 -0.534155 0.000000
vn -0.845387 -0.534155 0.000000
vn -0.997980 -0.063531 0.000000
vn -0.997980 -0.063531 0.000000
vn -0.997980 -0.063531 0.000000
vn -0.997980 -0.063531 0.000000
vn -0.712721 -0.701448 0.000000
vn -0.712721 -0.701448 0.000000
vn -0.712721 -0.701448 0.000000
vn -0.712721 -0.701448 0.000000
vn -0.944017 -0.329897 0.000000
vn -0.944017 -0.329897 0.000000
vn -0.944017 -0.329897 0.000000
vn -0.944017 -0.329897 0.000000
vn -0.000006 0.000000 -1.000000
vn -0.000006 0.000000 -1.000000
vn -0.000006 0.000000 -1.000000
vn -0.000006 0.000000 -1.000000
vn 0.000007 0.000000 -1.000000
vn 0.000007 0.000000 -1.000000
vn 0.000007 0.000000 -1.000000
vn 0.000007 0.000000 -1.000000
vn 0.000005 0.000000 -1.000000
vn 0.000005 0.000000 -1.000000
vn 0.000005 0.000000 -1.000000
vn 0.000005 0.000000 -1.000000
vn 0.000002 0.000000 -1.000000
vn 0.000002 0.000000 -1.000000
vn 0.000002 0.000000 -1.000000
vn 0.000002 0.000000 -1.000000
vn 0.000009 0.000000 -1.000000
vn 0.000009 0.000000 -1.000000
vn 0.000009 0.000000 -1.000000
vn 0.000009 0.000000 -1.000000
vn -0.554761 -0.832010 0.000000
vn -0.554761 -0.832010 0.000000
vn -0.554761 -0.832010 0.000000
vn -0.554761 -0.832010 0.000000
vn 0.000000 0.000000 -1.000000
vn 0.000000 0.000000 -1.000000
vn 0.000000 0.000000 -1.000000
vn 0.000000 0.000000 -1.000000
vn -0.576322 -0.817223 0.000000
vn -0.576322 -0.817223 0.000000
vn -0.576322 -0.817223 0.000000
vn -0.576322 -0.817223 0.000000
vn 0.000009 0.000000 -1.000000
vn 0.000009 0.000000 -1.000000
vn 0.000009 0.000000 -1.000000
vn 0.000009 0.000000 -1.000000
vn 0.000000 0.000000 -1.000000
vn 0.000000 0.000000 -1.000000
vn 0.000000 0.000000 -1.000000
vn 0.000000 0.000000 -1.000000
vn 0.000006 0.000000 -1.000000
vn 0.000006 0.000000 -1.000000
vn 0.000006 0.000000 -1.000000
vn 0.000006 0.000000 -1.000000
vn 0.000007 0.000000 -1.000000
vn 0.000007 0.000000 -1.000000
vn 0.000007 0.000000 -1.000000
vn 0.000007 0.000000 -1.000000
vn 0.000000 0.000000 -1.000000
vn 0.000000 0.000000 -1.000000
vn 0.000000 0.000000 -1.000000
vn 0.000000 0.000000 -1.000000
vn 0.000000 0.000000 -1.000000
vn 0.000000 0.000000 -1.000000
vn 0.000000 0.000000 -1.000000
vn 0.000000 0.000000 -1.000000
vn -0.000005 0.000000 -1.000000
vn -0.000005 0.000000 -1.000000
vn -0.000005 0.000000 -1.000000
vn -0.000005 0.000000 -1.000000
vn 0.000002 0.000000 -1.000000
vn 0.000002 0.000000 -1.000000
vn 0.000002 0.000000 -1.000000
vn 0.000002 0.000000 -1.000000
vn -0.000002 0.000000 -1.000000
vn -0.000002 0.000000 -1.000000
vn -0.000002 0.000000 -1.000000
vn -0.000002 0.000000 -1.000000
vn -0.000005 0.000000 -1.000000
vn -0.000005 0.000000 -1.000000
vn -0.000005 0.000000 -1.000000
vn -0.000005 0.000000 -1.000000
vn 0.000002 0.000000 -1.000000
vn 0.000002 0.000000 -1.000000
vn 0.000002 0.000000 -1.000000
vn 0.000002 0.000000 -1.000000
vn 0.000001 0.000000 -1.000000
vn 0.000001 0.000000 -1.000000
vn 0.000001 0.000000 -1.000000
vn 0.000001 0.000000 -1.000000
vn 1.000000 0.000000 0.000000
vn 1.000000 0.000000 0.000000
vn 1.000000 0.000000 0.000000
vn 1.000000 0.000000 0.000000
vn 0.845495 -0.533983 0.000000
vn 0.845495 -0.533983 0.000000
vn 0.845495 -0.533983 0.000000
vn 0.845495 -0.533983 0.000000
vn 0.997800 -0.066301 0.000000
vn 0.997800 -0.066301 0.000000
vn 0.997800 -0.066301 0.000000
vn 0.997800 -0.066301 0.000000
vn 0.712808 -0.701359 0.000000
vn 0.712808 -0.701359 0.000000
vn 0.712808 -0.701359 0.000000
vn 0.712808 -0.701359 0.000000
vn 0.944308 -0.329063 0.000000
vn 0.944308 -0.329063 0.000000
vn 0.944308 -0.329063 0.000000
vn 0.944308 -0.329063 0.000000
vn 0.000000 0.000000 -1.000000
vn 0.000000 0.000000 -1.000000
vn 0.000000 0.000000 -1.000000
vn 0.000000 0.000000 -1.000000
vn 0.000000 0.000000 -1.000000
vn 0.000000 0.000000 -1.000000
vn 0.000000 0.000000 -1.000000
vn 0.000000 0.000000 -1.000000
vn 0.000000 0.000000 -1.000000
vn 0.000000 0.000000 -1.000000
vn 0.000000 0.000000 -1.000000
vn 0.000000 0.000000 -1.000000
vn 0.000000 0.000000 -1.000000
vn 0.000000 0.000000 -1.000000
vn 0.000000 0.000000 -1.000000
vn 0.000000 0.000000 -1.000000
vn 0.000000 0.000000 -1.000000
vn 0.000000 0.000000 -1.000000
vn 0.000000 0.000000 -1.000000
vn 0.000000 0.000000 -1.000000
vn 1.000000 0.000000 0.000000
vn 1.000000 0.000000 0.000000
vn 1.000000 0.000000 0.000000
vn 1.000000 0.000000 0.000000
vn 0.845387 -0.534154 0.000000
vn 0.845387 -0.534154 0.000000
vn 0.845387 -0.534154 0.000000
vn 0.845387 -0.534154 0.000000
vn 0.997980 -0.063531 0.000000
vn 0.997980 -0.063531 0.000000
vn 0.997980 -0.063531 0.000000
vn 0.997980 -0.063531 0.000000
vn 0.712721 -0.701447 0.000000
vn 0.712721 -0.701447 0.000000
vn 0.712721 -0.701447 0.000000
vn 0.712721 -0.701447 0.000000
vn 0.944017 -0.329896 0.000000
vn 0.944017 -0.329896 0.000000
vn 0.944017 -0.329896 0.000000
vn 0.944017 -0.329896 0.000000
vn 0.000000 0.000000 -1.000000
vn 0.000000 0.000000 -1.000000
vn 0.000000 0.000000 -1.000000
vn 0.000000 0.000000 -1.000000
vn 0.000000 0.000000 -1.000000
vn 0.000000 0.000000 -1.000000
vn 0.000000 0.000000 -1.000000
vn 0.000000 0.000000 -1.000000
vn 0.000000 0.000000 -1.000000
vn 0.000000 0.000000 -1.000000
vn 0.000000 0.000000 -1.000000
vn 0.000000 0.000000 -1.000000
vn 0.000000 0.000000 -1.000000
vn 0.000000 0.000000 -1.000000
vn 0.000000 0.000000 -1.000000
vn 0.000000 0.000000 -1.000000
vn -0.000011 0.000000 -1.000000
vn -0.000011 0.000000 -1.000000
vn -0.000011 0.000000 -1.000000
vn -0.000011 0.000000 -1.000000
vn -0.000003 0.000000 -1.000000
vn -0.000003 0.000000 -1.000000
vn -0.000003 0.000000 -1.000000
vn -0.000003 0.000000 -1.000000
vn 0.554762 -0.832009 0.000000
vn 0.554762 -0.832009 0.000000
vn 0.554762 -0.832009 0.000000
vn 0.554762 -0.832009 0.000000
vn 0.000002 0.000000 -1.000000
vn 0.000002 0.000000 -1.000000
vn 0.000002 0.000000 -1.000000
vn 0.000002 0.000000 -1.000000
vn 0.576322 -0.817223 0.000000
vn 0.576322 -0.817223 0.000000
vn 0.576322 -0.817223 0.000000
vn 0.576322 -0.817223 0.000000
vn -0.000005 0.000000 -1.000000
vn -0.000005 0.000000 -1.000000
vn -0.000005 0.000000 -1.000000
vn -0.000005 0.000000 -1.000000
vn 1.000000 0.000000 0.000000
vn 1.000000 0.000000 0.000000
vn 1.000000 0.000000 0.000000
vn 1.000000 0.000000 0.000000
vn 0.845494 -0.533986 0.000000
vn 0.845494 -0.533986 0.000000
vn 0.845494 -0.533986 0.000000
vn 0.845494 -0.533986 0.000000
vn 0.997800 -0.066303 0.000000
vn 0.997800 -0.066303 0.000000
vn 0.997800 -0.066303 0.000000
vn 0.997800 -0.066303 0.000000
vn 0.712808 -0.701360 0.000000
vn 0.712808 -0.701360 0.000000
vn 0.712808 -0.701360 0.000000
vn 0.712808 -0.701360 0.000000
vn 0.944309 -0.329060 0.000000
vn 0.944309 -0.329060 0.000000
vn 0.944309 -0.329060 0.000000
vn 0.944309 -0.329060 0.000000
vn -0.000003 0.000000 1.000000
vn -0.000003 0.000000 1.000000
vn -0.000003 0.000000 1.000000
vn -0.000003 0.000000 1.000000
vn 0.000011 0.000000 1.000000
vn 0.000011 0.000000 1.000000
vn 0.000011 0.000000 1.000000
vn 0.000011 0.000000 1.000000
vn 0.000005 0.000000 1.000000
vn 0.000005 0.000000 1.000000
vn 0.000005 0.000000 1.000000
vn 0.000005 0.000000 1.000000
vn 0.000002 0.000000 1.000000
vn 0.000002 0.000000 1.000000
vn 0.000002 0.000000 1.000000
vn 0.000002 0.000000 1.000000
vn -0.000010 0.000000 1.000000
vn -0.000010 0.000000 1.000000
vn -0.000010 0.000000 1.000000
vn -0.000010 0.000000 1.000000
vn 1.000000 0.000000 0.000000
vn 1.000000 0.000000 0.000000
vn 1.000000 0.000000 0.000000
vn 1.000000 0.000000 0.000000
vn 0.845386 -0.534155 0.000000
vn 0.845386 -0.534155 0.000000
vn 0.845386 -0.534155 0.000000
vn 0.845386 -0.534155 0.000000
vn 0.997980 -0.063532 0.000000
vn 0.997980 -0.063532 0.000000
vn 0.997980 -0.063532 0.000000
vn 0.997980 -0.063532 0.000000
vn 0.712721 -0.701448 0.000000
vn 0.712721 -0.701448 0.000000
vn 0.712721 -0.701448 0.000000
vn 0.712721 -0.701448 0.000000
vn 0.944019 -0.329891 0.000000
vn 0.944019 -0.329891 0.000000
vn 0.944019 -0.329891 0.000000
vn 0.944019 -0.329891 0.000000
vn 0.000002 0.000000 1.000000
vn 0.000002 0.000000 1.000000
vn 0.000002 0.000000 1.000000
vn 0.000002 0.000000 1.000000
vn -0.000002 0.000000 1.000000
vn -0.000002 0.000000 1.000000
vn -0.000002 0.000000 1.000000
vn -0.000002 0.000000 1.000000
vn 0.000004 0.000000 1.000000
vn 0.000004 0.000000 1.000000
vn 0.000004 0.000000 1.000000
vn 0.000004 0.000000 1.000000
vn -0.000004 0.000000 1.000000
vn -0.000004 0.000000 1.000000
vn -0.000004 0.000000 1.000000
vn -0.000004 0.000000 1.000000
vn -0.000002 -0.000005 1.000000
vn -0.000002 -0.000005 1.000000
vn -0.000002 -0.000005 1.000000
vn -0.000002 -0.000005 1.000000
vn 0.554758 -0.832012 0.000000
vn 0.554758 -0.832012 0.000000
vn 0.554758 -0.832012 0.000000
vn 0.554758 -0.832012 0.000000
vn 0.000000 0.000000 1.000000
vn 0.000000 0.000000 1.000000
vn 0.000000 0.000000 1.000000
vn 0.000000 0.000000 1.000000
vn 0.576318 -0.817226 0.000000
vn 0.576318 -0.817226 0.000000
vn 0.576318 -0.817226 0.000000
vn 0.576318 -0.817226 0.000000
vn 0.000009 -0.000014 1.000000
vn 0.000009 -0.000014 1.000000
vn 0.000009 -0.000014 1.000000
vn 0.000009 -0.000014 1.000000
vn 0.000003 0.000000 1.000000
vn 0.000003 0.000000 1.000000
vn 0.000003 0.000000 1.000000
vn 0.000003 0.000000 1.000000
vn -0.000006 0.000000 1.000000
vn -0.000006 0.000000 1.000000
vn -0.000006 0.000000 1.000000
vn -0.000006 0.000000 1.000000
vn 0.000000 0.000000 1.000000
vn 0.000000 0.000000 1.000000
vn 0.000000 0.000000 1.000000
vn 0.000000 0.000000 1.000000
vn 0.000003 0.000000 1.000000
vn 0.000003 0.000000 1.000000
vn 0.000003 0.000000 1.000000
vn 0.000003 0.000000 1.000000
vn -0.000004 0.000000 1.000000
vn -0.000004 0.000000 1.000000
vn -0.000004 0.000000 1.000000
vn -0.000004 0.000000 1.000000
vn 0.000005 0.000000 1.000000
vn 0.000005 0.000000 1.000000
vn 0.000005 0.000000 1.000000
vn 0.000005 0.000000 1.000000
vn -0.000004 0.000000 1.000000
vn -0.000004 0.000000 1.000000
vn -0.000004 0.000000 1.000000
vn -0.000004 0.000000 1.000000
vn 0.000004 0.000000 1.000000
vn 0.000004 0.000000 1.000000
vn 0.000004 0.000000 1.000000
vn 0.000004 0.000000 1.000000
vn 0.000002 0.000000 1.000000
vn 0.000002 0.000000 1.000000
vn 0.000002 0.000000 1.000000
vn 0.000002 0.000000 1.000000
vn 0.000002 0.000000 1.000000
vn 0.000002 0.000000 1.000000
vn 0.000002 0.000000 1.000000
vn 0.000002 0.000000 1.000000
vn 0.000000 0.000000 1.000000
vn 0.000000 0.000000 1.000000
vn 0.000000 0.000000 1.000000
vn 0.000000 0.000000 1.000000
vn -1.000000 0.000000 0.000000
vn -1.000000 0.000000 0.000000
vn -1.000000 0.000000 0.000000
vn -1.000000 0.000000 0.000000
vn -0.845494 -0.533984 0.000000
vn -0.845494 -0.533984 0.000000
vn -0.845494 -0.533984 0.000000
vn -0.845494 -0.533984 0.000000
vn -0.997800 -0.066301 0.000000
vn -0.997800 -0.066301 0.000000
vn -0.997800 -0.066301 0.000000
vn -0.997800 -0.066301 0.000000
vn -0.712808 -0.701360 0.000000
vn -0.712808 -0.701360 0.000000
vn -0.712808 -0.701360 0.000000
vn -0.712808 -0.701360 0.000000
vn -0.944308 -0.329062 0.000000
vn -0.944308 -0.329062 0.000000
vn -0.944308 -0.329062 0.000000
vn -0.944308 -0.329062 0.000000
vn 0.000000 0.000000 1.000000
vn 0.000000 0.000000 1.000000
vn 0.000000 0.000000 1.000000
vn 0.000000 0.000000 1.000000
vn -0.000013 0.000000 1.000000
vn -0.000013 0.000000 1.000000
vn -0.000013 0.000000 1.000000
vn -0.000013 0.000000 1.000000
vn -0.000008 0.000000 1.000000
vn -0.000008 0.000000 1.000000
vn -0.000008 0.000000 1.000000
vn -0.000008 0.000000 1.000000
vn 0.000000 0.000000 1.000000
vn 0.000000 0.000000 1.000000
vn 0.000000 0.000000 1.000000
vn 0.000000 0.000000 1.000000
vn 0.000008 0.000000 1.000000
vn 0.000008 0.000000 1.000000
vn 0.000008 0.000000 1.000000
vn 0.000008 0.000000 1.000000
vn -1.000000 0.000000 0.000000
vn -1.000000 0.000000 0.000000
vn -1.000000 0.000000 0.000000
vn -1.000000 0.000000 0.000000
vn -0.845386 -0.534156 0.000000
vn -0.845386 -0.534156 0.000000
vn -0.845386 -0.534156 0.000000
vn -0.845386 -0.534156 0.000000
vn -0.997980 -0.063534 0.000000
vn -0.997980 -0.063534 0.000000
vn -0.997980 -0.063534 0.000000
vn -0.997980 -0.063534 0.000000
vn -0.712721 -0.701448 0.000000
vn -0.712721 -0.701448 0.000000
vn -0.712721 -0.701448 0.000000
vn -0.712721 -0.701448 0.000000
vn -0.944019 -0.329890 0.000000
vn -0.944019 -0.329890 0.000000
vn -0.944019 -0.329890 0.000000
vn -0.944019 -0.329890 0.000000
vn 0.000000 0.000000 1.000000
vn 0.000000 0.000000 1.000000
vn 0.000000 0.000000 1.000000
vn 0.000000 0.000000 1.000000
vn 0.000000 0.000000 1.000000
vn 0.000000 0.000000 1.000000
vn 0.000000 0.000000 1.000000
vn 0.000000 0.000000 1.000000
vn 0.000000 0.000000 1.000000
vn 0.000000 0.000000 1.000000
vn 0.000000 0.000000 1.000000
vn 0.000000 0.000000 1.000000
vn 0.000008 0.000000 1.000000
vn 0.000008 0.000000 1.000000
vn 0.000008 0.000000 1.000000
vn 0.000008 0.000000 1.000000
vn 0.000000 -0.000005 1.000000
vn 0.000000 -0.000005 1.000000
vn 0.000000 -0.000005 1.000000
vn 0.000000 -0.000005 1.000000
vn 0.000003 0.000000 1.000000
vn 0.000003 0.000000 1.000000
vn 0.000003 0.000000 1.000000
vn 0.000003 0.000000 1.000000
vn -0.554758 -0.832012 0.000000
vn -0.554758 -0.832012 0.000000
vn -0.554758 -0.832012 0.000000
vn -0.554758 -0.832012 0.000000
vn -0.000004 0.000000 1.000000
vn -0.000004 0.000000 1.000000
vn -0.000004 0.000000 1.000000
vn -0.000004 0.000000 1.000000
vn -0.576318 -0.817226 0.000000
vn -0.576318 -0.817226 0.000000
vn -0.576318 -0.817226 0.000000
vn -0.576318 -0.817226 0.000000
vn -0.000019 -0.000014 1.000000
vn -0.000019 -0.000014 1.000000
vn -0.000019 -0.000014 1.000000
vn -0.000019 -0.000014 1.000000
vn 1.000000 0.000000 0.000000
vn 1.000000 0.000000 0.000000
vn 1.000000 0.000000 0.000000
vn 1.000000 0.000000 0.000000
vn 0.998132 -0.061094 0.000000
vn 0.998132 -0.061094 0.000000
vn 0.998132 -0.061094 0.000000
vn 0.998132 -0.061094 0.000000
vn 0.943741 -0.330685 0.000001
vn 0.943741 -0.330685 0.000001
vn 0.943742 -0.330684 0.000001
vn 0.943742 -0.330684 0.000001
vn 0.845298 -0.534295 0.000001
vn 0.845298 -0.534295 0.000001
vn 0.845298 -0.534295 0.000001
vn 0.845298 -0.534295 0.000001
vn 0.712440 -0.701733 0.000001
vn 0.712440 -0.701733 0.000001
vn 0.712440 -0.701733 0.000001
vn 0.712440 -0.701733 0.000001
vn 0.586834 -0.809707 0.000000
vn 0.586834 -0.809707 0.000000
vn 0.586836 -0.809706 0.000000
vn 0.586836 -0.809706 0.000000
vn -0.586835 -0.809707 0.000000
vn -0.586835 -0.809707 0.000000
vn -0.586835 -0.809707 0.000000
vn -0.586835 -0.809707 0.000000
vn -0.712440 -0.701733 0.000000
vn -0.712440 -0.701733 0.000000
vn -0.712440 -0.701733 0.000000
vn -0.712440 -0.701733 0.000000
vn -0.845298 -0.534295 0.000000
vn -0.845298 -0.534295 0.000000
vn -0.845298 -0.534295 0.000000
vn -0.845298 -0.534295 0.000000
vn -0.943742 -0.330683 0.000000
vn -0.943742 -0.330683 0.000000
vn -0.943742 -0.330683 0.000000
vn -0.943742 -0.330683 0.000000
vn -0.998132 -0.061093 0.000000
vn -0.998132 -0.061093 0.000000
vn -0.998132 -0.061093 0.000000
vn -0.998132 -0.061093 0.000000
vn -1.000000 0.000000 0.000000
vn -1.000000 0.000000 0.000000
vn -1.000000 0.000000 0.000000
vn -1.000000 0.000000 0.000000
vn 0.000000 0.000000 1.000000
vn 0.000000 0.000000 1.000000
vn 0.000000 0.000000 1.000000
vn 0.000000 0.000000 1.000000
vn 0.000000 0.000000 1.000000
vn 0.000000 0.000000 1.000000
vn 0.000000 0.000000 1.000000
vn 0.000000 0.000000 1.000000
vn 0.000000 0.000000 1.000000
vn 0.000000 0.000000 1.000000
vn 0.000000 0.000000 1.000000
vn 0.000000 0.000000 1.000000
vn 0.000000 0.000000 1.000000
vn 0.000000 0.000000 1.000000
vn 0.000000 0.000000 1.000000
vn 0.000000 0.000000 1.000000
vn 0.000000 0.000000 1.000000
vn 0.000000 0.000000 1.000000
vn 0.000000 0.000000 1.000000
vn 0.000000 0.000000 1.000000
vn 0.000000 0.000000 1.000000
vn 0.000000 0.000000 1.000000
vn 0.000000 0.000000 1.000000
vn 0.000000 0.000000 1.000000
vn 0.000000 0.000000 -1.000000
vn 0.000000 0.000000 -1.000000
vn 0.000000 0.000000 -1.000000
vn 0.000000 0.000000 -1.000000
vn 0.000000 0.000000 -1.000000
vn 0.000000 0.000000 -1.000000
vn 0.000000 0.000000 -1.000000
vn 0.000000 0.000000 -1.000000
vn 0.000000 0.000000 -1.000000
vn 0.000000 0.000000 -1.000000
vn 0.000000 0.000000 -1.000000
vn 0.000000 0.000000 -1.000000
vn 0.000000 0.000000 -1.000000
vn 0.000000 0.000000 -1.000000
vn 0.000000 0.000000 -1.000000
vn 0.000000 0.000000 -1.000000
vn 0.000000 0.000000 -1.000000
vn 0.000000 0.000000 -1.000000
vn 0.000000 0.000000 -1.000000
vn 0.000000 0.000000 -1.000000
vn 0.000000 0.000000 -1.000000
vn 0.000000 0.000000 -1.000000
vn 0.000000 0.000000 -1.000000
vn 0.000000 0.000000 -1.000000
vn 0.000000 0.000000 1.000000
vn 0.000000 0.000000 1.000000
vn 0.000000 0.000000 1.000000
vn 0.000000 0.000000 1.000000
vn 0.000000 0.000000 -1.000000
vn 0.000000 0.000000 -1.000000
vn 0.000000 0.000000 -1.000000
vn 0.000000 0.000000 -1.000000
vn 0.000000 1.000000 0.000000
vn 0.000000 1.000000 0.000000
vn 0.000000 1.000000 0.000000
vn 0.000000 1.000000 0.000000
vn 0.000000 1.000000 0.000000
vn 0.000000 1.000000 0.000000
vn 0.000000 1.000000 0.000000
vn 0.000000 1.000000 0.000000
vn 0.000000 0.000000 1.000000
vn 0.000000 0.000000 1.000000
vn 0.000000 0.000000 1.000000
vn 0.000000 0.000000 1.000000
vn 0.000000 0.000000 1.000000
vn 0.000000 0.000000 1.000000
vn 0.000000 0.000000 1.000000
vn 0.000000 0.000000 1.000000
vn -1.000000 0.000000 0.000000
vn -1.000000 0.000000 0.000000
vn -1.000000 0.000000 0.000000
vn -1.000000 0.000000 0.000000
vn 0.000000 0.000000 1.000000
vn 0.000000 0.000000 1.000000
vn 0.000000 0.000000 1.000000
vn 0.000000 0.000000 1.000000
vn -0.999980 -0.006359 0.000000
vn -0.999980 -0.006359 0.000000
vn -0.999980 -0.006359 0.000000
vn -0.999980 -0.006359 0.000000
vn 0.000000 0.000000 1.000000
vn 0.000000 0.000000 1.000000
vn 0.000000 0.000000 1.000000
vn 0.000000 0.000000 1.000000
vn -0.999955 -0.009461 0.000001
vn -0.999955 -0.009461 0.000001
vn -0.999955 -0.009461 0.000001
vn -0.999955 -0.009461 0.000001
vn 0.000000 0.000000 -1.000000
vn 0.000000 0.000000 -1.000000
vn 0.000000 0.000000 -1.000000
vn 0.000000 0.000000 -1.000000
vn -0.999980 -0.006359 0.000000
vn -0.999980 -0.006359 0.000000
vn -0.999980 -0.006359 0.000000
vn -0.999980 -0.006359 0.000000
vn 0.000000 0.000000 -1.000000
vn 0.000000 0.000000 -1.000000
vn 0.000000 0.000000 -1.000000
vn 0.000000 0.000000 -1.000000
vn -1.000000 0.000000 0.000000
vn -1.000000 0.000000 0.000000
vn -1.000000 0.000000 0.000000
vn -1.000000 0.000000 0.000000
vn 0.000000 0.000000 -1.000000
vn 0.000000 0.000000 -1.000000
vn 0.000000 0.000000 -1.000000
vn 0.000000 0.000000 -1.000000
vn 0.000000 0.000000 -1.000000
vn 0.000000 0.000000 -1.000000
vn 0.000000 0.000000 -1.000000
vn 0.000000 0.000000 -1.000000
vn 1.000000 0.000000 0.000000
vn 1.000000 0.000000 0.000000
vn 1.000000 0.000000 0.000000
vn 1.000000 0.000000 0.000000
vn 0.000000 0.000000 -1.000000
vn 0.000000 0.000000 -1.000000
vn 0.000000 0.000000 -1.000000
vn 0.000000 0.000000 -1.000000
vn 0.999980 -0.006359 0.000000
vn 0.999980 -0.006359 0.000000
vn 0.999980 -0.006359 0.000000
vn 0.999980 -0.006359 0.000000
vn 0.000000 0.000000 -1.000000
vn 0.000000 0.000000 -1.000000
vn 0.000000 0.000000 -1.000000
vn 0.000000 0.000000 -1.000000
vn 0.999955 -0.009467 -0.000001
vn 0.999955 -0.009467 -0.000001
vn 0.999955 -0.009467 -0.000001
vn 0.999955 -0.009467 -0.000001
vn 0.000000 0.000000 1.000000
vn 0.000000 0.000000 1.000000
vn 0.000000 0.000000 1.000000
vn 0.000000 0.000000 1.000000
vn 0.999980 -0.006359 0.000000
vn 0.999980 -0.006359 0.000000
vn 0.999980 -0.006359 0.000000
vn 0.999980 -0.006359 0.000000
vn 0.000000 0.000000 1.000000
vn 0.000000 0.000000 1.000000
vn 0.000000 0.000000 1.000000
vn 0.000000 0.000000 1.000000
vn 1.000000 0.000000 0.000000
vn 1.000000 0.000000 0.000000
vn 1.000000 0.000000 0.000000
vn 1.000000 0.000000 0.000000
vn 0.000000 1.000000 0.000000
vn 0.000000 1.000000 0.000000
vn 0.000000 1.000000 0.000000
vn 0.000000 1.000000 0.000000
vn 0.000000 -1.000000 0.000000
vn 0.000000 -1.000000 0.000000
vn 0.000000 -1.000000 0.000000
vn 0.000000 -1.000000 0.000000
vn 0.000000 1.000000 0.000000
vn 0.000000 1.000000 0.000000
vn 0.000000 1.000000 0.000000
vn 0.000000 1.000000 0.000000
vn 0.000000 -1.000000 -0.000003
vn 0.000000 -1.000000 -0.000003
vn 0.000000 -1.000000 -0.000003
vn 0.000000 -1.000000 -0.000003
vn 0.000000 -1.000000 0.000000
vn 0.000000 -1.000000 0.000000
vn 0.000000 -1.000000 0.000000
vn 0.000000 -1.000000 0.000000
vn 0.000000 1.000000 0.000000
vn 0.000000 1.000000 0.000000
vn 0.000000 1.000000 0.000000
vn 0.000000 1.000000 0.000000
vn 0.002265 -0.999997 0.001131
vn 0.002265 -0.999997 0.001131
vn 0.002265 -0.999997 0.001131
vn 0.002265 -0.999997 0.001131
vn -0.002414 0.999995 -0.001924
vn -0.002414 0.999995 -0.001924
vn -0.002414 0.999995 -0.001924
vn -0.002414 0.999995 -0.001924
vn 0.002467 -0.999997 0.000000
vn 0.002467 -0.999997 0.000000
vn 0.002467 -0.999997 0.000000
vn 0.002467 -0.999997 0.000000
vn -0.001436 0.999999 0.000000
vn -0.001436 0.999999 0.000000
vn -0.001436 0.999999 0.000000
vn -0.001436 0.999999 0.000000
vn 0.001320 -0.999997 -0.002295
vn 0.001320 -0.999997 -0.002295
vn 0.001320 -0.999997 -0.002295
vn 0.001320 -0.999997 -0.002295
vn -0.001380 0.999999 0.000467
vn -0.001380 0.999999 0.000467
vn -0.001380 0.999999 0.000467
vn -0.001380 0.999999 0.000467
vn 0.003389 -0.999994 0.000000
vn 0.003389 -0.999994 0.000000
vn 0.003389 -0.999994 0.000000
vn 0.003389 -0.999994 0.000000
vn -0.001920 0.999998 0.000001
vn -0.001920 0.999998 0.000001
vn -0.001920 0.999998 0.000001
vn -0.001920 0.999998 0.000001
vn -0.001375 0.999999 -0.000468
vn -0.001375 0.999999 -0.000468
vn -0.001375 0.999999 -0.000468
vn -0.001375 0.999999 -0.000468
vn 0.001320 -0.999997 0.002282
vn 0.001320 -0.999997 0.002282
vn 0.001320 -0.999997 0.002282
vn 0.001320 -0.999997 0.002282
vn -0.001436 0.999999 0.000000
vn -0.001436 0.999999 0.000000
vn -0.001436 0.999999 0.000000
vn -0.001436 0.999999 0.000000
vn 0.002467 -0.999997 0.000000
vn 0.002467 -0.999997 0.000000
vn 0.002467 -0.999997 0.000000
vn 0.002467 -0.999997 0.000000
vn -0.002414 0.999995 0.001926
vn -0.002414 0.999995 0.001926
vn -0.002414 0.999995 0.001926
vn -0.002414 0.999995 0.001926
vn 0.002265 -0.999997 -0.001131
vn 0.002265 -0.999997 -0.001131
vn 0.002265 -0.999997 -0.001131
vn 0.002265 -0.999997 -0.001131
vn 0.000000 1.000000 0.000000
vn 0.000000 1.000000 0.000000
vn 0.000000 1.000000 0.000000
vn 0.000000 1.000000 0.000000
vn 0.000000 -1.000000 0.000000
vn 0.000000 -1.000000 0.000000
vn 0.000000 -1.000000 0.000000
vn 0.000000 -1.000000 0.000000
vn 0.000000 1.000000 0.000000
vn 0.000000 1.000000 0.000000
vn 0.000000 1.000000 0.000000
vn 0.000000 1.000000 0.000000
vn 0.000000 -1.000000 0.000003
vn 0.000000 -1.000000 0.000003
vn 0.000000 -1.000000 0.000003
vn 0.000000 -1.000000 0.000003
vn 0.000000 1.000000 0.000000
vn 0.000000 1.000000 0.000000
vn 0.000000 1.000000 0.000000
vn 0.000000 1.000000 0.000000
vn 0.000000 -1.000000 0.000000
vn 0.000000 -1.000000 0.000000
vn 0.000000 -1.000000 0.000000
vn 0.000000 -1.000000 0.000000
vn 0.000000 -1.000000 0.000000
vn 0.000000 -1.000000 0.000000
vn 0.000000 -1.000000 0.000000
vn 0.000000 -1.000000 0.000000
vn 0.000000 1.000000 0.000000
vn 0.000000 1.000000 0.000000
vn 0.000000 1.000000 0.000000
vn 0.000000 1.000000 0.000000
vn -0.002265 -0.999997 -0.001121
vn -0.002265 -0.999997 -0.001121
vn -0.002265 -0.999997 -0.001121
vn -0.002265 -0.999997 -0.001121
vn 0.002414 0.999995 0.001926
vn 0.002414 0.999995 0.001926
vn 0.002414 0.999995 0.001926
vn 0.002414 0.999995 0.001926
vn -0.002467 -0.999997 0.000000
vn -0.002467 -0.999997 0.000000
vn -0.002467 -0.999997 0.000000
vn -0.002467 -0.999997 0.000000
vn 0.001436 0.999999 0.000000
vn 0.001436 0.999999 0.000000
vn 0.001436 0.999999 0.000000
vn 0.001436 0.999999 0.000000
vn -0.001320 -0.999997 0.002282
vn -0.001320 -0.999997 0.002282
vn -0.001320 -0.999997 0.002282
vn -0.001320 -0.999997 0.002282
vn 0.001375 0.999999 -0.000485
vn 0.001375 0.999999 -0.000485
vn 0.001375 0.999999 -0.000485
vn 0.001375 0.999999 -0.000485
vn -0.003389 -0.999994 0.000000
vn -0.003389 -0.999994 0.000000
vn -0.003389 -0.999994 0.000000
vn -0.003389 -0.999994 0.000000
vn 0.001919 0.999998 0.000000
vn 0.001919 0.999998 0.000000
vn 0.001919 0.999998 0.000000
vn 0.001919 0.999998 0.000000
vn 0.001375 0.999999 0.000467
vn 0.001375 0.999999 0.000467
vn 0.001375 0.999999 0.000467
vn 0.001375 0.999999 0.000467
vn -0.001320 -0.999997 -0.002269
vn -0.001320 -0.999997 -0.002269
vn -0.001320 -0.999997 -0.002269
vn -0.001320 -0.999997 -0.002269
vn 0.001436 0.999999 0.000000
vn 0.001436 0.999999 0.000000
vn 0.001436 0.999999 0.000000
vn 0.001436 0.999999 0.000000
vn -0.002467 -0.999997 0.000000
vn -0.002467 -0.999997 0.000000
vn -0.002467 -0.999997 0.000000
vn -0.002467 -0.999997 0.000000
vn 0.002414 0.999995 -0.001936
vn 0.002414 0.999995 -0.001936
vn 0.002414 0.999995 -0.001936
vn 0.002414 0.999995 -0.001936
vn -0.002265 -0.999997 0.001121
vn -0.002265 -0.999997 0.001121
vn -0.002265 -0.999997 0.001121
vn -0.002265 -0.999997 0.001121
vn 0.000000 1.000000 0.000000
vn 0.000000 1.000000 0.000000
vn 0.000000 1.000000 0.000000
vn 0.000000 1.000000 0.000000
vn 0.000000 -1.000000 0.000000
vn 0.000000 -1.000000 0.000000
vn 0.000000 -1.000000 0.000000
vn 0.000000 -1.000000 0.000000
vn 0.000000 0.000000 1.000000
vn 0.000000 0.000000 1.000000
vn 0.000000 0.000000 1.000000
vn 0.000000 0.000000 1.000000
vn 0.000000 0.000000 1.000000
vn 0.000000 0.000000 1.000000
vn 0.000000 0.000000 1.000000
vn 0.000000 0.000000 1.000000
vn -1.000000 0.000000 0.000000
vn -1.000000 0.000000 0.000000
vn -1.000000 0.000000 0.000000
vn -1.000000 0.000000 0.000000
vn 0.000000 0.000000 1.000000
vn 0.000000 0.000000 1.000000
vn 0.000000 0.000000 1.000000
vn 0.000000 0.000000 1.000000
vn -0.999978 -0.006571 0.000000
vn -0.999978 -0.006571 0.000000
vn -0.999978 -0.006571 0.000000
vn -0.999978 -0.006571 0.000000
vn 0.000000 0.000000 1.000000
vn 0.000000 0.000000 1.000000
vn 0.000000 0.000000 1.000000
vn 0.000000 0.000000 1.000000
vn -0.999952 -0.009800 0.000000
vn -0.999952 -0.009800 0.000000
vn -0.999952 -0.009800 0.000000
vn -0.999952 -0.009800 0.000000
vn 0.000000 0.000000 -1.000000
vn 0.000000 0.000000 -1.000000
vn 0.000000 0.000000 -1.000000
vn 0.000000 0.000000 -1.000000
vn -0.999979 -0.006564 0.000000
vn -0.999979 -0.006564 0.000000
vn -0.999979 -0.006564 0.000000
vn -0.999979 -0.006564 0.000000
vn 0.000000 0.000000 -1.000000
vn 0.000000 0.000000 -1.000000
vn 0.000000 0.000000 -1.000000
vn 0.000000 0.000000 -1.000000
vn -1.000000 0.000000 0.000000
vn -1.000000 0.000000 0.000000
vn -1.000000 0.000000 0.000000
vn -1.000000 0.000000 0.000000
vn -0.000002 -0.000028 -1.000000
vn -0.000002 -0.000028 -1.000000
vn -0.000002 -0.000028 -1.000000
vn -0.000002 -0.000028 -1.000000
vn 0.000002 -0.000028 -1.000000
vn 0.000002 -0.000028 -1.000000
vn 0.000002 -0.000028 -1.000000
vn 0.000002 -0.000028 -1.000000
vn 1.000000 0.000000 0.000000
vn 1.000000 0.000000 0.000000
vn 1.000000 0.000000 0.000000
vn 1.000000 0.000000 0.000000
vn 0.000000 0.000000 -1.000000
vn 0.000000 0.000000 -1.000000
vn 0.000000 0.000000 -1.000000
vn 0.000000 0.000000 -1.000000
vn 0.999978 -0.006586 0.000004
vn 0.999978 -0.006586 0.000004
vn 0.999978 -0.006586 0.000004
vn 0.999978 -0.006586 0.000004
vn 0.000000 0.000000 -1.000000
vn 0.000000 0.000000 -1.000000
vn 0.000000 0.000000 -1.000000
vn 0.000000 0.000000 -1.000000
vn 0.999952 -0.009800 -0.000001
vn 0.999952 -0.009800 -0.000001
vn 0.999952 -0.009800 -0.000001
vn 0.999952 -0.009800 -0.000001
vn -0.000015 0.000000 1.000000
vn -0.000015 0.000000 1.000000
vn -0.000015 0.000000 1.000000
vn -0.000015 0.000000 1.000000
vn 0.999978 -0.006593 0.000000
vn 0.999978 -0.006593 0.000000
vn 0.999978 -0.006593 0.000000
vn 0.999978 -0.006593 0.000000
vn 0.000000 0.000000 1.000000
vn 0.000000 0.000000 1.000000
vn 0.000000 0.000000 1.000000
vn 0.000000 0.000000 1.000000
vn 1.000000 0.000000 0.000000
vn 1.000000 0.000000 0.000000
vn 1.000000 0.000000 0.000000
vn 1.000000 0.000000 0.000000
vn 0.000000 -0.873178 0.487401
vn 0.000000 -0.873178 0.487401
vn 0.000000 -0.873178 0.487401
vn 0.000000 -0.873178 0.487401
vn 0.000000 -0.873178 0.487401
vn 0.000000 -0.873178 0.487401
vn 0.000000 -0.873178 0.487401
vn 0.000000 -0.873179 0.487401
vn -0.628681 -0.777663 0.000000
vn -0.628681 -0.777663 0.000000
vn -0.628681 -0.777663 0.000000
vn -0.628681 -0.777663 0.000000
vn 0.003408 -0.839235 0.543759
vn 0.003408 -0.839235 0.543759
vn 0.003408 -0.839235 0.543759
vn 0.003408 -0.839234 0.543759
vn -0.567635 -0.823280 0.000000
vn -0.567635 -0.823280 0.000000
vn -0.567635 -0.823280 0.000000
vn -0.567635 -0.823280 0.000000
vn 0.001889 -0.791817 0.610756
vn 0.001889 -0.791817 0.610756
vn 0.001889 -0.791817 0.610756
vn 0.001889 -0.791817 0.610756
vn -0.524131 -0.851638 -0.000001
vn -0.524131 -0.851638 -0.000001
vn -0.524131 -0.851638 -0.000001
vn -0.524131 -0.851638 -0.000001
vn 0.001879 -0.789196 -0.614138
vn 0.001879 -0.789196 -0.614138
vn 0.001879 -0.789196 -0.614138
vn 0.001879 -0.789196 -0.614138
vn -0.567625 -0.823287 0.000000
vn -0.567625 -0.823287 0.000000
vn -0.567625 -0.823287 0.000000
vn -0.567625 -0.823287 0.000000
vn 0.003401 -0.837352 -0.546654
vn 0.003401 -0.837352 -0.546654
vn 0.003401 -0.837352 -0.546654
vn 0.003401 -0.837352 -0.546654
vn -0.628676 -0.777668 0.000000
vn -0.628676 -0.777668 0.000000
vn -0.628676 -0.777668 0.000000
vn -0.628676 -0.777668 0.000000
vn 0.000000 -0.873164 -0.487427
vn 0.000000 -0.873164 -0.487427
vn 0.000000 -0.873164 -0.487427
vn 0.000000 -0.873164 -0.487427
vn 0.000000 -0.873159 -0.487435
vn 0.000000 -0.873159 -0.487435
vn 0.000000 -0.873159 -0.487435
vn 0.000000 -0.873159 -0.487435
vn 0.628679 -0.777665 0.000000
vn 0.628679 -0.777665 0.000000
vn 0.628679 -0.777665 0.000000
vn 0.628679 -0.777665 0.000000
vn -0.003401 -0.837352 -0.546654
vn -0.003401 -0.837352 -0.546654
vn -0.003401 -0.837352 -0.546654
vn -0.003401 -0.837352 -0.546654
vn 0.567635 -0.823280 0.000000
vn 0.567635 -0.823280 0.000000
vn 0.567635 -0.823280 0.000000
vn 0.567635 -0.823280 0.000000
vn -0.001879 -0.789189 -0.614148
vn -0.001879 -0.789189 -0.614148
vn -0.001879 -0.789189 -0.614148
vn -0.001879 -0.789189 -0.614147
vn 0.524154 -0.851623 0.000000
vn 0.524154 -0.851623 0.000000
vn 0.524154 -0.851624 0.000000
vn 0.524154 -0.851623 0.000000
vn -0.001882 -0.791835 0.610732
vn -0.001882 -0.791835 0.610732
vn -0.001882 -0.791835 0.610732
vn -0.001882 -0.791835 0.610732
vn 0.567624 -0.823288 0.000000
vn 0.567624 -0.823288 0.000000
vn 0.567624 -0.823288 0.000000
vn 0.567624 -0.823288 0.000000
vn -0.003408 -0.839235 0.543758
vn -0.003408 -0.839235 0.543758
vn -0.003408 -0.839235 0.543758
vn -0.003408 -0.839235 0.543758
vn 0.628679 -0.777665 0.000000
vn 0.628679 -0.777665 0.000000
vn 0.628679 -0.777665 0.000000
vn 0.628679 -0.777665 0.000000
vn 0.000001 0.000000 -1.000000
vn 0.000001 0.000000 -1.000000
vn 0.000001 0.000000 -1.000000
vn 0.000001 0.000000 -1.000000
vn 0.052360 -0.998628 0.000000
vn 0.052360 -0.998628 0.000000
vn 0.052360 -0.998628 0.000000
vn 0.052360 -0.998628 0.000000
vn -0.000002 0.000000 -1.000000
vn -0.000002 0.000000 -1.000000
vn -0.000002 0.000000 -1.000000
vn -0.000002 0.000000 -1.000000
vn 0.183542 -0.983012 0.000000
vn 0.183542 -0.983012 0.000000
vn 0.525214 -0.850959 -0.004447
vn 0.596424 -0.802667 -0.001939
vn 0.000000 0.000000 -1.000000
vn 0.000000 0.000000 -1.000000
vn 0.000000 0.000000 -1.000000
vn 0.000000 0.000000 -1.000000
vn 0.052360 -0.998628 0.000000
vn 0.052360 -0.998628 0.000000
vn 0.052360 -0.998628 0.000000
vn 0.052360 -0.998628 0.000000
vn -0.000001 0.000000 1.000000
vn -0.000001 0.000000 1.000000
vn -0.000001 0.000000 1.000000
vn -0.000001 0.000000 1.000000
vn 0.183545 -0.983011 0.000000
vn 0.183545 -0.983011 0.000000
vn 0.596401 -0.802684 0.001940
vn 0.524760 -0.851238 0.004469
vn 0.000014 -0.000044 1.000000
vn 0.000014 -0.000044 1.000000
vn 0.000014 -0.000044 1.000000
vn 0.000014 -0.000044 1.000000
vn 0.000000 0.000000 1.000000
vn 0.000000 0.000000 1.000000
vn 0.000000 0.000000 1.000000
vn 0.000000 0.000000 1.000000
vn 0.559536 -0.828806 -0.000002
vn 0.362192 -0.932103 0.000000
vn 0.362193 -0.932103 0.000000
vn 0.559571 -0.828782 -0.001113
vn -0.000001 0.000000 1.000000
vn -0.000000 0.000000 1.000000
vn -0.000000 0.000000 1.000000
vn -0.000001 0.000000 1.000000
vn 0.000000 0.000000 -1.000000
vn 0.000000 0.000000 -1.000000
vn -0.000001 0.000000 -1.000000
vn 0.000000 0.000000 -1.000000
vn 0.362192 -0.932104 0.000000
vn 0.559500 -0.828830 0.001114
vn 0.586837 -0.809705 0.000000
vn 0.586837 -0.809705 0.000000
vn 0.712440 -0.701733 0.000001
vn 0.712440 -0.701733 0.000001
vn 0.845299 -0.534294 0.000001
vn 0.845299 -0.534294 0.000001
vn 0.943742 -0.330683 0.000001
vn 0.943742 -0.330683 0.000001
vn 0.998132 -0.061094 0.000000
vn 0.998132 -0.061094 0.000000
vn 1.000000 0.000000 0.000000
vn 1.000000 0.000000 0.000000
vn -0.292048 -0.956404 0.000000
vn -0.624453 -0.781062 0.000000
vn -0.624453 -0.781062 0.000000
vn -0.292048 -0.956404 0.000000
vn -0.292048 -0.956404 0.000000
vn -0.624453 -0.781062 0.000000
vn -1.000000 0.000000 0.000000
vn -1.000000 0.000000 0.000000
vn -1.000000 0.000000 0.000000
vn -1.000000 0.000000 0.000000
vn -1.000000 0.000000 0.000000
vn -1.000000 0.000000 0.000000
vn -1.000000 0.000000 0.000000
vn -1.000000 0.000000 0.000000
vn -1.000000 0.000000 0.000000
vn -1.000000 0.000000 0.000000
vn -1.000000 0.000000 0.000000
vn -1.000000 0.000000 0.000000
vn -1.000000 0.000000 0.000000
vn -1.000000 0.000000 0.000000
vn -1.000000 0.000000 0.000000
vn -1.000000 0.000000 0.000000
vn -1.000000 0.000000 0.000000
vn -1.000000 0.000000 0.000000
vn -1.000000 0.000000 0.000000
vn -1.000000 0.000000 0.000000
vn -1.000000 0.000000 0.000000
vn -1.000000 0.000000 0.000000
vn -1.000000 0.000000 0.000000
vn -1.000000 0.000000 0.000000
vn -1.000000 0.000000 0.000000
vn -1.000000 0.000000 0.000000
vn -1.000000 0.000000 0.000000
vn -1.000000 0.000015 0.000000
vn -1.000000 0.000015 0.000000
vn -1.000000 0.000015 0.000000
vn -1.000000 0.000000 0.000000
vn -1.000000 0.000000 0.000000
vn -1.000000 0.000000 0.000000
vn 0.000000 1.000000 0.000000
vn 0.000000 1.000000 0.000000
vn 0.000000 1.000000 0.000000
vn 0.000000 1.000000 0.000000
vn -0.000000 0.000000 -1.000000
vn -0.000001 0.000000 -1.000000
vn -0.000001 0.000000 -1.000000
vn -0.000001 0.000000 -1.000000
vn -0.558119 -0.829761 0.000000
vn -0.558119 -0.829761 0.000000
vn -0.558119 -0.829761 0.000000
vn -0.558119 -0.829761 0.000000
vn 0.000000 0.000000 1.000000
vn 0.000000 0.000000 1.000000
vn 0.000000 0.000000 1.000000
vn 0.000000 0.000000 1.000000
vn 0.000000 1.000000 0.000000
vn 0.000000 1.000000 0.000000
vn 0.000000 1.000000 0.000000
vn 0.000000 1.000000 0.000000
vn -0.558119 -0.829761 0.000000
vn -0.558119 -0.829761 0.000000
vn -0.558119 -0.829761 0.000000
vn -0.558119 -0.829761 0.000000
vn 0.998641 0.052110 -0.000026
vn 0.998506 0.052218 0.016100
vn 0.998452 0.052237 0.019089
vn 0.998641 0.052111 0.000173
vn 0.998521 0.051989 -0.015923
vn 0.998472 0.051966 -0.018775
vn 0.582706 0.812683 0.000000
vn 0.582706 0.812683 0.000000
vn 0.577842 0.816149 0.000493
vn 0.577750 0.816213 0.000000
vn 0.582705 0.812683 0.000000
vn 0.577842 0.816149 -0.000493
vn 0.630525 -0.766647 0.121205
vn 0.598507 -0.801118 0.000013
vn 0.593559 -0.804636 0.015793
vn 0.630679 -0.766883 -0.118890
vn 0.593559 -0.804642 -0.015447
vn 0.627338 -0.774268 0.083410
vn 0.639761 -0.753394 0.152001
vn 0.640304 -0.753311 -0.150111
vn 0.627693 -0.774041 -0.082829
vn 0.567852 0.823129 0.001500
vn 0.567853 0.823130 0.000000
vn 0.567853 0.823129 -0.001500
vn 0.000000 0.000000 1.000000
vn 0.000000 0.000000 1.000000
vn 0.000000 0.000000 -1.000000
vn 0.000001 0.000000 -1.000000
vn 0.000000 0.000000 1.000000
vn 0.000000 0.000000 1.000000
vn 0.000000 0.000000 1.000000
vn 0.000000 0.000000 1.000000
vn -0.978970 -0.204004 0.000000
vn -0.978970 -0.204004 0.000000
vn -0.978970 -0.204004 0.000000
vn -0.000000 0.000000 -1.000000
vn -0.000000 0.000000 -1.000000
vn 0.000000 0.000000 -1.000000
vn 0.000000 0.000000 -1.000000
vn 0.000002 0.000000 -1.000000
vn 0.000001 0.000000 -1.000000
vn -0.000002 0.000000 -1.000000
vn 0.998641 0.052109 -0.000119
vn 0.998561 0.052012 -0.013090
vn 0.998550 0.052200 0.013162
vn 0.000000 0.000000 1.000000
vn 0.000000 0.000000 1.000000
vn 0.000000 0.000000 1.000000
s off
g column_tall2
usemtl piedra_caseta_riotutte
f 240/194/457 177/195/458 175/196/459 261/197/460
f 177/198/461 240/199/462 241/200/463 178/201/464
f 180/202/465 178/201/466 241/200/467 242/203/468
f 182/204/469 180/202/470 242/203/471 243/205/472
f 184/206/473 182/204/474 243/205/475 244/207/476
f 186/208/477 184/206/478 244/207/479 245/209/480
f 188/210/481 186/208/482 245/209/483 246/211/484
f 246/211/485 247/212/486 191/213/487 188/210/488
f 247/212/489 248/214/490 193/215/491 191/213/492
f 248/214/493 249/216/494 195/217/495 193/215/496
f 249/216/497 250/218/498 197/219/499 195/217/500
f 250/218/501 251/220/502 199/221/503 197/219/504
f 199/222/505 251/223/506 252/224/507 200/225/508
f 202/226/509 200/225/510 252/224/511 253/227/512
f 204/228/513 202/226/514 253/227/515 254/229/516
f 206/230/517 204/228/518 254/229/519 255/231/520
f 208/232/521 206/230/522 255/231/523 256/233/524
f 210/234/525 208/232/526 256/233/527 257/235/528
f 257/235/529 258/236/530 213/237/531 210/234/532
f 258/236/533 259/238/534 215/239/535 213/237/536
f 259/238/537 260/240/538 217/241/539 215/239/540
f 260/240/541 261/197/542 175/196/543 217/241/544
f 174/242/545 143/243/546 142/244/547 176/245/548
f 175/246/549 177/247/550 153/248/551 152/249/552
f 176/250/553 142/251/554 141/252/555 179/253/556
f 177/254/557 178/255/558 154/256/559 153/257/560
f 155/258/561 154/256/562 178/255/563 180/259/564
f 141/252/565 140/260/566 181/261/567 179/253/568
f 156/262/569 155/258/570 180/259/571 182/263/572
f 140/260/573 139/264/574 183/265/575 181/261/576
f 157/266/577 156/262/578 182/263/579 184/267/580
f 139/264/581 138/268/582 185/269/583 183/265/584
f 158/270/585 157/266/586 184/267/587 186/271/588
f 138/268/589 137/272/590 187/273/591 185/269/592
f 159/274/593 158/270/594 186/271/595 188/275/596
f 137/272/597 136/276/598 189/277/599 187/273/600
f 136/276/601 135/278/602 190/279/603 189/277/604
f 160/280/605 159/274/606 188/275/607 191/281/608
f 135/278/609 134/282/610 192/283/611 190/279/612
f 161/284/613 160/280/614 191/281/615 193/285/616
f 134/282/617 133/286/618 194/287/619 192/283/620
f 162/288/621 161/284/622 193/285/623 195/289/624
f 133/286/625 132/290/626 196/291/627 194/287/628
f 163/292/629 162/288/630 195/289/631 197/293/632
f 196/291/633 132/290/634 131/294/635 198/295/636
f 197/293/637 199/296/638 164/297/639 163/292/640
f 198/298/641 131/299/642 130/300/643 201/301/644
f 199/302/645 200/303/646 165/304/647 164/305/648
f 166/306/649 165/304/650 200/303/651 202/307/652
f 130/300/653 151/308/654 203/309/655 201/301/656
f 167/310/657 166/306/658 202/307/659 204/311/660
f 151/308/661 150/312/662 205/313/663 203/309/664
f 168/314/665 167/310/666 204/311/667 206/315/668
f 150/312/669 149/316/670 207/317/671 205/313/672
f 169/318/673 168/314/674 206/315/675 208/319/676
f 149/316/677 148/320/678 209/321/679 207/317/680
f 170/322/681 169/318/682 208/319/683 210/323/684
f 148/320/685 147/324/686 211/325/687 209/321/688
f 147/324/689 146/326/690 212/327/691 211/325/692
f 171/328/693 170/322/694 210/323/695 213/329/696
f 146/326/697 145/330/698 214/331/699 212/327/700
f 172/332/701 171/328/702 213/329/703 215/333/704
f 145/330/705 144/334/706 216/335/707 214/331/708
f 173/336/709 172/332/710 215/333/711 217/337/712
f 144/334/713 143/243/714 174/242/715 216/335/716
f 152/249/717 173/336/718 217/337/719 175/246/720
f 174/338/721 176/339/722 218/340/723 239/341/724
f 218/342/725 176/343/726 179/344/727 219/345/728
f 220/346/729 219/345/730 179/344/731 181/347/732
f 221/348/733 220/346/734 181/347/735 183/349/736
f 222/350/737 221/348/738 183/349/739 185/351/740
f 223/352/741 222/350/742 185/351/743 187/353/744
f 224/354/745 223/352/746 187/353/747 189/355/748
f 189/355/749 190/356/750 225/357/751 224/354/752
f 190/356/753 192/358/754 226/359/755 225/357/756
f 192/358/757 194/360/758 227/361/759 226/359/760
f 194/360/761 196/362/762 228/363/763 227/361/764
f 196/362/765 198/364/766 229/365/767 228/363/768
f 229/366/769 198/367/770 201/368/771 230/369/772
f 231/370/773 230/369/774 201/368/775 203/371/776
f 232/372/777 231/370/778 203/371/779 205/373/780
f 233/374/781 232/372/782 205/373/783 207/375/784
f 234/376/785 233/374/786 207/375/787 209/377/788
f 235/378/789 234/376/790 209/377/791 211/379/792
f 211/379/793 212/380/794 236/381/795 235/378/796
f 212/380/797 214/382/798 237/383/799 236/381/800
f 214/382/801 216/384/802 238/385/803 237/383/804
f 216/384/805 174/338/806 239/341/807 238/385/808
f 218/386/809 240/387/810 261/388/811 239/389/812
f 240/390/813 218/391/814 219/392/815 241/393/816
f 242/394/817 241/393/818 219/392/819 220/395/820
f 243/396/821 242/394/822 220/395/823 221/397/824
f 244/398/825 243/396/826 221/397/827 222/399/828
f 245/400/829 244/398/830 222/399/831 223/401/832
f 246/402/833 245/400/834 223/401/835 224/403/836
f 224/403/837 225/404/838 247/405/839 246/402/840
f 225/404/841 226/406/842 248/407/843 247/405/844
f 226/406/845 227/408/846 249/409/847 248/407/848
f 227/408/849 228/410/850 250/411/851 249/409/852
f 228/410/853 229/412/854 251/413/855 250/411/856
f 251/414/857 229/415/858 230/416/859 252/417/860
f 253/418/861 252/417/862 230/416/863 231/419/864
f 254/420/865 253/418/866 231/419/867 232/421/868
f 255/422/869 254/420/870 232/421/871 233/423/872
f 256/424/873 255/422/874 233/423/875 234/425/876
f 257/426/877 256/424/878 234/425/879 235/427/880
f 235/427/881 236/428/882 258/429/883 257/426/884
f 236/428/885 237/430/886 259/431/887 258/429/888
f 237/430/889 238/432/890 260/433/891 259/431/892
f 238/432/893 239/389/894 261/388/895 260/433/896
f 372/434/897 309/435/898 307/436/899 393/437/900
f 309/438/901 372/439/902 373/440/903 310/441/904
f 312/442/905 310/441/906 373/440/907 374/443/908
f 314/444/909 312/442/910 374/443/911 375/445/912
f 316/446/913 314/444/914 375/445/915 376/447/916
f 318/448/917 316/446/918 376/447/919 377/449/920
f 320/450/921 318/448/922 377/449/923 378/451/924
f 378/451/925 379/452/926 323/453/927 320/450/928
f 379/452/929 380/454/930 325/455/931 323/453/932
f 380/454/933 381/456/934 327/457/935 325/455/936
f 381/456/937 382/458/938 329/459/939 327/457/940
f 382/458/941 383/460/942 331/461/943 329/459/944
f 331/462/945 383/463/946 384/464/947 332/465/948
f 334/466/949 332/465/950 384/464/951 385/467/952
f 336/468/953 334/466/954 385/467/955 386/469/956
f 338/470/957 336/468/958 386/469/959 387/471/960
f 340/472/961 338/470/962 387/471/963 388/473/964
f 342/474/965 340/472/966 388/473/967 389/475/968
f 389/475/969 390/476/970 345/477/971 342/474/972
f 390/476/973 391/478/974 347/479/975 345/477/976
f 391/478/977 392/480/978 349/481/979 347/479/980
f 392/480/981 393/437/982 307/436/983 349/481/984
f 306/482/985 275/483/986 274/484/987 308/485/988
f 307/486/989 309/487/990 285/488/991 284/489/992
f 308/490/993 274/491/994 273/492/995 311/493/996
f 309/494/997 310/495/998 286/496/999 285/497/1000
f 287/498/1001 286/496/1002 310/495/1003 312/499/1004
f 273/492/1005 272/500/1006 313/501/1007 311/493/1008
f 288/502/1009 287/498/1010 312/499/1011 314/503/1012
f 272/500/1013 271/504/1014 315/505/1015 313/501/1016
f 289/506/1017 288/502/1018 314/503/1019 316/507/1020
f 271/504/1021 270/508/1022 317/509/1023 315/505/1024
f 290/510/1025 289/506/1026 316/507/1027 318/511/1028
f 270/508/1029 269/512/1030 319/513/1031 317/509/1032
f 291/514/1033 290/510/1034 318/511/1035 320/515/1036
f 269/512/1037 268/516/1038 321/517/1039 319/513/1040
f 268/516/1041 267/518/1042 322/519/1043 321/517/1044
f 292/520/1045 291/514/1046 320/515/1047 323/521/1048
f 267/518/1049 266/522/1050 324/523/1051 322/519/1052
f 293/524/1053 292/520/1054 323/521/1055 325/525/1056
f 266/522/1057 265/526/1058 326/527/1059 324/523/1060
f 294/528/1061 293/524/1062 325/525/1063 327/529/1064
f 265/526/1065 264/530/1066 328/531/1067 326/527/1068
f 295/532/1069 294/528/1070 327/529/1071 329/533/1072
f 328/531/1073 264/530/1074 263/534/1075 330/535/1076
f 329/533/1077 331/536/1078 296/537/1079 295/532/1080
f 330/538/1081 263/539/1082 262/540/1083 333/541/1084
f 331/542/1085 332/543/1086 297/544/1087 296/545/1088
f 298/546/1089 297/544/1090 332/543/1091 334/547/1092
f 262/540/1093 283/548/1094 335/549/1095 333/541/1096
f 299/550/1097 298/546/1098 334/547/1099 336/551/1100
f 283/548/1101 282/552/1102 337/553/1103 335/549/1104
f 300/554/1105 299/550/1106 336/551/1107 338/555/1108
f 282/552/1109 281/556/1110 339/557/1111 337/553/1112
f 301/558/1113 300/554/1114 338/555/1115 340/559/1116
f 281/556/1117 280/560/1118 341/561/1119 339/557/1120
f 302/562/1121 301/558/1122 340/559/1123 342/563/1124
f 280/560/1125 279/564/1126 343/565/1127 341/561/1128
f 279/564/1129 278/566/1130 344/567/1131 343/565/1132
f 303/568/1133 302/562/1134 342/563/1135 345/569/1136
f 278/566/1137 277/570/1138 346/571/1139 344/567/1140
f 304/572/1141 303/568/1142 345/569/1143 347/573/1144
f 277/570/1145 276/574/1146 348/575/1147 346/571/1148
f 305/576/1149 304/572/1150 347/573/1151 349/577/1152
f 276/574/1153 275/483/1154 306/482/1155 348/575/1156
f 284/489/1157 305/576/1158 349/577/1159 307/486/1160
f 306/578/1161 308/579/1162 350/580/1163 371/581/1164
f 350/582/1165 308/583/1166 311/584/1167 351/585/1168
f 352/586/1169 351/585/1170 311/584/1171 313/587/1172
f 353/588/1173 352/586/1174 313/587/1175 315/589/1176
f 354/590/1177 353/588/1178 315/589/1179 317/591/1180
f 355/592/1181 354/590/1182 317/591/1183 319/593/1184
f 356/594/1185 355/592/1186 319/593/1187 321/595/1188
f 321/595/1189 322/596/1190 357/597/1191 356/594/1192
f 322/596/1193 324/598/1194 358/599/1195 357/597/1196
f 324/598/1197 326/600/1198 359/601/1199 358/599/1200
f 326/600/1201 328/602/1202 360/603/1203 359/601/1204
f 328/602/1205 330/604/1206 361/605/1207 360/603/1208
f 361/606/1209 330/607/1210 333/608/1211 362/609/1212
f 363/610/1213 362/609/1214 333/608/1215 335/611/1216
f 364/612/1217 363/610/1218 335/611/1219 337/613/1220
f 365/614/1221 364/612/1222 337/613/1223 339/615/1224
f 366/616/1225 365/614/1226 339/615/1227 341/617/1228
f 367/618/1229 366/616/1230 341/617/1231 343/619/1232
f 343/619/1233 344/620/1234 368/621/1235 367/618/1236
f 344/620/1237 346/622/1238 369/623/1239 368/621/1240
f 346/622/1241 348/624/1242 370/625/1243 369/623/1244
f 348/624/1245 306/578/1246 371/581/1247 370/625/1248
f 350/626/1249 372/627/1250 393/628/1251 371/629/1252
f 372/630/1253 350/631/1254 351/632/1255 373/633/1256
f 374/634/1257 373/633/1258 351/632/1259 352/635/1260
f 375/636/1261 374/634/1262 352/635/1263 353/637/1264
f 376/638/1265 375/636/1266 353/637/1267 354/639/1268
f 377/640/1269 376/638/1270 354/639/1271 355/641/1272
f 378/642/1273 377/640/1274 355/641/1275 356/643/1276
f 356/643/1277 357/644/1278 379/645/1279 378/642/1280
f 357/644/1281 358/646/1282 380/647/1283 379/645/1284
f 358/646/1285 359/648/1286 381/649/1287 380/647/1288
f 359/648/1289 360/650/1290 382/651/1291 381/649/1292
f 360/650/1293 361/652/1294 383/653/1295 382/651/1296
f 383/654/1297 361/655/1298 362/656/1299 384/657/1300
f 385/658/1301 384/657/1302 362/656/1303 363/659/1304
f 386/660/1305 385/658/1306 363/659/1307 364/661/1308
f 387/662/1309 386/660/1310 364/661/1311 365/663/1312
f 388/664/1313 387/662/1314 365/663/1315 366/665/1316
f 389/666/1317 388/664/1318 366/665/1319 367/667/1320
f 367/667/1321 368/668/1322 390/669/1323 389/666/1324
f 368/668/1325 369/670/1326 391/671/1327 390/669/1328
f 369/670/1329 370/672/1330 392/673/1331 391/671/1332
f 370/672/1333 371/629/1334 393/628/1335 392/673/1336
f 395/674/1337 424/675/1338 425/676/1339 399/677/1340
f 394/678/1341 396/679/1342 401/680/1343 402/1216/1344
f 398/681/1345 395/674/1346 399/677/1347 403/682/1348
f 397/683/1349 394/678/1350 402/1216/1351 400/684/1352
f 396/679/1353 398/681/1354 403/682/1355 401/680/1356
f 399/677/1357 425/676/1358 426/685/1359 404/686/1360
f 402/1216/1361 401/680/1362 406/687/1363 407/1217/1364
f 403/682/1365 399/677/1366 404/686/1367 408/688/1368
f 400/684/1369 402/1216/1370 407/1217/1371 405/689/1372
f 401/680/1373 403/682/1374 408/688/1375 406/687/1376
f 404/686/1377 426/685/1378 427/690/1379 409/691/1380
f 407/1217/1381 406/687/1382 411/692/1383 412/1218/1384
f 408/688/1385 404/686/1386 409/691/1387 413/693/1388
f 405/689/1389 407/1217/1390 412/1218/1391 410/694/1392
f 406/687/1393 408/688/1394 413/693/1395 411/692/1396
f 409/691/1397 427/690/1398 428/695/1399 414/696/1400
f 412/1218/1401 411/692/1402 416/697/1403 417/1219/1404
f 413/693/1405 409/691/1406 414/696/1407 418/698/1408
f 410/694/1409 412/1218/1410 417/1219/1411 415/699/1412
f 411/692/1413 413/693/1414 418/698/1415 416/697/1416
f 420/700/1417 419/701/1418 397/683/1419 400/684/1420
f 421/702/1421 420/700/1422 400/684/1423 405/689/1424
f 422/703/1425 421/702/1426 405/689/1427 410/694/1428
f 423/704/1429 422/703/1430 410/694/1431 415/699/1432
f 419/701/1433 430/705/1434 429/706/1435 397/683/1436
f 394/678/1437 432/779/1438 431/780/1439 396/679/1440
f 398/681/1441 434/781/1442 433/782/1443 395/674/1444
f 397/683/1445 429/706/1446 432/779/1447 394/678/1448
f 396/679/1449 431/780/1450 434/781/1451 398/681/1452
f 395/674/1453 433/782/1454 435/783/1455 424/675/1456
f 437/707/1457 466/708/1458 477/709/1459 475/710/1460
f 436/711/1461 438/712/1462 473/713/1463 474/714/1464
f 440/715/1465 437/707/1466 475/710/1467 476/716/1468
f 439/717/1469 436/711/1470 474/714/1471 471/718/1472
f 438/712/1473 440/715/1474 476/716/1475 473/713/1476
f 437/707/1477 441/719/1478 467/720/1479 466/708/1480
f 436/711/1481 444/721/1482 443/722/1483 438/712/1484
f 440/715/1485 445/723/1486 441/719/1487 437/707/1488
f 439/717/1489 442/724/1490 444/721/1491 436/711/1492
f 438/712/1493 443/722/1494 445/723/1495 440/715/1496
f 441/719/1497 446/725/1498 468/726/1499 467/720/1500
f 444/721/1501 449/727/1502 448/728/1503 443/722/1504
f 445/723/1505 450/729/1506 446/725/1507 441/719/1508
f 442/724/1509 447/730/1510 449/727/1511 444/721/1512
f 443/722/1513 448/728/1514 450/729/1515 445/723/1516
f 446/725/1517 451/731/1518 469/732/1519 468/726/1520
f 449/727/1521 454/733/1522 453/734/1523 448/728/1524
f 450/729/1525 455/735/1526 451/731/1527 446/725/1528
f 447/730/1529 452/736/1530 454/733/1531 449/727/1532
f 448/728/1533 453/734/1534 455/735/1535 450/729/1536
f 451/731/1537 456/737/1538 470/738/1539 469/732/1540
f 454/733/1541 459/739/1542 458/740/1543 453/734/1544
f 455/735/1545 460/741/1546 456/737/1547 451/731/1548
f 452/736/1549 457/1214/1550 459/739/1551 454/733/1552
f 453/734/1553 458/740/1554 460/741/1555 455/735/1556
f 472/742/1557 461/743/1558 439/717/1559 471/718/1560
f 462/744/1561 442/724/1562 439/717/1563 461/743/1564
f 463/745/1565 447/730/1566 442/724/1567 462/744/1568
f 464/746/1569 452/736/1570 447/730/1571 463/745/1572
f 465/747/1573 457/1214/1574 452/736/1575 464/746/1576
f 479/748/1577 508/749/1578 509/750/1579 483/751/1580
f 478/752/1581 480/753/1582 485/754/1583 486/755/1584
f 482/756/1585 479/748/1586 483/751/1587 487/757/1588
f 481/758/1589 478/752/1590 486/755/1591 484/759/1592
f 480/753/1593 482/756/1594 487/757/1595 485/754/1596
f 483/751/1597 509/750/1598 510/760/1599 488/761/1600
f 486/755/1601 485/754/1602 490/762/1603 491/763/1604
f 487/757/1605 483/751/1606 488/761/1607 492/764/1608
f 484/759/1609 486/755/1610 491/763/1611 489/765/1612
f 485/754/1613 487/757/1614 492/764/1615 490/762/1616
f 488/761/1617 510/760/1618 511/766/1619 493/767/1620
f 491/763/1621 490/762/1622 495/768/1623 496/769/1624
f 492/764/1625 488/761/1626 493/767/1627 497/770/1628
f 489/765/1629 491/763/1630 496/769/1631 494/771/1632
f 490/762/1633 492/764/1634 497/770/1635 495/768/1636
f 493/767/1637 511/766/1638 512/772/1639 498/773/1640
f 496/769/1641 495/768/1642 500/774/1643 501/775/1644
f 497/770/1645 493/767/1646 498/773/1647 502/776/1648
f 494/771/1649 496/769/1650 501/775/1651 499/777/1652
f 495/768/1653 497/770/1654 502/776/1655 500/774/1656
f 504/778/1657 503/1056/1658 481/758/1659 484/759/1660
f 505/1057/1661 504/778/1662 484/759/1663 489/765/1664
f 506/1058/1665 505/1057/1666 489/765/1667 494/771/1668
f 507/1059/1669 506/1058/1670 494/771/1671 499/777/1672
f 503/1056/1673 514/1060/1674 513/1061/1675 481/758/1676
f 478/752/1677 516/1062/1678 515/1063/1679 480/753/1680
f 482/756/1681 518/1064/1682 517/1065/1683 479/748/1684
f 481/758/1685 513/1061/1686 516/1062/1687 478/752/1688
f 480/753/1689 515/1063/1690 518/1064/1691 482/756/1692
f 479/748/1693 517/1065/1694 519/1066/1695 508/749/1696
f 521/784/1697 550/785/1698 561/786/1699 559/787/1700
f 520/788/1701 522/789/1702 557/790/1703 558/791/1704
f 524/792/1705 521/784/1706 559/787/1707 560/793/1708
f 523/794/1709 520/788/1710 558/791/1711 555/795/1712
f 522/789/1713 524/792/1714 560/793/1715 557/790/1716
f 521/784/1717 525/796/1718 551/797/1719 550/785/1720
f 520/788/1721 528/798/1722 527/799/1723 522/789/1724
f 524/792/1725 529/800/1726 525/796/1727 521/784/1728
f 523/794/1729 526/801/1730 528/798/1731 520/788/1732
f 522/789/1733 527/799/1734 529/800/1735 524/792/1736
f 525/796/1737 530/802/1738 552/803/1739 551/797/1740
f 528/798/1741 533/804/1742 532/805/1743 527/799/1744
f 529/800/1745 534/806/1746 530/802/1747 525/796/1748
f 526/801/1749 531/807/1750 533/804/1751 528/798/1752
f 527/799/1753 532/805/1754 534/806/1755 529/800/1756
f 530/802/1757 535/808/1758 553/809/1759 552/803/1760
f 533/804/1761 538/810/1762 537/811/1763 532/805/1764
f 534/806/1765 539/812/1766 535/808/1767 530/802/1768
f 531/807/1769 536/813/1770 538/810/1771 533/804/1772
f 532/805/1773 537/811/1774 539/812/1775 534/806/1776
f 535/808/1777 540/814/1778 554/815/1779 553/809/1780
f 538/810/1781 543/1073/1782 542/1074/1783 537/811/1784
f 539/812/1785 544/1075/1786 540/814/1787 535/808/1788
f 536/813/1789 541/1220/1790 543/1073/1791 538/810/1792
f 537/811/1793 542/1074/1794 544/1075/1795 539/812/1796
f 556/1076/1797 545/1077/1798 523/794/1799 555/795/1800
f 546/1078/1801 526/801/1802 523/794/1803 545/1077/1804
f 547/1079/1805 531/807/1806 526/801/1807 546/1078/1808
f 548/1080/1809 536/813/1810 531/807/1811 547/1079/1812
f 549/1081/1813 541/1220/1814 536/813/1815 548/1080/1816
s 1
f 470/738/1817 456/737/1818 718/1067/1819 719/1068/1820
s 2
f 456/737/1821 460/741/1822 717/1069/1823 718/1067/1824
s 3
f 460/741/1825 458/740/1826 716/1070/1827 717/1069/1828
s 4
f 458/740/1829 459/739/1830 715/1071/1831 716/1070/1832
s 5
f 459/739/1833 457/1214/1834 714/1215/1835 715/1071/1836
s 6
f 457/1214/1837 465/747/1838 713/1072/1839 714/1215/1840
s off
f 423/704/1841 415/699/1842 541/1220/1843 549/1081/1844
f 415/699/1845 417/1219/1846 543/1073/1847 541/1220/1848
f 417/1219/1849 416/697/1850 542/1074/1851 543/1073/1852
f 416/697/1853 418/698/1854 544/1075/1855 542/1074/1856
f 418/698/1857 414/696/1858 540/814/1859 544/1075/1860
f 414/696/1861 428/695/1862 554/815/1863 540/814/1864
f 519/1147/1865 517/1148/1866 559/1149/1867 561/1150/1868
f 517/1148/1869 518/1151/1870 560/1152/1871 559/1149/1872
f 518/1151/1873 515/1153/1874 557/1154/1875 560/1152/1876
f 515/1153/1877 516/1155/1878 558/1156/1879 557/1154/1880
f 516/1155/1881 513/1157/1882 555/1158/1883 558/1156/1884
f 513/1157/1885 514/1159/1886 556/1160/1887 555/1158/1888
f 435/1174/1889 433/1175/1890 475/1176/1891 477/1177/1892
f 433/1175/1893 434/1178/1894 476/1179/1895 475/1176/1896
f 434/1178/1897 431/1180/1898 473/1181/1899 476/1179/1900
f 431/1180/1901 432/1182/1902 474/1183/1903 473/1181/1904
f 432/1182/1905 429/1184/1906 471/1185/1907 474/1183/1908
f 429/1184/1909 430/1186/1910 472/1187/1911 471/1185/1912
s 7
f 556/1160/1913 514/1159/1914 736/1161/1915 737/1162/1916
s 8
f 472/1187/1917 430/1186/1918 741/1188/1919 742/1189/1920
s off
f 566/1132/1921 565/1133/1922 564/1134/1923 567/1135/1924
f 562/1138/1925 566/1132/1926 567/1135/1927 563/1139/1928
f 678/816/1929 615/817/1930 613/818/1931 699/819/1932
f 615/820/1933 678/821/1934 679/822/1935 616/823/1936
f 618/824/1937 616/823/1938 679/822/1939 680/825/1940
f 620/826/1941 618/824/1942 680/825/1943 681/827/1944
f 622/828/1945 620/826/1946 681/827/1947 682/829/1948
f 624/830/1949 622/828/1950 682/829/1951 683/831/1952
f 626/832/1953 624/830/1954 683/831/1955 684/833/1956
f 684/833/1957 685/834/1958 629/835/1959 626/832/1960
f 685/834/1961 686/836/1962 631/837/1963 629/835/1964
f 686/836/1965 687/838/1966 633/839/1967 631/837/1968
f 687/838/1969 688/840/1970 635/841/1971 633/839/1972
f 688/840/1973 689/842/1974 637/843/1975 635/841/1976
f 637/844/1977 689/845/1978 690/846/1979 638/847/1980
f 640/848/1981 638/847/1982 690/846/1983 691/849/1984
f 642/850/1985 640/848/1986 691/849/1987 692/851/1988
f 644/852/1989 642/850/1990 692/851/1991 693/853/1992
f 646/854/1993 644/852/1994 693/853/1995 694/855/1996
f 648/856/1997 646/854/1998 694/855/1999 695/857/2000
f 695/857/2001 696/858/2002 651/859/2003 648/856/2004
f 696/858/2005 697/860/2006 653/861/2007 651/859/2008
f 697/860/2009 698/862/2010 655/863/2011 653/861/2012
f 698/862/2013 699/819/2014 613/818/2015 655/863/2016
f 612/864/2017 581/865/2018 580/866/2019 614/867/2020
f 613/868/2021 615/869/2022 591/870/2023 590/871/2024
f 614/872/2025 580/873/2026 579/874/2027 617/875/2028
f 615/876/2029 616/877/2030 592/878/2031 591/879/2032
f 593/880/2033 592/878/2034 616/877/2035 618/881/2036
f 579/874/2037 578/882/2038 619/883/2039 617/875/2040
f 594/884/2041 593/880/2042 618/881/2043 620/885/2044
f 578/882/2045 577/886/2046 621/887/2047 619/883/2048
f 595/888/2049 594/884/2050 620/885/2051 622/889/2052
f 577/886/2053 576/890/2054 623/891/2055 621/887/2056
f 596/892/2057 595/888/2058 622/889/2059 624/893/2060
f 576/890/2061 575/894/2062 625/895/2063 623/891/2064
f 597/896/2065 596/892/2066 624/893/2067 626/897/2068
f 575/894/2069 574/898/2070 627/899/2071 625/895/2072
f 574/898/2073 573/900/2074 628/901/2075 627/899/2076
f 598/902/2077 597/896/2078 626/897/2079 629/903/2080
f 573/900/2081 572/904/2082 630/905/2083 628/901/2084
f 599/906/2085 598/902/2086 629/903/2087 631/907/2088
f 572/904/2089 571/908/2090 632/909/2091 630/905/2092
f 600/910/2093 599/906/2094 631/907/2095 633/911/2096
f 571/908/2097 570/912/2098 634/913/2099 632/909/2100
f 601/914/2101 600/910/2102 633/911/2103 635/915/2104
f 634/913/2105 570/912/2106 569/916/2107 636/917/2108
f 635/915/2109 637/918/2110 602/919/2111 601/914/2112
f 636/920/2113 569/921/2114 568/922/2115 639/923/2116
f 637/924/2117 638/925/2118 603/926/2119 602/927/2120
f 604/928/2121 603/926/2122 638/925/2123 640/929/2124
f 568/922/2125 589/930/2126 641/931/2127 639/923/2128
f 605/932/2129 604/928/2130 640/929/2131 642/933/2132
f 589/930/2133 588/934/2134 643/935/2135 641/931/2136
f 606/936/2137 605/932/2138 642/933/2139 644/937/2140
f 588/934/2141 587/938/2142 645/939/2143 643/935/2144
f 607/940/2145 606/936/2146 644/937/2147 646/941/2148
f 587/938/2149 586/942/2150 647/943/2151 645/939/2152
f 608/944/2153 607/940/2154 646/941/2155 648/945/2156
f 586/942/2157 585/946/2158 649/947/2159 647/943/2160
f 585/946/2161 584/948/2162 650/949/2163 649/947/2164
f 609/950/2165 608/944/2166 648/945/2167 651/951/2168
f 584/948/2169 583/952/2170 652/953/2171 650/949/2172
f 610/954/2173 609/950/2174 651/951/2175 653/955/2176
f 583/952/2177 582/956/2178 654/957/2179 652/953/2180
f 611/958/2181 610/954/2182 653/955/2183 655/959/2184
f 582/956/2185 581/865/2186 612/864/2187 654/957/2188
f 590/871/2189 611/958/2190 655/959/2191 613/868/2192
f 612/960/2193 614/961/2194 656/962/2195 677/963/2196
f 656/964/2197 614/965/2198 617/966/2199 657/967/2200
f 658/968/2201 657/967/2202 617/966/2203 619/969/2204
f 659/970/2205 658/968/2206 619/969/2207 621/971/2208
f 660/972/2209 659/970/2210 621/971/2211 623/973/2212
f 661/974/2213 660/972/2214 623/973/2215 625/975/2216
f 662/976/2217 661/974/2218 625/975/2219 627/977/2220
f 627/977/2221 628/978/2222 663/979/2223 662/976/2224
f 628/978/2225 630/980/2226 664/981/2227 663/979/2228
f 630/980/2229 632/982/2230 665/983/2231 664/981/2232
f 632/982/2233 634/984/2234 666/985/2235 665/983/2236
f 634/984/2237 636/986/2238 667/987/2239 666/985/2240
f 667/988/2241 636/989/2242 639/990/2243 668/991/2244
f 669/992/2245 668/991/2246 639/990/2247 641/993/2248
f 670/994/2249 669/992/2250 641/993/2251 643/995/2252
f 671/996/2253 670/994/2254 643/995/2255 645/997/2256
f 672/998/2257 671/996/2258 645/997/2259 647/999/2260
f 673/1000/2261 672/998/2262 647/999/2263 649/1001/2264
f 649/1001/2265 650/1002/2266 674/1003/2267 673/1000/2268
f 650/1002/2269 652/1004/2270 675/1005/2271 674/1003/2272
f 652/1004/2273 654/1006/2274 676/1007/2275 675/1005/2276
f 654/1006/2277 612/960/2278 677/963/2279 676/1007/2280
f 656/1008/2281 678/1009/2282 699/1010/2283 677/1011/2284
f 678/1012/2285 656/1013/2286 657/1014/2287 679/1015/2288
f 680/1016/2289 679/1015/2290 657/1014/2291 658/1017/2292
f 681/1018/2293 680/1016/2294 658/1017/2295 659/1019/2296
f 682/1020/2297 681/1018/2298 659/1019/2299 660/1021/2300
f 683/1022/2301 682/1020/2302 660/1021/2303 661/1023/2304
f 684/1024/2305 683/1022/2306 661/1023/2307 662/1025/2308
f 662/1025/2309 663/1026/2310 685/1027/2311 684/1024/2312
f 663/1026/2313 664/1028/2314 686/1029/2315 685/1027/2316
f 664/1028/2317 665/1030/2318 687/1031/2319 686/1029/2320
f 665/1030/2321 666/1032/2322 688/1033/2323 687/1031/2324
f 666/1032/2325 667/1034/2326 689/1035/2327 688/1033/2328
f 689/1036/2329 667/1037/2330 668/1038/2331 690/1039/2332
f 691/1040/2333 690/1039/2334 668/1038/2335 669/1041/2336
f 692/1042/2337 691/1040/2338 669/1041/2339 670/1043/2340
f 693/1044/2341 692/1042/2342 670/1043/2343 671/1045/2344
f 694/1046/2345 693/1044/2346 671/1045/2347 672/1047/2348
f 695/1048/2349 694/1046/2350 672/1047/2351 673/1049/2352
f 673/1049/2353 674/1050/2354 696/1051/2355 695/1048/2356
f 674/1050/2357 675/1052/2358 697/1053/2359 696/1051/2360
f 675/1052/2361 676/1054/2362 698/1055/2363 697/1053/2364
f 676/1054/2365 677/1011/2366 699/1010/2367 698/1055/2368
f 461/743/2369 472/742/2370 700/1201/2371 701/1202/2372
f 462/744/2373 461/743/2374 701/1202/2375 702/1203/2376
f 463/745/2377 462/744/2378 702/1203/2379 703/1204/2380
s 9
f 464/746/2381 463/745/2382 703/1204/2383 704/1205/2384
s off
f 465/747/2385 464/746/2386 704/1205/2387 705/1206/2388
f 503/1056/2389 504/778/2390 706/1207/2391 707/1208/2392
f 504/778/2393 505/1057/2394 708/1209/2395 706/1207/2396
s 9
f 505/1057/2397 506/1058/2398 709/1210/2399 708/1209/2400
s off
f 506/1058/2401 507/1059/2402 710/1211/2403 709/1210/2404
f 514/1060/2405 503/1056/2406 707/1208/2407 711/1212/2408
s 9
f 712/1213/2409 713/1072/2410 465/747/2411 705/1206/2412
s 12
f 746/1170/2413 747/1163/2414 711/1164/2415 728/1171/2416
s 13
f 700/1195/2417 743/1194/2418 744/1198/2419 731/1199/2420
s 9
f 507/1059/2421 713/1072/2410 712/1213/2409 710/1211/2422
s 6
f 714/1215/1840 713/1072/1839 507/1059/2423 499/777/2424
s 5
f 715/1071/1836 714/1215/1835 499/777/2425 501/775/2426
s 4
f 716/1070/1832 715/1071/1831 501/775/2427 500/774/2428
s 3
f 717/1069/1828 716/1070/1827 500/774/2429 502/776/2430
s 2
f 718/1067/1824 717/1069/1823 502/776/2431 498/773/2432
s 1
f 719/1068/1820 718/1067/1819 498/773/2433 512/772/2434
s 14
f 721/1141/2435 739/1142/2436 740/1143/2437 724/1144/2438
f 726/1145/2439 738/1146/2440 739/1142/2436 721/1141/2435
s off
f 419/1082/2441 420/1083/2442 720/1084/2443
f 420/1083/2444 421/1085/2445 720/1084/2446
f 421/1085/2447 422/1087/2448 720/1084/2449
f 422/1087/2450 423/1090/2451 720/1084/2452
f 430/1086/2453 419/1082/2454 720/1084/2455
f 545/1094/2456 556/1091/2457 720/1084/2458
f 546/1096/2459 545/1094/2460 720/1084/2461
f 547/1097/2462 546/1096/2463 720/1084/2464
f 548/1095/2465 547/1097/2466 720/1084/2467
f 549/1093/2468 548/1095/2469 720/1084/2470
f 423/1090/2471 549/1093/2472 720/1084/2473
f 567/1135/2474 564/1134/2475 723/1136/2476 722/1137/2477
s 15
f 740/1190/2478 741/1188/2479 430/1186/2480 724/1191/2481
s off
f 430/1086/2482 720/1084/2483 721/1088/2484 724/1089/2485
s 16
f 556/1160/2486 737/1162/2487 738/1167/2488 726/1168/2489
s off
f 563/1139/2490 567/1135/2491 722/1137/2492 725/1140/2493
f 720/1084/2494 556/1091/2495 726/1092/2496 721/1088/2497
s 17
f 745/1098/2498 746/1099/2499 728/1100/2500 730/1101/2501
f 744/1105/2502 745/1098/2498 730/1101/2501 731/1106/2503
s 18
f 566/1114/2504 562/1115/2505 733/1109/2506 734/1108/2507
f 565/1120/2508 566/1114/2504 734/1108/2507 735/1113/2509
s 9
f 711/1104/2510 730/1101/2511 728/1100/2512
f 730/1101/2511 700/1112/2513 731/1106/2514
f 712/1121/2409 730/1101/2511 709/1116/2399 710/1122/2422
f 706/1110/2515 730/1101/2511 711/1104/2510 707/1111/2516
f 701/1118/2517 700/1112/2513 730/1101/2511 702/1119/2518
f 702/1119/2518 730/1101/2511 704/1123/2384 703/1124/2383
f 709/1116/2399 730/1101/2511 706/1110/2515 708/1117/2400
f 704/1123/2384 730/1101/2511 712/1121/2409 705/1125/2412
s 18
f 734/1108/2507 733/1109/2506 727/1102/2519 729/1103/2520
f 735/1113/2509 734/1108/2507 729/1103/2520 732/1107/2521
s 12
f 747/1163/2414 736/1161/2522 514/1159/2523 711/1164/2415
s 13
f 472/1187/2524 742/1189/2525 743/1194/2418 700/1195/2417
s 7
f 737/1162/1916 736/1161/1915 562/1165/2526 563/1166/2527
s 16
f 738/1167/2488 737/1162/2487 563/1166/2528 725/1172/2529
s 14
f 739/1126/2436 738/1127/2440 725/1128/2530 722/1129/2531
f 740/1130/2437 739/1126/2436 722/1129/2531 723/1131/2532
s 15
f 564/1192/2533 741/1188/2479 740/1190/2478 723/1196/2534
s 8
f 742/1189/1920 741/1188/1919 564/1192/2535 565/1193/2536
s 13
f 743/1194/2418 742/1189/2525 565/1193/2537 735/1197/2538
f 744/1198/2419 743/1194/2418 735/1197/2538 732/1200/2539
s 17
f 729/1103/2540 745/1098/2498 744/1105/2502 732/1107/2541
f 727/1102/2542 746/1099/2499 745/1098/2498 729/1103/2540
s 12
f 733/1169/2543 747/1163/2414 746/1170/2413 727/1173/2544
f 562/1165/2545 736/1161/2522 747/1163/2414 733/1169/2543
g default
v -4.859218 -0.012802 7.731106
v -4.213990 -0.012802 7.731106
v -4.859218 3.071444 7.731106
v -4.213990 3.071444 7.731106
v -4.859218 0.722401 5.241246
v -4.213990 0.722401 5.241246
v -4.859218 -0.012802 4.868681
v -4.213990 -0.012802 4.868681
v -4.859218 1.895365 6.346289
v -4.859218 -0.012802 6.346289
v -4.213990 -0.012802 6.346289
v -4.213990 1.895365 6.346289
v -4.859218 3.071444 7.221100
v -4.859218 -0.012802 7.221100
v -4.213990 -0.012802 7.221100
v -4.213990 3.071444 7.221100
v -4.859218 -0.012802 6.032737
v -4.859218 1.063015 6.032737
v -4.213990 1.063015 6.032737
v -4.213990 -0.012802 6.032737
vt 0.185039 0.212500
vt 0.055049 0.285643
vt 0.208925 0.007343
vt 0.015447 0.195283
vt 0.209132 0.225680
vt 0.246932 0.225644
vt 0.209177 0.274104
vt 0.246978 0.274068
vt 0.209336 0.441798
vt 0.247136 0.441762
vt 0.182895 0.014393
vt 0.161117 0.057615
vt 0.017435 0.212192
vt 0.039171 0.255435
vt 0.103748 0.324234
vt 0.209035 0.123092
vt 0.103954 0.212351
vt 0.209259 0.360669
vt 0.247059 0.360633
vt 0.096377 0.014467
vt 0.246835 0.123056
vt 0.096473 0.126351
vt 0.154844 0.393191
vt 0.208954 0.037221
vt 0.155176 0.212445
vt 0.209308 0.411919
vt 0.247108 0.411884
vt 0.045154 0.014511
vt 0.246754 0.037185
vt 0.045309 0.195257
vt 0.085594 0.212317
vt 0.209242 0.342300
vt 0.085478 0.275464
vt 0.209084 0.175200
vt 0.246884 0.175164
vt 0.114790 0.077598
vt 0.247042 0.342264
vt 0.114736 0.014451
vt 0.015292 0.014536
vt 0.053720 0.466433
vt 0.246726 0.007307
vt 0.015931 0.466155
vt 0.017260 0.285365
vt 0.184706 0.393246
vn 0.000000 0.000000 1.000000
vn 0.000000 0.000000 1.000000
vn 0.000000 0.000000 1.000000
vn 0.000000 0.000000 1.000000
vn 0.000000 1.000000 0.000000
vn 0.000000 1.000000 0.000000
vn 0.000000 0.762215 -0.647324
vn 0.000000 0.762215 -0.647324
vn 0.000000 0.452026 -0.892005
vn 0.000000 0.452026 -0.892005
vn 0.000000 0.452026 -0.892005
vn 0.000000 0.452026 -0.892005
vn 0.000000 -1.000000 0.000000
vn 0.000000 -1.000000 0.000000
vn 0.000000 -1.000000 0.000000
vn 0.000000 -1.000000 0.000000
vn 1.000000 0.000000 0.000000
vn 1.000000 0.000000 0.000000
vn 1.000000 0.000000 0.000000
vn 1.000000 0.000000 0.000000
vn -1.000000 0.000000 0.000000
vn -1.000000 0.000000 0.000000
vn -1.000000 0.000000 0.000000
vn -1.000000 0.000000 0.000000
vn -1.000000 0.000000 0.000000
vn -1.000000 0.000000 0.000000
vn -1.000000 0.000000 0.000000
vn -1.000000 0.000000 0.000000
vn 0.000000 -1.000000 0.000000
vn 0.000000 -1.000000 0.000000
vn 0.000000 -1.000000 0.000000
vn 0.000000 -1.000000 0.000000
vn 1.000000 0.000000 0.000000
vn 1.000000 0.000000 0.000000
vn 1.000000 0.000000 0.000000
vn 1.000000 0.000000 0.000000
vn 0.000000 0.685719 -0.727867
vn 0.000000 0.685719 -0.727867
vn 0.000000 0.918554 -0.395295
vn 0.000000 0.918554 -0.395295
vn -1.000000 0.000000 0.000000
vn -1.000000 0.000000 0.000000
vn 0.000000 -1.000000 0.000000
vn 0.000000 -1.000000 0.000000
vn 1.000000 0.000000 0.000000
vn 1.000000 0.000000 0.000000
vn 0.000000 0.509226 -0.860633
vn 0.000000 0.509226 -0.860633
s off
g pCube13
usemtl piedra_caseta_riotutte
f 748/1263/2546 749/1222/2547 751/1260/2548 750/1262/2549
s 1
f 750/1223/2550 751/1261/2551 763/1249/2552 760/1244/2553
s off
f 752/1225/2554 753/1226/2555 755/1228/2556 754/1227/2557
s 2
f 761/1246/2558 762/1247/2559 749/1230/2560 748/1229/2561
s 3
f 749/1259/2562 762/1248/2563 763/1250/2564 751/1224/2565
s 4
f 760/1243/2566 761/1245/2567 748/1221/2568 750/1264/2569
f 754/1233/2570 764/1251/2571 765/1253/2572 752/1234/2573
s 2
f 754/1227/2574 755/1228/2575 767/1257/2576 764/1252/2577
s 3
f 766/1256/2578 767/1258/2579 755/1231/2580 753/1232/2581
s 1
f 765/1254/2582 766/1255/2583 753/1226/2584 752/1225/2585
s 4
f 756/1235/2586 757/1237/2587 761/1245/2567 760/1243/2566
s 2
f 757/1238/2588 758/1239/2589 762/1247/2559 761/1246/2558
s 3
f 763/1250/2564 762/1248/2563 758/1240/2590 759/1242/2591
s 1
f 760/1244/2553 763/1249/2552 759/1241/2592 756/1236/2593
s 4
f 765/1253/2572 764/1251/2571 757/1237/2587 756/1235/2586
s 1
f 756/1236/2593 759/1241/2592 766/1255/2583 765/1254/2582
s 3
f 759/1242/2591 758/1240/2590 767/1258/2579 766/1256/2578
s 2
f 764/1252/2577 767/1257/2576 758/1239/2589 757/1238/2588
g default
v -3.168735 5.245642 5.740775
v -3.183203 5.474370 5.740775
v -3.168735 5.245642 5.770297
v -3.183203 5.474370 5.770297
v -3.203628 5.244423 5.770297
v -3.217123 5.467118 5.770297
v -3.203628 5.244423 5.799053
v -3.217123 5.467118 5.799053
v -3.232383 5.243367 5.799053
v -3.245073 5.461168 5.799053
v -3.168736 4.607138 5.740775
v -3.168736 4.607138 5.770297
v -3.203628 4.607138 5.770297
v -3.203628 4.607138 5.799053
v -3.232383 4.607138 5.799053
v -3.094588 5.248272 5.740775
v -3.111159 5.489812 5.740775
v -3.094588 4.607138 5.740775
v -2.799725 5.245642 5.740775
v -2.789561 5.406319 5.740775
v -2.799725 5.245642 5.770297
v -2.789561 5.406319 5.770297
v -2.764832 5.244423 5.770297
v -2.755353 5.400862 5.770297
v -2.764832 5.244423 5.799053
v -2.755353 5.400862 5.799053
v -2.736078 5.243367 5.799053
v -2.727163 5.396368 5.799053
v -2.799725 4.607138 5.740775
v -2.799725 4.607138 5.770297
v -2.764832 4.607138 5.770297
v -2.764832 4.607138 5.799053
v -2.736078 4.607138 5.799053
v -2.873873 5.248272 5.740775
v -2.912521 5.489812 5.740775
v -2.873873 4.607138 5.740775
v -2.799725 5.245642 6.109785
v -2.798055 5.272047 6.109785
v -2.799725 5.245642 6.080263
v -2.798055 5.272047 6.080263
v -2.764832 5.244423 6.080263
v -2.763274 5.270133 6.080263
v -2.764832 5.244423 6.051507
v -2.763274 5.270133 6.051507
v -2.736078 5.243367 6.051507
v -2.734614 5.268511 6.051507
v -2.799725 4.607138 6.109785
v -2.799725 4.607138 6.080263
v -2.764832 4.607138 6.080263
v -2.764832 4.607138 6.051507
v -2.736078 4.607138 6.051507
v -2.873873 5.248272 6.109785
v -2.857301 5.489812 6.109785
v -2.873873 4.607138 6.109785
v -3.168735 5.245642 6.109785
v -3.183203 5.474370 6.109785
v -3.168735 5.245642 6.080263
v -3.183203 5.474370 6.080263
v -3.203628 5.244423 6.080263
v -3.217124 5.467118 6.080263
v -3.203628 5.244423 6.051507
v -3.217124 5.467118 6.051507
v -3.232383 5.243367 6.051507
v -3.245073 5.461168 6.051507
v -3.168736 4.607138 6.109785
v -3.168736 4.607138 6.080263
v -3.203628 4.607138 6.080263
v -3.203628 4.607138 6.051507
v -3.232383 4.607138 6.051507
v -3.094588 5.248272 6.109785
v -3.111159 5.489812 6.109785
v -3.094588 4.607138 6.109785
v -2.857301 5.489812 5.925279
v -3.111159 5.489812 5.925279
v -3.245073 5.461168 5.925279
v -3.232383 5.243367 5.925279
v -3.232383 4.607138 5.925279
v -2.728042 5.381282 5.925279
v -2.736078 5.243367 5.925279
v -2.736078 4.607138 5.925279
vt 0.024407 0.517103
vt 0.024506 0.479699
vt 0.026234 0.479706
vt 0.026141 0.517092
vt 0.155914 0.512702
vt 0.155968 0.498042
vt 0.024664 0.530546
vt 0.026385 0.530508
vt 0.028275 0.479713
vt 0.028191 0.517060
vt 0.028379 0.530165
vt 0.166803 0.497684
vt 0.029957 0.479719
vt 0.029881 0.517052
vt 0.030051 0.530134
vt 0.166666 0.512667
vt 0.031638 0.479725
vt 0.031573 0.517022
vt 0.140954 0.515453
vt 0.140880 0.478012
vt 0.145220 0.478001
vt 0.145304 0.515540
vt 0.177526 0.501417
vt 0.177405 0.512881
vt 0.140679 0.524914
vt 0.148038 0.529571
vt 0.157613 0.516979
vt 0.139222 0.515438
vt 0.139151 0.478016
vt 0.155894 0.516979
vt 0.138959 0.524862
vt 0.137173 0.515397
vt 0.177360 0.517154
vt 0.137109 0.478021
vt 0.136952 0.524610
vt 0.175641 0.517127
vt 0.135485 0.515385
vt 0.135426 0.478025
vt 0.135277 0.524568
vt 0.133796 0.515348
vt 0.155046 0.485115
vt 0.156763 0.485004
vt 0.133744 0.478028
vt 0.133626 0.524365
vt 0.111822 0.515440
vt 0.111832 0.478036
vt 0.113561 0.478037
vt 0.176885 0.492812
vt 0.113552 0.515418
vt 0.111887 0.517003
vt 0.113607 0.516957
vt 0.178593 0.493012
vt 0.115604 0.478039
vt 0.115598 0.515369
vt 0.031689 0.529857
vt 0.020412 0.531285
vt 0.020056 0.517172
vt 0.020167 0.479682
vt 0.157938 0.483374
vt 0.159597 0.483420
vt 0.053601 0.517119
vt 0.053527 0.479701
vt 0.175343 0.490756
vt 0.057866 0.479688
vt 0.057952 0.517192
vt 0.177006 0.490823
vt 0.053338 0.530543
vt 0.057589 0.531287
vt 0.159276 0.518997
vt 0.051868 0.517109
vt 0.051799 0.479706
vt 0.157602 0.518996
vt 0.077968 0.479533
vt 0.077968 0.517099
vt 0.065036 0.517099
vt 0.065036 0.479533
vt 0.099631 0.479384
vt 0.098920 0.516944
vt 0.085990 0.516699
vt 0.086701 0.479139
vt 0.175620 0.519143
vt 0.173947 0.519117
vt 0.160564 0.482056
vt 0.051617 0.530501
vt 0.049817 0.517076
vt 0.168497 0.487798
vt 0.115642 0.516886
vt 0.117288 0.478040
vt 0.117284 0.515354
vt 0.175645 0.489122
vt 0.049759 0.479712
vt 0.049624 0.530154
vt 0.048127 0.517069
vt 0.099623 0.531113
vt 0.087986 0.530892
vt 0.117320 0.516848
vt 0.118972 0.478041
vt 0.078939 0.531252
vt 0.064065 0.531252
vt 0.048077 0.479717
vt 0.173931 0.520782
vt 0.118971 0.515315
vt 0.047953 0.530119
vt 0.046435 0.517040
vt 0.046396 0.479722
vt 0.046315 0.529836
vt 0.118987 0.516790
vt 0.108222 0.529707
vt 0.166600 0.520685
vt 0.107472 0.515557
vt 0.107491 0.478034
vt 0.126378 0.515310
vt 0.126361 0.478040
vt 0.126302 0.523382
vt 0.038998 0.529794
vt 0.039004 0.517017
vt 0.159267 0.520663
vt 0.039018 0.479733
vn -1.000000 0.000001 0.000000
vn -1.000000 0.000001 0.000000
vn -1.000000 0.000001 0.000000
vn -1.000000 0.000001 0.000000
vn -0.998005 -0.063128 0.000000
vn -0.998005 -0.063128 0.000000
vn -0.998005 -0.063128 0.000000
vn -0.998005 -0.063128 0.000000
vn 0.000003 0.000000 -1.000000
vn 0.000003 0.000000 -1.000000
vn 0.000003 0.000000 -1.000000
vn 0.000003 0.000000 -1.000000
vn 0.000002 0.000000 -1.000000
vn 0.000002 0.000000 -1.000000
vn 0.000002 0.000000 -1.000000
vn 0.000002 0.000000 -1.000000
vn -1.000000 0.000000 0.000000
vn -1.000000 0.000000 0.000000
vn -1.000000 0.000000 0.000000
vn -1.000000 0.000000 0.000000
vn -0.998169 -0.060488 0.000000
vn -0.998169 -0.060488 0.000000
vn -0.998169 -0.060488 0.000000
vn -0.998169 -0.060488 0.000000
vn -0.000001 0.000000 -1.000000
vn -0.000001 0.000000 -1.000000
vn -0.000001 0.000000 -1.000000
vn -0.000001 0.000000 -1.000000
vn 0.000005 0.000000 -1.000000
vn 0.000005 0.000000 -1.000000
vn 0.000005 0.000000 -1.000000
vn 0.000005 0.000000 -1.000000
vn 0.000000 0.000000 -1.000000
vn 0.000000 0.000000 -1.000000
vn 0.000000 0.000000 -1.000000
vn 0.000000 0.000000 -1.000000
vn 0.000008 0.000000 -1.000000
vn 0.000008 0.000000 -1.000000
vn 0.000008 0.000000 -1.000000
vn 0.000008 0.000000 -1.000000
vn -0.000006 0.000000 -1.000000
vn -0.000006 0.000000 -1.000000
vn -0.000006 0.000000 -1.000000
vn -0.000006 0.000000 -1.000000
vn 0.000005 0.000000 -1.000000
vn 0.000005 0.000000 -1.000000
vn 0.000005 0.000000 -1.000000
vn 0.000005 0.000000 -1.000000
vn 1.000000 0.000000 0.000000
vn 1.000000 0.000000 0.000000
vn 1.000000 0.000000 0.000000
vn 1.000000 0.000000 0.000000
vn 0.998005 -0.063130 0.000000
vn 0.998005 -0.063130 0.000000
vn 0.998005 -0.063130 0.000000
vn 0.998005 -0.063130 0.000000
vn 0.000000 0.000000 -1.000000
vn 0.000000 0.000000 -1.000000
vn 0.000000 0.000000 -1.000000
vn 0.000000 0.000000 -1.000000
vn 0.000000 0.000000 -1.000000
vn 0.000000 0.000000 -1.000000
vn 0.000000 0.000000 -1.000000
vn 0.000000 0.000000 -1.000000
vn 1.000000 0.000000 0.000000
vn 1.000000 0.000000 0.000000
vn 1.000000 0.000000 0.000000
vn 1.000000 0.000000 0.000000
vn 0.998169 -0.060488 0.000000
vn 0.998169 -0.060488 0.000000
vn 0.998169 -0.060488 0.000000
vn 0.998169 -0.060488 0.000000
vn 0.000000 0.000000 -1.000000
vn 0.000000 0.000000 -1.000000
vn 0.000000 0.000000 -1.000000
vn 0.000000 0.000000 -1.000000
vn 0.000000 0.000000 -1.000000
vn 0.000000 0.000000 -1.000000
vn 0.000000 0.000000 -1.000000
vn 0.000000 0.000000 -1.000000
vn 1.000000 0.000000 0.000000
vn 1.000000 0.000000 0.000000
vn 1.000000 0.000000 0.000000
vn 1.000000 0.000000 0.000000
vn 0.998006 -0.063126 0.000000
vn 0.998006 -0.063126 0.000000
vn 0.998006 -0.063126 0.000000
vn 0.998006 -0.063126 0.000000
vn 0.000008 0.000000 1.000000
vn 0.000008 0.000000 1.000000
vn 0.000008 0.000000 1.000000
vn 0.000008 0.000000 1.000000
vn 0.000005 0.000000 1.000000
vn 0.000005 0.000000 1.000000
vn 0.000005 0.000000 1.000000
vn 0.000005 0.000000 1.000000
vn 1.000000 0.000000 0.000000
vn 1.000000 0.000000 0.000000
vn 1.000000 0.000000 0.000000
vn 1.000000 0.000000 0.000000
vn 0.998169 -0.060489 0.000000
vn 0.998169 -0.060489 0.000000
vn 0.998169 -0.060489 0.000000
vn 0.998169 -0.060489 0.000000
vn 0.000013 0.000000 1.000000
vn 0.000013 0.000000 1.000000
vn 0.000013 0.000000 1.000000
vn 0.000013 0.000000 1.000000
vn -0.000003 0.000000 1.000000
vn -0.000003 0.000000 1.000000
vn -0.000003 0.000000 1.000000
vn -0.000003 0.000000 1.000000
vn 0.000002 0.000000 1.000000
vn 0.000002 0.000000 1.000000
vn 0.000002 0.000000 1.000000
vn 0.000002 0.000000 1.000000
vn 0.000000 0.000000 1.000000
vn 0.000000 0.000000 1.000000
vn 0.000000 0.000000 1.000000
vn 0.000000 0.000000 1.000000
vn 0.000003 0.000000 1.000000
vn 0.000003 0.000000 1.000000
vn 0.000003 0.000000 1.000000
vn 0.000003 0.000000 1.000000
vn -0.000003 0.000000 1.000000
vn -0.000003 0.000000 1.000000
vn -0.000003 0.000000 1.000000
vn -0.000003 0.000000 1.000000
vn -1.000000 0.000001 0.000000
vn -1.000000 0.000001 0.000000
vn -1.000000 0.000001 0.000000
vn -1.000000 0.000001 0.000000
vn -0.998005 -0.063129 0.000000
vn -0.998005 -0.063129 0.000000
vn -0.998005 -0.063129 0.000000
vn -0.998005 -0.063129 0.000000
vn -0.000016 0.000000 1.000000
vn -0.000016 0.000000 1.000000
vn -0.000016 0.000000 1.000000
vn -0.000016 0.000000 1.000000
vn 0.000000 0.000000 1.000000
vn 0.000000 0.000000 1.000000
vn 0.000000 0.000000 1.000000
vn 0.000000 0.000000 1.000000
vn -1.000000 0.000000 0.000000
vn -1.000000 0.000000 0.000000
vn -1.000000 0.000000 0.000000
vn -1.000000 0.000000 0.000000
vn -0.998169 -0.060493 0.000000
vn -0.998169 -0.060493 0.000000
vn -0.998169 -0.060493 0.000000
vn -0.998169 -0.060493 0.000000
vn -0.000020 0.000000 1.000000
vn -0.000020 0.000000 1.000000
vn -0.000020 0.000000 1.000000
vn -0.000020 0.000000 1.000000
vn 0.000000 0.000000 1.000000
vn 0.000000 0.000000 1.000000
vn 0.000000 0.000000 1.000000
vn 0.000000 0.000000 1.000000
vn 1.000000 0.000000 0.000000
vn 1.000000 0.000000 0.000000
vn 1.000000 0.000000 0.000000
vn 1.000000 0.000000 0.000000
vn 0.998307 -0.058169 0.000000
vn 0.998307 -0.058169 0.000000
vn 0.998307 -0.058167 0.000001
vn 0.998307 -0.058165 0.000002
vn -0.998307 -0.058166 0.000000
vn -0.998307 -0.058166 0.000000
vn -0.998307 -0.058167 0.000000
vn -0.998307 -0.058167 0.000000
vn -1.000000 0.000000 0.000000
vn -1.000000 0.000000 0.000000
vn -1.000000 0.000000 0.000000
vn -1.000000 0.000000 0.000000
vn 0.000000 0.000000 1.000000
vn 0.000000 0.000000 1.000000
vn 0.000000 0.000000 1.000000
vn 0.000000 0.000000 1.000000
vn 0.000000 0.000000 1.000000
vn 0.000000 0.000000 1.000000
vn 0.000000 0.000000 1.000000
vn 0.000000 0.000000 1.000000
vn 0.000000 0.000000 -1.000000
vn 0.000000 0.000000 -1.000000
vn 0.000000 0.000000 -1.000000
vn 0.000000 0.000000 -1.000000
vn 0.000000 0.000000 -1.000000
vn 0.000000 0.000000 -1.000000
vn 0.000000 0.000000 -1.000000
vn 0.000000 0.000000 -1.000000
vn 0.000000 1.000000 0.000000
vn 0.000000 1.000000 0.000000
vn 0.000000 1.000000 0.000000
vn 0.000000 1.000000 0.000000
vn 0.000000 1.000000 0.000000
vn 0.000000 1.000000 0.000000
vn -0.209571 0.977794 0.000000
vn -0.209571 0.977794 0.000000
vn -0.209571 0.977794 0.000000
vn -0.209571 0.977794 0.000000
vn -0.209572 0.977793 0.000000
vn -0.209572 0.977793 0.000000
vn -0.209572 0.977793 0.000000
vn -0.209572 0.977793 0.000000
vn 0.964925 0.262526 0.000000
vn 0.964925 0.262526 0.000000
vn 0.964925 0.262526 0.000000
vn 0.964925 0.262526 0.000000
vn 0.579769 0.800932 -0.149585
vn 0.579769 0.800932 -0.149585
vn 0.579769 0.800932 -0.149585
vn 0.579769 0.800932 -0.149585
vn 0.515020 0.630294 0.580934
vn 0.515020 0.630294 0.580934
vn 0.515020 0.630294 0.580934
vn 0.515020 0.630294 0.580934
vn 0.367967 0.890132 -0.268823
vn 0.367967 0.890132 -0.268823
vn 0.367967 0.890132 -0.268823
vn 0.367967 0.890132 -0.268823
vn -0.209198 0.977873 0.000160
vn -0.209198 0.977873 0.000160
vn -0.209198 0.977873 0.000160
vn -0.209198 0.977873 0.000160
vn -0.209203 0.977872 -0.000150
vn -0.209203 0.977872 -0.000150
vn -0.209203 0.977872 -0.000150
vn -0.209203 0.977872 -0.000150
vn -0.998307 -0.058166 0.000000
vn -0.998307 -0.058166 0.000000
vn -1.000000 0.000000 0.000000
vn -1.000000 0.000000 0.000000
vn 0.998307 -0.058159 0.000005
vn 0.998307 -0.058159 0.000005
vn 1.000000 0.000000 0.000000
vn 1.000000 0.000000 0.000000
vn 0.429077 0.615143 0.661432
vn 0.429077 0.615143 0.661432
vn 0.429077 0.615143 0.661432
vn 0.429078 0.615143 0.661432
vn 0.583152 0.812363 -0.000163
vn 0.583152 0.812363 -0.000163
vn 0.583152 0.812363 -0.000163
vn 0.583152 0.812363 -0.000163
vn -0.208997 0.977916 -0.000187
vn -0.208997 0.977916 -0.000187
vn -0.208997 0.977916 -0.000187
vn -0.208997 0.977916 -0.000187
vn -0.208998 0.977916 0.000183
vn -0.208998 0.977916 0.000183
vn -0.208998 0.977916 0.000183
vn -0.208998 0.977916 0.000183
s off
g column_short7
usemtl piedra_caseta_riotutte
f 768/1265/2594 778/1266/2595 779/1267/2596 770/1268/2597
f 769/1271/2598 768/1265/2599 770/1268/2600 771/1272/2601
f 770/1268/2602 779/1267/2603 780/1273/2604 772/1274/2605
f 771/1272/2606 770/1268/2607 772/1274/2608 773/1275/2609
f 772/1274/2610 780/1273/2611 781/1277/2612 774/1278/2613
f 773/1275/2614 772/1274/2615 774/1278/2616 775/1279/2617
f 774/1278/2618 781/1277/2619 782/1281/2620 776/1282/2621
f 775/1279/2622 774/1278/2623 776/1282/2624 777/1319/2625
f 769/1271/2626 784/1320/2627 783/1321/2628 768/1265/2629
f 768/1265/2630 783/1321/2631 785/1322/2632 778/1266/2633
f 786/1283/2634 796/1284/2635 803/1285/2636 801/1286/2637
f 787/1289/2638 786/1283/2639 801/1286/2640 802/1290/2641
f 786/1283/2642 788/1292/2643 797/1293/2644 796/1284/2645
f 787/1289/2646 789/1295/2647 788/1292/2648 786/1283/2649
f 788/1292/2650 790/1296/2651 798/1298/2652 797/1293/2653
f 789/1295/2654 791/1299/2655 790/1296/2656 788/1292/2657
f 790/1296/2658 792/1301/2659 799/1302/2660 798/1298/2661
f 791/1299/2662 793/1303/2663 792/1301/2664 790/1296/2665
f 792/1301/2666 794/1304/2667 800/1307/2668 799/1302/2669
f 793/1303/2670 795/1308/2671 794/1304/2672 792/1301/2673
f 804/1309/2674 814/1310/2675 815/1311/2676 806/1313/2677
f 805/1314/2678 804/1309/2679 806/1313/2680 807/1315/2681
f 806/1313/2682 815/1311/2683 816/1317/2684 808/1318/2685
f 807/1315/2686 806/1313/2687 808/1318/2688 809/1351/2689
f 808/1318/2690 816/1317/2691 817/1352/2692 810/1353/2693
f 809/1351/2694 808/1318/2695 810/1353/2696 811/1360/2697
f 810/1353/2698 817/1352/2699 818/1361/2700 812/1366/2701
f 811/1360/2702 810/1353/2703 812/1366/2704 813/1371/2705
f 805/1314/2706 820/1372/2707 819/1374/2708 804/1309/2709
f 804/1309/2710 819/1374/2711 821/1375/2712 814/1310/2713
f 822/1325/2714 832/1326/2715 839/1328/2716 837/1329/2717
f 823/1331/2718 822/1325/2719 837/1329/2720 838/1332/2721
f 822/1325/2722 824/1334/2723 833/1335/2724 832/1326/2725
f 823/1331/2726 825/1348/2727 824/1334/2728 822/1325/2729
f 824/1334/2730 826/1349/2731 834/1355/2732 833/1335/2733
f 825/1348/2734 827/1356/2735 826/1349/2736 824/1334/2737
f 826/1349/2738 828/1357/2739 835/1364/2740 834/1355/2741
f 827/1356/2742 829/1367/2743 828/1357/2744 826/1349/2745
f 828/1357/2746 830/1368/2747 836/1369/2748 835/1364/2749
f 829/1367/2750 831/1370/2751 830/1368/2752 828/1357/2753
s 1
f 800/1307/2754 794/1304/2755 846/1376/2756 847/1377/2757
s 2
f 794/1304/2758 795/1308/2759 845/1378/2760 846/1376/2761
s 3
f 842/1379/2762 843/1380/2763 830/1368/2764 831/1370/2765
s 4
f 843/1380/2766 844/1382/2767 836/1369/2768 830/1368/2769
s off
f 821/1337/2770 819/1338/2771 837/1339/2772 839/1340/2773
f 819/1338/2774 820/1362/2775 838/1363/2776 837/1339/2777
f 785/1341/2778 783/1342/2779 801/1343/2780 803/1344/2781
f 783/1342/2782 784/1358/2783 802/1359/2784 801/1343/2785
s 5
f 838/1269/2786 820/1270/2787 840/1276/2788 841/1280/2789
f 841/1280/2789 840/1276/2788 802/1287/2790 784/1288/2791
s off
f 825/1291/2792 823/1294/2793 838/1269/2794 841/1280/2795
f 769/1297/2796 771/1300/2797 841/1280/2798 784/1288/2799
f 805/1305/2800 807/1306/2801 840/1276/2802 820/1270/2803
f 789/1312/2804 787/1316/2805 802/1287/2806 840/1276/2807
f 809/1323/2808 811/1324/2809 840/1276/2810 807/1306/2811
f 793/1327/2812 791/1330/2813 789/1312/2814 840/1276/2815
f 829/1333/2816 827/1336/2817 825/1291/2818 841/1280/2819
f 773/1345/2820 775/1346/2821 841/1280/2822 771/1300/2823
s 3
f 777/1319/2824 776/1282/2825 843/1380/2763 842/1379/2762
s 4
f 776/1282/2826 782/1281/2827 844/1382/2767 843/1380/2766
s 2
f 846/1376/2761 845/1378/2760 813/1371/2828 812/1366/2829
s 1
f 847/1377/2757 846/1376/2756 812/1366/2830 818/1361/2831
s off
f 813/1347/2832 845/1350/2833 840/1276/2834 811/1324/2835
f 845/1350/2836 795/1354/2837 793/1327/2838 840/1276/2839
f 777/1365/2840 842/1373/2841 841/1280/2842 775/1346/2843
f 842/1373/2844 831/1381/2845 829/1333/2846 841/1280/2847
g default
v -3.136754 4.266346 6.415105
v -1.505423 4.266346 6.415105
v -3.136754 4.421102 6.415105
v -1.505423 4.421102 6.415105
v -3.136754 4.421102 6.260349
v -1.505423 4.421102 6.260349
v -3.136754 4.266346 6.260349
v -1.505423 4.266346 6.260349
vt 0.406721 0.028998
vt 0.502296 0.027593
vt 0.406854 0.038064
vt 0.502430 0.036660
vt 0.406988 0.047131
vt 0.502563 0.045727
vt 0.407121 0.056198
vt 0.502696 0.054794
vt 0.407254 0.065265
vt 0.502829 0.063860
vt 0.511363 0.027460
vt 0.511496 0.036527
vt 0.397654 0.029131
vt 0.397788 0.038198
vn 0.000000 0.000000 1.000000
vn 0.000000 0.000000 1.000000
vn 0.000000 0.000000 1.000000
vn 0.000000 0.000000 1.000000
vn 0.000000 1.000000 0.000000
vn 0.000000 1.000000 0.000000
vn 0.000000 1.000000 0.000000
vn 0.000000 1.000000 0.000000
vn 0.000000 0.000000 -1.000000
vn 0.000000 0.000000 -1.000000
vn 0.000000 0.000000 -1.000000
vn 0.000000 0.000000 -1.000000
vn 0.000000 -1.000000 0.000000
vn 0.000000 -1.000000 0.000000
vn 0.000000 -1.000000 0.000000
vn 0.000000 -1.000000 0.000000
vn 1.000000 0.000000 0.000000
vn 1.000000 0.000000 0.000000
vn 1.000000 0.000000 0.000000
vn 1.000000 0.000000 0.000000
vn -1.000000 0.000000 0.000000
vn -1.000000 0.000000 0.000000
vn -1.000000 0.000000 0.000000
vn -1.000000 0.000000 0.000000
s off
g pCube12
usemtl vigas_caseta_riotutte
f 848/1383/2848 849/1384/2849 851/1386/2850 850/1385/2851
f 850/1385/2852 851/1386/2853 853/1388/2854 852/1387/2855
f 852/1387/2856 853/1388/2857 855/1390/2858 854/1389/2859
f 854/1389/2860 855/1390/2861 849/1392/2862 848/1391/2863
f 849/1384/2864 855/1393/2865 853/1394/2866 851/1386/2867
f 854/1395/2868 848/1383/2869 850/1385/2870 852/1396/2871
g default
v -0.707068 4.356358 6.465366
v -0.707068 4.356358 6.104706
v -0.707068 4.595163 6.465366
v -0.707068 4.595163 6.104706
v -1.067706 4.595163 6.758460
v -1.067706 4.356358 6.758460
v -1.067706 4.356358 6.104706
v -1.067706 4.595163 6.104706
v -1.210762 4.356358 6.799039
v -1.210762 4.356358 6.104706
v -1.210762 4.595163 6.799039
v -1.210762 4.595163 6.104706
vt 0.054411 0.913621
vt 0.097638 0.913273
vt 0.098001 0.883409
vt 0.040551 0.934841
vt 0.076997 0.866079
vt 0.054240 0.886392
vt 0.076507 0.913215
vt 0.076714 0.904384
vt 0.054185 0.877679
vt 0.068125 0.913192
vt 0.068633 0.863639
vt 0.068332 0.904322
vt 0.068014 0.953876
vt 0.076402 0.951521
vt 0.097581 0.934405
vt 0.040247 0.886480
vt 0.040193 0.877767
vt 0.040419 0.913709
vt 0.097844 0.904540
vt 0.054543 0.934753
vn 1.000000 0.000000 0.000000
vn 1.000000 0.000000 0.000000
vn 1.000000 0.000000 0.000000
vn 1.000000 0.000000 0.000000
vn 0.000000 1.000000 0.000000
vn 0.000000 1.000000 0.000000
vn -0.000000 1.000000 -0.000000
vn -0.000000 1.000000 -0.000000
vn 0.000000 -1.000000 0.000000
vn 0.000000 -1.000000 0.000000
vn 0.000000 -1.000000 0.000000
vn 0.000000 -1.000000 0.000000
vn 0.552266 0.000000 0.833668
vn 0.552266 0.000000 0.833668
vn 0.630690 0.000000 0.776035
vn 0.630690 0.000000 0.776035
vn -0.000000 1.000000 -0.000000
vn -0.000000 1.000000 -0.000000
vn 0.272894 0.000000 0.962044
vn 0.272894 0.000000 0.962044
vn 0.000000 -1.000000 0.000000
vn 0.000000 -1.000000 0.000000
s off
g pCube3
usemtl piedra_caseta_riotutte
f 856/1397/2872 857/1416/2873 859/1400/2874 858/1414/2875
s 1
f 858/1399/2876 859/1415/2877 863/1404/2878 860/1401/2879
s 2
f 861/1410/2880 862/1403/2881 857/1398/2882 856/1411/2883
s 3
f 860/1412/2884 861/1402/2885 856/1397/2886 858/1414/2887
s 1
f 860/1401/2879 863/1404/2878 867/1408/2888 866/1407/2889
s 3
f 866/1413/2890 864/1405/2891 861/1402/2885 860/1412/2884
s 2
f 864/1409/2892 865/1406/2893 862/1403/2881 861/1410/2880
g default
v -1.644428 4.584341 7.636225
v -1.489329 4.584341 7.636225
v -1.644428 4.659080 7.684049
v -1.489329 4.659080 7.684049
v -1.644428 5.141931 6.728627
v -1.489329 5.185363 6.642689
v -1.644428 5.072573 6.670157
v -1.489329 5.116003 6.584220
vt 0.799429 0.234769
vt 0.801242 0.145010
vt 0.813408 0.146676
vt 0.811613 0.235527
vt 0.920035 0.105112
vt 0.907411 0.106840
vt 0.905684 0.021312
vt 0.918327 0.020526
vt 0.920188 0.112720
vt 0.907565 0.114449
vt 0.852557 0.020527
vt 0.868468 0.020527
vt 0.868468 0.140217
vt 0.852557 0.130340
vt 0.834848 0.030404
vt 0.850759 0.020526
vt 0.850759 0.141440
vt 0.834848 0.141440
vt 0.784082 0.224070
vt 0.795930 0.224070
vt 0.795930 0.236293
vt 0.784082 0.236293
vn 0.000000 -0.538982 0.842317
vn 0.000000 -0.538982 0.842317
vn 0.000000 -0.538982 0.842317
vn 0.000000 -0.538982 0.842317
vn -0.000001 0.892498 0.451051
vn -0.000001 0.892498 0.451051
vn -0.000001 0.892498 0.451051
vn -0.000001 0.892498 0.451051
vn 1.000000 -0.000000 -0.000000
vn 1.000000 -0.000000 -0.000000
vn 1.000000 -0.000000 -0.000000
vn 1.000000 -0.000000 -0.000000
vn -0.000002 -0.892498 -0.451051
vn -0.000002 -0.892498 -0.451051
vn -0.000002 -0.892498 -0.451051
vn -0.000002 -0.892498 -0.451051
vn -1.000000 0.000000 0.000000
vn -1.000000 0.000000 0.000000
vn -1.000000 0.000000 0.000000
vn -1.000000 0.000000 0.000000
vn -0.517089 0.551676 -0.654425
vn -0.517089 0.551676 -0.654425
vn -0.517089 0.551676 -0.654425
vn -0.517089 0.551676 -0.654425
s off
g pCube8
usemtl vigas_caseta_riotutte
f 868/1435/2894 869/1436/2895 871/1437/2896 870/1438/2897
f 870/1427/2898 871/1428/2899 873/1429/2900 872/1430/2901
f 869/1417/2902 875/1418/2903 873/1419/2904 871/1420/2905
f 874/1431/2906 875/1432/2907 869/1433/2908 868/1434/2909
f 872/1421/2910 874/1422/2911 868/1423/2912 870/1424/2913
f 872/1421/2914 873/1425/2915 875/1426/2916 874/1422/2917
g default
v -2.816852 0.842094 7.370368
v -2.816853 -0.012801 7.370368
v -2.816852 0.842094 7.739378
v -2.816853 -0.012801 7.739378
v -1.527738 -0.012801 7.370368
v -1.527738 0.842094 7.370368
v -1.527737 0.842094 7.739378
v -1.527738 -0.012801 7.739378
vt 0.340777 0.125070
vt 0.266080 0.125265
vt 0.448206 0.124790
vt 0.373509 0.124985
vt 0.447908 0.010441
vt 0.373211 0.010636
vt 0.340478 0.010721
vt 0.265781 0.010916
vn 0.000000 0.000000 -1.000000
vn 0.000000 0.000000 -1.000000
vn 0.000000 0.000000 -1.000000
vn 0.000000 0.000000 -1.000000
vn 0.000000 0.000000 1.000000
vn 0.000000 0.000000 1.000000
vn 0.000000 0.000000 1.000000
vn 0.000000 0.000000 1.000000
vn 0.000000 1.000000 0.000000
vn 0.000000 1.000000 0.000000
vn 0.000000 1.000000 0.000000
vn 0.000000 1.000000 0.000000
s off
g column_connect_tall3
usemtl piedra_caseta_riotutte
f 877/1441/2918 876/1442/2919 881/1444/2920 880/1443/2921
f 883/1446/2922 882/1445/2923 878/1439/2924 879/1440/2925
f 881/1444/2926 876/1442/2927 878/1439/2928 882/1445/2929
g default
v -1.223541 2.587839 7.428884
v -1.349530 2.587839 7.428884
v -1.475520 2.587839 7.428884
v -1.475520 2.587839 7.449043
v -1.499236 2.587839 7.449043
v -1.499236 2.587839 7.468679
v -1.518817 2.587839 7.468679
v -1.518817 2.587839 7.641067
v -1.499236 2.587839 7.641067
v -1.499236 2.587839 7.660702
v -1.475520 2.587839 7.660702
v -1.475520 2.587839 7.680862
v -1.349530 2.587839 7.680862
v -1.223541 2.587839 7.680862
v -1.223541 2.587839 7.660702
v -1.199825 2.587839 7.660702
v -1.199825 2.587839 7.641067
v -1.180244 2.587839 7.641067
v -1.180244 2.587839 7.468679
v -1.199825 2.587839 7.468679
v -1.199825 2.587839 7.449043
v -1.223541 2.587839 7.449043
v -1.195055 2.532622 7.709348
v -1.349530 2.532622 7.709348
v -1.504006 2.532622 7.709348
v -1.504006 2.532622 7.684631
v -1.532790 2.532622 7.684631
v -1.532790 2.532622 7.660555
v -1.556655 2.532622 7.660555
v -1.556655 2.532622 7.449190
v -1.532790 2.532622 7.449190
v -1.532790 2.532622 7.425115
v -1.504006 2.532622 7.425115
v -1.504006 2.532622 7.400397
v -1.349530 2.532622 7.400397
v -1.195055 2.532622 7.400397
v -1.195055 2.532622 7.425115
v -1.166270 2.532622 7.425115
v -1.166270 2.532622 7.449190
v -1.142405 2.532622 7.449190
v -1.142405 2.532622 7.660555
v -1.166270 2.532622 7.660555
v -1.166270 2.532622 7.684631
v -1.195055 2.532622 7.684631
v -1.135507 2.587839 7.770075
v -1.142674 2.532622 7.759695
v -1.349530 2.587839 7.770075
v -1.349530 2.532622 7.759695
v -1.556387 2.532622 7.759695
v -1.563554 2.587839 7.770075
v -1.556387 2.532622 7.732207
v -1.563554 2.587839 7.741199
v -1.590767 2.532480 7.732207
v -1.599488 2.587695 7.741199
v -1.590767 2.532480 7.703451
v -1.599488 2.587695 7.710990
v -1.619271 2.532410 7.703451
v -1.629157 2.587626 7.710990
v -1.619271 2.532410 7.406294
v -1.629157 2.587626 7.398822
v -1.599488 2.587695 7.398822
v -1.590767 2.532480 7.406294
v -1.599488 2.587695 7.368614
v -1.590767 2.532480 7.377538
v -1.563554 2.587839 7.368614
v -1.556387 2.532622 7.377538
v -1.563554 2.587839 7.338338
v -1.556387 2.532622 7.348717
v -1.349530 2.587839 7.338337
v -1.349530 2.532622 7.348717
v -1.142674 2.532622 7.348717
v -1.135507 2.587839 7.338338
v -1.142674 2.532622 7.377538
v -1.135507 2.587839 7.368614
v -1.108294 2.532480 7.377538
v -1.099573 2.587695 7.368614
v -1.108294 2.532480 7.406294
v -1.099573 2.587695 7.398822
v -1.079791 2.532410 7.406294
v -1.069904 2.587626 7.398822
v -1.079790 2.532410 7.703451
v -1.069904 2.587626 7.710990
v -1.099573 2.587695 7.710990
v -1.108294 2.532480 7.703451
v -1.099573 2.587695 7.741199
v -1.108294 2.532480 7.732207
v -1.135507 2.587839 7.741199
v -1.142674 2.532622 7.732207
v -1.349530 2.570947 7.770075
v -1.563554 2.570947 7.770075
v -1.563554 2.570947 7.741199
v -1.599377 2.570804 7.741199
v -1.599377 2.570804 7.710990
v -1.628991 2.570735 7.710990
v -1.628991 2.570735 7.398822
v -1.599377 2.570804 7.398822
v -1.599377 2.570804 7.368614
v -1.563554 2.570947 7.368614
v -1.563554 2.570947 7.338338
v -1.349530 2.570947 7.338338
v -1.135507 2.570947 7.338338
v -1.135507 2.570947 7.368614
v -1.099684 2.570804 7.368614
v -1.099684 2.570804 7.398822
v -1.070069 2.570735 7.398822
v -1.070069 2.570735 7.710990
v -1.099684 2.570804 7.710990
v -1.099684 2.570804 7.741199
v -1.135507 2.570947 7.741199
v -1.135507 2.570947 7.770075
v -1.349530 2.565154 7.759695
v -1.556387 2.565154 7.759695
v -1.556387 2.565154 7.732207
v -1.590974 2.565012 7.732207
v -1.590974 2.565012 7.703451
v -1.619578 2.564941 7.703451
v -1.619579 2.564942 7.406294
v -1.590974 2.565012 7.406294
v -1.590974 2.565012 7.377538
v -1.556387 2.565154 7.377538
v -1.556387 2.565154 7.348717
v -1.349530 2.565154 7.348717
v -1.142674 2.565154 7.348717
v -1.142674 2.565154 7.377538
v -1.108087 2.565012 7.377538
v -1.108087 2.565012 7.406294
v -1.079482 2.564942 7.406294
v -1.079482 2.564942 7.703451
v -1.108087 2.565012 7.703451
v -1.108087 2.565012 7.732207
v -1.142674 2.565154 7.732207
v -1.142674 2.565154 7.759695
v -1.223541 2.696014 7.428884
v -1.349530 2.696014 7.428884
v -1.475520 2.696014 7.428884
v -1.475520 2.696014 7.449043
v -1.499236 2.696014 7.449043
v -1.499236 2.696014 7.468679
v -1.518817 2.696014 7.468679
v -1.518817 2.696013 7.641067
v -1.499236 2.696014 7.641067
v -1.499236 2.696014 7.660702
v -1.475520 2.696014 7.660702
v -1.475520 2.696014 7.680862
v -1.349530 2.696014 7.680862
v -1.223541 2.696014 7.680862
v -1.223541 2.696014 7.660702
v -1.199825 2.696014 7.660702
v -1.199825 2.696014 7.641067
v -1.180244 2.696014 7.641067
v -1.180244 2.696014 7.468679
v -1.199825 2.696014 7.468679
v -1.199825 2.696014 7.449043
v -1.223541 2.696014 7.449043
v -1.195055 2.640798 7.709348
v -1.349530 2.640798 7.709348
v -1.504006 2.640798 7.709348
v -1.504006 2.640798 7.684631
v -1.532790 2.640798 7.684631
v -1.532790 2.640798 7.660555
v -1.556655 2.640798 7.660555
v -1.556655 2.640798 7.449190
v -1.532790 2.640798 7.449190
v -1.532790 2.640798 7.425115
v -1.504006 2.640798 7.425115
v -1.504006 2.640798 7.400397
v -1.349530 2.640798 7.400397
v -1.195055 2.640798 7.400397
v -1.195055 2.640798 7.425115
v -1.166270 2.640798 7.425115
v -1.166270 2.640798 7.449190
v -1.142405 2.640798 7.449190
v -1.142405 2.640798 7.660555
v -1.166270 2.640798 7.660555
v -1.166270 2.640798 7.684631
v -1.195055 2.640798 7.684631
v -1.135507 2.696014 7.770075
v -1.142674 2.640798 7.759695
v -1.349530 2.696014 7.770075
v -1.349530 2.640798 7.759695
v -1.556387 2.640798 7.759695
v -1.563554 2.696014 7.770075
v -1.556387 2.640798 7.732207
v -1.563554 2.696014 7.741199
v -1.590767 2.640655 7.732207
v -1.599488 2.695871 7.741199
v -1.590767 2.640655 7.703451
v -1.599488 2.695871 7.710990
v -1.619271 2.640586 7.703451
v -1.629157 2.695802 7.710990
v -1.619271 2.640586 7.406294
v -1.629157 2.695802 7.398822
v -1.599488 2.695871 7.398822
v -1.590767 2.640655 7.406294
v -1.599488 2.695871 7.368614
v -1.590767 2.640655 7.377538
v -1.563554 2.696014 7.368614
v -1.556387 2.640798 7.377538
v -1.563554 2.696014 7.338338
v -1.556387 2.640798 7.348717
v -1.349530 2.696014 7.338337
v -1.349530 2.640798 7.348717
v -1.142674 2.640798 7.348717
v -1.135507 2.696014 7.338338
v -1.142674 2.640798 7.377538
v -1.135507 2.696014 7.368614
v -1.108294 2.640655 7.377538
v -1.099573 2.695871 7.368614
v -1.108294 2.640655 7.406294
v -1.099573 2.695871 7.398822
v -1.079791 2.640586 7.406294
v -1.069904 2.695802 7.398822
v -1.079790 2.640586 7.703451
v -1.069904 2.695802 7.710990
v -1.099573 2.695871 7.710990
v -1.108294 2.640655 7.703451
v -1.099573 2.695871 7.741199
v -1.108294 2.640655 7.732207
v -1.135507 2.696014 7.741199
v -1.142674 2.640798 7.732207
v -1.349530 2.679123 7.770075
v -1.563554 2.679123 7.770075
v -1.563554 2.679123 7.741199
v -1.599377 2.678980 7.741199
v -1.599377 2.678980 7.710990
v -1.628991 2.678911 7.710990
v -1.628991 2.678911 7.398822
v -1.599377 2.678980 7.398822
v -1.599377 2.678980 7.368614
v -1.563554 2.679123 7.368614
v -1.563554 2.679123 7.338338
v -1.349530 2.679123 7.338338
v -1.135507 2.679123 7.338338
v -1.135507 2.679123 7.368614
v -1.099684 2.678980 7.368614
v -1.099684 2.678980 7.398822
v -1.070069 2.678911 7.398822
v -1.070069 2.678911 7.710990
v -1.099684 2.678980 7.710990
v -1.099684 2.678980 7.741199
v -1.135507 2.679123 7.741199
v -1.135507 2.679123 7.770075
v -1.349530 2.673330 7.759695
v -1.556387 2.673330 7.759695
v -1.556387 2.673330 7.732207
v -1.590974 2.673186 7.732207
v -1.590974 2.673186 7.703451
v -1.619578 2.673118 7.703451
v -1.619579 2.673118 7.406294
v -1.590974 2.673186 7.406294
v -1.590974 2.673186 7.377538
v -1.556387 2.673330 7.377538
v -1.556387 2.673330 7.348717
v -1.349530 2.673330 7.348717
v -1.142674 2.673330 7.348717
v -1.142674 2.673330 7.377538
v -1.108087 2.673186 7.377538
v -1.108087 2.673186 7.406294
v -1.079482 2.673118 7.406294
v -1.079482 2.673118 7.703451
v -1.108087 2.673186 7.703451
v -1.108087 2.673186 7.732207
v -1.142674 2.673330 7.732207
v -1.142674 2.673330 7.759695
v -1.761633 3.357485 7.370367
v -1.534035 2.714142 7.370367
v -1.617026 3.128519 7.370367
v -1.941592 3.540381 7.370367
v -1.548504 2.931882 7.370367
v -1.534035 2.714142 7.399890
v -1.941592 3.540381 7.399890
v -1.617026 3.128519 7.399890
v -1.761633 3.357485 7.399890
v -1.548504 2.931882 7.399890
v -1.568928 2.712985 7.399890
v -1.963731 3.513601 7.399890
v -1.648286 3.113445 7.399890
v -1.788850 3.335909 7.399890
v -1.582423 2.924976 7.399890
v -1.568928 2.712985 7.428646
v -1.963731 3.513601 7.428646
v -1.648286 3.113445 7.428646
v -1.788850 3.335909 7.428646
v -1.582423 2.924976 7.428646
v -1.597683 2.711978 7.428646
v -1.982283 3.491745 7.428646
v -1.674039 3.101009 7.428646
v -1.811274 3.318126 7.428646
v -1.610373 2.919313 7.428646
v -2.164643 3.689106 7.370367
v -2.164643 3.689106 7.399890
v -2.164643 3.655289 7.399890
v -2.164643 3.655289 7.428646
v -2.164643 3.623910 7.428646
v -1.534036 -0.012801 7.370367
v -1.534036 -0.012801 7.399890
v -1.568928 -0.012801 7.399890
v -1.568928 -0.012801 7.428646
v -1.597683 -0.012801 7.428646
v -1.894657 3.597318 7.370367
v -2.164643 3.777855 7.370367
v -1.550627 3.160517 7.370367
v -1.703824 3.403306 7.370367
v -1.459888 2.716645 7.370367
v -1.476459 2.946579 7.370367
v -1.459888 -0.012801 7.370367
v -0.937428 3.357485 7.370367
v -1.165025 2.714142 7.370367
v -1.082035 3.128519 7.370367
v -0.757469 3.540381 7.370367
v -1.150557 2.931882 7.370367
v -1.165025 2.714142 7.399890
v -0.757469 3.540381 7.399890
v -1.082035 3.128519 7.399890
v -0.937428 3.357485 7.399890
v -1.150557 2.931882 7.399890
v -1.130133 2.712985 7.399890
v -0.735331 3.513601 7.399890
v -1.050775 3.113445 7.399890
v -0.910212 3.335909 7.399890
v -1.116637 2.924976 7.399890
v -1.130133 2.712985 7.428646
v -0.735331 3.513601 7.428646
v -1.050775 3.113445 7.428646
v -0.910212 3.335909 7.428646
v -1.116637 2.924976 7.428646
v -1.101378 2.711978 7.428646
v -0.716778 3.491745 7.428646
v -1.025022 3.101009 7.428646
v -0.887787 3.318126 7.428646
v -1.088688 2.919313 7.428646
v -0.534418 3.689106 7.370367
v -0.534418 3.689106 7.399890
v -0.534418 3.655289 7.399890
v -0.534418 3.655289 7.428646
v -0.534418 3.623910 7.428646
v -1.165025 -0.012801 7.370367
v -1.165025 -0.012801 7.399890
v -1.130133 -0.012801 7.399890
v -1.130133 -0.012801 7.428646
v -1.101378 -0.012801 7.428646
v -0.804404 3.597318 7.370367
v -0.534418 3.777855 7.370367
v -1.148434 3.160517 7.370367
v -0.995237 3.403306 7.370367
v -1.239173 2.716645 7.370367
v -1.222601 2.946579 7.370367
v -1.239173 -0.012801 7.370367
v -0.937428 3.357485 7.739377
v -1.165025 2.714142 7.739377
v -1.082035 3.128519 7.739377
v -0.757469 3.540381 7.739377
v -1.150557 2.931882 7.739377
v -1.165025 2.714142 7.709855
v -0.757469 3.540381 7.709855
v -1.082035 3.128519 7.709855
v -0.937428 3.357485 7.709855
v -1.150557 2.931882 7.709855
v -1.130133 2.712985 7.709855
v -0.735331 3.513601 7.709855
v -1.050775 3.113445 7.709855
v -0.910212 3.335909 7.709855
v -1.116637 2.924976 7.709855
v -1.130133 2.712985 7.681099
v -0.735331 3.513601 7.681100
v -1.050775 3.113445 7.681100
v -0.910212 3.335909 7.681100
v -1.116637 2.924976 7.681099
v -1.101378 2.711978 7.681099
v -0.716778 3.491745 7.681100
v -1.025022 3.101009 7.681100
v -0.887787 3.318126 7.681100
v -1.088688 2.919313 7.681099
v -0.534418 3.689106 7.739377
v -0.534418 3.689106 7.709855
v -0.534418 3.655289 7.709855
v -0.534418 3.655289 7.681100
v -0.534418 3.623910 7.681099
v -1.165025 -0.012801 7.739377
v -1.165025 -0.012801 7.709855
v -1.130133 -0.012801 7.709855
v -1.130133 -0.012801 7.681099
v -1.101378 -0.012801 7.681099
v -0.804404 3.597318 7.739377
v -0.534418 3.777855 7.739377
v -1.148434 3.160517 7.739377
v -0.995237 3.403306 7.739377
v -1.239173 2.716645 7.739377
v -1.222601 2.946579 7.739377
v -1.239173 -0.012801 7.739377
v -1.761633 3.357485 7.739377
v -1.534035 2.714142 7.739377
v -1.617026 3.128519 7.739377
v -1.941592 3.540381 7.739377
v -1.548504 2.931882 7.739377
v -1.534035 2.714142 7.709855
v -1.941592 3.540381 7.709855
v -1.617026 3.128519 7.709855
v -1.761633 3.357485 7.709855
v -1.548504 2.931882 7.709855
v -1.568928 2.712985 7.709855
v -1.963731 3.513601 7.709855
v -1.648286 3.113445 7.709855
v -1.788850 3.335909 7.709855
v -1.582424 2.924976 7.709855
v -1.568928 2.712985 7.681099
v -1.963731 3.513601 7.681100
v -1.648286 3.113445 7.681100
v -1.788850 3.335909 7.681100
v -1.582424 2.924976 7.681099
v -1.597683 2.711978 7.681099
v -1.982283 3.491745 7.681100
v -1.674039 3.101009 7.681100
v -1.811274 3.318126 7.681100
v -1.610373 2.919313 7.681099
v -2.164643 3.689106 7.739377
v -2.164643 3.689106 7.709855
v -2.164643 3.655289 7.709855
v -2.164643 3.655289 7.681100
v -2.164643 3.623910 7.681099
v -1.534036 -0.012801 7.739377
v -1.534036 -0.012801 7.709855
v -1.568928 -0.012801 7.709855
v -1.568928 -0.012801 7.681099
v -1.597683 -0.012801 7.681099
v -1.894657 3.597318 7.739377
v -2.164643 3.777855 7.739377
v -1.550627 3.160517 7.739377
v -1.703824 3.403306 7.739377
v -1.459888 2.716645 7.739377
v -1.476459 2.946579 7.739377
v -1.459888 -0.012801 7.739377
v -0.534418 3.870305 7.739377
v -2.164643 4.608101 7.739377
v -2.164643 4.608101 7.370367
v -0.534418 3.870305 7.370367
v -0.534418 3.870305 7.554873
v -2.164643 4.608101 7.554873
v -2.164643 4.608101 7.554873
v -2.164643 4.608101 7.554873
v -1.223541 2.642421 7.428884
v -1.349530 2.642421 7.428884
v -1.475520 2.642421 7.428884
v -1.475520 2.642421 7.449043
v -1.499236 2.642421 7.449043
v -1.499236 2.642421 7.468679
v -1.518817 2.642421 7.468679
v -1.518817 2.642421 7.641067
v -1.499236 2.642421 7.641067
v -1.499236 2.642421 7.660702
v -1.475520 2.642421 7.660702
v -1.475520 2.642421 7.680862
v -1.349530 2.642421 7.680862
v -1.223541 2.642421 7.680862
v -1.223541 2.642421 7.660702
v -1.199825 2.642421 7.660702
v -1.199825 2.642421 7.641067
v -1.180244 2.642421 7.641067
v -1.180244 2.642421 7.468679
v -1.199825 2.642421 7.468679
v -1.199825 2.642421 7.449043
v -1.223541 2.642421 7.449043
v -1.195055 2.587205 7.709348
v -1.349530 2.587205 7.709348
v -1.504006 2.587205 7.709348
v -1.504006 2.587205 7.684631
v -1.532790 2.587205 7.684631
v -1.532790 2.587205 7.660555
v -1.556655 2.587205 7.660555
v -1.556655 2.587205 7.449190
v -1.532790 2.587205 7.449190
v -1.532790 2.587205 7.425115
v -1.504006 2.587205 7.425115
v -1.504006 2.587205 7.400397
v -1.349530 2.587205 7.400397
v -1.195055 2.587205 7.400397
v -1.195055 2.587205 7.425115
v -1.166270 2.587205 7.425115
v -1.166270 2.587205 7.449190
v -1.142405 2.587205 7.449190
v -1.142405 2.587205 7.660555
v -1.166270 2.587205 7.660555
v -1.166270 2.587205 7.684631
v -1.195055 2.587205 7.684631
v -1.135507 2.642421 7.770075
v -1.142674 2.587205 7.759695
v -1.349530 2.642421 7.770075
v -1.349530 2.587205 7.759695
v -1.556387 2.587205 7.759695
v -1.563554 2.642421 7.770075
v -1.556387 2.587205 7.732207
v -1.563554 2.642421 7.741199
v -1.590767 2.587062 7.732207
v -1.599488 2.642277 7.741199
v -1.590767 2.587062 7.703451
v -1.599488 2.642277 7.710990
v -1.619271 2.586993 7.703451
v -1.629157 2.642210 7.710990
v -1.619271 2.586993 7.406294
v -1.629157 2.642210 7.398822
v -1.599488 2.642277 7.398822
v -1.590767 2.587062 7.406294
v -1.599488 2.642277 7.368614
v -1.590767 2.587062 7.377538
v -1.563554 2.642421 7.368614
v -1.556387 2.587205 7.377538
v -1.563554 2.642421 7.338338
v -1.556387 2.587205 7.348717
v -1.349530 2.642421 7.338337
v -1.349530 2.587205 7.348717
v -1.142674 2.587205 7.348717
v -1.135507 2.642421 7.338338
v -1.142674 2.587205 7.377538
v -1.135507 2.642421 7.368614
v -1.108294 2.587062 7.377538
v -1.099573 2.642277 7.368614
v -1.108294 2.587062 7.406294
v -1.099573 2.642277 7.398822
v -1.079791 2.586993 7.406294
v -1.069904 2.642210 7.398822
v -1.079790 2.586993 7.703451
v -1.069904 2.642210 7.710990
v -1.099573 2.642277 7.710990
v -1.108294 2.587062 7.703451
v -1.099573 2.642277 7.741199
v -1.108294 2.587062 7.732207
v -1.135507 2.642421 7.741199
v -1.142674 2.587205 7.732207
v -1.349530 2.625530 7.770075
v -1.563554 2.625530 7.770075
v -1.563554 2.625530 7.741199
v -1.599377 2.625387 7.741199
v -1.599377 2.625387 7.710990
v -1.628991 2.625317 7.710990
v -1.628991 2.625318 7.398822
v -1.599377 2.625387 7.398822
v -1.599377 2.625387 7.368614
v -1.563554 2.625530 7.368614
v -1.563554 2.625530 7.338338
v -1.349530 2.625530 7.338338
v -1.135507 2.625530 7.338338
v -1.135507 2.625530 7.368614
v -1.099684 2.625387 7.368614
v -1.099684 2.625387 7.398822
v -1.070069 2.625318 7.398822
v -1.070069 2.625318 7.710990
v -1.099684 2.625387 7.710990
v -1.099684 2.625387 7.741199
v -1.135507 2.625530 7.741199
v -1.135507 2.625530 7.770075
v -1.349530 2.619736 7.759695
v -1.556387 2.619736 7.759695
v -1.556387 2.619736 7.732207
v -1.590974 2.619593 7.732207
v -1.590974 2.619593 7.703451
v -1.619578 2.619524 7.703451
v -1.619579 2.619524 7.406294
v -1.590974 2.619593 7.406294
v -1.590974 2.619593 7.377538
v -1.556387 2.619736 7.377538
v -1.556387 2.619736 7.348717
v -1.349530 2.619736 7.348717
v -1.142674 2.619736 7.348717
v -1.142674 2.619736 7.377538
v -1.108087 2.619593 7.377538
v -1.108087 2.619593 7.406294
v -1.079482 2.619524 7.406294
v -1.079482 2.619524 7.703451
v -1.108087 2.619593 7.703451
v -1.108087 2.619593 7.732207
v -1.142674 2.619736 7.732207
v -1.142674 2.619736 7.759695
v -1.349531 -0.012801 7.370367
v -1.349531 2.716645 7.370367
v -1.349530 2.946579 7.370367
v -1.349530 3.160517 7.370367
v -1.349530 3.403306 7.370367
v -1.349531 3.597318 7.370367
v -1.349531 3.777855 7.370367
v -1.349531 4.608101 7.370367
v -1.349531 4.608101 7.554873
v -1.349531 4.608101 7.739377
v -1.349531 3.777855 7.739377
v -1.349531 3.597318 7.739377
v -1.349531 3.403306 7.739377
v -1.349530 3.160517 7.739377
v -1.349530 2.946579 7.739377
v -1.349531 2.716645 7.739377
v -1.349531 -0.012801 7.739377
v -1.327459 -0.012801 7.370367
v -1.327459 2.716646 7.370367
v -1.324145 2.946579 7.370367
v -1.309311 3.160517 7.370367
v -1.278672 3.403306 7.370367
v -1.240505 3.597318 7.370367
v -1.186508 3.777855 7.370367
v -1.186508 4.414124 7.370367
v -1.186508 4.414124 7.554873
v -1.186508 4.414124 7.739377
v -1.186508 3.777855 7.739377
v -1.240505 3.597318 7.739377
v -1.278672 3.403306 7.739377
v -1.309311 3.160517 7.739377
v -1.324145 2.946579 7.739377
v -1.327459 2.716645 7.739377
v -1.327459 -0.012801 7.739377
v -1.292145 -0.012801 7.370367
v -1.292145 2.716646 7.370367
v -1.283527 2.946579 7.370367
v -1.244960 3.160517 7.370367
v -1.165298 3.403306 7.370367
v -1.066065 3.597318 7.370367
v -0.925672 3.777855 7.370367
v -0.925672 4.414124 7.370367
v -0.925672 4.414124 7.554873
v -0.925672 4.414124 7.739377
v -0.925672 3.777855 7.739377
v -1.066065 3.597318 7.739377
v -1.165298 3.403306 7.739377
v -1.244960 3.160517 7.739377
v -1.283527 2.946579 7.739377
v -1.292145 2.716645 7.739377
v -1.292145 -0.012801 7.739377
vt 0.983380 0.117695
vt 0.983356 0.119601
vt 0.971236 0.119451
vt 0.971260 0.117545
vt 0.928069 0.127536
vt 0.928053 0.125630
vt 0.940174 0.125531
vt 0.940190 0.127437
vt 0.941800 0.127423
vt 0.941784 0.125517
vt 0.943815 0.127415
vt 0.943811 0.125509
vt 0.945499 0.127412
vt 0.945496 0.125506
vt 0.947170 0.127403
vt 0.947172 0.125496
vt 0.964582 0.127425
vt 0.964584 0.125519
vt 0.966260 0.125533
vt 0.966252 0.127439
vt 0.967945 0.125540
vt 0.967937 0.127446
vt 0.969972 0.125553
vt 0.969951 0.127459
vt 0.971660 0.125571
vt 0.971640 0.127477
vt 0.983780 0.125701
vt 0.983760 0.127608
vt 0.927665 0.119438
vt 0.927653 0.117531
vt 0.939773 0.117453
vt 0.939786 0.119359
vt 0.941475 0.119348
vt 0.941462 0.117441
vt 0.943489 0.119343
vt 0.943489 0.117437
vt 0.945174 0.119343
vt 0.945174 0.117436
vt 0.946844 0.119336
vt 0.946850 0.117430
vt 0.964256 0.119387
vt 0.964262 0.117481
vt 0.965938 0.117498
vt 0.965926 0.119404
vt 0.967623 0.117508
vt 0.967611 0.119414
vt 0.969649 0.117525
vt 0.969626 0.119431
vt 0.925827 0.183425
vt 0.931072 0.188566
vt 0.931096 0.195948
vt 0.925869 0.195966
vt 0.986446 0.184019
vt 0.986424 0.196139
vt 0.983474 0.196134
vt 0.983490 0.187083
vt 0.951335 0.176616
vt 0.946108 0.176626
vt 0.946094 0.169244
vt 0.951311 0.164075
vt 0.961471 0.166951
vt 0.961456 0.154831
vt 0.964410 0.157897
vt 0.964421 0.166948
vt 0.965858 0.157895
vt 0.963067 0.154829
vt 0.944912 0.169246
vt 0.949619 0.164079
vt 0.965856 0.156208
vt 0.963065 0.152814
vt 0.944910 0.167856
vt 0.949615 0.161973
vt 0.967267 0.156207
vt 0.964749 0.152812
vt 0.943759 0.167859
vt 0.947845 0.161977
vt 0.967265 0.154808
vt 0.964747 0.151142
vt 0.943757 0.166711
vt 0.947842 0.160238
vt 0.979650 0.154794
vt 0.982159 0.151122
vt 0.933656 0.166731
vt 0.929550 0.160274
vt 0.933658 0.167878
vt 0.929554 0.162012
vt 0.979651 0.156192
vt 0.982161 0.152792
vt 0.932508 0.167880
vt 0.927784 0.162016
vt 0.981062 0.156190
vt 0.983846 0.152790
vt 0.932510 0.169270
vt 0.927788 0.164121
vt 0.981064 0.157877
vt 0.983848 0.154804
vt 0.931329 0.169272
vt 0.926014 0.164124
vt 0.982513 0.157875
vt 0.985537 0.154802
vt 0.931344 0.176655
vt 0.926038 0.176665
vt 0.985551 0.166923
vt 0.982523 0.166926
vt 0.951166 0.195881
vt 0.945860 0.195899
vt 0.945836 0.188517
vt 0.951124 0.183341
vt 0.962343 0.196096
vt 0.962365 0.183975
vt 0.965388 0.187050
vt 0.965372 0.196101
vt 0.966837 0.187052
vt 0.964054 0.183978
vt 0.944655 0.188521
vt 0.949350 0.183347
vt 0.966839 0.185366
vt 0.964058 0.181964
vt 0.944650 0.187131
vt 0.949343 0.181241
vt 0.968250 0.185369
vt 0.965743 0.181967
vt 0.943499 0.187135
vt 0.947573 0.181247
vt 0.968253 0.183970
vt 0.965746 0.180297
vt 0.943496 0.185988
vt 0.947567 0.179509
vt 0.980637 0.183993
vt 0.983158 0.180328
vt 0.933395 0.186021
vt 0.929276 0.179570
vt 0.933399 0.187169
vt 0.929282 0.181308
vt 0.980635 0.185391
vt 0.983154 0.181999
vt 0.932248 0.187173
vt 0.927512 0.181314
vt 0.982046 0.185393
vt 0.984839 0.182002
vt 0.932253 0.188562
vt 0.927519 0.183420
vt 0.982042 0.187080
vt 0.984836 0.184016
vt 0.939797 0.135004
vt 0.927257 0.134952
vt 0.927261 0.133962
vt 0.939801 0.134014
vt 0.985077 0.139960
vt 0.985087 0.140950
vt 0.972547 0.141071
vt 0.972537 0.140081
vt 0.970845 0.140098
vt 0.970855 0.141087
vt 0.968746 0.140109
vt 0.968749 0.141099
vt 0.966976 0.140115
vt 0.966979 0.141105
vt 0.965241 0.140128
vt 0.965240 0.141117
vt 0.946949 0.140125
vt 0.946949 0.141114
vt 0.945211 0.141101
vt 0.945214 0.140112
vt 0.943441 0.141095
vt 0.943444 0.140105
vt 0.941335 0.141083
vt 0.941345 0.140093
vt 0.939561 0.141065
vt 0.939571 0.140075
vt 0.927021 0.140940
vt 0.927031 0.139950
vt 0.985304 0.133634
vt 0.985319 0.134623
vt 0.972781 0.134817
vt 0.972766 0.133827
vt 0.970992 0.133855
vt 0.971007 0.134844
vt 0.968893 0.133879
vt 0.968902 0.134868
vt 0.967123 0.133894
vt 0.967132 0.134884
vt 0.965388 0.133917
vt 0.965394 0.134907
vt 0.947097 0.134021
vt 0.947103 0.135010
vt 0.945365 0.135007
vt 0.945362 0.134017
vt 0.943595 0.135012
vt 0.943592 0.134022
vt 0.941489 0.135011
vt 0.941493 0.134021
vt 0.988817 0.186182
vt 0.988127 0.186278
vt 0.986451 0.174274
vt 0.987082 0.173762
vt 0.959567 0.161740
vt 0.958877 0.161644
vt 0.960611 0.149225
vt 0.961243 0.149737
vt 0.962852 0.149665
vt 0.962302 0.149149
vt 0.963185 0.147666
vt 0.962646 0.147078
vt 0.964869 0.147632
vt 0.964416 0.147043
vt 0.965189 0.145987
vt 0.964747 0.145340
vt 0.982601 0.145967
vt 0.983037 0.145319
vt 0.983375 0.147021
vt 0.982927 0.147611
vt 0.985144 0.147053
vt 0.984611 0.147642
vt 0.985496 0.149122
vt 0.984950 0.149640
vt 0.987268 0.149199
vt 0.986637 0.149712
vt 0.989026 0.161615
vt 0.988337 0.161712
vt 0.959356 0.186250
vt 0.958667 0.186153
vt 0.960425 0.173736
vt 0.961056 0.174249
vt 0.962743 0.174177
vt 0.962197 0.173660
vt 0.963082 0.172179
vt 0.962548 0.171591
vt 0.964767 0.172149
vt 0.964318 0.171559
vt 0.965093 0.170505
vt 0.964656 0.169857
vt 0.982504 0.170524
vt 0.982947 0.169877
vt 0.983278 0.171580
vt 0.982825 0.172169
vt 0.985048 0.171616
vt 0.984509 0.172203
vt 0.985392 0.173686
vt 0.984842 0.174202
vt 0.985306 0.283335
vt 0.985283 0.285241
vt 0.973163 0.285091
vt 0.973187 0.283185
vt 0.929996 0.293176
vt 0.929980 0.291270
vt 0.942101 0.291171
vt 0.942116 0.293077
vt 0.943727 0.293064
vt 0.943711 0.291158
vt 0.945741 0.293056
vt 0.945738 0.291149
vt 0.947426 0.293053
vt 0.947423 0.291146
vt 0.949096 0.293043
vt 0.949099 0.291137
vt 0.966508 0.293065
vt 0.966511 0.291159
vt 0.968186 0.291173
vt 0.968178 0.293079
vt 0.969871 0.291180
vt 0.969863 0.293086
vt 0.971898 0.291194
vt 0.971877 0.293100
vt 0.973587 0.291212
vt 0.973566 0.293118
vt 0.985706 0.291342
vt 0.985686 0.293248
vt 0.929592 0.285078
vt 0.929580 0.283172
vt 0.941700 0.283093
vt 0.941712 0.284999
vt 0.943401 0.284988
vt 0.943389 0.283082
vt 0.945416 0.284983
vt 0.945415 0.283077
vt 0.947101 0.284983
vt 0.947100 0.283076
vt 0.948771 0.284976
vt 0.948776 0.283069
vt 0.966183 0.285027
vt 0.966188 0.283121
vt 0.967864 0.283138
vt 0.967853 0.285044
vt 0.969550 0.283148
vt 0.969538 0.285054
vt 0.971576 0.283165
vt 0.971552 0.285071
vt 0.928202 0.332740
vt 0.933447 0.337881
vt 0.933472 0.345263
vt 0.928245 0.345280
vt 0.986446 0.347957
vt 0.986424 0.360077
vt 0.983474 0.360072
vt 0.983490 0.351020
vt 0.953290 0.325500
vt 0.948063 0.325510
vt 0.948048 0.318128
vt 0.953266 0.312960
vt 0.961439 0.331882
vt 0.961424 0.319762
vt 0.964378 0.322827
vt 0.964388 0.331879
vt 0.965826 0.322826
vt 0.963035 0.319760
vt 0.946867 0.318130
vt 0.951574 0.312963
vt 0.965824 0.321139
vt 0.963032 0.317745
vt 0.946864 0.316741
vt 0.951570 0.310857
vt 0.967235 0.321138
vt 0.964717 0.317743
vt 0.945714 0.316743
vt 0.949800 0.310861
vt 0.967233 0.319739
vt 0.964715 0.316073
vt 0.945712 0.315596
vt 0.949796 0.309122
vt 0.979618 0.319725
vt 0.982127 0.316053
vt 0.935611 0.315615
vt 0.931505 0.309158
vt 0.935613 0.316762
vt 0.931508 0.310896
vt 0.979620 0.321123
vt 0.982129 0.317723
vt 0.934462 0.316765
vt 0.929739 0.310900
vt 0.981030 0.321121
vt 0.983814 0.317721
vt 0.934465 0.318154
vt 0.929743 0.313005
vt 0.981032 0.322808
vt 0.983816 0.319735
vt 0.933284 0.318157
vt 0.927969 0.313009
vt 0.982481 0.322806
vt 0.985505 0.319733
vt 0.933299 0.325539
vt 0.927993 0.325549
vt 0.985520 0.331854
vt 0.982491 0.331858
vt 0.953541 0.345196
vt 0.948236 0.345213
vt 0.948211 0.337831
vt 0.953499 0.332656
vt 0.962343 0.360033
vt 0.962365 0.347913
vt 0.965388 0.350988
vt 0.965371 0.360039
vt 0.966836 0.350990
vt 0.964054 0.347916
vt 0.947030 0.337835
vt 0.951725 0.332661
vt 0.966839 0.349304
vt 0.964058 0.345901
vt 0.947025 0.336446
vt 0.951718 0.330556
vt 0.968250 0.349306
vt 0.965742 0.345905
vt 0.945875 0.336450
vt 0.949948 0.330562
vt 0.968252 0.347908
vt 0.965745 0.344234
vt 0.945871 0.335302
vt 0.949942 0.328824
vt 0.980637 0.347930
vt 0.983157 0.344266
vt 0.935770 0.335336
vt 0.931652 0.328885
vt 0.935774 0.336484
vt 0.931657 0.330623
vt 0.980635 0.349329
vt 0.983154 0.345936
vt 0.934624 0.336487
vt 0.929888 0.330629
vt 0.982045 0.349331
vt 0.984839 0.345939
vt 0.934628 0.337877
vt 0.929895 0.332735
vt 0.982042 0.351018
vt 0.984835 0.347954
vt 0.941723 0.300644
vt 0.929182 0.300592
vt 0.929186 0.299602
vt 0.941727 0.299654
vt 0.987002 0.305601
vt 0.987011 0.306591
vt 0.974472 0.306711
vt 0.974463 0.305722
vt 0.972770 0.305738
vt 0.972780 0.306728
vt 0.970672 0.305750
vt 0.970675 0.306740
vt 0.968902 0.305755
vt 0.968905 0.306745
vt 0.967167 0.305768
vt 0.967166 0.306758
vt 0.948876 0.305765
vt 0.948876 0.306755
vt 0.947138 0.306742
vt 0.947141 0.305752
vt 0.945368 0.306736
vt 0.945371 0.305746
vt 0.943263 0.306723
vt 0.943273 0.305733
vt 0.941489 0.306705
vt 0.941499 0.305716
vt 0.928950 0.306581
vt 0.928959 0.305591
vt 0.987232 0.299273
vt 0.987247 0.300263
vt 0.974708 0.300457
vt 0.974693 0.299467
vt 0.972919 0.299495
vt 0.972934 0.300484
vt 0.970820 0.299519
vt 0.970829 0.300509
vt 0.969050 0.299535
vt 0.969059 0.300524
vt 0.967315 0.299557
vt 0.967321 0.300547
vt 0.949024 0.299661
vt 0.949029 0.300650
vt 0.947291 0.300647
vt 0.947288 0.299657
vt 0.945521 0.300651
vt 0.945518 0.299662
vt 0.943415 0.300651
vt 0.943419 0.299661
vt 0.988818 0.350120
vt 0.988128 0.350217
vt 0.986452 0.338211
vt 0.987084 0.337699
vt 0.959333 0.325327
vt 0.958643 0.325230
vt 0.960377 0.312809
vt 0.961009 0.313321
vt 0.962618 0.313249
vt 0.962068 0.312733
vt 0.962951 0.311250
vt 0.962412 0.310663
vt 0.964636 0.311216
vt 0.964182 0.310627
vt 0.964956 0.309571
vt 0.964514 0.308924
vt 0.982370 0.309551
vt 0.982806 0.308903
vt 0.983144 0.310605
vt 0.982696 0.311195
vt 0.984914 0.310637
vt 0.984380 0.311226
vt 0.985265 0.312707
vt 0.984719 0.313224
vt 0.987038 0.312783
vt 0.986407 0.313297
vt 0.988796 0.325201
vt 0.988106 0.325299
vt 0.959355 0.350189
vt 0.958665 0.350091
vt 0.960423 0.337673
vt 0.961054 0.338187
vt 0.962741 0.338115
vt 0.962196 0.337598
vt 0.963081 0.336116
vt 0.962547 0.335528
vt 0.964766 0.336086
vt 0.964317 0.335496
vt 0.965092 0.334442
vt 0.964655 0.333793
vt 0.982505 0.334461
vt 0.982947 0.333813
vt 0.983279 0.335517
vt 0.982825 0.336106
vt 0.985049 0.335552
vt 0.984510 0.336140
vt 0.985393 0.337623
vt 0.984843 0.338139
vt 0.607842 0.284093
vt 0.607263 0.125060
vt 0.608992 0.125057
vt 0.609572 0.284120
vt 0.607840 0.324031
vt 0.607678 0.308438
vt 0.609425 0.308393
vt 0.609580 0.323950
vt 0.607551 0.296526
vt 0.609307 0.296556
vt 0.608169 0.338932
vt 0.609888 0.338761
vt 0.611035 0.125052
vt 0.611614 0.284125
vt 0.611468 0.308353
vt 0.611615 0.323856
vt 0.611367 0.296587
vt 0.611899 0.338567
vt 0.612718 0.125049
vt 0.613298 0.284149
vt 0.613181 0.308314
vt 0.613317 0.323787
vt 0.613092 0.296613
vt 0.613574 0.338429
vt 0.614401 0.125045
vt 0.614979 0.284143
vt 0.614874 0.308289
vt 0.615001 0.323721
vt 0.614800 0.296634
vt 0.615239 0.338300
vt 0.611471 0.354360
vt 0.609796 0.354579
vt 0.612943 0.353060
vt 0.614546 0.352902
vt 0.615888 0.351702
vt 0.605828 0.357974
vt 0.603910 0.339350
vt 0.603546 0.324255
vt 0.603376 0.308552
vt 0.603193 0.296453
vt 0.603501 0.284075
vt 0.602919 0.125070
vt 0.688598 0.284385
vt 0.688657 0.125335
vt 0.693001 0.125331
vt 0.692939 0.284353
vt 0.688752 0.324287
vt 0.688839 0.308762
vt 0.693142 0.308855
vt 0.693048 0.324480
vt 0.688929 0.296864
vt 0.693286 0.296773
vt 0.688571 0.339068
vt 0.692834 0.339433
vt 0.686868 0.284416
vt 0.686928 0.125336
vt 0.687012 0.324222
vt 0.687092 0.308728
vt 0.687173 0.296905
vt 0.686849 0.338921
vt 0.684826 0.284426
vt 0.684885 0.125338
vt 0.684975 0.324149
vt 0.685049 0.308702
vt 0.685114 0.296951
vt 0.684834 0.338759
vt 0.683143 0.284454
vt 0.683202 0.125340
vt 0.683271 0.324100
vt 0.683336 0.308676
vt 0.683390 0.296993
vt 0.683154 0.338649
vt 0.681461 0.284451
vt 0.681519 0.125341
vt 0.681585 0.324054
vt 0.681643 0.308666
vt 0.681684 0.297031
vt 0.681485 0.338553
vt 0.691206 0.357866
vt 0.687189 0.354543
vt 0.685515 0.354334
vt 0.684026 0.353049
vt 0.682426 0.352886
vt 0.681070 0.351691
vt 0.659553 0.284372
vt 0.659609 0.125338
vt 0.661338 0.125342
vt 0.661283 0.284406
vt 0.659392 0.324309
vt 0.659292 0.308716
vt 0.661039 0.308678
vt 0.661132 0.324235
vt 0.659213 0.296803
vt 0.660969 0.296840
vt 0.659661 0.339211
vt 0.661381 0.339047
vt 0.663381 0.125345
vt 0.663325 0.284419
vt 0.663082 0.308646
vt 0.663167 0.324149
vt 0.663029 0.296879
vt 0.663393 0.338862
vt 0.665064 0.125349
vt 0.665008 0.284450
vt 0.664795 0.308614
vt 0.664870 0.324087
vt 0.664753 0.296913
vt 0.665069 0.338730
vt 0.666747 0.125352
vt 0.666690 0.284451
vt 0.666488 0.308596
vt 0.666554 0.324028
vt 0.666461 0.296940
vt 0.666733 0.338608
vt 0.662902 0.354653
vt 0.661226 0.354865
vt 0.664379 0.353358
vt 0.665982 0.353207
vt 0.667329 0.352012
vt 0.657244 0.358244
vt 0.655400 0.339612
vt 0.655097 0.324517
vt 0.654989 0.308812
vt 0.654855 0.296713
vt 0.655212 0.284337
vt 0.655265 0.125330
vt 0.636886 0.283990
vt 0.636311 0.124941
vt 0.640655 0.124920
vt 0.641227 0.283941
vt 0.637200 0.323892
vt 0.637225 0.308366
vt 0.641528 0.308442
vt 0.641496 0.324067
vt 0.637267 0.296468
vt 0.641625 0.296360
vt 0.637078 0.338674
vt 0.641343 0.339021
vt 0.635157 0.284028
vt 0.634582 0.124949
vt 0.635459 0.323834
vt 0.635478 0.308339
vt 0.635512 0.296516
vt 0.635355 0.338532
vt 0.633115 0.284046
vt 0.632539 0.124959
vt 0.633422 0.323769
vt 0.633434 0.308321
vt 0.633452 0.296570
vt 0.633339 0.338379
vt 0.631432 0.284081
vt 0.630856 0.124968
vt 0.631718 0.323726
vt 0.631722 0.308303
vt 0.631729 0.296619
vt 0.631659 0.338276
vt 0.629750 0.284085
vt 0.629173 0.124976
vt 0.630032 0.323687
vt 0.630028 0.308299
vt 0.630023 0.296664
vt 0.629990 0.338187
vt 0.639788 0.357460
vt 0.635758 0.354154
vt 0.634082 0.353951
vt 0.632588 0.352672
vt 0.630988 0.352516
vt 0.629627 0.351325
vt 0.601555 0.366910
vt 0.606755 0.366921
vt 0.642732 0.377807
vt 0.601551 0.368640
vt 0.599570 0.368636
vt 0.599567 0.370321
vt 0.597728 0.370317
vt 0.601509 0.388531
vt 0.601513 0.386802
vt 0.642732 0.377809
vt 0.599531 0.386797
vt 0.599535 0.385112
vt 0.597697 0.385109
vt 0.606709 0.388543
vt 0.642708 0.388620
vt 0.642754 0.366996
vt 0.694713 0.366585
vt 0.694694 0.368325
vt 0.653612 0.377302
vt 0.653610 0.377303
vt 0.696752 0.368305
vt 0.696753 0.369997
vt 0.698591 0.370002
vt 0.689515 0.366573
vt 0.694623 0.388223
vt 0.689431 0.388210
vt 0.694642 0.386491
vt 0.653611 0.377303
vt 0.696780 0.386568
vt 0.696755 0.384866
vt 0.698592 0.384871
vt 0.653483 0.388099
vt 0.653526 0.366511
vt 0.983636 0.200989
vt 0.983612 0.202895
vt 0.971493 0.202745
vt 0.971517 0.200839
vt 0.928326 0.210830
vt 0.928311 0.208924
vt 0.940431 0.208824
vt 0.940447 0.210731
vt 0.942057 0.210717
vt 0.942042 0.208811
vt 0.944072 0.210709
vt 0.944068 0.208803
vt 0.945756 0.210706
vt 0.945753 0.208800
vt 0.947427 0.210696
vt 0.947429 0.208790
vt 0.964839 0.210719
vt 0.964841 0.208812
vt 0.966517 0.208826
vt 0.966509 0.210732
vt 0.968202 0.208834
vt 0.968194 0.210740
vt 0.970229 0.208847
vt 0.970208 0.210753
vt 0.971918 0.208865
vt 0.971897 0.210772
vt 0.984037 0.208996
vt 0.984017 0.210901
vt 0.927924 0.202731
vt 0.927911 0.200825
vt 0.940031 0.200747
vt 0.940044 0.202653
vt 0.941733 0.202642
vt 0.941720 0.200736
vt 0.943747 0.202637
vt 0.943746 0.200731
vt 0.945432 0.202636
vt 0.945431 0.200730
vt 0.947102 0.202630
vt 0.947107 0.200724
vt 0.964513 0.202681
vt 0.964519 0.200775
vt 0.966195 0.200791
vt 0.966183 0.202698
vt 0.967880 0.200802
vt 0.967868 0.202708
vt 0.969906 0.200819
vt 0.969882 0.202724
vt 0.927089 0.254640
vt 0.932334 0.259781
vt 0.932359 0.267163
vt 0.927131 0.267181
vt 0.985540 0.267027
vt 0.985517 0.279147
vt 0.982567 0.279142
vt 0.982583 0.270090
vt 0.952177 0.248162
vt 0.946950 0.248172
vt 0.946936 0.240789
vt 0.952153 0.235621
vt 0.960424 0.251429
vt 0.960409 0.239309
vt 0.963363 0.242374
vt 0.963374 0.251425
vt 0.964812 0.242373
vt 0.962020 0.239307
vt 0.945754 0.240792
vt 0.950461 0.235624
vt 0.964810 0.240686
vt 0.962018 0.237292
vt 0.945752 0.239402
vt 0.950457 0.233519
vt 0.966220 0.240684
vt 0.963702 0.237290
vt 0.944601 0.239404
vt 0.948687 0.233522
vt 0.966218 0.239286
vt 0.963700 0.235620
vt 0.944599 0.238257
vt 0.948683 0.231784
vt 0.978603 0.239271
vt 0.981112 0.235600
vt 0.934498 0.238277
vt 0.930392 0.231819
vt 0.934500 0.239424
vt 0.930395 0.233558
vt 0.978604 0.240670
vt 0.981114 0.237270
vt 0.933349 0.239426
vt 0.928626 0.233561
vt 0.980015 0.240668
vt 0.982799 0.237268
vt 0.933352 0.240816
vt 0.928630 0.235666
vt 0.980017 0.242354
vt 0.982801 0.239282
vt 0.932171 0.240818
vt 0.926856 0.235670
vt 0.981466 0.242353
vt 0.984490 0.239280
vt 0.932185 0.248200
vt 0.926880 0.248211
vt 0.984504 0.251400
vt 0.981476 0.251404
vt 0.952428 0.267096
vt 0.947123 0.267114
vt 0.947098 0.259732
vt 0.952386 0.254556
vt 0.961436 0.279103
vt 0.961458 0.266983
vt 0.964481 0.270057
vt 0.964465 0.279109
vt 0.965929 0.270060
vt 0.963147 0.266986
vt 0.945917 0.259736
vt 0.950612 0.254562
vt 0.965932 0.268373
vt 0.963151 0.264972
vt 0.945912 0.258346
vt 0.950605 0.252456
vt 0.967343 0.268376
vt 0.964836 0.264975
vt 0.944762 0.258350
vt 0.948835 0.252462
vt 0.967346 0.266978
vt 0.964839 0.263305
vt 0.944758 0.257203
vt 0.948830 0.250724
vt 0.979730 0.267000
vt 0.982251 0.263336
vt 0.934657 0.257236
vt 0.930539 0.250785
vt 0.934661 0.258384
vt 0.930544 0.252523
vt 0.979728 0.268399
vt 0.982248 0.265006
vt 0.933511 0.258388
vt 0.928775 0.252529
vt 0.981139 0.268401
vt 0.983932 0.265009
vt 0.933515 0.259777
vt 0.928782 0.254635
vt 0.981135 0.270088
vt 0.983929 0.267024
vt 0.940054 0.218298
vt 0.927513 0.218246
vt 0.927517 0.217256
vt 0.940058 0.217308
vt 0.985333 0.223254
vt 0.985342 0.224244
vt 0.972803 0.224365
vt 0.972793 0.223375
vt 0.971101 0.223391
vt 0.971111 0.224381
vt 0.969002 0.223403
vt 0.969006 0.224393
vt 0.967233 0.223409
vt 0.967236 0.224399
vt 0.965498 0.223421
vt 0.965497 0.224411
vt 0.947207 0.223419
vt 0.947207 0.224408
vt 0.945468 0.224395
vt 0.945472 0.223405
vt 0.943699 0.224389
vt 0.943702 0.223399
vt 0.941593 0.224377
vt 0.941603 0.223387
vt 0.939819 0.224359
vt 0.939829 0.223369
vt 0.927280 0.224234
vt 0.927290 0.223244
vt 0.985563 0.216927
vt 0.985578 0.217917
vt 0.973039 0.218111
vt 0.973024 0.217121
vt 0.971250 0.217148
vt 0.971265 0.218138
vt 0.969151 0.217173
vt 0.969159 0.218162
vt 0.967381 0.217188
vt 0.967390 0.218178
vt 0.965646 0.217211
vt 0.965651 0.218201
vt 0.947354 0.217314
vt 0.947360 0.218304
vt 0.945621 0.218301
vt 0.945619 0.217311
vt 0.943851 0.218305
vt 0.943849 0.217315
vt 0.941746 0.218305
vt 0.941750 0.217315
vt 0.987911 0.269190
vt 0.987221 0.269286
vt 0.985545 0.257281
vt 0.986177 0.256769
vt 0.958239 0.246573
vt 0.957550 0.246476
vt 0.959284 0.234057
vt 0.959916 0.234569
vt 0.961524 0.234497
vt 0.960974 0.233981
vt 0.961857 0.232498
vt 0.961318 0.231911
vt 0.963541 0.232464
vt 0.963088 0.231875
vt 0.963862 0.230819
vt 0.963419 0.230172
vt 0.981273 0.230800
vt 0.981709 0.230152
vt 0.982047 0.231854
vt 0.981599 0.232444
vt 0.983817 0.231885
vt 0.983283 0.232474
vt 0.984168 0.233955
vt 0.983622 0.234472
vt 0.985940 0.234031
vt 0.985309 0.234544
vt 0.987698 0.246447
vt 0.987009 0.246545
vt 0.958448 0.269258
vt 0.957759 0.269161
vt 0.959517 0.256743
vt 0.960148 0.257257
vt 0.961835 0.257184
vt 0.961290 0.256667
vt 0.962174 0.255186
vt 0.961640 0.254598
vt 0.963859 0.255156
vt 0.963410 0.254566
vt 0.964185 0.253512
vt 0.963748 0.252863
vt 0.981598 0.253531
vt 0.982041 0.252883
vt 0.982372 0.254587
vt 0.981919 0.255176
vt 0.984142 0.254622
vt 0.983603 0.255210
vt 0.984486 0.256693
vt 0.983936 0.257209
vt 0.772122 0.119757
vt 0.772122 0.278935
vt 0.769019 0.278935
vt 0.769019 0.119757
vt 0.773093 0.292408
vt 0.769524 0.292408
vt 0.766949 0.278935
vt 0.766949 0.119757
vt 0.777439 0.304943
vt 0.771783 0.304943
vt 0.767144 0.292408
vt 0.765656 0.278935
vt 0.765656 0.119757
vt 0.786416 0.319169
vt 0.776451 0.319169
vt 0.768013 0.304943
vt 0.765656 0.292408
vt 0.759190 0.278935
vt 0.759190 0.119757
vt 0.797597 0.330537
vt 0.782266 0.330537
vt 0.769808 0.319169
vt 0.765656 0.304943
vt 0.758219 0.292408
vt 0.813417 0.341115
vt 0.790492 0.341115
vt 0.772044 0.330537
vt 0.765656 0.319169
vt 0.753873 0.304943
vt 0.790492 0.378397
vt 0.813417 0.346532
vt 0.775208 0.341115
vt 0.765656 0.330537
vt 0.744897 0.319169
vt 0.775208 0.378397
vt 0.765656 0.341115
vt 0.733715 0.330537
vt 0.765656 0.389762
vt 0.717896 0.341115
vt 0.717896 0.389762
vt 0.871318 0.121210
vt 0.871318 0.280389
vt 0.868214 0.280389
vt 0.868214 0.121210
vt 0.873387 0.121210
vt 0.873387 0.280389
vt 0.870813 0.293861
vt 0.867243 0.293861
vt 0.874680 0.121210
vt 0.874680 0.280389
vt 0.873193 0.293861
vt 0.868553 0.306397
vt 0.862897 0.306397
vt 0.881147 0.121210
vt 0.881147 0.280389
vt 0.874680 0.293861
vt 0.872324 0.306397
vt 0.863886 0.320623
vt 0.853921 0.320623
vt 0.882118 0.293861
vt 0.874680 0.306397
vt 0.870529 0.320623
vt 0.858071 0.331991
vt 0.842739 0.331991
vt 0.886464 0.306397
vt 0.874680 0.320623
vt 0.868292 0.331991
vt 0.849845 0.342569
vt 0.826920 0.342569
vt 0.895440 0.320623
vt 0.874680 0.331991
vt 0.865128 0.342569
vt 0.849845 0.379850
vt 0.826920 0.347986
vt 0.906621 0.331991
vt 0.874680 0.342569
vt 0.865128 0.379850
vt 0.922441 0.342569
vt 0.874680 0.391216
vt 0.922441 0.391216
vt 0.723047 0.250852
vt 0.735019 0.250852
vt 0.735019 0.303743
vt 0.723047 0.303743
vt 0.723047 0.240274
vt 0.735019 0.240274
vt 0.711075 0.250852
vt 0.711075 0.303743
vt 0.723047 0.223349
vt 0.735019 0.223349
vt 0.711075 0.240274
vt 0.723047 0.197961
vt 0.735019 0.197961
vt 0.711075 0.223349
vt 0.711075 0.197961
vn 0.000001 -0.264977 0.964255
vn 0.000001 0.000000 1.000000
vn 0.000001 0.000000 1.000000
vn 0.000001 -0.331286 0.943530
vn -0.000001 0.000000 1.000000
vn -0.000001 -0.264977 0.964255
vn -0.000001 -0.331285 0.943531
vn -0.000001 0.000000 1.000000
vn -1.000000 0.000001 0.000000
vn -1.000000 0.000001 0.000000
vn -0.965141 -0.261729 0.000000
vn -0.994536 -0.104397 0.000000
vn -0.000001 0.000000 1.000000
vn -0.000001 0.000000 1.000000
vn 0.000633 -0.156815 0.987628
vn 0.001227 -0.303829 0.952726
vn -0.999980 -0.006361 -0.000001
vn -0.999980 -0.006361 -0.000001
vn -0.955090 -0.296317 -0.000001
vn -0.989243 -0.146282 -0.000001
vn 0.000000 -0.000001 1.000000
vn 0.000000 -0.000001 1.000000
vn 0.000275 -0.115136 0.993350
vn 0.000641 -0.268438 0.963297
vn -0.999955 -0.009468 0.000000
vn -0.999955 -0.009468 0.000000
vn -0.948281 -0.317433 0.000000
vn -0.948423 -0.317008 0.000000
vn 0.000635 -0.266442 -0.963851
vn 0.000271 -0.113783 -0.993506
vn 0.000000 0.000000 -1.000000
vn 0.000000 0.000000 -1.000000
vn -0.989159 -0.146849 0.000000
vn -0.955195 -0.295978 0.000000
vn -0.999980 -0.006361 0.000000
vn -0.999980 -0.006361 0.000000
vn 0.001220 -0.302011 -0.953304
vn 0.000628 -0.155329 -0.987863
vn 0.000000 0.000002 -1.000000
vn 0.000000 0.000002 -1.000000
vn -0.994489 -0.104843 -0.000003
vn -0.965141 -0.261729 -0.000003
vn -1.000000 0.000000 -0.000003
vn -1.000000 0.000000 -0.000003
vn -0.000001 -0.331286 -0.943530
vn -0.000001 -0.264977 -0.964255
vn -0.000001 0.000001 -1.000000
vn -0.000001 0.000001 -1.000000
vn 0.000000 0.000000 -1.000000
vn 0.000000 -0.264978 -0.964254
vn 0.000000 -0.331286 -0.943530
vn 0.000000 0.000000 -1.000000
vn 1.000000 0.000001 0.000000
vn 1.000000 0.000001 0.000000
vn 0.965141 -0.261729 0.000000
vn 0.994489 -0.104843 0.000000
vn 0.000000 0.000000 -1.000000
vn 0.000000 0.000000 -1.000000
vn -0.000628 -0.155329 -0.987863
vn -0.001220 -0.302010 -0.953304
vn 0.999980 -0.006362 0.000002
vn 0.999980 -0.006362 0.000002
vn 0.955195 -0.295976 0.000002
vn 0.989159 -0.146848 0.000002
vn 0.000000 0.000002 -1.000000
vn 0.000000 0.000002 -1.000000
vn -0.000272 -0.113782 -0.993506
vn -0.000636 -0.266441 -0.963851
vn 0.999955 -0.009468 0.000000
vn 0.999955 -0.009468 0.000000
vn 0.948423 -0.317007 0.000000
vn 0.948281 -0.317434 0.000000
vn -0.000640 -0.268436 0.963297
vn -0.000275 -0.115133 0.993350
vn -0.000001 0.000000 1.000000
vn -0.000001 0.000000 1.000000
vn 0.989243 -0.146283 0.000000
vn 0.955089 -0.296318 0.000000
vn 0.999980 -0.006361 0.000000
vn 0.999980 -0.006361 0.000000
vn -0.001228 -0.303828 0.952726
vn -0.000634 -0.156814 0.987628
vn 0.000000 0.000000 1.000000
vn 0.000000 0.000000 1.000000
vn 0.994536 -0.104398 0.000000
vn 0.965141 -0.261730 0.000000
vn 1.000000 0.000000 0.000000
vn 1.000000 0.000000 0.000000
vn 0.000000 1.000000 0.000000
vn 0.000000 1.000000 0.000000
vn 0.000000 1.000000 -0.000001
vn 0.000000 1.000000 -0.000001
vn 0.000000 -1.000000 0.000001
vn 0.000000 -1.000000 0.000001
vn 0.000000 -1.000000 0.000001
vn 0.000000 -1.000000 0.000001
vn 0.000000 1.000000 -0.000001
vn 0.000000 1.000000 -0.000001
vn 0.000000 1.000000 -0.000001
vn 0.000000 1.000000 -0.000001
vn 0.000000 -1.000000 0.000001
vn 0.000000 -1.000000 0.000000
vn 0.000000 -1.000000 0.000000
vn 0.000000 -1.000000 0.000001
vn 0.001110 -0.999999 0.000551
vn 0.000000 -1.000000 0.000000
vn 0.000000 -1.000000 0.000000
vn 0.001201 -0.999999 0.000596
vn 0.000000 1.000000 -0.000001
vn -0.001187 0.999999 -0.000950
vn -0.001278 0.999999 -0.001022
vn 0.000000 1.000000 -0.000001
vn 0.002348 -0.999997 0.000577
vn 0.001110 -0.999999 0.000551
vn 0.001201 -0.999999 0.000596
vn 0.002365 -0.999997 0.000484
vn -0.001187 0.999999 -0.000950
vn -0.001914 0.999998 -0.000979
vn -0.001825 0.999998 -0.000803
vn -0.001278 0.999999 -0.001022
vn 0.002077 -0.999998 -0.000754
vn 0.002348 -0.999997 0.000577
vn 0.002365 -0.999997 0.000484
vn 0.001941 -0.999998 -0.001027
vn -0.001914 0.999998 -0.000979
vn -0.001416 0.999999 0.000124
vn -0.001416 0.999999 0.000181
vn -0.001825 0.999998 -0.000803
vn 0.003223 -0.999995 -0.000172
vn 0.002077 -0.999998 -0.000754
vn 0.001941 -0.999998 -0.001027
vn 0.003294 -0.999995 -0.000094
vn -0.001416 0.999999 0.000124
vn -0.001881 0.999998 0.000030
vn -0.001900 0.999998 0.000015
vn -0.001416 0.999999 0.000181
vn 0.003223 -0.999995 0.000173
vn 0.003223 -0.999995 -0.000172
vn 0.003294 -0.999995 -0.000094
vn 0.003294 -0.999995 0.000095
vn -0.001881 0.999998 0.000030
vn -0.001881 0.999998 -0.000029
vn -0.001900 0.999998 -0.000014
vn -0.001900 0.999998 0.000015
vn -0.001881 0.999998 -0.000029
vn -0.001416 0.999999 -0.000125
vn -0.001414 0.999999 -0.000183
vn -0.001900 0.999998 -0.000014
vn 0.002077 -0.999998 0.000754
vn 0.003223 -0.999995 0.000173
vn 0.003294 -0.999995 0.000095
vn 0.001941 -0.999998 0.001027
vn -0.001416 0.999999 -0.000125
vn -0.001915 0.999998 0.000981
vn -0.001825 0.999998 0.000804
vn -0.001414 0.999999 -0.000183
vn 0.002348 -0.999997 -0.000577
vn 0.002077 -0.999998 0.000754
vn 0.001941 -0.999998 0.001027
vn 0.002365 -0.999997 -0.000484
vn -0.001915 0.999998 0.000981
vn -0.001170 0.999999 0.000936
vn -0.001262 0.999999 0.001009
vn -0.001825 0.999998 0.000804
vn 0.001095 -0.999999 -0.000544
vn 0.002348 -0.999997 -0.000577
vn 0.002365 -0.999997 -0.000484
vn 0.001187 -0.999999 -0.000589
vn -0.001170 0.999999 0.000936
vn 0.000000 1.000000 0.000000
vn 0.000000 1.000000 0.000000
vn -0.001262 0.999999 0.001009
vn 0.000001 -1.000000 -0.000001
vn 0.001095 -0.999999 -0.000544
vn 0.001187 -0.999999 -0.000589
vn 0.000001 -1.000000 -0.000001
vn 0.000000 1.000000 0.000000
vn 0.000000 1.000000 0.000000
vn 0.000000 1.000000 0.000000
vn 0.000000 1.000000 0.000000
vn 0.000001 -1.000000 -0.000001
vn 0.000000 -1.000000 -0.000001
vn 0.000000 -1.000000 -0.000001
vn 0.000001 -1.000000 -0.000001
vn 0.000000 1.000000 0.000000
vn 0.000000 1.000000 0.000000
vn 0.000000 1.000000 0.000000
vn 0.000000 1.000000 0.000000
vn 0.000000 -1.000000 -0.000001
vn 0.000000 -1.000000 0.000000
vn 0.000000 -1.000000 0.000000
vn 0.000000 -1.000000 -0.000001
vn -0.001096 -0.999999 -0.000544
vn 0.000000 -1.000000 0.000000
vn 0.000000 -1.000000 0.000000
vn -0.001188 -0.999999 -0.000589
vn 0.000000 1.000000 0.000000
vn 0.001169 0.999999 0.000936
vn 0.001261 0.999999 0.001009
vn 0.000000 1.000000 0.000000
vn -0.002349 -0.999997 -0.000575
vn -0.001096 -0.999999 -0.000544
vn -0.001188 -0.999999 -0.000589
vn -0.002366 -0.999997 -0.000482
vn 0.001169 0.999999 0.000936
vn 0.001913 0.999998 0.000978
vn 0.001824 0.999998 0.000801
vn 0.001261 0.999999 0.001009
vn -0.002076 -0.999998 0.000755
vn -0.002349 -0.999997 -0.000575
vn -0.002366 -0.999997 -0.000482
vn -0.001940 -0.999998 0.001027
vn 0.001913 0.999998 0.000978
vn 0.001416 0.999999 -0.000124
vn 0.001414 0.999999 -0.000181
vn 0.001824 0.999998 0.000801
vn -0.003223 -0.999995 0.000172
vn -0.002076 -0.999998 0.000755
vn -0.001940 -0.999998 0.001027
vn -0.003293 -0.999995 0.000094
vn 0.001416 0.999999 -0.000124
vn 0.001881 0.999998 -0.000029
vn 0.001900 0.999998 -0.000014
vn 0.001414 0.999999 -0.000181
vn -0.003223 -0.999995 -0.000173
vn -0.003223 -0.999995 0.000172
vn -0.003293 -0.999995 0.000094
vn -0.003294 -0.999995 -0.000095
vn 0.001881 0.999998 -0.000029
vn 0.001881 0.999998 0.000029
vn 0.001900 0.999998 0.000014
vn 0.001900 0.999998 -0.000014
vn 0.001881 0.999998 0.000029
vn 0.001416 0.999999 0.000125
vn 0.001414 0.999999 0.000183
vn 0.001900 0.999998 0.000014
vn -0.002077 -0.999998 -0.000754
vn -0.003223 -0.999995 -0.000173
vn -0.003294 -0.999995 -0.000095
vn -0.001941 -0.999998 -0.001027
vn 0.001416 0.999999 0.000125
vn 0.001914 0.999998 -0.000979
vn 0.001825 0.999998 -0.000803
vn 0.001414 0.999999 0.000183
vn -0.002349 -0.999997 0.000578
vn -0.002077 -0.999998 -0.000754
vn -0.001941 -0.999998 -0.001027
vn -0.002366 -0.999997 0.000485
vn 0.001914 0.999998 -0.000979
vn 0.001187 0.999999 -0.000950
vn 0.001278 0.999999 -0.001022
vn 0.001825 0.999998 -0.000803
vn -0.001111 -0.999999 0.000552
vn -0.002349 -0.999997 0.000578
vn -0.002366 -0.999997 0.000485
vn -0.001202 -0.999999 0.000598
vn 0.001187 0.999999 -0.000950
vn 0.000000 1.000000 0.000000
vn 0.000000 1.000000 0.000000
vn 0.001278 0.999999 -0.001022
vn 0.000000 -1.000000 0.000001
vn -0.001111 -0.999999 0.000552
vn -0.001202 -0.999999 0.000598
vn 0.000000 -1.000000 0.000001
vn 0.000001 0.000000 1.000000
vn 0.000001 0.000000 1.000000
vn 0.000001 -0.411752 0.911296
vn 0.000001 -0.308220 0.951315
vn -0.000001 -0.411751 0.911296
vn -0.000001 0.000001 1.000000
vn -0.000001 0.000001 1.000000
vn -0.000001 -0.308219 0.951315
vn -0.924581 -0.380985 0.000000
vn -0.986538 -0.163530 0.000000
vn -1.000000 -0.000001 0.000000
vn -1.000000 -0.000001 0.000000
vn 0.000986 -0.244313 0.969696
vn 0.001775 -0.439392 0.898294
vn -0.000001 0.000000 1.000000
vn -0.000001 0.000000 1.000000
vn -0.905570 -0.424196 -0.000001
vn -0.975040 -0.222030 -0.000001
vn -0.999978 -0.006583 -0.000001
vn -0.999978 -0.006583 -0.000001
vn 0.000441 -0.184773 0.982781
vn 0.000942 -0.394393 0.918941
vn 0.000000 0.000004 1.000000
vn 0.000000 0.000004 1.000000
vn -0.960956 -0.276703 0.000000
vn -0.961206 -0.275830 0.000000
vn -0.999952 -0.009798 0.000000
vn -0.999952 -0.009798 0.000000
vn 0.000000 0.000000 -1.000000
vn 0.000000 0.000000 -1.000000
vn 0.000933 -0.391684 -0.920099
vn 0.000435 -0.182644 -0.983179
vn -0.999978 -0.006583 0.000000
vn -0.999978 -0.006583 0.000000
vn -0.974866 -0.222792 0.000000
vn -0.905782 -0.423745 0.000000
vn 0.000000 0.000000 -1.000000
vn 0.000000 0.000000 -1.000000
vn 0.001766 -0.437005 -0.899457
vn 0.000978 -0.242052 -0.970263
vn -1.000000 0.000000 -0.000003
vn -1.000000 0.000000 -0.000003
vn -0.986539 -0.163529 -0.000003
vn -0.924725 -0.380636 -0.000003
vn -0.000002 -0.000002 -1.000000
vn -0.000002 -0.000002 -1.000000
vn -0.000001 -0.411754 -0.911295
vn -0.000001 -0.308222 -0.951315
vn 0.000001 -0.411755 -0.911294
vn 0.000001 -0.000002 -1.000000
vn 0.000001 -0.000002 -1.000000
vn 0.000001 -0.308223 -0.951314
vn 0.924725 -0.380637 0.000000
vn 0.986538 -0.163530 0.000000
vn 1.000000 0.000000 0.000000
vn 1.000000 0.000000 0.000000
vn -0.000978 -0.242053 -0.970263
vn -0.001766 -0.437004 -0.899458
vn 0.000000 -0.000004 -1.000000
vn 0.000000 -0.000004 -1.000000
vn 0.905782 -0.423744 0.000002
vn 0.974866 -0.222791 0.000002
vn 0.999978 -0.006584 0.000002
vn 0.999978 -0.006584 0.000002
vn -0.000436 -0.182647 -0.983178
vn -0.000935 -0.391684 -0.920099
vn 0.000000 -0.000004 -1.000000
vn 0.000000 -0.000004 -1.000000
vn 0.961206 -0.275832 0.000000
vn 0.960955 -0.276705 0.000000
vn 0.999952 -0.009799 0.000000
vn 0.999952 -0.009799 0.000000
vn 0.000000 0.000000 1.000000
vn 0.000000 0.000000 1.000000
vn -0.000940 -0.394393 0.918941
vn -0.000440 -0.184773 0.982781
vn 0.999978 -0.006583 0.000000
vn 0.999978 -0.006583 0.000000
vn 0.975040 -0.222031 0.000000
vn 0.905569 -0.424198 0.000000
vn 0.000001 0.000000 1.000000
vn 0.000001 0.000000 1.000000
vn -0.001775 -0.439391 0.898294
vn -0.000986 -0.244313 0.969696
vn 1.000000 0.000001 0.000000
vn 1.000000 0.000001 0.000000
vn 0.986539 -0.163528 0.000000
vn 0.924582 -0.380983 0.000000
vn 0.000001 -0.411752 0.911296
vn 0.000001 -0.264977 0.964255
vn 0.000001 -0.331286 0.943530
vn 0.000001 -0.308220 0.951315
vn -0.000001 -0.264977 0.964255
vn -0.000001 -0.411751 0.911296
vn -0.000001 -0.308219 0.951315
vn -0.000001 -0.331285 0.943531
vn -0.994536 -0.104397 0.000000
vn -0.965141 -0.261729 0.000000
vn -0.986538 -0.163530 0.000000
vn -0.924581 -0.380985 0.000000
vn 0.001227 -0.303829 0.952726
vn 0.000633 -0.156815 0.987628
vn 0.001775 -0.439392 0.898294
vn 0.000986 -0.244313 0.969696
vn -0.989243 -0.146282 -0.000001
vn -0.955090 -0.296317 -0.000001
vn -0.975040 -0.222030 -0.000001
vn -0.905570 -0.424196 -0.000001
vn 0.000641 -0.268438 0.963297
vn 0.000275 -0.115136 0.993350
vn 0.000942 -0.394393 0.918941
vn 0.000441 -0.184773 0.982781
vn -0.948423 -0.317008 0.000000
vn -0.948281 -0.317433 0.000000
vn -0.961206 -0.275830 0.000000
vn -0.960956 -0.276703 0.000000
vn 0.000435 -0.182644 -0.983179
vn 0.000933 -0.391684 -0.920099
vn 0.000271 -0.113783 -0.993506
vn 0.000635 -0.266442 -0.963851
vn -0.905782 -0.423745 0.000000
vn -0.974866 -0.222792 0.000000
vn -0.955195 -0.295978 0.000000
vn -0.989159 -0.146849 0.000000
vn 0.000978 -0.242052 -0.970263
vn 0.001766 -0.437005 -0.899457
vn 0.000628 -0.155329 -0.987863
vn 0.001220 -0.302011 -0.953304
vn -0.924725 -0.380636 -0.000003
vn -0.986539 -0.163529 -0.000003
vn -0.965141 -0.261729 -0.000003
vn -0.994489 -0.104843 -0.000003
vn -0.000001 -0.308222 -0.951315
vn -0.000001 -0.411754 -0.911295
vn -0.000001 -0.264977 -0.964255
vn -0.000001 -0.331286 -0.943530
vn 0.000000 -0.264978 -0.964254
vn 0.000001 -0.411755 -0.911294
vn 0.000001 -0.308223 -0.951314
vn 0.000000 -0.331286 -0.943530
vn 0.994489 -0.104843 0.000000
vn 0.965141 -0.261729 0.000000
vn 0.986538 -0.163530 0.000000
vn 0.924725 -0.380637 0.000000
vn -0.001220 -0.302010 -0.953304
vn -0.000628 -0.155329 -0.987863
vn -0.001766 -0.437004 -0.899458
vn -0.000978 -0.242053 -0.970263
vn 0.989159 -0.146848 0.000002
vn 0.955195 -0.295976 0.000002
vn 0.974866 -0.222791 0.000002
vn 0.905782 -0.423744 0.000002
vn -0.000636 -0.266441 -0.963851
vn -0.000272 -0.113782 -0.993506
vn -0.000935 -0.391684 -0.920099
vn -0.000436 -0.182647 -0.983178
vn 0.948281 -0.317434 0.000000
vn 0.948423 -0.317007 0.000000
vn 0.960955 -0.276705 0.000000
vn 0.961206 -0.275832 0.000000
vn -0.000440 -0.184773 0.982781
vn -0.000940 -0.394393 0.918941
vn -0.000275 -0.115133 0.993350
vn -0.000640 -0.268436 0.963297
vn 0.905569 -0.424198 0.000000
vn 0.975040 -0.222031 0.000000
vn 0.955089 -0.296318 0.000000
vn 0.989243 -0.146283 0.000000
vn -0.000986 -0.244313 0.969696
vn -0.001775 -0.439391 0.898294
vn -0.000634 -0.156814 0.987628
vn -0.001228 -0.303828 0.952726
vn 0.924582 -0.380983 0.000000
vn 0.986539 -0.163528 0.000000
vn 0.965141 -0.261730 0.000000
vn 0.994536 -0.104398 0.000000
vn 0.000001 -0.264977 0.964255
vn 0.000001 0.000000 1.000000
vn 0.000001 0.000000 1.000000
vn 0.000001 -0.331285 0.943531
vn -0.000001 0.000000 1.000000
vn -0.000001 -0.264977 0.964255
vn -0.000001 -0.331285 0.943531
vn -0.000001 0.000000 1.000000
vn -1.000000 0.000001 0.000000
vn -1.000000 0.000001 0.000000
vn -0.965141 -0.261729 0.000000
vn -0.994536 -0.104397 0.000000
vn -0.000001 0.000000 1.000000
vn -0.000001 0.000000 1.000000
vn 0.000633 -0.156814 0.987628
vn 0.001227 -0.303828 0.952726
vn -0.999980 -0.006361 -0.000001
vn -0.999980 -0.006361 -0.000001
vn -0.955090 -0.296317 -0.000001
vn -0.989243 -0.146282 -0.000001
vn 0.000000 -0.000001 1.000000
vn 0.000000 -0.000001 1.000000
vn 0.000275 -0.115137 0.993350
vn 0.000641 -0.268439 0.963297
vn -0.999955 -0.009468 0.000000
vn -0.999955 -0.009468 0.000000
vn -0.948281 -0.317433 0.000000
vn -0.948423 -0.317008 0.000000
vn 0.000635 -0.266441 -0.963851
vn 0.000271 -0.113782 -0.993506
vn 0.000000 0.000000 -1.000000
vn 0.000000 0.000000 -1.000000
vn -0.989159 -0.146849 0.000000
vn -0.955195 -0.295978 0.000000
vn -0.999980 -0.006361 0.000000
vn -0.999980 -0.006361 0.000000
vn 0.001220 -0.302010 -0.953304
vn 0.000628 -0.155329 -0.987863
vn 0.000000 0.000002 -1.000000
vn 0.000000 0.000002 -1.000000
vn -0.994489 -0.104843 -0.000002
vn -0.965141 -0.261729 -0.000002
vn -1.000000 0.000000 -0.000003
vn -1.000000 0.000000 -0.000003
vn -0.000001 -0.331286 -0.943530
vn -0.000001 -0.264977 -0.964255
vn -0.000001 0.000001 -1.000000
vn -0.000001 0.000001 -1.000000
vn 0.000000 0.000000 -1.000000
vn 0.000000 -0.264977 -0.964255
vn 0.000000 -0.331286 -0.943530
vn 0.000000 0.000000 -1.000000
vn 1.000000 0.000001 0.000000
vn 1.000000 0.000001 0.000000
vn 0.965141 -0.261729 0.000000
vn 0.994489 -0.104843 0.000000
vn 0.000000 0.000000 -1.000000
vn 0.000000 0.000000 -1.000000
vn -0.000628 -0.155329 -0.987863
vn -0.001220 -0.302010 -0.953304
vn 0.999980 -0.006362 0.000002
vn 0.999980 -0.006362 0.000002
vn 0.955195 -0.295976 0.000002
vn 0.989159 -0.146848 0.000002
vn 0.000000 0.000002 -1.000000
vn 0.000000 0.000002 -1.000000
vn -0.000272 -0.113782 -0.993506
vn -0.000636 -0.266440 -0.963851
vn 0.999955 -0.009468 0.000000
vn 0.999955 -0.009468 0.000000
vn 0.948423 -0.317007 0.000000
vn 0.948281 -0.317434 0.000000
vn -0.000640 -0.268437 0.963297
vn -0.000275 -0.115133 0.993350
vn -0.000001 0.000000 1.000000
vn -0.000001 0.000000 1.000000
vn 0.989243 -0.146283 0.000000
vn 0.955089 -0.296318 0.000000
vn 0.999980 -0.006361 0.000000
vn 0.999980 -0.006361 0.000000
vn -0.001228 -0.303828 0.952726
vn -0.000634 -0.156814 0.987628
vn 0.000000 0.000000 1.000000
vn 0.000000 0.000000 1.000000
vn 0.994536 -0.104398 0.000000
vn 0.965141 -0.261730 0.000000
vn 1.000000 0.000000 0.000000
vn 1.000000 0.000000 0.000000
vn 0.000000 1.000000 0.000000
vn 0.000000 1.000000 0.000000
vn 0.000000 1.000000 0.000000
vn 0.000000 1.000000 0.000000
vn 0.000000 -1.000000 0.000000
vn 0.000000 -1.000000 0.000000
vn 0.000000 -1.000000 0.000000
vn 0.000000 -1.000000 0.000000
vn 0.000000 1.000000 0.000000
vn 0.000000 1.000000 0.000000
vn 0.000000 1.000000 0.000000
vn 0.000000 1.000000 0.000000
vn 0.000000 -1.000000 0.000000
vn 0.000000 -1.000000 0.000000
vn 0.000000 -1.000000 0.000000
vn 0.000000 -1.000000 0.000000
vn 0.001110 -0.999999 0.000549
vn 0.000000 -1.000000 0.000000
vn 0.000000 -1.000000 0.000000
vn 0.001201 -0.999999 0.000595
vn 0.000000 1.000000 0.000000
vn -0.001187 0.999999 -0.000950
vn -0.001278 0.999999 -0.001022
vn 0.000000 1.000000 0.000000
vn 0.002348 -0.999997 0.000575
vn 0.001110 -0.999999 0.000549
vn 0.001201 -0.999999 0.000595
vn 0.002365 -0.999997 0.000482
vn -0.001187 0.999999 -0.000950
vn -0.001914 0.999998 -0.000977
vn -0.001825 0.999998 -0.000801
vn -0.001278 0.999999 -0.001022
vn 0.002077 -0.999998 -0.000753
vn 0.002348 -0.999997 0.000575
vn 0.002365 -0.999997 0.000482
vn 0.001941 -0.999998 -0.001026
vn -0.001914 0.999998 -0.000977
vn -0.001416 0.999999 0.000125
vn -0.001416 0.999999 0.000181
vn -0.001825 0.999998 -0.000801
vn 0.003223 -0.999995 -0.000172
vn 0.002077 -0.999998 -0.000753
vn 0.001941 -0.999998 -0.001026
vn 0.003294 -0.999995 -0.000094
vn -0.001416 0.999999 0.000125
vn -0.001881 0.999998 0.000029
vn -0.001900 0.999998 0.000014
vn -0.001416 0.999999 0.000181
vn 0.003223 -0.999995 0.000172
vn 0.003223 -0.999995 -0.000172
vn 0.003294 -0.999995 -0.000094
vn 0.003294 -0.999995 0.000095
vn -0.001881 0.999998 0.000029
vn -0.001881 0.999998 -0.000029
vn -0.001900 0.999998 -0.000014
vn -0.001900 0.999998 0.000014
vn -0.001881 0.999998 -0.000029
vn -0.001416 0.999999 -0.000125
vn -0.001414 0.999999 -0.000183
vn -0.001900 0.999998 -0.000014
vn 0.002077 -0.999998 0.000752
vn 0.003223 -0.999995 0.000172
vn 0.003294 -0.999995 0.000095
vn 0.001941 -0.999998 0.001024
vn -0.001416 0.999999 -0.000125
vn -0.001915 0.999998 0.000983
vn -0.001825 0.999998 0.000805
vn -0.001414 0.999999 -0.000183
vn 0.002348 -0.999997 -0.000575
vn 0.002077 -0.999998 0.000752
vn 0.001941 -0.999998 0.001024
vn 0.002365 -0.999997 -0.000482
vn -0.001915 0.999998 0.000983
vn -0.001170 0.999999 0.000938
vn -0.001262 0.999999 0.001011
vn -0.001825 0.999998 0.000805
vn 0.001095 -0.999999 -0.000542
vn 0.002348 -0.999997 -0.000575
vn 0.002365 -0.999997 -0.000482
vn 0.001187 -0.999999 -0.000588
vn -0.001170 0.999999 0.000938
vn 0.000000 1.000000 0.000000
vn 0.000000 1.000000 0.000000
vn -0.001262 0.999999 0.001011
vn 0.000001 -1.000000 0.000000
vn 0.001095 -0.999999 -0.000542
vn 0.001187 -0.999999 -0.000588
vn 0.000001 -1.000000 0.000000
vn 0.000000 1.000000 0.000000
vn 0.000000 1.000000 0.000000
vn 0.000000 1.000000 0.000001
vn 0.000000 1.000000 0.000001
vn 0.000001 -1.000000 0.000000
vn 0.000000 -1.000000 0.000000
vn 0.000000 -1.000000 0.000000
vn 0.000001 -1.000000 0.000000
vn 0.000000 1.000000 0.000001
vn 0.000000 1.000000 0.000001
vn 0.000000 1.000000 0.000001
vn 0.000000 1.000000 0.000001
vn 0.000000 -1.000000 0.000000
vn 0.000000 -1.000000 0.000000
vn 0.000000 -1.000000 0.000000
vn 0.000000 -1.000000 0.000000
vn -0.001096 -0.999999 -0.000542
vn 0.000000 -1.000000 0.000000
vn 0.000000 -1.000000 0.000000
vn -0.001188 -0.999999 -0.000588
vn 0.000000 1.000000 0.000001
vn 0.001169 0.999999 0.000936
vn 0.001261 0.999999 0.001009
vn 0.000000 1.000000 0.000001
vn -0.002349 -0.999997 -0.000575
vn -0.001096 -0.999999 -0.000542
vn -0.001188 -0.999999 -0.000588
vn -0.002366 -0.999997 -0.000482
vn 0.001169 0.999999 0.000936
vn 0.001913 0.999998 0.000979
vn 0.001824 0.999998 0.000802
vn 0.001261 0.999999 0.001009
vn -0.002076 -0.999998 0.000754
vn -0.002349 -0.999997 -0.000575
vn -0.002366 -0.999997 -0.000482
vn -0.001940 -0.999998 0.001027
vn 0.001913 0.999998 0.000979
vn 0.001416 0.999999 -0.000125
vn 0.001414 0.999999 -0.000183
vn 0.001824 0.999998 0.000802
vn -0.003223 -0.999995 0.000172
vn -0.002076 -0.999998 0.000754
vn -0.001940 -0.999998 0.001027
vn -0.003293 -0.999995 0.000095
vn 0.001416 0.999999 -0.000125
vn 0.001881 0.999998 -0.000030
vn 0.001900 0.999998 -0.000014
vn 0.001414 0.999999 -0.000183
vn -0.003223 -0.999995 -0.000172
vn -0.003223 -0.999995 0.000172
vn -0.003293 -0.999995 0.000095
vn -0.003294 -0.999995 -0.000095
vn 0.001881 0.999998 -0.000030
vn 0.001881 0.999998 0.000030
vn 0.001900 0.999998 0.000014
vn 0.001900 0.999998 -0.000014
vn 0.001881 0.999998 0.000030
vn 0.001416 0.999999 0.000125
vn 0.001414 0.999999 0.000183
vn 0.001900 0.999998 0.000014
vn -0.002077 -0.999998 -0.000753
vn -0.003223 -0.999995 -0.000172
vn -0.003294 -0.999995 -0.000095
vn -0.001941 -0.999998 -0.001026
vn 0.001416 0.999999 0.000125
vn 0.001914 0.999998 -0.000979
vn 0.001825 0.999998 -0.000803
vn 0.001414 0.999999 0.000183
vn -0.002349 -0.999997 0.000577
vn -0.002077 -0.999998 -0.000753
vn -0.001941 -0.999998 -0.001026
vn -0.002366 -0.999997 0.000484
vn 0.001914 0.999998 -0.000979
vn 0.001187 0.999999 -0.000950
vn 0.001278 0.999999 -0.001022
vn 0.001825 0.999998 -0.000803
vn -0.001111 -0.999999 0.000551
vn -0.002349 -0.999997 0.000577
vn -0.002366 -0.999997 0.000484
vn -0.001202 -0.999999 0.000596
vn 0.001187 0.999999 -0.000950
vn 0.000000 1.000000 0.000000
vn 0.000000 1.000000 0.000000
vn 0.001278 0.999999 -0.001022
vn 0.000000 -1.000000 0.000000
vn -0.001111 -0.999999 0.000551
vn -0.001202 -0.999999 0.000596
vn 0.000000 -1.000000 0.000000
vn 0.000001 0.000000 1.000000
vn 0.000001 0.000000 1.000000
vn 0.000001 -0.411752 0.911296
vn 0.000001 -0.308221 0.951315
vn -0.000001 -0.411752 0.911296
vn -0.000001 0.000001 1.000000
vn -0.000001 0.000001 1.000000
vn -0.000001 -0.308220 0.951315
vn -0.924581 -0.380985 0.000000
vn -0.986538 -0.163530 0.000000
vn -1.000000 -0.000001 0.000000
vn -1.000000 -0.000001 0.000000
vn 0.000986 -0.244313 0.969696
vn 0.001775 -0.439391 0.898294
vn -0.000001 0.000000 1.000000
vn -0.000001 0.000000 1.000000
vn -0.905570 -0.424196 -0.000001
vn -0.975040 -0.222030 -0.000001
vn -0.999978 -0.006583 -0.000001
vn -0.999978 -0.006583 -0.000001
vn 0.000441 -0.184774 0.982781
vn 0.000942 -0.394394 0.918941
vn 0.000000 0.000004 1.000000
vn 0.000000 0.000004 1.000000
vn -0.960956 -0.276703 0.000000
vn -0.961206 -0.275830 0.000000
vn -0.999952 -0.009798 0.000000
vn -0.999952 -0.009798 0.000000
vn 0.000000 0.000000 -1.000000
vn 0.000000 0.000000 -1.000000
vn 0.000933 -0.391683 -0.920100
vn 0.000435 -0.182644 -0.983179
vn -0.999978 -0.006583 0.000000
vn -0.999978 -0.006583 0.000000
vn -0.974866 -0.222792 0.000000
vn -0.905782 -0.423745 0.000000
vn 0.000000 0.000000 -1.000000
vn 0.000000 0.000000 -1.000000
vn 0.001766 -0.437002 -0.899459
vn 0.000978 -0.242051 -0.970263
vn -1.000000 0.000000 -0.000003
vn -1.000000 0.000000 -0.000003
vn -0.986539 -0.163529 -0.000002
vn -0.924725 -0.380636 -0.000002
vn -0.000002 -0.000002 -1.000000
vn -0.000002 -0.000002 -1.000000
vn -0.000001 -0.411753 -0.911295
vn -0.000001 -0.308221 -0.951315
vn 0.000001 -0.411754 -0.911295
vn 0.000001 -0.000002 -1.000000
vn 0.000001 -0.000002 -1.000000
vn 0.000001 -0.308222 -0.951315
vn 0.924725 -0.380637 0.000000
vn 0.986538 -0.163530 0.000000
vn 1.000000 0.000000 0.000000
vn 1.000000 0.000000 0.000000
vn -0.000978 -0.242054 -0.970262
vn -0.001766 -0.437005 -0.899457
vn 0.000000 -0.000004 -1.000000
vn 0.000000 -0.000004 -1.000000
vn 0.905782 -0.423744 0.000002
vn 0.974866 -0.222791 0.000002
vn 0.999978 -0.006584 0.000002
vn 0.999978 -0.006584 0.000002
vn -0.000436 -0.182647 -0.983178
vn -0.000935 -0.391684 -0.920099
vn 0.000000 -0.000004 -1.000000
vn 0.000000 -0.000004 -1.000000
vn 0.961206 -0.275832 0.000000
vn 0.960955 -0.276705 0.000000
vn 0.999952 -0.009799 0.000000
vn 0.999952 -0.009799 0.000000
vn 0.000000 0.000000 1.000000
vn 0.000000 0.000000 1.000000
vn -0.000940 -0.394395 0.918940
vn -0.000440 -0.184774 0.982781
vn 0.999978 -0.006583 0.000000
vn 0.999978 -0.006583 0.000000
vn 0.975040 -0.222031 0.000000
vn 0.905569 -0.424198 0.000000
vn 0.000001 0.000000 1.000000
vn 0.000001 0.000000 1.000000
vn -0.001775 -0.439390 0.898295
vn -0.000986 -0.244313 0.969696
vn 1.000000 0.000001 0.000000
vn 1.000000 0.000001 0.000000
vn 0.986539 -0.163528 0.000000
vn 0.924582 -0.380983 0.000000
vn 0.000001 -0.411752 0.911296
vn 0.000001 -0.264977 0.964255
vn 0.000001 -0.331285 0.943531
vn 0.000001 -0.308221 0.951315
vn -0.000001 -0.264977 0.964255
vn -0.000001 -0.411752 0.911296
vn -0.000001 -0.308220 0.951315
vn -0.000001 -0.331285 0.943531
vn -0.994536 -0.104397 0.000000
vn -0.965141 -0.261729 0.000000
vn -0.986538 -0.163530 0.000000
vn -0.924581 -0.380985 0.000000
vn 0.001227 -0.303828 0.952726
vn 0.000633 -0.156814 0.987628
vn 0.001775 -0.439391 0.898294
vn 0.000986 -0.244313 0.969696
vn -0.989243 -0.146282 -0.000001
vn -0.955090 -0.296317 -0.000001
vn -0.975040 -0.222030 -0.000001
vn -0.905570 -0.424196 -0.000001
vn 0.000641 -0.268439 0.963297
vn 0.000275 -0.115137 0.993350
vn 0.000942 -0.394394 0.918941
vn 0.000441 -0.184774 0.982781
vn -0.948423 -0.317008 0.000000
vn -0.948281 -0.317433 0.000000
vn -0.961206 -0.275830 0.000000
vn -0.960956 -0.276703 0.000000
vn 0.000435 -0.182644 -0.983179
vn 0.000933 -0.391683 -0.920100
vn 0.000271 -0.113782 -0.993506
vn 0.000635 -0.266441 -0.963851
vn -0.905782 -0.423745 0.000000
vn -0.974866 -0.222792 0.000000
vn -0.955195 -0.295978 0.000000
vn -0.989159 -0.146849 0.000000
vn 0.000978 -0.242051 -0.970263
vn 0.001766 -0.437002 -0.899459
vn 0.000628 -0.155329 -0.987863
vn 0.001220 -0.302010 -0.953304
vn -0.924725 -0.380636 -0.000002
vn -0.986539 -0.163529 -0.000002
vn -0.965141 -0.261729 -0.000002
vn -0.994489 -0.104843 -0.000002
vn -0.000001 -0.308221 -0.951315
vn -0.000001 -0.411753 -0.911295
vn -0.000001 -0.264977 -0.964255
vn -0.000001 -0.331286 -0.943530
vn 0.000000 -0.264977 -0.964255
vn 0.000001 -0.411754 -0.911295
vn 0.000001 -0.308222 -0.951315
vn 0.000000 -0.331286 -0.943530
vn 0.994489 -0.104843 0.000000
vn 0.965141 -0.261729 0.000000
vn 0.986538 -0.163530 0.000000
vn 0.924725 -0.380637 0.000000
vn -0.001220 -0.302010 -0.953304
vn -0.000628 -0.155329 -0.987863
vn -0.001766 -0.437005 -0.899457
vn -0.000978 -0.242054 -0.970262
vn 0.989159 -0.146848 0.000002
vn 0.955195 -0.295976 0.000002
vn 0.974866 -0.222791 0.000002
vn 0.905782 -0.423744 0.000002
vn -0.000636 -0.266440 -0.963851
vn -0.000272 -0.113782 -0.993506
vn -0.000935 -0.391684 -0.920099
vn -0.000436 -0.182647 -0.983178
vn 0.948281 -0.317434 0.000000
vn 0.948423 -0.317007 0.000000
vn 0.960955 -0.276705 0.000000
vn 0.961206 -0.275832 0.000000
vn -0.000440 -0.184774 0.982781
vn -0.000940 -0.394395 0.918940
vn -0.000275 -0.115133 0.993350
vn -0.000640 -0.268437 0.963297
vn 0.905569 -0.424198 0.000000
vn 0.975040 -0.222031 0.000000
vn 0.955089 -0.296318 0.000000
vn 0.989243 -0.146283 0.000000
vn -0.000986 -0.244313 0.969696
vn -0.001775 -0.439390 0.898295
vn -0.000634 -0.156814 0.987628
vn -0.001228 -0.303828 0.952726
vn 0.924582 -0.380983 0.000000
vn 0.986539 -0.163528 0.000000
vn 0.965141 -0.261730 0.000000
vn 0.994536 -0.104398 0.000000
vn -0.999988 -0.004935 0.000000
vn -1.000000 0.000000 0.000000
vn -1.000000 0.000000 0.000000
vn -0.999988 -0.004935 0.000000
vn -0.785429 -0.618952 0.000000
vn -0.894152 -0.447764 0.000000
vn -0.894152 -0.447764 0.000000
vn -0.785429 -0.618952 0.000000
vn -0.980528 -0.196378 0.000000
vn -0.999988 -0.004935 0.000000
vn -0.999988 -0.004935 0.000000
vn -0.980528 -0.196378 0.000000
vn -0.635398 -0.772185 0.000000
vn -0.785429 -0.618952 0.000000
vn -0.785429 -0.618952 0.000000
vn -0.635398 -0.772185 0.000000
vn -0.894152 -0.447764 0.000000
vn -0.980528 -0.196378 0.000000
vn -0.980528 -0.196378 0.000000
vn -0.894152 -0.447764 0.000000
vn 0.000001 0.000000 -1.000000
vn 0.000001 0.000000 -1.000000
vn 0.000001 0.000000 -1.000000
vn 0.000001 0.000000 -1.000000
vn 0.000000 0.000000 -1.000000
vn 0.000000 0.000000 -1.000000
vn 0.000000 0.000000 -1.000000
vn 0.000000 0.000000 -1.000000
vn 0.000000 0.000000 -1.000000
vn 0.000001 0.000000 -1.000000
vn 0.000001 0.000000 -1.000000
vn 0.000000 0.000000 -1.000000
vn 0.000001 0.000000 -1.000000
vn 0.000000 0.000000 -1.000000
vn 0.000000 0.000000 -1.000000
vn 0.000001 0.000000 -1.000000
vn 0.000000 0.000000 -1.000000
vn 0.000000 0.000000 -1.000000
vn 0.000000 0.000000 -1.000000
vn 0.000000 0.000000 -1.000000
vn -0.999945 -0.010513 0.000000
vn -0.999980 -0.006361 0.000000
vn -0.999980 -0.006361 0.000000
vn -0.999945 -0.010513 0.000000
vn -0.785329 -0.619079 0.000000
vn -0.893591 -0.448882 0.000000
vn -0.893591 -0.448882 0.000000
vn -0.785329 -0.619079 0.000000
vn -0.980925 -0.194386 0.000000
vn -0.999945 -0.010513 0.000000
vn -0.999945 -0.010513 0.000000
vn -0.980925 -0.194386 0.000000
vn -0.647595 -0.761985 0.000000
vn -0.785329 -0.619079 0.000000
vn -0.785329 -0.619079 0.000000
vn -0.647595 -0.761985 0.000000
vn -0.893591 -0.448882 0.000000
vn -0.980925 -0.194386 0.000000
vn -0.980925 -0.194386 0.000000
vn -0.893591 -0.448882 0.000000
vn 0.000000 0.000000 -1.000000
vn 0.000000 0.000000 -1.000000
vn 0.000000 0.000000 -1.000000
vn 0.000000 0.000000 -1.000000
vn -0.000001 0.000000 -1.000000
vn -0.000001 0.000000 -1.000000
vn -0.000001 0.000000 -1.000000
vn -0.000001 0.000000 -1.000000
vn -0.000001 0.000000 -1.000000
vn 0.000000 0.000000 -1.000000
vn 0.000000 0.000000 -1.000000
vn -0.000001 0.000000 -1.000000
vn 0.000000 0.000000 -1.000000
vn -0.000001 0.000000 -1.000000
vn -0.000001 0.000000 -1.000000
vn 0.000000 0.000000 -1.000000
vn -0.000001 0.000000 -1.000000
vn -0.000001 0.000000 -1.000000
vn -0.000001 0.000000 -1.000000
vn -0.000001 0.000000 -1.000000
vn -0.554757 -0.832012 0.000000
vn -0.554757 -0.832012 0.000000
vn -0.635398 -0.772185 0.000000
vn -0.635398 -0.772185 0.000000
vn 0.000000 0.000000 -1.000000
vn 0.000000 0.000000 -1.000000
vn 0.000001 0.000000 -1.000000
vn 0.000001 0.000000 -1.000000
vn -0.576321 -0.817223 0.000000
vn -0.576321 -0.817223 0.000000
vn -0.647595 -0.761985 0.000000
vn -0.647595 -0.761985 0.000000
vn 0.000000 0.000000 -1.000000
vn 0.000000 0.000000 -1.000000
vn 0.000000 0.000000 -1.000000
vn 0.000000 0.000000 -1.000000
vn 0.000000 0.000000 -1.000000
vn 0.000000 0.000000 -1.000000
vn 0.000000 0.000000 -1.000000
vn 0.000000 0.000000 -1.000000
vn 0.000000 0.000000 -1.000000
vn 0.000000 0.000000 -1.000000
vn 0.000000 0.000000 -1.000000
vn 0.000000 0.000000 -1.000000
vn 0.000000 0.000000 -1.000000
vn 0.000000 0.000000 -1.000000
vn 0.000000 0.000000 -1.000000
vn 0.000000 0.000000 -1.000000
vn 0.000000 0.000000 -1.000000
vn 0.000000 0.000000 -1.000000
vn 0.000000 0.000000 -1.000000
vn 0.000000 0.000000 -1.000000
vn 0.000000 0.000000 -1.000000
vn 0.000000 0.000000 -1.000000
vn 0.000000 0.000000 -1.000000
vn 0.000000 0.000000 -1.000000
vn 0.000000 0.000000 -1.000000
vn 0.000000 0.000000 -1.000000
vn 0.000000 0.000000 -1.000000
vn 0.000000 0.000000 -1.000000
vn 0.000000 0.000000 -1.000000
vn 0.000000 0.000000 -1.000000
vn 0.000000 0.000000 -1.000000
vn 0.000000 0.000000 -1.000000
vn 0.000000 0.000000 -1.000000
vn 0.000000 0.000000 -1.000000
vn 0.000000 0.000000 -1.000000
vn 0.000000 0.000000 -1.000000
vn 0.000000 0.000000 -1.000000
vn 0.000000 0.000000 -1.000000
vn 0.000000 0.000000 -1.000000
vn 0.000000 0.000000 -1.000000
vn 0.000000 0.000000 -1.000000
vn 0.000000 0.000000 -1.000000
vn 0.000000 0.000000 -1.000000
vn 0.000000 0.000000 -1.000000
vn 0.000000 0.000000 -1.000000
vn 0.000000 0.000000 -1.000000
vn 0.000000 0.000000 -1.000000
vn 0.000000 0.000000 -1.000000
vn 0.999988 -0.004935 0.000000
vn 0.999988 -0.004935 0.000000
vn 1.000000 0.000000 0.000000
vn 1.000000 0.000000 0.000000
vn 0.785429 -0.618952 0.000000
vn 0.785429 -0.618952 0.000000
vn 0.894152 -0.447764 0.000000
vn 0.894152 -0.447764 0.000000
vn 0.980528 -0.196378 0.000000
vn 0.980528 -0.196378 0.000000
vn 0.999988 -0.004935 0.000000
vn 0.999988 -0.004935 0.000000
vn 0.635398 -0.772185 0.000000
vn 0.635398 -0.772185 0.000000
vn 0.785429 -0.618952 0.000000
vn 0.785429 -0.618952 0.000000
vn 0.894152 -0.447764 0.000000
vn 0.894152 -0.447764 0.000000
vn 0.980528 -0.196378 0.000000
vn 0.980528 -0.196378 0.000000
vn -0.000002 0.000000 -1.000000
vn -0.000002 0.000000 -1.000000
vn -0.000002 0.000000 -1.000000
vn -0.000002 0.000000 -1.000000
vn 0.000000 0.000000 -1.000000
vn 0.000000 0.000000 -1.000000
vn 0.000000 0.000000 -1.000000
vn 0.000000 0.000000 -1.000000
vn 0.000000 0.000000 -1.000000
vn 0.000000 0.000000 -1.000000
vn -0.000002 0.000000 -1.000000
vn -0.000002 0.000000 -1.000000
vn -0.000001 0.000000 -1.000000
vn -0.000001 0.000000 -1.000000
vn 0.000000 0.000000 -1.000000
vn 0.000000 0.000000 -1.000000
vn 0.000000 0.000000 -1.000000
vn 0.000000 0.000000 -1.000000
vn 0.000000 0.000000 -1.000000
vn 0.000000 0.000000 -1.000000
vn 0.999945 -0.010513 0.000000
vn 0.999945 -0.010513 0.000000
vn 0.999980 -0.006361 0.000000
vn 0.999980 -0.006361 0.000000
vn 0.785329 -0.619079 0.000000
vn 0.785329 -0.619079 0.000000
vn 0.893591 -0.448882 0.000000
vn 0.893591 -0.448882 0.000000
vn 0.980925 -0.194386 0.000000
vn 0.980925 -0.194386 0.000000
vn 0.999945 -0.010513 0.000000
vn 0.999945 -0.010513 0.000000
vn 0.647595 -0.761985 0.000000
vn 0.647595 -0.761985 0.000000
vn 0.785329 -0.619079 0.000000
vn 0.785329 -0.619079 0.000000
vn 0.893591 -0.448882 0.000000
vn 0.893591 -0.448882 0.000000
vn 0.980925 -0.194386 0.000000
vn 0.980925 -0.194386 0.000000
vn 0.000000 0.000000 -1.000000
vn 0.000000 0.000000 -1.000000
vn 0.000000 0.000000 -1.000000
vn 0.000000 0.000000 -1.000000
vn 0.000000 0.000000 -1.000000
vn 0.000000 0.000000 -1.000000
vn 0.000001 0.000000 -1.000000
vn 0.000001 0.000000 -1.000000
vn 0.000001 0.000000 -1.000000
vn 0.000001 0.000000 -1.000000
vn 0.000000 0.000000 -1.000000
vn 0.000000 0.000000 -1.000000
vn 0.000000 0.000000 -1.000000
vn 0.000000 0.000000 -1.000000
vn 0.000000 0.000000 -1.000000
vn 0.000000 0.000000 -1.000000
vn 0.000001 0.000000 -1.000000
vn 0.000001 0.000000 -1.000000
vn 0.000001 0.000000 -1.000000
vn 0.000001 0.000000 -1.000000
vn 0.000000 0.000000 -1.000000
vn 0.000000 0.000000 -1.000000
vn 0.000000 0.000000 -1.000000
vn 0.000000 0.000000 -1.000000
vn 0.554757 -0.832012 0.000000
vn 0.635398 -0.772185 0.000000
vn 0.635398 -0.772185 0.000000
vn 0.554757 -0.832012 0.000000
vn 0.000000 0.000000 -1.000000
vn -0.000001 0.000000 -1.000000
vn -0.000001 0.000000 -1.000000
vn 0.000000 0.000000 -1.000000
vn 0.576321 -0.817223 0.000000
vn 0.647595 -0.761985 0.000000
vn 0.647595 -0.761985 0.000000
vn 0.576321 -0.817223 0.000000
vn 0.000001 0.000000 -1.000000
vn 0.000000 0.000000 -1.000000
vn 0.000000 0.000000 -1.000000
vn 0.000001 0.000000 -1.000000
vn 0.999988 -0.004935 0.000000
vn 1.000000 0.000000 0.000000
vn 1.000000 0.000000 0.000000
vn 0.999988 -0.004935 0.000000
vn 0.785429 -0.618951 0.000000
vn 0.894152 -0.447764 0.000000
vn 0.894152 -0.447764 0.000000
vn 0.785429 -0.618951 0.000000
vn 0.980528 -0.196378 0.000000
vn 0.999988 -0.004935 0.000000
vn 0.999988 -0.004935 0.000000
vn 0.980528 -0.196378 0.000000
vn 0.635398 -0.772185 0.000000
vn 0.785429 -0.618951 0.000000
vn 0.785429 -0.618951 0.000000
vn 0.635398 -0.772185 0.000000
vn 0.894152 -0.447764 0.000000
vn 0.980528 -0.196378 0.000000
vn 0.980528 -0.196378 0.000000
vn 0.894152 -0.447764 0.000000
vn 0.000000 0.000000 1.000000
vn 0.000000 0.000000 1.000000
vn 0.000000 0.000000 1.000000
vn 0.000000 0.000000 1.000000
vn 0.000000 0.000000 1.000000
vn 0.000001 0.000000 1.000000
vn 0.000001 0.000000 1.000000
vn 0.000000 0.000000 1.000000
vn 0.000001 0.000000 1.000000
vn 0.000000 0.000000 1.000000
vn 0.000000 0.000000 1.000000
vn 0.000001 0.000000 1.000000
vn 0.000000 0.000000 1.000000
vn 0.000000 0.000000 1.000000
vn 0.000000 0.000000 1.000000
vn 0.000000 0.000000 1.000000
vn 0.000001 0.000000 1.000000
vn 0.000001 0.000000 1.000000
vn 0.000001 0.000000 1.000000
vn 0.000001 0.000000 1.000000
vn 0.999945 -0.010513 0.000000
vn 0.999980 -0.006361 0.000000
vn 0.999980 -0.006361 0.000000
vn 0.999945 -0.010513 0.000000
vn 0.785329 -0.619079 0.000000
vn 0.893591 -0.448882 0.000000
vn 0.893591 -0.448882 0.000000
vn 0.785329 -0.619079 0.000000
vn 0.980925 -0.194386 0.000000
vn 0.999945 -0.010513 0.000000
vn 0.999945 -0.010513 0.000000
vn 0.980925 -0.194386 0.000000
vn 0.647595 -0.761985 0.000000
vn 0.785329 -0.619079 0.000000
vn 0.785329 -0.619079 0.000000
vn 0.647595 -0.761985 0.000000
vn 0.893591 -0.448882 0.000000
vn 0.980925 -0.194386 0.000000
vn 0.980925 -0.194386 0.000000
vn 0.893591 -0.448882 0.000000
vn 0.000000 0.000000 1.000000
vn 0.000000 0.000000 1.000000
vn 0.000000 0.000000 1.000000
vn 0.000000 0.000000 1.000000
vn 0.000000 0.000000 1.000000
vn 0.000000 0.000000 1.000000
vn 0.000000 0.000000 1.000000
vn 0.000000 0.000000 1.000000
vn 0.000000 0.000000 1.000000
vn 0.000000 0.000000 1.000000
vn 0.000000 0.000000 1.000000
vn 0.000000 0.000000 1.000000
vn 0.000000 0.000000 1.000000
vn 0.000000 0.000000 1.000000
vn 0.000000 0.000000 1.000000
vn 0.000000 0.000000 1.000000
vn 0.000000 0.000000 1.000000
vn 0.000000 0.000000 1.000000
vn 0.000000 0.000000 1.000000
vn 0.000000 0.000000 1.000000
vn 0.554757 -0.832013 0.000000
vn 0.554757 -0.832013 0.000000
vn 0.635398 -0.772185 0.000000
vn 0.635398 -0.772185 0.000000
vn 0.000000 0.000000 1.000000
vn 0.000000 0.000000 1.000000
vn 0.000000 0.000000 1.000000
vn 0.000000 0.000000 1.000000
vn 0.576321 -0.817223 0.000000
vn 0.576321 -0.817223 0.000000
vn 0.647595 -0.761985 0.000000
vn 0.647595 -0.761985 0.000000
vn 0.000001 0.000000 1.000000
vn 0.000001 0.000000 1.000000
vn 0.000000 0.000000 1.000000
vn 0.000000 0.000000 1.000000
vn 0.000000 0.000000 1.000000
vn 0.000000 0.000000 1.000000
vn 0.000000 0.000000 1.000000
vn -0.000001 0.000000 1.000000
vn -0.000001 0.000000 1.000000
vn 0.000000 0.000000 1.000000
vn 0.000000 0.000000 1.000000
vn 0.000000 0.000000 1.000000
vn 0.000001 0.000000 1.000000
vn 0.000000 0.000000 1.000000
vn 0.000000 0.000000 1.000000
vn 0.000000 0.000000 1.000000
vn -0.000001 0.000000 1.000000
vn 0.000000 0.000000 1.000000
vn 0.000000 0.000000 1.000000
vn -0.000001 0.000000 1.000000
vn 0.000000 0.000000 1.000000
vn 0.000000 0.000000 1.000000
vn 0.000000 0.000000 1.000000
vn 0.000001 0.000000 1.000000
vn 0.000000 0.000000 1.000000
vn 0.000000 0.000000 1.000000
vn 0.000000 0.000000 1.000000
vn 0.000000 0.000000 1.000000
vn 0.000000 0.000000 1.000000
vn 0.000000 0.000000 1.000000
vn 0.000000 0.000000 1.000000
vn 0.000000 0.000000 1.000000
vn 0.000001 0.000000 1.000000
vn 0.000000 0.000000 1.000000
vn 0.000000 0.000000 1.000000
vn 0.000000 0.000000 1.000000
vn 0.000000 0.000000 1.000000
vn 0.000000 0.000000 1.000000
vn 0.000000 0.000000 1.000000
vn 0.000000 0.000000 1.000000
vn 0.000001 0.000000 1.000000
vn 0.000001 0.000000 1.000000
vn 0.000000 0.000000 1.000000
vn 0.000000 0.000000 1.000000
vn 0.000000 0.000000 1.000000
vn 0.000000 0.000000 1.000000
vn 0.000000 0.000000 1.000000
vn 0.000000 0.000000 1.000000
vn -0.999988 -0.004935 0.000000
vn -0.999988 -0.004935 0.000000
vn -1.000000 0.000000 0.000000
vn -1.000000 0.000000 0.000000
vn -0.785429 -0.618951 0.000000
vn -0.785429 -0.618951 0.000000
vn -0.894152 -0.447764 0.000000
vn -0.894152 -0.447764 0.000000
vn -0.980528 -0.196378 0.000000
vn -0.980528 -0.196378 0.000000
vn -0.999988 -0.004935 0.000000
vn -0.999988 -0.004935 0.000000
vn -0.635398 -0.772185 0.000000
vn -0.635398 -0.772185 0.000000
vn -0.785429 -0.618951 0.000000
vn -0.785429 -0.618951 0.000000
vn -0.894152 -0.447764 0.000000
vn -0.894152 -0.447764 0.000000
vn -0.980528 -0.196378 0.000000
vn -0.980528 -0.196378 0.000000
vn 0.000000 0.000000 1.000000
vn 0.000000 0.000000 1.000000
vn 0.000000 0.000000 1.000000
vn 0.000000 0.000000 1.000000
vn 0.000000 0.000000 1.000000
vn 0.000000 0.000000 1.000000
vn -0.000001 0.000000 1.000000
vn -0.000001 0.000000 1.000000
vn 0.000000 0.000000 1.000000
vn 0.000000 0.000000 1.000000
vn 0.000000 0.000000 1.000000
vn 0.000000 0.000000 1.000000
vn 0.000000 0.000000 1.000000
vn 0.000000 0.000000 1.000000
vn 0.000000 0.000000 1.000000
vn 0.000000 0.000000 1.000000
vn -0.000001 0.000000 1.000000
vn -0.000001 0.000000 1.000000
vn 0.000000 0.000000 1.000000
vn 0.000000 0.000000 1.000000
vn -0.999945 -0.010513 0.000000
vn -0.999945 -0.010513 0.000000
vn -0.999980 -0.006361 0.000000
vn -0.999980 -0.006361 0.000000
vn -0.785329 -0.619079 0.000000
vn -0.785329 -0.619079 0.000000
vn -0.893591 -0.448882 0.000000
vn -0.893591 -0.448882 0.000000
vn -0.980925 -0.194386 0.000000
vn -0.980925 -0.194386 0.000000
vn -0.999945 -0.010513 0.000000
vn -0.999945 -0.010513 0.000000
vn -0.647595 -0.761985 0.000000
vn -0.647595 -0.761985 0.000000
vn -0.785329 -0.619079 0.000000
vn -0.785329 -0.619079 0.000000
vn -0.893591 -0.448882 0.000000
vn -0.893591 -0.448882 0.000000
vn -0.980925 -0.194386 0.000000
vn -0.980925 -0.194386 0.000000
vn 0.000000 0.000000 1.000000
vn 0.000000 0.000000 1.000000
vn 0.000000 0.000000 1.000000
vn 0.000000 0.000000 1.000000
vn 0.000000 0.000000 1.000000
vn 0.000000 0.000000 1.000000
vn 0.000000 0.000000 1.000000
vn 0.000000 0.000000 1.000000
vn 0.000000 0.000000 1.000000
vn 0.000000 0.000000 1.000000
vn 0.000000 0.000000 1.000000
vn 0.000000 0.000000 1.000000
vn -0.000001 0.000000 1.000000
vn -0.000001 0.000000 1.000000
vn 0.000000 0.000000 1.000000
vn 0.000000 0.000000 1.000000
vn 0.000000 0.000000 1.000000
vn 0.000000 0.000000 1.000000
vn 0.000000 0.000000 1.000000
vn 0.000000 0.000000 1.000000
vn 0.000000 0.000000 1.000000
vn 0.000000 0.000000 1.000000
vn 0.000001 0.000000 1.000000
vn 0.000000 0.000000 1.000000
vn -0.554757 -0.832013 0.000000
vn -0.635398 -0.772185 0.000000
vn -0.635398 -0.772185 0.000000
vn -0.554757 -0.832013 0.000000
vn 0.000000 0.000000 1.000000
vn 0.000000 0.000000 1.000000
vn 0.000000 0.000000 1.000000
vn 0.000000 0.000000 1.000000
vn -0.576321 -0.817223 0.000000
vn -0.647595 -0.761985 0.000000
vn -0.647595 -0.761985 0.000000
vn -0.576321 -0.817223 0.000000
vn -0.000001 0.000000 1.000000
vn -0.000001 0.000000 1.000000
vn -0.000001 0.000000 1.000000
vn -0.000001 0.000000 1.000000
vn 0.999955 -0.009470 0.000000
vn 0.999914 -0.013144 0.000000
vn 0.999914 -0.013144 0.000000
vn 0.999955 -0.009470 0.000000
vn 0.999914 -0.013144 0.000000
vn 0.981278 -0.192598 0.000000
vn 0.981278 -0.192598 0.000000
vn 0.999914 -0.013144 0.000000
vn 0.981278 -0.192598 0.000000
vn 0.893084 -0.449889 0.000000
vn 0.893084 -0.449889 0.000000
vn 0.981278 -0.192598 0.000000
vn 0.893084 -0.449889 0.000000
vn 0.785108 -0.619359 0.000000
vn 0.785109 -0.619358 0.000000
vn 0.893084 -0.449889 0.000000
vn 0.785108 -0.619359 0.000000
vn 0.654356 -0.756187 0.000000
vn 0.654355 -0.756187 0.000000
vn 0.785109 -0.619358 0.000000
vn 0.654356 -0.756187 0.000000
vn 0.586833 -0.809708 0.000000
vn 0.586833 -0.809708 0.000000
vn 0.654355 -0.756187 0.000000
vn -0.586833 -0.809708 0.000000
vn -0.654355 -0.756187 0.000000
vn -0.654355 -0.756187 0.000000
vn -0.586833 -0.809708 0.000000
vn -0.654355 -0.756187 0.000000
vn -0.785108 -0.619359 0.000000
vn -0.785108 -0.619359 0.000000
vn -0.654355 -0.756187 0.000000
vn -0.785108 -0.619359 0.000000
vn -0.893084 -0.449889 0.000000
vn -0.893084 -0.449889 0.000000
vn -0.785108 -0.619359 0.000000
vn -0.893084 -0.449889 0.000000
vn -0.981278 -0.192598 0.000000
vn -0.981278 -0.192598 0.000000
vn -0.893084 -0.449889 0.000000
vn -0.981278 -0.192598 0.000000
vn -0.999914 -0.013144 0.000000
vn -0.999914 -0.013144 0.000000
vn -0.981278 -0.192598 0.000000
vn -0.999914 -0.013144 0.000000
vn -0.999955 -0.009470 0.000000
vn -0.999955 -0.009470 0.000000
vn -0.999914 -0.013144 0.000000
vn 0.000000 0.000000 1.000000
vn 0.000000 0.000000 1.000000
vn 0.000000 0.000000 1.000000
vn 0.000000 0.000000 1.000000
vn 0.000000 0.000000 1.000000
vn 0.000000 0.000000 1.000000
vn 0.000000 0.000000 1.000000
vn 0.000000 0.000000 1.000000
vn 0.000000 0.000000 1.000000
vn 0.000000 0.000000 1.000000
vn 0.000000 0.000000 1.000000
vn 0.000000 0.000000 1.000000
vn 0.000000 0.000000 1.000000
vn 0.000000 0.000000 1.000000
vn 0.000000 0.000000 1.000000
vn 0.000000 0.000000 1.000000
vn 0.000000 0.000000 1.000000
vn 0.000000 0.000000 1.000000
vn 0.000000 0.000000 1.000000
vn 0.000000 0.000000 1.000000
vn 0.000000 0.000000 1.000000
vn 0.000000 0.000000 1.000000
vn 0.000000 0.000000 1.000000
vn 0.000000 0.000000 1.000000
vn 0.000000 0.000000 -1.000000
vn 0.000000 0.000000 -1.000000
vn 0.000000 0.000000 -1.000000
vn 0.000000 0.000000 -1.000000
vn -0.000001 0.000000 -1.000000
vn -0.000001 0.000000 -1.000000
vn 0.000000 0.000000 -1.000000
vn 0.000000 0.000000 -1.000000
vn -0.000001 0.000000 -1.000000
vn -0.000001 0.000000 -1.000000
vn 0.000000 0.000000 -1.000000
vn 0.000000 0.000000 -1.000000
vn 0.000000 0.000000 -1.000000
vn 0.000000 0.000000 -1.000000
vn 0.000000 0.000000 -1.000000
vn 0.000000 0.000000 -1.000000
vn -0.000001 0.000000 -1.000000
vn -0.000000 0.000000 -1.000000
vn 0.000000 0.000000 -1.000000
vn 0.000000 0.000000 -1.000000
vn 0.000001 0.000000 -1.000000
vn -0.000000 0.000000 -1.000000
vn 0.000000 0.000000 -1.000000
vn 0.000000 0.000000 -1.000000
vn 0.000000 0.000000 1.000000
vn 0.000001 0.000000 1.000000
vn 0.000000 0.000000 1.000000
vn 0.000000 0.000000 1.000000
vn 0.000000 0.000000 -1.000000
vn 0.000000 0.000000 -1.000000
vn 0.000000 0.000000 -1.000000
vn 0.000000 0.000000 -1.000000
vn 1.000000 0.000000 0.000000
vn 1.000000 0.000000 0.000000
vn 1.000000 0.000000 0.000000
vn 1.000000 -0.000002 0.000000
vn 1.000000 -0.000002 0.000000
vn 1.000000 -0.000002 0.000000
vn 1.000000 0.000000 0.000000
vn 1.000000 0.000000 0.000000
vn 1.000000 0.000000 0.000000
vn 1.000000 -0.000001 0.000002
vn 1.000000 -0.000001 0.000002
vn 1.000000 -0.000001 0.000002
vn 1.000000 0.000000 0.000000
vn 1.000000 0.000000 0.000000
vn 0.000000 0.000000 0.000000
vn 1.000000 0.000000 0.000000
vn 1.000000 0.000000 0.000000
vn 1.000000 0.000000 0.000000
vn 1.000000 0.000000 0.000000
vn 1.000000 0.000000 0.000000
vn 1.000000 0.000000 0.000000
vn 1.000000 0.000000 0.000000
vn 1.000000 0.000000 0.000000
vn 1.000000 0.000000 0.000000
vn 1.000000 -0.000004 -0.000012
vn 1.000000 -0.000004 -0.000012
vn 1.000000 -0.000004 -0.000012
vn 1.000000 -0.000002 0.000000
vn 1.000000 -0.000002 0.000000
vn 1.000000 -0.000002 0.000000
vn 1.000000 0.000000 0.000000
vn 1.000000 0.000000 0.000000
vn 1.000000 0.000000 0.000000
vn 1.000000 0.000000 0.000000
vn 1.000000 0.000000 0.000000
vn 1.000000 0.000000 0.000000
vn 1.000000 0.000000 0.000000
vn 1.000000 0.000000 0.000000
vn 1.000000 0.000000 0.000000
vn -1.000000 0.000000 0.000000
vn -1.000000 0.000000 0.000000
vn -1.000000 0.000000 0.000000
vn -1.000000 0.000000 0.000000
vn -1.000000 0.000000 0.000000
vn -1.000000 0.000000 0.000000
vn -1.000000 0.000000 0.000000
vn -1.000000 0.000000 0.000000
vn -1.000000 0.000000 0.000000
vn -1.000000 0.000000 0.000000
vn -1.000000 0.000000 0.000000
vn -1.000000 0.000000 0.000000
vn -1.000000 0.000000 0.000000
vn -1.000000 0.000000 0.000000
vn -1.000000 0.000000 0.000000
vn -1.000000 0.000000 0.000000
vn -1.000000 0.000000 0.000000
vn -1.000000 0.000000 0.000000
vn -1.000000 0.000000 0.000000
vn -1.000000 0.000000 0.000000
vn -1.000000 0.000000 0.000000
vn -1.000000 0.000000 0.000000
vn -1.000000 0.000000 0.000000
vn -1.000000 0.000000 0.000000
vn -1.000000 0.000000 0.000000
vn -1.000000 0.000000 0.000000
vn -1.000000 0.000000 0.000000
vn -1.000000 0.000000 0.000000
vn -1.000000 0.000000 0.000000
vn -1.000000 0.000000 0.000000
vn -1.000000 0.000000 0.000000
vn -1.000000 0.000000 0.000000
vn -1.000000 0.000000 0.000000
vn -1.000000 0.000000 0.000000
vn -1.000000 0.000000 0.000000
vn -1.000000 0.000000 0.000000
vn -1.000000 0.000000 0.000000
vn -1.000000 0.000000 0.000000
vn -1.000000 0.000000 0.000000
vn -1.000000 0.000000 0.000000
vn -1.000000 0.000000 0.000000
vn -1.000000 0.000000 0.000000
vn -1.000000 0.000000 0.000000
vn 0.811744 0.584014 0.000002
vn 0.811744 0.584014 0.000002
vn 0.811744 0.584014 0.000002
vn 0.811744 0.584014 0.000002
vn 0.811743 0.584015 -0.000002
vn 0.811743 0.584015 -0.000002
vn 0.811743 0.584015 -0.000002
vn 0.811743 0.584015 -0.000002
vn 0.000001 -0.264977 0.964255
vn 0.000001 0.000000 1.000000
vn 0.000001 0.000000 1.000000
vn 0.000001 -0.331285 0.943531
vn -0.000001 0.000000 1.000000
vn -0.000001 -0.264977 0.964255
vn -0.000001 -0.331285 0.943531
vn -0.000001 0.000000 1.000000
vn -1.000000 0.000001 0.000000
vn -1.000000 0.000001 0.000000
vn -0.965141 -0.261729 0.000000
vn -0.994536 -0.104397 0.000000
vn -0.000001 0.000000 1.000000
vn -0.000001 0.000000 1.000000
vn 0.000633 -0.156815 0.987628
vn 0.001227 -0.303830 0.952726
vn -0.999980 -0.006361 -0.000001
vn -0.999980 -0.006361 -0.000001
vn -0.955090 -0.296317 -0.000001
vn -0.989243 -0.146282 -0.000001
vn 0.000000 -0.000001 1.000000
vn 0.000000 -0.000001 1.000000
vn 0.000275 -0.115137 0.993350
vn 0.000641 -0.268438 0.963297
vn -0.999955 -0.009468 0.000000
vn -0.999955 -0.009468 0.000000
vn -0.948281 -0.317433 0.000000
vn -0.948423 -0.317008 0.000000
vn 0.000635 -0.266442 -0.963851
vn 0.000271 -0.113783 -0.993506
vn 0.000000 0.000000 -1.000000
vn 0.000000 0.000000 -1.000000
vn -0.989159 -0.146849 0.000000
vn -0.955195 -0.295978 0.000000
vn -0.999980 -0.006361 0.000000
vn -0.999980 -0.006361 0.000000
vn 0.001220 -0.302012 -0.953303
vn 0.000628 -0.155330 -0.987862
vn 0.000000 0.000002 -1.000000
vn 0.000000 0.000002 -1.000000
vn -0.994489 -0.104843 -0.000003
vn -0.965141 -0.261729 -0.000003
vn -1.000000 0.000000 -0.000003
vn -1.000000 0.000000 -0.000003
vn -0.000001 -0.331286 -0.943530
vn -0.000001 -0.264977 -0.964255
vn -0.000001 0.000001 -1.000000
vn -0.000001 0.000001 -1.000000
vn 0.000000 0.000000 -1.000000
vn 0.000000 -0.264977 -0.964255
vn 0.000000 -0.331286 -0.943530
vn 0.000000 0.000000 -1.000000
vn 1.000000 0.000001 0.000000
vn 1.000000 0.000001 0.000000
vn 0.965141 -0.261729 0.000000
vn 0.994489 -0.104843 0.000000
vn 0.000000 0.000000 -1.000000
vn 0.000000 0.000000 -1.000000
vn -0.000628 -0.155330 -0.987862
vn -0.001220 -0.302011 -0.953304
vn 0.999980 -0.006362 0.000002
vn 0.999980 -0.006362 0.000002
vn 0.955195 -0.295976 0.000002
vn 0.989159 -0.146848 0.000002
vn 0.000000 0.000002 -1.000000
vn 0.000000 0.000002 -1.000000
vn -0.000272 -0.113782 -0.993506
vn -0.000636 -0.266441 -0.963851
vn 0.999955 -0.009468 0.000000
vn 0.999955 -0.009468 0.000000
vn 0.948423 -0.317007 0.000000
vn 0.948281 -0.317434 0.000000
vn -0.000640 -0.268437 0.963297
vn -0.000275 -0.115133 0.993350
vn -0.000001 0.000000 1.000000
vn -0.000001 0.000000 1.000000
vn 0.989243 -0.146283 0.000000
vn 0.955089 -0.296318 0.000000
vn 0.999980 -0.006361 0.000000
vn 0.999980 -0.006361 0.000000
vn -0.001228 -0.303829 0.952726
vn -0.000634 -0.156814 0.987628
vn 0.000000 0.000000 1.000000
vn 0.000000 0.000000 1.000000
vn 0.994536 -0.104398 0.000000
vn 0.965141 -0.261730 0.000000
vn 1.000000 0.000000 0.000000
vn 1.000000 0.000000 0.000000
vn 0.000000 1.000000 0.000001
vn 0.000000 1.000000 0.000001
vn 0.000000 1.000000 0.000000
vn 0.000000 1.000000 0.000000
vn 0.000000 -1.000000 0.000000
vn 0.000000 -1.000000 0.000000
vn 0.000000 -1.000000 0.000000
vn 0.000000 -1.000000 0.000000
vn 0.000000 1.000000 0.000000
vn 0.000000 1.000000 0.000000
vn 0.000000 1.000000 -0.000001
vn 0.000000 1.000000 -0.000001
vn 0.000000 -1.000000 0.000000
vn 0.000000 -1.000000 0.000000
vn 0.000000 -1.000000 0.000000
vn 0.000000 -1.000000 0.000000
vn 0.001110 -0.999999 0.000551
vn 0.000000 -1.000000 0.000000
vn 0.000000 -1.000000 0.000000
vn 0.001201 -0.999999 0.000596
vn 0.000000 1.000000 -0.000001
vn -0.001187 0.999999 -0.000948
vn -0.001278 0.999999 -0.001020
vn 0.000000 1.000000 -0.000001
vn 0.002348 -0.999997 0.000575
vn 0.001110 -0.999999 0.000551
vn 0.001201 -0.999999 0.000596
vn 0.002365 -0.999997 0.000482
vn -0.001187 0.999999 -0.000948
vn -0.001914 0.999998 -0.000977
vn -0.001825 0.999998 -0.000801
vn -0.001278 0.999999 -0.001020
vn 0.002077 -0.999998 -0.000756
vn 0.002348 -0.999997 0.000575
vn 0.002365 -0.999997 0.000482
vn 0.001941 -0.999998 -0.001029
vn -0.001914 0.999998 -0.000977
vn -0.001416 0.999999 0.000122
vn -0.001416 0.999999 0.000179
vn -0.001825 0.999998 -0.000801
vn 0.003223 -0.999995 -0.000172
vn 0.002077 -0.999998 -0.000756
vn 0.001941 -0.999998 -0.001029
vn 0.003294 -0.999995 -0.000094
vn -0.001416 0.999999 0.000122
vn -0.001881 0.999998 0.000029
vn -0.001900 0.999998 0.000014
vn -0.001416 0.999999 0.000179
vn 0.003223 -0.999995 0.000172
vn 0.003223 -0.999995 -0.000172
vn 0.003294 -0.999995 -0.000094
vn 0.003294 -0.999995 0.000095
vn -0.001881 0.999998 0.000029
vn -0.001881 0.999998 -0.000029
vn -0.001900 0.999998 -0.000014
vn -0.001900 0.999998 0.000014
vn -0.001881 0.999998 -0.000029
vn -0.001416 0.999999 -0.000122
vn -0.001414 0.999999 -0.000179
vn -0.001900 0.999998 -0.000014
vn 0.002077 -0.999998 0.000753
vn 0.003223 -0.999995 0.000172
vn 0.003294 -0.999995 0.000095
vn 0.001941 -0.999998 0.001026
vn -0.001416 0.999999 -0.000122
vn -0.001915 0.999998 0.000979
vn -0.001825 0.999998 0.000802
vn -0.001414 0.999999 -0.000179
vn 0.002348 -0.999997 -0.000575
vn 0.002077 -0.999998 0.000753
vn 0.001941 -0.999998 0.001026
vn 0.002365 -0.999997 -0.000482
vn -0.001915 0.999998 0.000979
vn -0.001170 0.999999 0.000936
vn -0.001262 0.999999 0.001009
vn -0.001825 0.999998 0.000802
vn 0.001095 -0.999999 -0.000544
vn 0.002348 -0.999997 -0.000575
vn 0.002365 -0.999997 -0.000482
vn 0.001187 -0.999999 -0.000589
vn -0.001170 0.999999 0.000936
vn 0.000000 1.000000 0.000000
vn 0.000000 1.000000 0.000000
vn -0.001262 0.999999 0.001009
vn 0.000001 -1.000000 -0.000001
vn 0.001095 -0.999999 -0.000544
vn 0.001187 -0.999999 -0.000589
vn 0.000001 -1.000000 -0.000001
vn 0.000000 1.000000 0.000000
vn 0.000000 1.000000 0.000000
vn 0.000000 1.000000 0.000000
vn 0.000000 1.000000 0.000000
vn 0.000001 -1.000000 -0.000001
vn 0.000000 -1.000000 0.000000
vn 0.000000 -1.000000 0.000000
vn 0.000001 -1.000000 -0.000001
vn 0.000000 1.000000 0.000000
vn 0.000000 1.000000 0.000000
vn 0.000000 1.000000 0.000000
vn 0.000000 1.000000 0.000000
vn 0.000000 -1.000000 0.000000
vn 0.000000 -1.000000 0.000000
vn 0.000000 -1.000000 0.000000
vn 0.000000 -1.000000 0.000000
vn -0.001096 -0.999999 -0.000544
vn 0.000000 -1.000000 0.000000
vn 0.000000 -1.000000 0.000000
vn -0.001188 -0.999999 -0.000589
vn 0.000000 1.000000 0.000000
vn 0.001169 0.999999 0.000935
vn 0.001261 0.999999 0.001008
vn 0.000000 1.000000 0.000000
vn -0.002349 -0.999997 -0.000577
vn -0.001096 -0.999999 -0.000544
vn -0.001188 -0.999999 -0.000589
vn -0.002366 -0.999997 -0.000484
vn 0.001169 0.999999 0.000935
vn 0.001913 0.999998 0.000979
vn 0.001824 0.999998 0.000803
vn 0.001261 0.999999 0.001008
vn -0.002076 -0.999998 0.000754
vn -0.002349 -0.999997 -0.000577
vn -0.002366 -0.999997 -0.000484
vn -0.001940 -0.999998 0.001027
vn 0.001913 0.999998 0.000979
vn 0.001416 0.999999 -0.000121
vn 0.001414 0.999999 -0.000179
vn 0.001824 0.999998 0.000803
vn -0.003223 -0.999995 0.000172
vn -0.002076 -0.999998 0.000754
vn -0.001940 -0.999998 0.001027
vn -0.003293 -0.999995 0.000094
vn 0.001416 0.999999 -0.000121
vn 0.001881 0.999998 -0.000029
vn 0.001900 0.999998 -0.000014
vn 0.001414 0.999999 -0.000179
vn -0.003223 -0.999995 -0.000172
vn -0.003223 -0.999995 0.000172
vn -0.003293 -0.999995 0.000094
vn -0.003294 -0.999995 -0.000095
vn 0.001881 0.999998 -0.000029
vn 0.001881 0.999998 0.000029
vn 0.001900 0.999998 0.000014
vn 0.001900 0.999998 -0.000014
vn 0.001881 0.999998 0.000029
vn 0.001416 0.999999 0.000122
vn 0.001414 0.999999 0.000179
vn 0.001900 0.999998 0.000014
vn -0.002077 -0.999998 -0.000752
vn -0.003223 -0.999995 -0.000172
vn -0.003294 -0.999995 -0.000095
vn -0.001941 -0.999998 -0.001024
vn 0.001416 0.999999 0.000122
vn 0.001914 0.999998 -0.000977
vn 0.001825 0.999998 -0.000801
vn 0.001414 0.999999 0.000179
vn -0.002349 -0.999997 0.000577
vn -0.002077 -0.999998 -0.000752
vn -0.001941 -0.999998 -0.001024
vn -0.002366 -0.999997 0.000484
vn 0.001914 0.999998 -0.000977
vn 0.001187 0.999999 -0.000948
vn 0.001278 0.999999 -0.001020
vn 0.001825 0.999998 -0.000801
vn -0.001111 -0.999999 0.000551
vn -0.002349 -0.999997 0.000577
vn -0.002366 -0.999997 0.000484
vn -0.001202 -0.999999 0.000596
vn 0.001187 0.999999 -0.000948
vn 0.000000 1.000000 0.000001
vn 0.000000 1.000000 0.000001
vn 0.001278 0.999999 -0.001020
vn 0.000000 -1.000000 0.000000
vn -0.001111 -0.999999 0.000551
vn -0.001202 -0.999999 0.000596
vn 0.000000 -1.000000 0.000000
vn 0.000001 0.000000 1.000000
vn 0.000001 0.000000 1.000000
vn 0.000001 -0.411752 0.911296
vn 0.000001 -0.308221 0.951315
vn -0.000001 -0.411751 0.911296
vn -0.000001 0.000001 1.000000
vn -0.000001 0.000001 1.000000
vn -0.000001 -0.308219 0.951316
vn -0.924581 -0.380985 0.000000
vn -0.986538 -0.163530 0.000000
vn -1.000000 -0.000001 0.000000
vn -1.000000 -0.000001 0.000000
vn 0.000986 -0.244313 0.969696
vn 0.001775 -0.439392 0.898294
vn -0.000001 0.000000 1.000000
vn -0.000001 0.000000 1.000000
vn -0.905570 -0.424196 -0.000002
vn -0.975040 -0.222030 -0.000001
vn -0.999978 -0.006583 -0.000001
vn -0.999978 -0.006583 -0.000001
vn 0.000441 -0.184774 0.982781
vn 0.000942 -0.394394 0.918941
vn 0.000000 0.000004 1.000000
vn 0.000000 0.000004 1.000000
vn -0.960956 -0.276703 0.000000
vn -0.961206 -0.275830 0.000000
vn -0.999952 -0.009798 0.000000
vn -0.999952 -0.009798 0.000000
vn 0.000000 0.000000 -1.000000
vn 0.000000 0.000000 -1.000000
vn 0.000933 -0.391685 -0.920099
vn 0.000435 -0.182645 -0.983179
vn -0.999978 -0.006583 0.000000
vn -0.999978 -0.006583 0.000000
vn -0.974866 -0.222792 0.000000
vn -0.905782 -0.423745 0.000000
vn 0.000000 0.000000 -1.000000
vn 0.000000 0.000000 -1.000000
vn 0.001766 -0.437006 -0.899457
vn 0.000978 -0.242053 -0.970263
vn -1.000000 0.000000 -0.000003
vn -1.000000 0.000000 -0.000003
vn -0.986539 -0.163529 -0.000003
vn -0.924725 -0.380636 -0.000003
vn -0.000002 -0.000002 -1.000000
vn -0.000002 -0.000002 -1.000000
vn -0.000001 -0.411753 -0.911296
vn -0.000001 -0.308221 -0.951315
vn 0.000001 -0.411754 -0.911295
vn 0.000001 -0.000002 -1.000000
vn 0.000001 -0.000002 -1.000000
vn 0.000001 -0.308222 -0.951315
vn 0.924725 -0.380637 0.000000
vn 0.986538 -0.163530 0.000000
vn 1.000000 0.000000 0.000000
vn 1.000000 0.000000 0.000000
vn -0.000978 -0.242053 -0.970263
vn -0.001766 -0.437005 -0.899457
vn 0.000000 -0.000004 -1.000000
vn 0.000000 -0.000004 -1.000000
vn 0.905782 -0.423744 0.000001
vn 0.974866 -0.222791 0.000002
vn 0.999978 -0.006584 0.000002
vn 0.999978 -0.006584 0.000002
vn -0.000436 -0.182648 -0.983178
vn -0.000935 -0.391685 -0.920099
vn 0.000000 -0.000004 -1.000000
vn 0.000000 -0.000004 -1.000000
vn 0.961206 -0.275832 0.000000
vn 0.960955 -0.276705 0.000000
vn 0.999952 -0.009799 0.000000
vn 0.999952 -0.009799 0.000000
vn 0.000000 0.000000 1.000000
vn 0.000000 0.000000 1.000000
vn -0.000940 -0.394396 0.918940
vn -0.000440 -0.184774 0.982781
vn 0.999978 -0.006583 0.000000
vn 0.999978 -0.006583 0.000000
vn 0.975040 -0.222031 0.000000
vn 0.905569 -0.424198 0.000000
vn 0.000001 0.000000 1.000000
vn 0.000001 0.000000 1.000000
vn -0.001775 -0.439391 0.898294
vn -0.000986 -0.244312 0.969696
vn 1.000000 0.000001 0.000000
vn 1.000000 0.000001 0.000000
vn 0.986539 -0.163528 0.000000
vn 0.924582 -0.380983 0.000000
vn 0.000001 -0.411752 0.911296
vn 0.000001 -0.264977 0.964255
vn 0.000001 -0.331285 0.943531
vn 0.000001 -0.308221 0.951315
vn -0.000001 -0.264977 0.964255
vn -0.000001 -0.411751 0.911296
vn -0.000001 -0.308219 0.951316
vn -0.000001 -0.331285 0.943531
vn -0.994536 -0.104397 0.000000
vn -0.965141 -0.261729 0.000000
vn -0.986538 -0.163530 0.000000
vn -0.924581 -0.380985 0.000000
vn 0.001227 -0.303830 0.952726
vn 0.000633 -0.156815 0.987628
vn 0.001775 -0.439392 0.898294
vn 0.000986 -0.244313 0.969696
vn -0.989243 -0.146282 -0.000001
vn -0.955090 -0.296317 -0.000001
vn -0.975040 -0.222030 -0.000001
vn -0.905570 -0.424196 -0.000002
vn 0.000641 -0.268438 0.963297
vn 0.000275 -0.115137 0.993350
vn 0.000942 -0.394394 0.918941
vn 0.000441 -0.184774 0.982781
vn -0.948423 -0.317008 0.000000
vn -0.948281 -0.317433 0.000000
vn -0.961206 -0.275830 0.000000
vn -0.960956 -0.276703 0.000000
vn 0.000435 -0.182645 -0.983179
vn 0.000933 -0.391685 -0.920099
vn 0.000271 -0.113783 -0.993506
vn 0.000635 -0.266442 -0.963851
vn -0.905782 -0.423745 0.000000
vn -0.974866 -0.222792 0.000000
vn -0.955195 -0.295978 0.000000
vn -0.989159 -0.146849 0.000000
vn 0.000978 -0.242053 -0.970263
vn 0.001766 -0.437006 -0.899457
vn 0.000628 -0.155330 -0.987862
vn 0.001220 -0.302012 -0.953303
vn -0.924725 -0.380636 -0.000003
vn -0.986539 -0.163529 -0.000003
vn -0.965141 -0.261729 -0.000003
vn -0.994489 -0.104843 -0.000003
vn -0.000001 -0.308221 -0.951315
vn -0.000001 -0.411753 -0.911296
vn -0.000001 -0.264977 -0.964255
vn -0.000001 -0.331286 -0.943530
vn 0.000000 -0.264977 -0.964255
vn 0.000001 -0.411754 -0.911295
vn 0.000001 -0.308222 -0.951315
vn 0.000000 -0.331286 -0.943530
vn 0.994489 -0.104843 0.000000
vn 0.965141 -0.261729 0.000000
vn 0.986538 -0.163530 0.000000
vn 0.924725 -0.380637 0.000000
vn -0.001220 -0.302011 -0.953304
vn -0.000628 -0.155330 -0.987862
vn -0.001766 -0.437005 -0.899457
vn -0.000978 -0.242053 -0.970263
vn 0.989159 -0.146848 0.000002
vn 0.955195 -0.295976 0.000002
vn 0.974866 -0.222791 0.000002
vn 0.905782 -0.423744 0.000001
vn -0.000636 -0.266441 -0.963851
vn -0.000272 -0.113782 -0.993506
vn -0.000935 -0.391685 -0.920099
vn -0.000436 -0.182648 -0.983178
vn 0.948281 -0.317434 0.000000
vn 0.948423 -0.317007 0.000000
vn 0.960955 -0.276705 0.000000
vn 0.961206 -0.275832 0.000000
vn -0.000440 -0.184774 0.982781
vn -0.000940 -0.394396 0.918940
vn -0.000275 -0.115133 0.993350
vn -0.000640 -0.268437 0.963297
vn 0.905569 -0.424198 0.000000
vn 0.975040 -0.222031 0.000000
vn 0.955089 -0.296318 0.000000
vn 0.989243 -0.146283 0.000000
vn -0.000986 -0.244312 0.969696
vn -0.001775 -0.439391 0.898294
vn -0.000634 -0.156814 0.987628
vn -0.001228 -0.303829 0.952726
vn 0.924582 -0.380983 0.000000
vn 0.986539 -0.163528 0.000000
vn 0.965141 -0.261730 0.000000
vn 0.994536 -0.104398 0.000000
vn 0.000000 0.000000 -1.000000
vn 0.000000 0.000000 -1.000000
vn 0.000000 0.000000 -1.000000
vn 0.000000 0.000000 -1.000000
vn 0.000000 0.000000 -1.000000
vn 0.000000 0.000000 -1.000000
vn 0.000001 0.000000 -1.000000
vn 0.000001 0.000000 -1.000000
vn 0.000000 0.000000 -1.000000
vn 0.000000 0.000000 -1.000000
vn 0.000001 0.000000 -1.000000
vn 0.000001 0.000000 -1.000000
vn 0.000000 0.000000 -1.000000
vn 0.000000 0.000000 -1.000000
vn 0.000000 0.000000 -1.000000
vn 0.000000 0.000000 -1.000000
vn 0.000000 0.000000 -1.000000
vn 0.000000 0.000000 -1.000000
vn 0.000000 0.000000 -1.000000
vn 0.000000 0.000000 -1.000000
vn 0.000000 0.000000 -1.000000
vn 0.000000 0.000000 -1.000000
vn 0.000000 0.000000 -1.000000
vn 0.000000 0.000000 -1.000000
vn 0.000000 0.000000 -1.000000
vn 0.000000 0.000000 -1.000000
vn 0.000000 0.000000 -1.000000
vn 0.000000 0.000000 -1.000000
vn 0.194525 0.980898 0.000000
vn 0.194525 0.980898 0.000000
vn 0.000000 1.000000 0.000000
vn 0.000000 1.000000 0.000000
vn 0.194525 0.980898 0.000000
vn 0.194525 0.980898 0.000000
vn 0.000000 1.000000 0.000000
vn 0.000000 1.000000 0.000000
vn 0.000000 0.000000 1.000000
vn -0.000000 0.000000 1.000000
vn -0.000000 0.000000 1.000000
vn 0.000000 0.000000 1.000000
vn 0.000000 0.000000 1.000000
vn 0.000000 0.000000 1.000000
vn 0.000000 0.000000 1.000000
vn 0.000000 0.000000 1.000000
vn 0.000000 0.000000 1.000000
vn 0.000000 0.000000 1.000000
vn 0.000000 0.000000 1.000000
vn 0.000000 0.000000 1.000000
vn 0.000000 0.000000 1.000000
vn 0.000000 0.000000 1.000000
vn 0.000000 0.000000 1.000000
vn 0.000000 0.000000 1.000000
vn 0.000000 0.000000 1.000000
vn 0.000000 0.000000 1.000000
vn 0.000000 0.000000 1.000000
vn 0.000000 0.000000 1.000000
vn 0.000000 0.000000 1.000000
vn 0.000000 0.000000 1.000000
vn 0.000000 0.000000 1.000000
vn 0.000000 0.000000 1.000000
vn 0.000000 0.000000 1.000000
vn 0.000000 0.000000 1.000000
vn 0.000000 0.000000 1.000000
vn 0.000000 0.000000 1.000000
vn 0.000000 0.000000 -1.000000
vn 0.000000 0.000000 -1.000000
vn 0.000002 0.000000 -1.000000
vn 0.000002 0.000000 -1.000000
vn 0.000001 0.000000 -1.000000
vn 0.000001 0.000000 -1.000000
vn 0.000000 0.000000 -1.000000
vn 0.000000 0.000000 -1.000000
vn -0.000000 0.000000 -1.000000
vn -0.000000 0.000000 -1.000000
vn 0.000001 0.000000 -1.000000
vn 0.000001 0.000000 -1.000000
vn 0.000000 0.000000 -1.000000
vn 0.000000 0.000000 -1.000000
vn 0.416138 0.909302 0.000000
vn 0.416138 0.909302 0.000000
vn 0.416137 0.909302 0.000000
vn 0.416137 0.909302 0.000000
vn -0.000001 0.000000 1.000000
vn -0.000001 0.000000 1.000000
vn 0.000000 0.000000 1.000000
vn 0.000000 0.000000 1.000000
vn 0.000000 0.000000 1.000000
vn 0.000000 0.000000 1.000000
vn 0.000000 0.000000 1.000000
vn 0.000000 0.000000 1.000000
vn 0.000000 0.000000 1.000000
vn 0.000000 0.000000 1.000000
vn 0.000000 0.000000 1.000000
vn 0.000000 0.000000 1.000000
vn 0.000000 0.000000 1.000000
vn 0.000000 0.000000 1.000000
vn 0.000000 1.000000 0.000000
vn 0.000000 1.000000 0.000000
vn 0.000000 1.000000 0.000000
vn 0.000000 1.000000 0.000000
s off
g column_tall5
usemtl piedra_caseta_riotutte
f 994/1447/2930 931/1448/2931 929/1449/2932 1015/1450/2933
f 931/1451/2934 994/1452/2935 995/1453/2936 932/1454/2937
f 934/1455/2938 932/1454/2939 995/1453/2940 996/1456/2941
f 936/1457/2942 934/1455/2943 996/1456/2944 997/1458/2945
f 938/1459/2946 936/1457/2947 997/1458/2948 998/1460/2949
f 940/1461/2950 938/1459/2951 998/1460/2952 999/1462/2953
f 942/1463/2954 940/1461/2955 999/1462/2956 1000/1464/2957
f 1000/1464/2958 1001/1465/2959 945/1466/2960 942/1463/2961
f 1001/1465/2962 1002/1467/2963 947/1468/2964 945/1466/2965
f 1002/1467/2966 1003/1469/2967 949/1470/2968 947/1468/2969
f 1003/1469/2970 1004/1471/2971 951/1472/2972 949/1470/2973
f 1004/1471/2974 1005/1473/2975 953/1474/2976 951/1472/2977
f 953/1475/2978 1005/1476/2979 1006/1477/2980 954/1478/2981
f 956/1479/2982 954/1478/2983 1006/1477/2984 1007/1480/2985
f 958/1481/2986 956/1479/2987 1007/1480/2988 1008/1482/2989
f 960/1483/2990 958/1481/2991 1008/1482/2992 1009/1484/2993
f 962/1485/2994 960/1483/2995 1009/1484/2996 1010/1486/2997
f 964/1487/2998 962/1485/2999 1010/1486/3000 1011/1488/3001
f 1011/1488/3002 1012/1489/3003 967/1490/3004 964/1487/3005
f 1012/1489/3006 1013/1491/3007 969/1492/3008 967/1490/3009
f 1013/1491/3010 1014/1493/3011 971/1494/3012 969/1492/3013
f 1014/1493/3014 1015/1450/3015 929/1449/3016 971/1494/3017
f 928/1495/3018 897/1496/3019 896/1497/3020 930/1498/3021
f 929/1499/3022 931/1500/3023 907/1501/3024 906/1502/3025
f 930/1503/3026 896/1504/3027 895/1505/3028 933/1506/3029
f 931/1507/3030 932/1508/3031 908/1509/3032 907/1510/3033
f 909/1511/3034 908/1509/3035 932/1508/3036 934/1512/3037
f 895/1505/3038 894/1513/3039 935/1514/3040 933/1506/3041
f 910/1515/3042 909/1511/3043 934/1512/3044 936/1516/3045
f 894/1513/3046 893/1517/3047 937/1518/3048 935/1514/3049
f 911/1519/3050 910/1515/3051 936/1516/3052 938/1520/3053
f 893/1517/3054 892/1521/3055 939/1522/3056 937/1518/3057
f 912/1523/3058 911/1519/3059 938/1520/3060 940/1524/3061
f 892/1521/3062 891/1525/3063 941/1526/3064 939/1522/3065
f 913/1527/3066 912/1523/3067 940/1524/3068 942/1528/3069
f 891/1525/3070 890/1529/3071 943/1530/3072 941/1526/3073
f 890/1529/3074 889/1531/3075 944/1532/3076 943/1530/3077
f 914/1533/3078 913/1527/3079 942/1528/3080 945/1534/3081
f 889/1531/3082 888/1535/3083 946/1536/3084 944/1532/3085
f 915/1537/3086 914/1533/3087 945/1534/3088 947/1538/3089
f 888/1535/3090 887/1539/3091 948/1540/3092 946/1536/3093
f 916/1541/3094 915/1537/3095 947/1538/3096 949/1542/3097
f 887/1539/3098 886/1543/3099 950/1544/3100 948/1540/3101
f 917/1545/3102 916/1541/3103 949/1542/3104 951/1546/3105
f 950/1544/3106 886/1543/3107 885/1547/3108 952/1548/3109
f 951/1546/3110 953/1549/3111 918/1550/3112 917/1545/3113
f 952/1551/3114 885/1552/3115 884/1553/3116 955/1554/3117
f 953/1555/3118 954/1556/3119 919/1557/3120 918/1558/3121
f 920/1559/3122 919/1557/3123 954/1556/3124 956/1560/3125
f 884/1553/3126 905/1561/3127 957/1562/3128 955/1554/3129
f 921/1563/3130 920/1559/3131 956/1560/3132 958/1564/3133
f 905/1561/3134 904/1565/3135 959/1566/3136 957/1562/3137
f 922/1567/3138 921/1563/3139 958/1564/3140 960/1568/3141
f 904/1565/3142 903/1569/3143 961/1570/3144 959/1566/3145
f 923/1571/3146 922/1567/3147 960/1568/3148 962/1572/3149
f 903/1569/3150 902/1573/3151 963/1574/3152 961/1570/3153
f 924/1575/3154 923/1571/3155 962/1572/3156 964/1576/3157
f 902/1573/3158 901/1577/3159 965/1578/3160 963/1574/3161
f 901/1577/3162 900/1579/3163 966/1580/3164 965/1578/3165
f 925/1581/3166 924/1575/3167 964/1576/3168 967/1582/3169
f 900/1579/3170 899/1583/3171 968/1584/3172 966/1580/3173
f 926/1585/3174 925/1581/3175 967/1582/3176 969/1586/3177
f 899/1583/3178 898/1587/3179 970/1588/3180 968/1584/3181
f 927/1589/3182 926/1585/3183 969/1586/3184 971/1590/3185
f 898/1587/3186 897/1496/3187 928/1495/3188 970/1588/3189
f 906/1502/3190 927/1589/3191 971/1590/3192 929/1499/3193
f 928/1591/3194 930/1592/3195 972/1593/3196 993/1594/3197
f 972/1595/3198 930/1596/3199 933/1597/3200 973/1598/3201
f 974/1599/3202 973/1598/3203 933/1597/3204 935/1600/3205
f 975/1601/3206 974/1599/3207 935/1600/3208 937/1602/3209
f 976/1603/3210 975/1601/3211 937/1602/3212 939/1604/3213
f 977/1605/3214 976/1603/3215 939/1604/3216 941/1606/3217
f 978/1607/3218 977/1605/3219 941/1606/3220 943/1608/3221
f 943/1608/3222 944/1609/3223 979/1610/3224 978/1607/3225
f 944/1609/3226 946/1611/3227 980/1612/3228 979/1610/3229
f 946/1611/3230 948/1613/3231 981/1614/3232 980/1612/3233
f 948/1613/3234 950/1615/3235 982/1616/3236 981/1614/3237
f 950/1615/3238 952/1617/3239 983/1618/3240 982/1616/3241
f 983/1619/3242 952/1620/3243 955/1621/3244 984/1622/3245
f 985/1623/3246 984/1622/3247 955/1621/3248 957/1624/3249
f 986/1625/3250 985/1623/3251 957/1624/3252 959/1626/3253
f 987/1627/3254 986/1625/3255 959/1626/3256 961/1628/3257
f 988/1629/3258 987/1627/3259 961/1628/3260 963/1630/3261
f 989/1631/3262 988/1629/3263 963/1630/3264 965/1632/3265
f 965/1632/3266 966/1633/3267 990/1634/3268 989/1631/3269
f 966/1633/3270 968/1635/3271 991/1636/3272 990/1634/3273
f 968/1635/3274 970/1637/3275 992/1638/3276 991/1636/3277
f 970/1637/3278 928/1591/3279 993/1594/3280 992/1638/3281
f 972/1639/3282 994/1640/3283 1015/1641/3284 993/1642/3285
f 994/1643/3286 972/1644/3287 973/1645/3288 995/1646/3289
f 996/1647/3290 995/1646/3291 973/1645/3292 974/1648/3293
f 997/1649/3294 996/1647/3295 974/1648/3296 975/1650/3297
f 998/1651/3298 997/1649/3299 975/1650/3300 976/1652/3301
f 999/1653/3302 998/1651/3303 976/1652/3304 977/1654/3305
f 1000/1655/3306 999/1653/3307 977/1654/3308 978/1656/3309
f 978/1656/3310 979/1657/3311 1001/1658/3312 1000/1655/3313
f 979/1657/3314 980/1659/3315 1002/1660/3316 1001/1658/3317
f 980/1659/3318 981/1661/3319 1003/1662/3320 1002/1660/3321
f 981/1661/3322 982/1663/3323 1004/1664/3324 1003/1662/3325
f 982/1663/3326 983/1665/3327 1005/1666/3328 1004/1664/3329
f 1005/1667/3330 983/1668/3331 984/1669/3332 1006/1670/3333
f 1007/1671/3334 1006/1670/3335 984/1669/3336 985/1672/3337
f 1008/1673/3338 1007/1671/3339 985/1672/3340 986/1674/3341
f 1009/1675/3342 1008/1673/3343 986/1674/3344 987/1676/3345
f 1010/1677/3346 1009/1675/3347 987/1676/3348 988/1678/3349
f 1011/1679/3350 1010/1677/3351 988/1678/3352 989/1680/3353
f 989/1680/3354 990/1681/3355 1012/1682/3356 1011/1679/3357
f 990/1681/3358 991/1683/3359 1013/1684/3360 1012/1682/3361
f 991/1683/3362 992/1685/3363 1014/1686/3364 1013/1684/3365
f 992/1685/3366 993/1642/3367 1015/1641/3368 1014/1686/3369
f 1126/1687/3370 1063/1688/3371 1061/1689/3372 1147/1690/3373
f 1063/1691/3374 1126/1692/3375 1127/1693/3376 1064/1694/3377
f 1066/1695/3378 1064/1694/3379 1127/1693/3380 1128/1696/3381
f 1068/1697/3382 1066/1695/3383 1128/1696/3384 1129/1698/3385
f 1070/1699/3386 1068/1697/3387 1129/1698/3388 1130/1700/3389
f 1072/1701/3390 1070/1699/3391 1130/1700/3392 1131/1702/3393
f 1074/1703/3394 1072/1701/3395 1131/1702/3396 1132/1704/3397
f 1132/1704/3398 1133/1705/3399 1077/1706/3400 1074/1703/3401
f 1133/1705/3402 1134/1707/3403 1079/1708/3404 1077/1706/3405
f 1134/1707/3406 1135/1709/3407 1081/1710/3408 1079/1708/3409
f 1135/1709/3410 1136/1711/3411 1083/1712/3412 1081/1710/3413
f 1136/1711/3414 1137/1713/3415 1085/1714/3416 1083/1712/3417
f 1085/1715/3418 1137/1716/3419 1138/1717/3420 1086/1718/3421
f 1088/1719/3422 1086/1718/3423 1138/1717/3424 1139/1720/3425
f 1090/1721/3426 1088/1719/3427 1139/1720/3428 1140/1722/3429
f 1092/1723/3430 1090/1721/3431 1140/1722/3432 1141/1724/3433
f 1094/1725/3434 1092/1723/3435 1141/1724/3436 1142/1726/3437
f 1096/1727/3438 1094/1725/3439 1142/1726/3440 1143/1728/3441
f 1143/1728/3442 1144/1729/3443 1099/1730/3444 1096/1727/3445
f 1144/1729/3446 1145/1731/3447 1101/1732/3448 1099/1730/3449
f 1145/1731/3450 1146/1733/3451 1103/1734/3452 1101/1732/3453
f 1146/1733/3454 1147/1690/3455 1061/1689/3456 1103/1734/3457
f 1060/1735/3458 1029/1736/3459 1028/1737/3460 1062/1738/3461
f 1061/1739/3462 1063/1740/3463 1039/1741/3464 1038/1742/3465
f 1062/1743/3466 1028/1744/3467 1027/1745/3468 1065/1746/3469
f 1063/1747/3470 1064/1748/3471 1040/1749/3472 1039/1750/3473
f 1041/1751/3474 1040/1749/3475 1064/1748/3476 1066/1752/3477
f 1027/1745/3478 1026/1753/3479 1067/1754/3480 1065/1746/3481
f 1042/1755/3482 1041/1751/3483 1066/1752/3484 1068/1756/3485
f 1026/1753/3486 1025/1757/3487 1069/1758/3488 1067/1754/3489
f 1043/1759/3490 1042/1755/3491 1068/1756/3492 1070/1760/3493
f 1025/1757/3494 1024/1761/3495 1071/1762/3496 1069/1758/3497
f 1044/1763/3498 1043/1759/3499 1070/1760/3500 1072/1764/3501
f 1024/1761/3502 1023/1765/3503 1073/1766/3504 1071/1762/3505
f 1045/1767/3506 1044/1763/3507 1072/1764/3508 1074/1768/3509
f 1023/1765/3510 1022/1769/3511 1075/1770/3512 1073/1766/3513
f 1022/1769/3514 1021/1771/3515 1076/1772/3516 1075/1770/3517
f 1046/1773/3518 1045/1767/3519 1074/1768/3520 1077/1774/3521
f 1021/1771/3522 1020/1775/3523 1078/1776/3524 1076/1772/3525
f 1047/1777/3526 1046/1773/3527 1077/1774/3528 1079/1778/3529
f 1020/1775/3530 1019/1779/3531 1080/1780/3532 1078/1776/3533
f 1048/1781/3534 1047/1777/3535 1079/1778/3536 1081/1782/3537
f 1019/1779/3538 1018/1783/3539 1082/1784/3540 1080/1780/3541
f 1049/1785/3542 1048/1781/3543 1081/1782/3544 1083/1786/3545
f 1082/1784/3546 1018/1783/3547 1017/1787/3548 1084/1788/3549
f 1083/1786/3550 1085/1789/3551 1050/1790/3552 1049/1785/3553
f 1084/1791/3554 1017/1792/3555 1016/1793/3556 1087/1794/3557
f 1085/1795/3558 1086/1796/3559 1051/1797/3560 1050/1798/3561
f 1052/1799/3562 1051/1797/3563 1086/1796/3564 1088/1800/3565
f 1016/1793/3566 1037/1801/3567 1089/1802/3568 1087/1794/3569
f 1053/1803/3570 1052/1799/3571 1088/1800/3572 1090/1804/3573
f 1037/1801/3574 1036/1805/3575 1091/1806/3576 1089/1802/3577
f 1054/1807/3578 1053/1803/3579 1090/1804/3580 1092/1808/3581
f 1036/1805/3582 1035/1809/3583 1093/1810/3584 1091/1806/3585
f 1055/1811/3586 1054/1807/3587 1092/1808/3588 1094/1812/3589
f 1035/1809/3590 1034/1813/3591 1095/1814/3592 1093/1810/3593
f 1056/1815/3594 1055/1811/3595 1094/1812/3596 1096/1816/3597
f 1034/1813/3598 1033/1817/3599 1097/1818/3600 1095/1814/3601
f 1033/1817/3602 1032/1819/3603 1098/1820/3604 1097/1818/3605
f 1057/1821/3606 1056/1815/3607 1096/1816/3608 1099/1822/3609
f 1032/1819/3610 1031/1823/3611 1100/1824/3612 1098/1820/3613
f 1058/1825/3614 1057/1821/3615 1099/1822/3616 1101/1826/3617
f 1031/1823/3618 1030/1827/3619 1102/1828/3620 1100/1824/3621
f 1059/1829/3622 1058/1825/3623 1101/1826/3624 1103/1830/3625
f 1030/1827/3626 1029/1736/3627 1060/1735/3628 1102/1828/3629
f 1038/1742/3630 1059/1829/3631 1103/1830/3632 1061/1739/3633
f 1060/1831/3634 1062/1832/3635 1104/1833/3636 1125/1834/3637
f 1104/1835/3638 1062/1836/3639 1065/1837/3640 1105/1838/3641
f 1106/1839/3642 1105/1838/3643 1065/1837/3644 1067/1840/3645
f 1107/1841/3646 1106/1839/3647 1067/1840/3648 1069/1842/3649
f 1108/1843/3650 1107/1841/3651 1069/1842/3652 1071/1844/3653
f 1109/1845/3654 1108/1843/3655 1071/1844/3656 1073/1846/3657
f 1110/1847/3658 1109/1845/3659 1073/1846/3660 1075/1848/3661
f 1075/1848/3662 1076/1849/3663 1111/1850/3664 1110/1847/3665
f 1076/1849/3666 1078/1851/3667 1112/1852/3668 1111/1850/3669
f 1078/1851/3670 1080/1853/3671 1113/1854/3672 1112/1852/3673
f 1080/1853/3674 1082/1855/3675 1114/1856/3676 1113/1854/3677
f 1082/1855/3678 1084/1857/3679 1115/1858/3680 1114/1856/3681
f 1115/1859/3682 1084/1860/3683 1087/1861/3684 1116/1862/3685
f 1117/1863/3686 1116/1862/3687 1087/1861/3688 1089/1864/3689
f 1118/1865/3690 1117/1863/3691 1089/1864/3692 1091/1866/3693
f 1119/1867/3694 1118/1865/3695 1091/1866/3696 1093/1868/3697
f 1120/1869/3698 1119/1867/3699 1093/1868/3700 1095/1870/3701
f 1121/1871/3702 1120/1869/3703 1095/1870/3704 1097/1872/3705
f 1097/1872/3706 1098/1873/3707 1122/1874/3708 1121/1871/3709
f 1098/1873/3710 1100/1875/3711 1123/1876/3712 1122/1874/3713
f 1100/1875/3714 1102/1877/3715 1124/1878/3716 1123/1876/3717
f 1102/1877/3718 1060/1831/3719 1125/1834/3720 1124/1878/3721
f 1104/1879/3722 1126/1880/3723 1147/1881/3724 1125/1882/3725
f 1126/1883/3726 1104/1884/3727 1105/1885/3728 1127/1886/3729
f 1128/1887/3730 1127/1886/3731 1105/1885/3732 1106/1888/3733
f 1129/1889/3734 1128/1887/3735 1106/1888/3736 1107/1890/3737
f 1130/1891/3738 1129/1889/3739 1107/1890/3740 1108/1892/3741
f 1131/1893/3742 1130/1891/3743 1108/1892/3744 1109/1894/3745
f 1132/1895/3746 1131/1893/3747 1109/1894/3748 1110/1896/3749
f 1110/1896/3750 1111/1897/3751 1133/1898/3752 1132/1895/3753
f 1111/1897/3754 1112/1899/3755 1134/1900/3756 1133/1898/3757
f 1112/1899/3758 1113/1901/3759 1135/1902/3760 1134/1900/3761
f 1113/1901/3762 1114/1903/3763 1136/1904/3764 1135/1902/3765
f 1114/1903/3766 1115/1905/3767 1137/1906/3768 1136/1904/3769
f 1137/1907/3770 1115/1908/3771 1116/1909/3772 1138/1910/3773
f 1139/1911/3774 1138/1910/3775 1116/1909/3776 1117/1912/3777
f 1140/1913/3778 1139/1911/3779 1117/1912/3780 1118/1914/3781
f 1141/1915/3782 1140/1913/3783 1118/1914/3784 1119/1916/3785
f 1142/1917/3786 1141/1915/3787 1119/1916/3788 1120/1918/3789
f 1143/1919/3790 1142/1917/3791 1120/1918/3792 1121/1920/3793
f 1121/1920/3794 1122/1921/3795 1144/1922/3796 1143/1919/3797
f 1122/1921/3798 1123/1923/3799 1145/1924/3800 1144/1922/3801
f 1123/1923/3802 1124/1925/3803 1146/1926/3804 1145/1924/3805
f 1124/1925/3806 1125/1882/3807 1147/1881/3808 1146/1926/3809
f 1149/1927/3810 1178/1928/3811 1179/1929/3812 1153/1930/3813
f 1148/1931/3814 1150/1932/3815 1155/1933/3816 1156/1934/3817
f 1152/1935/3818 1149/1927/3819 1153/1930/3820 1157/1936/3821
f 1151/1937/3822 1148/1931/3823 1156/1934/3824 1154/1938/3825
f 1150/1932/3826 1152/1935/3827 1157/1936/3828 1155/1933/3829
f 1153/1930/3830 1179/1929/3831 1180/1939/3832 1158/1940/3833
f 1156/1934/3834 1155/1933/3835 1160/1941/3836 1161/1942/3837
f 1157/1936/3838 1153/1930/3839 1158/1940/3840 1162/1943/3841
f 1154/1938/3842 1156/1934/3843 1161/1942/3844 1159/1944/3845
f 1155/1933/3846 1157/1936/3847 1162/1943/3848 1160/1941/3849
f 1158/1940/3850 1180/1939/3851 1181/1945/3852 1163/1946/3853
f 1161/1942/3854 1160/1941/3855 1165/1947/3856 1166/1948/3857
f 1162/1943/3858 1158/1940/3859 1163/1946/3860 1167/1949/3861
f 1159/1944/3862 1161/1942/3863 1166/1948/3864 1164/1950/3865
f 1160/1941/3866 1162/1943/3867 1167/1949/3868 1165/1947/3869
f 1163/1946/3870 1181/1945/3871 1182/1951/3872 1168/1952/3873
f 1166/1948/3874 1165/1947/3875 1170/1953/3876 1171/1954/3877
f 1167/1949/3878 1163/1946/3879 1168/1952/3880 1172/1955/3881
f 1164/1950/3882 1166/1948/3883 1171/1954/3884 1169/1956/3885
f 1165/1947/3886 1167/1949/3887 1172/1955/3888 1170/1953/3889
f 1174/1957/3890 1173/1958/3891 1151/1937/3892 1154/1938/3893
f 1175/1959/3894 1174/1957/3895 1154/1938/3896 1159/1944/3897
f 1176/1960/3898 1175/1959/3899 1159/1944/3900 1164/1950/3901
f 1177/1961/3902 1176/1960/3903 1164/1950/3904 1169/1956/3905
f 1173/1958/3906 1184/1962/3907 1183/1963/3908 1151/1937/3909
f 1148/1931/3910 1186/1964/3911 1185/1965/3912 1150/1932/3913
f 1152/1935/3914 1188/1966/3915 1187/1967/3916 1149/1927/3917
f 1151/1937/3918 1183/1963/3919 1186/1964/3920 1148/1931/3921
f 1150/1932/3922 1185/1965/3923 1188/1966/3924 1152/1935/3925
f 1149/1927/3926 1187/1967/3927 1189/1968/3928 1178/1928/3929
f 1191/1969/3930 1220/1970/3931 1231/1971/3932 1229/1972/3933
f 1190/1973/3934 1192/1974/3935 1227/1975/3936 1228/1976/3937
f 1194/1977/3938 1191/1969/3939 1229/1972/3940 1230/1978/3941
f 1193/1979/3942 1190/1973/3943 1228/1976/3944 1225/1980/3945
f 1192/1974/3946 1194/1977/3947 1230/1978/3948 1227/1975/3949
f 1191/1969/3950 1195/1981/3951 1221/1982/3952 1220/1970/3953
f 1190/1973/3954 1198/1983/3955 1197/1984/3956 1192/1974/3957
f 1194/1977/3958 1199/1985/3959 1195/1981/3960 1191/1969/3961
f 1193/1979/3962 1196/1986/3963 1198/1983/3964 1190/1973/3965
f 1192/1974/3966 1197/1984/3967 1199/1985/3968 1194/1977/3969
f 1195/1981/3970 1200/1987/3971 1222/1988/3972 1221/1982/3973
f 1198/1983/3974 1203/1989/3975 1202/1990/3976 1197/1984/3977
f 1199/1985/3978 1204/1991/3979 1200/1987/3980 1195/1981/3981
f 1196/1986/3982 1201/1992/3983 1203/1989/3984 1198/1983/3985
f 1197/1984/3986 1202/1990/3987 1204/1991/3988 1199/1985/3989
f 1200/1987/3990 1205/1993/3991 1223/1994/3992 1222/1988/3993
f 1203/1989/3994 1208/1995/3995 1207/1996/3996 1202/1990/3997
f 1204/1991/3998 1209/1997/3999 1205/1993/4000 1200/1987/4001
f 1201/1992/4002 1206/1998/4003 1208/1995/4004 1203/1989/4005
f 1202/1990/4006 1207/1996/4007 1209/1997/4008 1204/1991/4009
f 1205/1993/4010 1210/1999/4011 1224/2000/4012 1223/1994/4013
f 1208/1995/4014 1213/2001/4015 1212/2002/4016 1207/1996/4017
f 1209/1997/4018 1214/2003/4019 1210/1999/4020 1205/1993/4021
f 1206/1998/4022 1211/2004/4023 1213/2001/4024 1208/1995/4025
f 1207/1996/4026 1212/2002/4027 1214/2003/4028 1209/1997/4029
f 1226/2005/4030 1215/2006/4031 1193/1979/4032 1225/1980/4033
f 1216/2007/4034 1196/1986/4035 1193/1979/4036 1215/2006/4037
f 1217/2008/4038 1201/1992/4039 1196/1986/4040 1216/2007/4041
f 1218/2009/4042 1206/1998/4043 1201/1992/4044 1217/2008/4045
f 1219/2010/4046 1211/2004/4047 1206/1998/4048 1218/2009/4049
f 1233/2011/4050 1262/2012/4051 1263/2013/4052 1237/2014/4053
f 1232/2015/4054 1234/2016/4055 1239/2017/4056 1240/2018/4057
f 1236/2019/4058 1233/2011/4059 1237/2014/4060 1241/2020/4061
f 1235/2021/4062 1232/2015/4063 1240/2018/4064 1238/2022/4065
f 1234/2016/4066 1236/2019/4067 1241/2020/4068 1239/2017/4069
f 1237/2014/4070 1263/2013/4071 1264/2023/4072 1242/2024/4073
f 1240/2018/4074 1239/2017/4075 1244/2025/4076 1245/2026/4077
f 1241/2020/4078 1237/2014/4079 1242/2024/4080 1246/2027/4081
f 1238/2022/4082 1240/2018/4083 1245/2026/4084 1243/2028/4085
f 1239/2017/4086 1241/2020/4087 1246/2027/4088 1244/2025/4089
f 1242/2024/4090 1264/2023/4091 1265/2029/4092 1247/2030/4093
f 1245/2026/4094 1244/2025/4095 1249/2031/4096 1250/2032/4097
f 1246/2027/4098 1242/2024/4099 1247/2030/4100 1251/2033/4101
f 1243/2028/4102 1245/2026/4103 1250/2032/4104 1248/2034/4105
f 1244/2025/4106 1246/2027/4107 1251/2033/4108 1249/2031/4109
f 1247/2030/4110 1265/2029/4111 1266/2035/4112 1252/2036/4113
f 1250/2032/4114 1249/2031/4115 1254/2037/4116 1255/2038/4117
f 1251/2033/4118 1247/2030/4119 1252/2036/4120 1256/2039/4121
f 1248/2034/4122 1250/2032/4123 1255/2038/4124 1253/2040/4125
f 1249/2031/4126 1251/2033/4127 1256/2039/4128 1254/2037/4129
f 1258/2041/4130 1257/2042/4131 1235/2021/4132 1238/2022/4133
f 1259/2043/4134 1258/2041/4135 1238/2022/4136 1243/2028/4137
f 1260/2044/4138 1259/2043/4139 1243/2028/4140 1248/2034/4141
f 1261/2045/4142 1260/2044/4143 1248/2034/4144 1253/2040/4145
f 1257/2042/4146 1268/2046/4147 1267/2047/4148 1235/2021/4149
f 1232/2015/4150 1270/2048/4151 1269/2049/4152 1234/2016/4153
f 1236/2019/4154 1272/2050/4155 1271/2051/4156 1233/2011/4157
f 1235/2021/4158 1267/2047/4159 1270/2048/4160 1232/2015/4161
f 1234/2016/4162 1269/2049/4163 1272/2050/4164 1236/2019/4165
f 1233/2011/4166 1271/2051/4167 1273/2052/4168 1262/2012/4169
f 1275/2053/4170 1304/2054/4171 1315/2055/4172 1313/2056/4173
f 1274/2057/4174 1276/2058/4175 1311/2059/4176 1312/2060/4177
f 1278/2061/4178 1275/2053/4179 1313/2056/4180 1314/2062/4181
f 1277/2063/4182 1274/2057/4183 1312/2060/4184 1309/2064/4185
f 1276/2058/4186 1278/2061/4187 1314/2062/4188 1311/2059/4189
f 1275/2053/4190 1279/2065/4191 1305/2066/4192 1304/2054/4193
f 1274/2057/4194 1282/2067/4195 1281/2068/4196 1276/2058/4197
f 1278/2061/4198 1283/2069/4199 1279/2065/4200 1275/2053/4201
f 1277/2063/4202 1280/2070/4203 1282/2067/4204 1274/2057/4205
f 1276/2058/4206 1281/2068/4207 1283/2069/4208 1278/2061/4209
f 1279/2065/4210 1284/2071/4211 1306/2072/4212 1305/2066/4213
f 1282/2067/4214 1287/2073/4215 1286/2074/4216 1281/2068/4217
f 1283/2069/4218 1288/2075/4219 1284/2071/4220 1279/2065/4221
f 1280/2070/4222 1285/2076/4223 1287/2073/4224 1282/2067/4225
f 1281/2068/4226 1286/2074/4227 1288/2075/4228 1283/2069/4229
f 1284/2071/4230 1289/2077/4231 1307/2078/4232 1306/2072/4233
f 1287/2073/4234 1292/2079/4235 1291/2080/4236 1286/2074/4237
f 1288/2075/4238 1293/2081/4239 1289/2077/4240 1284/2071/4241
f 1285/2076/4242 1290/2082/4243 1292/2079/4244 1287/2073/4245
f 1286/2074/4246 1291/2080/4247 1293/2081/4248 1288/2075/4249
f 1289/2077/4250 1294/2083/4251 1308/2084/4252 1307/2078/4253
f 1292/2079/4254 1297/2085/4255 1296/2086/4256 1291/2080/4257
f 1293/2081/4258 1298/2087/4259 1294/2083/4260 1289/2077/4261
f 1290/2082/4262 1295/2088/4263 1297/2085/4264 1292/2079/4265
f 1291/2080/4266 1296/2086/4267 1298/2087/4268 1293/2081/4269
f 1310/2089/4270 1299/2090/4271 1277/2063/4272 1309/2064/4273
f 1300/2091/4274 1280/2070/4275 1277/2063/4276 1299/2090/4277
f 1301/2092/4278 1285/2076/4279 1280/2070/4280 1300/2091/4281
f 1302/2093/4282 1290/2082/4283 1285/2076/4284 1301/2092/4285
f 1303/2094/4286 1295/2088/4287 1290/2082/4288 1302/2093/4289
f 1224/2000/4290 1210/1999/4291 1252/2036/4292 1266/2035/4293
f 1210/1999/4294 1214/2003/4295 1256/2039/4296 1252/2036/4297
f 1214/2003/4298 1212/2002/4299 1254/2037/4300 1256/2039/4301
f 1212/2002/4302 1213/2001/4303 1255/2038/4304 1254/2037/4305
f 1213/2001/4306 1211/2004/4307 1253/2040/4308 1255/2038/4309
f 1211/2004/4310 1219/2010/4311 1261/2045/4312 1253/2040/4313
f 1177/1961/4314 1169/1956/4315 1295/2088/4316 1303/2094/4317
f 1169/1956/4318 1171/1954/4319 1297/2085/4320 1295/2088/4321
f 1171/1954/4322 1170/1953/4323 1296/2086/4324 1297/2085/4325
f 1170/1953/4326 1172/1955/4327 1298/2087/4328 1296/2086/4329
f 1172/1955/4330 1168/1952/4331 1294/2083/4332 1298/2087/4333
f 1168/1952/4334 1182/1951/4335 1308/2084/4336 1294/2083/4337
s 1
f 1273/2368/4338 1271/2369/4339 1505/2370/4340 1506/2371/4341
s 2
f 1271/2369/4342 1272/2372/4343 1504/2373/4344 1505/2370/4345
s 3
f 1272/2372/4346 1269/2376/4347 1503/2377/4348 1504/2373/4349
s 4
f 1269/2376/4350 1270/2381/4351 1502/2382/4352 1503/2377/4353
s 5
f 1270/2381/4354 1267/2387/4355 1501/2388/4356 1502/2382/4357
s 6
f 1267/2387/4358 1268/2392/4359 1500/2393/4360 1501/2388/4361
s 7
f 1490/2408/4362 1491/2409/4363 1229/2410/4364 1231/2411/4365
s 8
f 1491/2409/4366 1492/2414/4367 1230/2415/4368 1229/2410/4369
s 9
f 1492/2414/4370 1493/2419/4371 1227/2420/4372 1230/2415/4373
s 10
f 1493/2419/4374 1494/2425/4375 1228/2426/4376 1227/2420/4377
s 11
f 1494/2425/4378 1495/2430/4379 1225/2431/4380 1228/2426/4381
s 12
f 1495/2430/4382 1496/2435/4383 1226/2436/4384 1225/2431/4385
s 13
f 1499/2397/4386 1500/2393/4387 1268/2392/4388 1316/2398/4389
s 14
f 1226/2436/4390 1496/2435/4391 1497/2440/4392 1319/2441/4393
s off
f 1215/2095/4394 1226/2096/4395 1320/2097/4396
f 1216/2098/4397 1215/2095/4398 1320/2097/4399
f 1217/2099/4400 1216/2098/4401 1320/2097/4402
f 1218/2100/4403 1217/2099/4404 1320/2097/4405
f 1219/2101/4406 1218/2100/4407 1320/2097/4408
f 1257/2102/4409 1258/2103/4410 1320/2104/4411
f 1258/2103/4412 1259/2105/4413 1320/2104/4414
f 1259/2105/4415 1260/2106/4416 1320/2104/4417
f 1260/2106/4418 1261/2107/4419 1320/2104/4420
f 1268/2108/4421 1257/2102/4422 1320/2104/4423
f 1261/2107/4424 1219/2101/4425 1320/2097/4426
f 1316/2109/4427 1268/2108/4428 1320/2104/4429
f 1226/2096/4430 1319/2110/4431 1320/2097/4432
f 1173/2111/4433 1174/2112/4434 1322/2113/4435 1321/2114/4436
f 1174/2112/4437 1175/2115/4438 1322/2113/4439
f 1175/2115/4440 1176/2116/4441 1321/2114/4442 1322/2113/4443
f 1176/2116/4444 1177/2117/4445 1321/2114/4446
f 1184/2118/4447 1173/2111/4448 1321/2114/4449
f 1299/2119/4450 1310/2120/4451 1321/2114/4452
f 1300/2121/4453 1299/2119/4454 1321/2114/4455 1323/2122/4456
f 1301/2123/4457 1300/2121/4458 1323/2122/4459
f 1302/2124/4460 1301/2123/4461 1323/2122/4462 1321/2114/4463
f 1303/2125/4464 1302/2124/4465 1321/2114/4466
f 1177/2117/4467 1303/2125/4468 1321/2114/4469
f 1310/2120/4470 1317/2126/4471 1321/2114/4472
f 1318/2127/4473 1184/2118/4474 1321/2114/4475
f 1320/2459/4476 1319/2460/4477 1497/2457/4478 1498/2456/4479
f 1316/2462/4480 1320/2459/4481 1498/2456/4482 1499/2461/4483
f 1434/2128/4484 1371/2129/4485 1369/2130/4486 1455/2131/4487
f 1371/2132/4488 1434/2133/4489 1435/2134/4490 1372/2135/4491
f 1374/2136/4492 1372/2135/4493 1435/2134/4494 1436/2137/4495
f 1376/2138/4496 1374/2136/4497 1436/2137/4498 1437/2139/4499
f 1378/2140/4500 1376/2138/4501 1437/2139/4502 1438/2141/4503
f 1380/2142/4504 1378/2140/4505 1438/2141/4506 1439/2143/4507
f 1382/2144/4508 1380/2142/4509 1439/2143/4510 1440/2145/4511
f 1440/2145/4512 1441/2146/4513 1385/2147/4514 1382/2144/4515
f 1441/2146/4516 1442/2148/4517 1387/2149/4518 1385/2147/4519
f 1442/2148/4520 1443/2150/4521 1389/2151/4522 1387/2149/4523
f 1443/2150/4524 1444/2152/4525 1391/2153/4526 1389/2151/4527
f 1444/2152/4528 1445/2154/4529 1393/2155/4530 1391/2153/4531
f 1393/2156/4532 1445/2157/4533 1446/2158/4534 1394/2159/4535
f 1396/2160/4536 1394/2159/4537 1446/2158/4538 1447/2161/4539
f 1398/2162/4540 1396/2160/4541 1447/2161/4542 1448/2163/4543
f 1400/2164/4544 1398/2162/4545 1448/2163/4546 1449/2165/4547
f 1402/2166/4548 1400/2164/4549 1449/2165/4550 1450/2167/4551
f 1404/2168/4552 1402/2166/4553 1450/2167/4554 1451/2169/4555
f 1451/2169/4556 1452/2170/4557 1407/2171/4558 1404/2168/4559
f 1452/2170/4560 1453/2172/4561 1409/2173/4562 1407/2171/4563
f 1453/2172/4564 1454/2174/4565 1411/2175/4566 1409/2173/4567
f 1454/2174/4568 1455/2131/4569 1369/2130/4570 1411/2175/4571
f 1368/2176/4572 1337/2177/4573 1336/2178/4574 1370/2179/4575
f 1369/2180/4576 1371/2181/4577 1347/2182/4578 1346/2183/4579
f 1370/2184/4580 1336/2185/4581 1335/2186/4582 1373/2187/4583
f 1371/2188/4584 1372/2189/4585 1348/2190/4586 1347/2191/4587
f 1349/2192/4588 1348/2190/4589 1372/2189/4590 1374/2193/4591
f 1335/2186/4592 1334/2194/4593 1375/2195/4594 1373/2187/4595
f 1350/2196/4596 1349/2192/4597 1374/2193/4598 1376/2197/4599
f 1334/2194/4600 1333/2198/4601 1377/2199/4602 1375/2195/4603
f 1351/2200/4604 1350/2196/4605 1376/2197/4606 1378/2201/4607
f 1333/2198/4608 1332/2202/4609 1379/2203/4610 1377/2199/4611
f 1352/2204/4612 1351/2200/4613 1378/2201/4614 1380/2205/4615
f 1332/2202/4616 1331/2206/4617 1381/2207/4618 1379/2203/4619
f 1353/2208/4620 1352/2204/4621 1380/2205/4622 1382/2209/4623
f 1331/2206/4624 1330/2210/4625 1383/2211/4626 1381/2207/4627
f 1330/2210/4628 1329/2212/4629 1384/2213/4630 1383/2211/4631
f 1354/2214/4632 1353/2208/4633 1382/2209/4634 1385/2215/4635
f 1329/2212/4636 1328/2216/4637 1386/2217/4638 1384/2213/4639
f 1355/2218/4640 1354/2214/4641 1385/2215/4642 1387/2219/4643
f 1328/2216/4644 1327/2220/4645 1388/2221/4646 1386/2217/4647
f 1356/2222/4648 1355/2218/4649 1387/2219/4650 1389/2223/4651
f 1327/2220/4652 1326/2224/4653 1390/2225/4654 1388/2221/4655
f 1357/2226/4656 1356/2222/4657 1389/2223/4658 1391/2227/4659
f 1390/2225/4660 1326/2224/4661 1325/2228/4662 1392/2229/4663
f 1391/2227/4664 1393/2230/4665 1358/2231/4666 1357/2226/4667
f 1392/2232/4668 1325/2233/4669 1324/2234/4670 1395/2235/4671
f 1393/2236/4672 1394/2237/4673 1359/2238/4674 1358/2239/4675
f 1360/2240/4676 1359/2238/4677 1394/2237/4678 1396/2241/4679
f 1324/2234/4680 1345/2242/4681 1397/2243/4682 1395/2235/4683
f 1361/2244/4684 1360/2240/4685 1396/2241/4686 1398/2245/4687
f 1345/2242/4688 1344/2246/4689 1399/2247/4690 1397/2243/4691
f 1362/2248/4692 1361/2244/4693 1398/2245/4694 1400/2249/4695
f 1344/2246/4696 1343/2250/4697 1401/2251/4698 1399/2247/4699
f 1363/2252/4700 1362/2248/4701 1400/2249/4702 1402/2253/4703
f 1343/2250/4704 1342/2254/4705 1403/2255/4706 1401/2251/4707
f 1364/2256/4708 1363/2252/4709 1402/2253/4710 1404/2257/4711
f 1342/2254/4712 1341/2258/4713 1405/2259/4714 1403/2255/4715
f 1341/2258/4716 1340/2260/4717 1406/2261/4718 1405/2259/4719
f 1365/2262/4720 1364/2256/4721 1404/2257/4722 1407/2263/4723
f 1340/2260/4724 1339/2264/4725 1408/2265/4726 1406/2261/4727
f 1366/2266/4728 1365/2262/4729 1407/2263/4730 1409/2267/4731
f 1339/2264/4732 1338/2268/4733 1410/2269/4734 1408/2265/4735
f 1367/2270/4736 1366/2266/4737 1409/2267/4738 1411/2271/4739
f 1338/2268/4740 1337/2177/4741 1368/2176/4742 1410/2269/4743
f 1346/2183/4744 1367/2270/4745 1411/2271/4746 1369/2180/4747
f 1368/2272/4748 1370/2273/4749 1412/2274/4750 1433/2275/4751
f 1412/2276/4752 1370/2277/4753 1373/2278/4754 1413/2279/4755
f 1414/2280/4756 1413/2279/4757 1373/2278/4758 1375/2281/4759
f 1415/2282/4760 1414/2280/4761 1375/2281/4762 1377/2283/4763
f 1416/2284/4764 1415/2282/4765 1377/2283/4766 1379/2285/4767
f 1417/2286/4768 1416/2284/4769 1379/2285/4770 1381/2287/4771
f 1418/2288/4772 1417/2286/4773 1381/2287/4774 1383/2289/4775
f 1383/2289/4776 1384/2290/4777 1419/2291/4778 1418/2288/4779
f 1384/2290/4780 1386/2292/4781 1420/2293/4782 1419/2291/4783
f 1386/2292/4784 1388/2294/4785 1421/2295/4786 1420/2293/4787
f 1388/2294/4788 1390/2296/4789 1422/2297/4790 1421/2295/4791
f 1390/2296/4792 1392/2298/4793 1423/2299/4794 1422/2297/4795
f 1423/2300/4796 1392/2301/4797 1395/2302/4798 1424/2303/4799
f 1425/2304/4800 1424/2303/4801 1395/2302/4802 1397/2305/4803
f 1426/2306/4804 1425/2304/4805 1397/2305/4806 1399/2307/4807
f 1427/2308/4808 1426/2306/4809 1399/2307/4810 1401/2309/4811
f 1428/2310/4812 1427/2308/4813 1401/2309/4814 1403/2311/4815
f 1429/2312/4816 1428/2310/4817 1403/2311/4818 1405/2313/4819
f 1405/2313/4820 1406/2314/4821 1430/2315/4822 1429/2312/4823
f 1406/2314/4824 1408/2316/4825 1431/2317/4826 1430/2315/4827
f 1408/2316/4828 1410/2318/4829 1432/2319/4830 1431/2317/4831
f 1410/2318/4832 1368/2272/4833 1433/2275/4834 1432/2319/4835
f 1412/2320/4836 1434/2321/4837 1455/2322/4838 1433/2323/4839
f 1434/2324/4840 1412/2325/4841 1413/2326/4842 1435/2327/4843
f 1436/2328/4844 1435/2327/4845 1413/2326/4846 1414/2329/4847
f 1437/2330/4848 1436/2328/4849 1414/2329/4850 1415/2331/4851
f 1438/2332/4852 1437/2330/4853 1415/2331/4854 1416/2333/4855
f 1439/2334/4856 1438/2332/4857 1416/2333/4858 1417/2335/4859
f 1440/2336/4860 1439/2334/4861 1417/2335/4862 1418/2337/4863
f 1418/2337/4864 1419/2338/4865 1441/2339/4866 1440/2336/4867
f 1419/2338/4868 1420/2340/4869 1442/2341/4870 1441/2339/4871
f 1420/2340/4872 1421/2342/4873 1443/2343/4874 1442/2341/4875
f 1421/2342/4876 1422/2344/4877 1444/2345/4878 1443/2343/4879
f 1422/2344/4880 1423/2346/4881 1445/2347/4882 1444/2345/4883
f 1445/2348/4884 1423/2349/4885 1424/2350/4886 1446/2351/4887
f 1447/2352/4888 1446/2351/4889 1424/2350/4890 1425/2353/4891
f 1448/2354/4892 1447/2352/4893 1425/2353/4894 1426/2355/4895
f 1449/2356/4896 1448/2354/4897 1426/2355/4898 1427/2357/4899
f 1450/2358/4900 1449/2356/4901 1427/2357/4902 1428/2359/4903
f 1451/2360/4904 1450/2358/4905 1428/2359/4906 1429/2361/4907
f 1429/2361/4908 1430/2362/4909 1452/2363/4910 1451/2360/4911
f 1430/2362/4912 1431/2364/4913 1453/2365/4914 1452/2363/4915
f 1431/2364/4916 1432/2366/4917 1454/2367/4918 1453/2365/4919
f 1432/2366/4920 1433/2323/4921 1455/2322/4922 1454/2367/4923
s 7
f 1189/2421/4924 1187/2422/4925 1457/2417/4926 1456/2416/4927
s 8
f 1187/2422/4928 1188/2427/4929 1458/2423/4930 1457/2417/4931
s 9
f 1188/2427/4932 1185/2432/4933 1459/2428/4934 1458/2423/4935
s 10
f 1185/2432/4936 1186/2437/4937 1460/2433/4938 1459/2428/4939
s 11
f 1186/2437/4940 1183/2442/4941 1461/2438/4942 1460/2433/4943
s 12
f 1183/2442/4944 1184/2445/4945 1462/2443/4946 1461/2438/4947
s 14
f 1463/2446/4948 1462/2443/4949 1184/2445/4950 1318/2447/4951
s 22
f 1464/2448/4952 1463/2449/4953 1318/2450/4954 1321/2451/4955
s 23
f 1465/2454/4956 1464/2448/4957 1321/2451/4958 1317/2455/4959
s 13
f 1310/2406/4960 1466/2403/4961 1465/2405/4962 1317/2407/4963
s 6
f 1467/2400/4964 1466/2403/4965 1310/2406/4966 1309/2404/4967
s 5
f 1468/2395/4968 1467/2400/4969 1309/2404/4970 1312/2401/4971
s 4
f 1469/2390/4972 1468/2395/4973 1312/2401/4974 1311/2396/4975
s 3
f 1470/2384/4976 1469/2390/4977 1311/2396/4978 1314/2391/4979
s 2
f 1471/2379/4980 1470/2384/4981 1314/2391/4982 1313/2385/4983
s 1
f 1472/2380/4984 1471/2379/4985 1313/2385/4986 1315/2386/4987
s 7
f 1456/2416/4927 1457/2417/4926 1474/2413/4988 1473/2412/4989
s 8
f 1457/2417/4931 1458/2423/4930 1475/2418/4990 1474/2413/4991
s 9
f 1458/2423/4935 1459/2428/4934 1476/2424/4992 1475/2418/4993
s 10
f 1459/2428/4939 1460/2433/4938 1477/2429/4994 1476/2424/4995
s 11
f 1460/2433/4943 1461/2438/4942 1478/2434/4996 1477/2429/4997
s 12
f 1461/2438/4947 1462/2443/4946 1479/2439/4998 1478/2434/4999
s 14
f 1480/2444/5000 1479/2439/5001 1462/2443/4949 1463/2446/4948
s 22
f 1481/2452/5002 1480/2453/5003 1463/2449/4953 1464/2448/4952
s 23
f 1482/2458/5004 1481/2452/5005 1464/2448/4957 1465/2454/4956
s 13
f 1465/2405/4962 1466/2403/4961 1483/2399/5006 1482/2402/5007
s 6
f 1484/2394/5008 1483/2399/5009 1466/2403/4965 1467/2400/4964
s 5
f 1485/2389/5010 1484/2394/5011 1467/2400/4969 1468/2395/4968
s 4
f 1486/2383/5012 1485/2389/5013 1468/2395/4973 1469/2390/4972
s 3
f 1487/2378/5014 1486/2383/5015 1469/2390/4977 1470/2384/4976
s 2
f 1488/2374/5016 1487/2378/5017 1470/2384/4981 1471/2379/4980
s 1
f 1489/2375/5018 1488/2374/5019 1471/2379/4985 1472/2380/4984
s 7
f 1473/2412/4989 1474/2413/4988 1491/2409/4363 1490/2408/4362
s 8
f 1474/2413/4991 1475/2418/4990 1492/2414/4367 1491/2409/4366
s 9
f 1475/2418/4993 1476/2424/4992 1493/2419/4371 1492/2414/4370
s 10
f 1476/2424/4995 1477/2429/4994 1494/2425/4375 1493/2419/4374
s 11
f 1477/2429/4997 1478/2434/4996 1495/2430/4379 1494/2425/4378
s 12
f 1478/2434/4999 1479/2439/4998 1496/2435/4383 1495/2430/4382
s 14
f 1497/2440/4392 1496/2435/4391 1479/2439/5001 1480/2444/5000
s 22
f 1498/2456/5020 1497/2457/5021 1480/2453/5003 1481/2452/5002
s 23
f 1499/2461/5022 1498/2456/5023 1481/2452/5005 1482/2458/5004
s 13
f 1482/2402/5007 1483/2399/5006 1500/2393/4387 1499/2397/4386
s 6
f 1501/2388/4361 1500/2393/4360 1483/2399/5009 1484/2394/5008
s 5
f 1502/2382/4357 1501/2388/4356 1484/2394/5011 1485/2389/5010
s 4
f 1503/2377/4353 1502/2382/4352 1485/2389/5013 1486/2383/5012
s 3
f 1504/2373/4349 1503/2377/4348 1486/2383/5015 1487/2378/5014
s 2
f 1505/2370/4345 1504/2373/4344 1487/2378/5017 1488/2374/5016
s 1
f 1506/2371/4341 1505/2370/4340 1488/2374/5019 1489/2375/5018
g default
v -3.060628 4.459102 6.390271
v -2.928623 4.459102 6.390271
v -3.060628 4.454773 6.526365
v -2.928623 4.454773 6.526365
v -3.060628 5.207065 6.574755
v -2.928623 5.207065 6.574755
v -3.060628 5.211395 6.438666
v -2.928623 5.211395 6.438666
vt 0.893878 0.194796
vt 0.898174 0.117582
vt 0.912138 0.117906
vt 0.907843 0.195119
vt 0.891091 0.098063
vt 0.886794 0.020850
vt 0.900759 0.020527
vt 0.905054 0.097740
vt 0.889156 0.195927
vt 0.902708 0.195927
vt 0.902708 0.273200
vt 0.889156 0.273200
vt 0.945825 0.094301
vt 0.959377 0.094301
vt 0.959377 0.171574
vt 0.945825 0.171574
vt 0.784082 0.209219
vt 0.797625 0.209219
vt 0.797625 0.223185
vt 0.784082 0.223185
vt 0.736857 0.210216
vt 0.750401 0.210216
vt 0.750401 0.224181
vt 0.736857 0.224181
vn 0.000000 -0.999494 -0.031790
vn 0.000000 -0.999494 -0.031790
vn 0.000000 -0.999494 -0.031790
vn 0.000000 -0.999494 -0.031790
vn 0.000000 -0.064191 0.997938
vn 0.000000 -0.064191 0.997938
vn 0.000000 -0.064191 0.997938
vn 0.000000 -0.064191 0.997938
vn 0.000000 0.999494 0.031797
vn 0.000000 0.999494 0.031797
vn 0.000000 0.999494 0.031797
vn 0.000000 0.999494 0.031797
vn 0.000000 0.064197 -0.997937
vn 0.000000 0.064197 -0.997937
vn 0.000000 0.064197 -0.997937
vn 0.000000 0.064197 -0.997937
vn 1.000000 -0.000000 0.000000
vn 1.000000 -0.000000 0.000000
vn 1.000000 -0.000000 0.000000
vn 1.000000 -0.000000 0.000000
vn -1.000000 0.000000 -0.000000
vn -1.000000 0.000000 -0.000000
vn -1.000000 0.000000 -0.000000
vn -1.000000 0.000000 -0.000000
s off
g pCube7
usemtl vigas_caseta_riotutte
f 1507/2479/5024 1508/2480/5025 1510/2481/5026 1509/2482/5027
f 1509/2471/5028 1510/2472/5029 1512/2473/5030 1511/2474/5031
f 1511/2483/5032 1512/2484/5033 1514/2485/5034 1513/2486/5035
f 1513/2475/5036 1514/2476/5037 1508/2477/5038 1507/2478/5039
f 1508/2463/5040 1514/2464/5041 1512/2465/5042 1510/2466/5043
f 1513/2467/5044 1507/2468/5045 1509/2469/5046 1511/2470/5047
g default
v -2.887987 2.036977 7.803528
v -1.575259 1.910295 7.765834
v -2.870463 2.218416 7.804034
v -1.557735 2.091734 7.766340
v -2.872321 2.218779 7.738132
v -1.559593 2.092098 7.700438
v -2.889844 2.037340 7.737626
v -1.577116 1.910659 7.699932
vt 0.178865 0.053112
vt 0.255645 0.054511
vt 0.178671 0.063720
vt 0.255452 0.065119
vt 0.178601 0.067556
vt 0.255382 0.068956
vt 0.178408 0.078165
vt 0.255189 0.079564
vt 0.178338 0.082001
vt 0.255119 0.083401
vt 0.259482 0.054581
vt 0.259289 0.065189
vt 0.175028 0.053042
vt 0.174834 0.063650
vn 0.028171 -0.005511 0.999588
vn 0.028171 -0.005511 0.999588
vn 0.028171 -0.005511 0.999588
vn 0.028171 -0.005511 0.999588
vn 0.096135 0.995365 0.002778
vn 0.096135 0.995365 0.002778
vn 0.096135 0.995365 0.002778
vn 0.096135 0.995365 0.002778
vn -0.028171 0.005511 -0.999588
vn -0.028171 0.005511 -0.999588
vn -0.028171 0.005511 -0.999588
vn -0.028171 0.005511 -0.999588
vn -0.096135 -0.995365 -0.002778
vn -0.096135 -0.995365 -0.002778
vn -0.096135 -0.995365 -0.002778
vn -0.096135 -0.995365 -0.002778
vn 0.994970 -0.096017 -0.028570
vn 0.994970 -0.096017 -0.028570
vn 0.994970 -0.096017 -0.028570
vn 0.994970 -0.096017 -0.028570
vn -0.994970 0.096017 0.028570
vn -0.994970 0.096017 0.028570
vn -0.994970 0.096017 0.028570
vn -0.994970 0.096017 0.028570
s off
g pCube29
usemtl vigas_caseta_riotutte
f 1515/2487/5048 1516/2488/5049 1518/2490/5050 1517/2489/5051
f 1517/2489/5052 1518/2490/5053 1520/2492/5054 1519/2491/5055
f 1519/2491/5056 1520/2492/5057 1522/2494/5058 1521/2493/5059
f 1521/2493/5060 1522/2494/5061 1516/2496/5062 1515/2495/5063
f 1516/2488/5064 1522/2497/5065 1520/2498/5066 1518/2490/5067
f 1521/2499/5068 1515/2487/5069 1517/2489/5070 1519/2500/5071
g default
v -3.828495 3.597318 7.370368
v -3.392465 4.235462 7.370368
v -4.278159 3.160517 7.370368
v -4.231098 3.403306 7.370368
v -4.278159 2.716646 7.370368
v -4.278159 2.946579 7.370368
v -4.278159 -0.012801 7.370368
v -2.567654 3.357485 7.370368
v -2.795252 2.714142 7.370368
v -2.712261 3.128519 7.370368
v -2.387695 3.540381 7.370368
v -2.780783 2.931882 7.370368
v -2.795252 2.714142 7.399890
v -2.387695 3.540381 7.399890
v -2.712261 3.128519 7.399890
v -2.567654 3.357485 7.399890
v -2.780783 2.931882 7.399890
v -2.760359 2.712984 7.399890
v -2.365556 3.513601 7.399890
v -2.681001 3.113445 7.399890
v -2.540438 3.335909 7.399890
v -2.746863 2.924976 7.399890
v -2.760359 2.712984 7.428646
v -2.365556 3.513601 7.428646
v -2.681001 3.113445 7.428646
v -2.540438 3.335909 7.428646
v -2.746863 2.924976 7.428646
v -2.731604 2.711979 7.428646
v -2.347004 3.491744 7.428646
v -2.655248 3.101009 7.428646
v -2.518013 3.318126 7.428646
v -2.718914 2.919313 7.428646
v -2.164643 3.689106 7.370368
v -2.164643 3.689106 7.399890
v -2.164643 3.655289 7.399890
v -2.164643 3.655289 7.428646
v -2.164643 3.623911 7.428646
v -2.795251 -0.012801 7.370368
v -2.795251 -0.012801 7.399890
v -2.760359 -0.012801 7.399890
v -2.760359 -0.012801 7.428646
v -2.731604 -0.012801 7.428646
v -2.434630 3.597318 7.370368
v -2.164643 3.777855 7.370368
v -2.778660 3.160517 7.370368
v -2.625463 3.403306 7.370368
v -2.869399 2.716646 7.370368
v -2.852828 2.946579 7.370368
v -2.869399 -0.012801 7.370368
v -2.567654 3.357485 7.739378
v -2.795252 2.714142 7.739378
v -2.712261 3.128519 7.739378
v -2.387695 3.540381 7.739378
v -2.780783 2.931882 7.739378
v -2.795252 2.714142 7.709855
v -2.387695 3.540381 7.709855
v -2.712261 3.128519 7.709855
v -2.567654 3.357485 7.709855
v -2.780783 2.931882 7.709855
v -2.760359 2.712984 7.709855
v -2.365556 3.513601 7.709855
v -2.681002 3.113445 7.709855
v -2.540438 3.335909 7.709855
v -2.746863 2.924976 7.709855
v -2.760359 2.712984 7.681100
v -2.365556 3.513601 7.681100
v -2.681002 3.113445 7.681100
v -2.540438 3.335909 7.681100
v -2.746863 2.924976 7.681100
v -2.731604 2.711979 7.681100
v -2.347004 3.491744 7.681100
v -2.655248 3.101009 7.681100
v -2.518013 3.318126 7.681100
v -2.718914 2.919313 7.681100
v -2.164643 3.689106 7.739378
v -2.164643 3.689106 7.709855
v -2.164643 3.655289 7.709855
v -2.164643 3.655289 7.681100
v -2.164643 3.623911 7.681100
v -2.795251 -0.012801 7.739378
v -2.795251 -0.012801 7.709855
v -2.760359 -0.012801 7.709855
v -2.760359 -0.012801 7.681100
v -2.731604 -0.012801 7.681100
v -2.434630 3.597318 7.739378
v -2.164643 3.777855 7.739378
v -2.778660 3.160517 7.739378
v -2.625463 3.403306 7.739378
v -2.869399 2.716646 7.739378
v -2.852828 2.946579 7.739378
v -2.869399 -0.012801 7.739378
v -3.828495 3.597318 7.739378
v -3.392465 4.235462 7.739378
v -4.278159 3.160517 7.739378
v -4.231098 3.403306 7.739378
v -4.278159 2.716646 7.739378
v -4.278159 2.946579 7.739378
v -4.278159 -0.012801 7.739378
v -2.164643 4.608101 7.739378
v -2.721410 4.608101 7.739378
v -2.721410 4.608101 7.370368
v -2.164643 4.608101 7.370368
v -2.164643 4.608101 7.554872
v -2.164643 4.608101 7.554872
v -2.164643 4.608101 7.554872
v -2.164643 4.608101 7.554872
v -2.721410 4.608101 7.554874
v -3.163933 -0.012801 7.370368
v -3.163933 2.716646 7.370368
v -3.150826 2.946579 7.370368
v -3.092165 3.160517 7.370368
v -2.970998 3.403306 7.370368
v -2.820063 3.597318 7.370368
v -2.606524 3.777855 7.370368
v -2.606524 4.608101 7.370368
v -2.606524 4.608101 7.554872
v -2.606524 4.608101 7.739378
v -2.606524 3.777855 7.739378
v -2.820063 3.597318 7.739378
v -2.970998 3.403306 7.739378
v -3.092165 3.160517 7.739378
v -3.150826 2.946579 7.739378
v -3.163933 2.716646 7.739378
v -3.163933 -0.012801 7.739378
v -4.278159 -0.012801 7.554873
v -4.278159 2.716646 7.554873
v -4.278159 2.946579 7.554873
v -4.278159 3.160517 7.554873
v -4.231098 3.403306 7.554873
v -3.828495 3.597318 7.554873
v -3.392465 4.235462 7.554873
vt 0.052271 0.720714
vt 0.052349 0.561664
vt 0.056693 0.561661
vt 0.056612 0.720683
vt 0.052421 0.760616
vt 0.052510 0.745091
vt 0.056813 0.745185
vt 0.056717 0.760809
vt 0.052601 0.733193
vt 0.056959 0.733103
vt 0.052238 0.775398
vt 0.056502 0.775763
vt 0.050542 0.720745
vt 0.050620 0.561665
vt 0.050681 0.760551
vt 0.050763 0.745057
vt 0.050845 0.733234
vt 0.050516 0.775250
vt 0.048500 0.720754
vt 0.048577 0.561667
vt 0.048644 0.760478
vt 0.048720 0.745030
vt 0.048786 0.733280
vt 0.048501 0.775088
vt 0.046816 0.720782
vt 0.046893 0.561668
vt 0.046940 0.760428
vt 0.047007 0.745005
vt 0.047063 0.733322
vt 0.046821 0.774978
vt 0.045135 0.720779
vt 0.045211 0.561669
vt 0.045255 0.760383
vt 0.045314 0.744994
vt 0.045356 0.733360
vt 0.045152 0.774882
vt 0.054872 0.794196
vt 0.050854 0.790872
vt 0.049180 0.790663
vt 0.047691 0.789378
vt 0.046092 0.789214
vt 0.044735 0.788019
vt 0.023227 0.720698
vt 0.023301 0.561664
vt 0.025030 0.561668
vt 0.024957 0.720732
vt 0.023061 0.760635
vt 0.022963 0.745042
vt 0.024710 0.745004
vt 0.024801 0.760561
vt 0.022885 0.733129
vt 0.024641 0.733166
vt 0.023329 0.775537
vt 0.025048 0.775373
vt 0.027073 0.561672
vt 0.026998 0.720745
vt 0.026753 0.744972
vt 0.026836 0.760476
vt 0.026701 0.733206
vt 0.027060 0.775188
vt 0.028756 0.561675
vt 0.028682 0.720776
vt 0.028466 0.744940
vt 0.028539 0.760414
vt 0.028425 0.733240
vt 0.028736 0.775057
vt 0.030439 0.561679
vt 0.030364 0.720777
vt 0.030159 0.744922
vt 0.030223 0.760355
vt 0.030133 0.733267
vt 0.030401 0.774935
vt 0.026567 0.790979
vt 0.024892 0.791191
vt 0.028045 0.789685
vt 0.029648 0.789533
vt 0.030995 0.788339
vt 0.020909 0.794570
vt 0.019068 0.775937
vt 0.018766 0.760842
vt 0.018660 0.745138
vt 0.018528 0.733039
vt 0.018886 0.720662
vt 0.018957 0.561656
vt 0.191679 0.829470
vt 0.186479 0.829506
vt 0.150405 0.818944
vt 0.191667 0.827740
vt 0.193648 0.827727
vt 0.193636 0.826041
vt 0.150405 0.818946
vt 0.195475 0.826029
vt 0.150406 0.818946
vt 0.191529 0.807849
vt 0.191541 0.809579
vt 0.193522 0.809566
vt 0.193534 0.811251
vt 0.195372 0.811238
vt 0.150406 0.818945
vt 0.186329 0.807885
vt 0.150331 0.808134
vt 0.012342 0.808398
vt 0.136172 0.809884
vt 0.136042 0.820694
vt 0.135913 0.831504
vt 0.150481 0.829758
vt 0.012212 0.819209
vt 0.150405 0.818948
vt 0.012082 0.830018
vt 0.038231 0.808709
vt 0.038102 0.819519
vt 0.037972 0.830329
vt 0.352274 0.557698
vt 0.352274 0.716876
vt 0.335016 0.716876
vt 0.335016 0.557698
vt 0.417560 0.557698
vt 0.417560 0.716876
vt 0.351506 0.730349
vt 0.334045 0.730349
vt 0.417560 0.730349
vt 0.348068 0.742884
vt 0.329699 0.742884
vt 0.417560 0.742884
vt 0.340969 0.757110
vt 0.320722 0.757110
vt 0.414803 0.757110
vt 0.332125 0.768478
vt 0.309541 0.768478
vt 0.391213 0.768478
vt 0.319613 0.779056
vt 0.293721 0.779056
vt 0.365664 0.805870
vt 0.319613 0.827704
vt 0.293721 0.827704
vt 0.326344 0.827704
vt 0.240898 0.557698
vt 0.240898 0.716876
vt 0.223640 0.716876
vt 0.223640 0.557698
vt 0.241869 0.730349
vt 0.224408 0.730349
vt 0.158353 0.716876
vt 0.158353 0.557698
vt 0.246215 0.742884
vt 0.227845 0.742884
vt 0.158353 0.730349
vt 0.255191 0.757110
vt 0.234945 0.757110
vt 0.158353 0.742884
vt 0.266373 0.768478
vt 0.243789 0.768478
vt 0.161111 0.757110
vt 0.282192 0.779057
vt 0.256301 0.779057
vt 0.184701 0.768478
vt 0.256301 0.827704
vt 0.282192 0.827704
vt 0.210250 0.805869
vt 0.249569 0.827704
vt 0.074924 0.761615
vt 0.074924 0.747380
vt 0.085742 0.747380
vt 0.085742 0.761615
vt 0.074924 0.734836
vt 0.085742 0.734836
vt 0.096560 0.747380
vt 0.096560 0.761615
vt 0.074924 0.721355
vt 0.085742 0.721355
vt 0.096560 0.734836
vt 0.074924 0.562070
vt 0.085742 0.562070
vt 0.096560 0.721355
vt 0.096560 0.562070
vt 0.141279 0.561878
vt 0.141279 0.606991
vt 0.128875 0.606991
vt 0.128875 0.561878
vt 0.141279 0.636304
vt 0.128875 0.636304
vt 0.116472 0.606991
vt 0.116472 0.561878
vt 0.141279 0.663370
vt 0.128875 0.663370
vt 0.116472 0.636304
vt 0.116472 0.663370
vn 0.000001 0.000000 -1.000000
vn 0.000001 0.000000 -1.000000
vn 0.000001 0.000000 -1.000000
vn 0.000001 0.000000 -1.000000
vn -0.000004 0.000000 -1.000000
vn -0.000004 0.000000 -1.000000
vn -0.000004 0.000000 -1.000000
vn -0.000004 0.000000 -1.000000
vn -0.000001 0.000000 -1.000000
vn -0.000001 0.000000 -1.000000
vn -0.000001 0.000000 -1.000000
vn -0.000001 0.000000 -1.000000
vn -0.000004 0.000000 -1.000000
vn -0.000004 0.000000 -1.000000
vn -0.000004 0.000000 -1.000000
vn -0.000004 0.000000 -1.000000
vn -0.000001 0.000000 -1.000000
vn -0.000001 0.000000 -1.000000
vn -0.000001 0.000000 -1.000000
vn -0.000001 0.000000 -1.000000
vn 1.000000 0.000000 0.000000
vn 1.000000 0.000000 0.000000
vn 1.000000 0.000000 0.000000
vn 1.000000 0.000000 0.000000
vn 0.845498 -0.533978 0.000000
vn 0.845498 -0.533978 0.000000
vn 0.845498 -0.533978 0.000000
vn 0.845498 -0.533978 0.000000
vn 0.997800 -0.066302 0.000000
vn 0.997800 -0.066302 0.000000
vn 0.997800 -0.066302 0.000000
vn 0.997800 -0.066302 0.000000
vn 0.712809 -0.701358 0.000000
vn 0.712809 -0.701358 0.000000
vn 0.712809 -0.701358 0.000000
vn 0.712809 -0.701358 0.000000
vn 0.944308 -0.329063 0.000000
vn 0.944308 -0.329063 0.000000
vn 0.944308 -0.329063 0.000000
vn 0.944308 -0.329063 0.000000
vn 0.000000 0.000000 -1.000000
vn 0.000000 0.000000 -1.000000
vn 0.000000 0.000000 -1.000000
vn 0.000000 0.000000 -1.000000
vn -0.000010 0.000000 -1.000000
vn -0.000010 0.000000 -1.000000
vn -0.000010 0.000000 -1.000000
vn -0.000010 0.000000 -1.000000
vn 0.000000 0.000000 -1.000000
vn 0.000000 0.000000 -1.000000
vn 0.000000 0.000000 -1.000000
vn 0.000000 0.000000 -1.000000
vn 0.000000 0.000000 -1.000000
vn 0.000000 0.000000 -1.000000
vn 0.000000 0.000000 -1.000000
vn 0.000000 0.000000 -1.000000
vn 0.000013 0.000000 -1.000000
vn 0.000013 0.000000 -1.000000
vn 0.000013 0.000000 -1.000000
vn 0.000013 0.000000 -1.000000
vn 1.000000 0.000000 0.000000
vn 1.000000 0.000000 0.000000
vn 1.000000 0.000000 0.000000
vn 1.000000 0.000000 0.000000
vn 0.845384 -0.534159 0.000000
vn 0.845384 -0.534159 0.000000
vn 0.845384 -0.534159 0.000000
vn 0.845384 -0.534159 0.000000
vn 0.997980 -0.063532 0.000000
vn 0.997980 -0.063532 0.000000
vn 0.997980 -0.063532 0.000000
vn 0.997980 -0.063532 0.000000
vn 0.712720 -0.701448 0.000000
vn 0.712720 -0.701448 0.000000
vn 0.712720 -0.701448 0.000000
vn 0.712720 -0.701448 0.000000
vn 0.944018 -0.329895 0.000000
vn 0.944018 -0.329895 0.000000
vn 0.944018 -0.329895 0.000000
vn 0.944018 -0.329895 0.000000
vn 0.000000 0.000000 -1.000000
vn 0.000000 0.000000 -1.000000
vn 0.000000 0.000000 -1.000000
vn 0.000000 0.000000 -1.000000
vn 0.000012 0.000000 -1.000000
vn 0.000012 0.000000 -1.000000
vn 0.000012 0.000000 -1.000000
vn 0.000012 0.000000 -1.000000
vn 0.000015 0.000000 -1.000000
vn 0.000015 0.000000 -1.000000
vn 0.000015 0.000000 -1.000000
vn 0.000015 0.000000 -1.000000
vn -0.000013 0.000000 -1.000000
vn -0.000013 0.000000 -1.000000
vn -0.000013 0.000000 -1.000000
vn -0.000013 0.000000 -1.000000
vn -0.000016 0.000000 -1.000000
vn -0.000016 0.000000 -1.000000
vn -0.000016 0.000000 -1.000000
vn -0.000016 0.000000 -1.000000
vn 0.000000 0.000000 -1.000000
vn 0.000000 0.000000 -1.000000
vn 0.000000 0.000000 -1.000000
vn 0.000000 0.000000 -1.000000
vn 0.554762 -0.832009 0.000000
vn 0.554762 -0.832009 0.000000
vn 0.554762 -0.832009 0.000000
vn 0.554762 -0.832009 0.000000
vn -0.000006 0.000000 -1.000000
vn -0.000006 0.000000 -1.000000
vn -0.000006 0.000000 -1.000000
vn -0.000006 0.000000 -1.000000
vn 0.576327 -0.817219 0.000000
vn 0.576327 -0.817219 0.000000
vn 0.576327 -0.817219 0.000000
vn 0.576327 -0.817219 0.000000
vn -0.000007 0.000000 -1.000000
vn -0.000007 0.000000 -1.000000
vn -0.000007 0.000000 -1.000000
vn -0.000007 0.000000 -1.000000
vn 1.000000 0.000000 0.000000
vn 1.000000 0.000000 0.000000
vn 1.000000 0.000000 0.000000
vn 1.000000 0.000000 0.000000
vn 0.845495 -0.533983 0.000000
vn 0.845495 -0.533983 0.000000
vn 0.845495 -0.533983 0.000000
vn 0.845495 -0.533983 0.000000
vn 0.997799 -0.066304 0.000000
vn 0.997799 -0.066304 0.000000
vn 0.997799 -0.066304 0.000000
vn 0.997799 -0.066304 0.000000
vn 0.712809 -0.701358 0.000000
vn 0.712809 -0.701358 0.000000
vn 0.712809 -0.701358 0.000000
vn 0.712809 -0.701358 0.000000
vn 0.944308 -0.329063 0.000000
vn 0.944308 -0.329063 0.000000
vn 0.944308 -0.329063 0.000000
vn 0.944308 -0.329063 0.000000
vn -0.000003 0.000000 1.000000
vn -0.000003 0.000000 1.000000
vn -0.000003 0.000000 1.000000
vn -0.000003 0.000000 1.000000
vn -0.000015 0.000000 1.000000
vn -0.000015 0.000000 1.000000
vn -0.000015 0.000000 1.000000
vn -0.000015 0.000000 1.000000
vn -0.000011 0.000000 1.000000
vn -0.000011 0.000000 1.000000
vn -0.000011 0.000000 1.000000
vn -0.000011 0.000000 1.000000
vn -0.000006 0.000000 1.000000
vn -0.000006 0.000000 1.000000
vn -0.000006 0.000000 1.000000
vn -0.000006 0.000000 1.000000
vn 0.000002 0.000000 1.000000
vn 0.000002 0.000000 1.000000
vn 0.000002 0.000000 1.000000
vn 0.000002 0.000000 1.000000
vn 1.000000 0.000000 0.000000
vn 1.000000 0.000000 0.000000
vn 1.000000 0.000000 0.000000
vn 1.000000 0.000000 0.000000
vn 0.845386 -0.534156 0.000000
vn 0.845386 -0.534156 0.000000
vn 0.845386 -0.534156 0.000000
vn 0.845386 -0.534156 0.000000
vn 0.997980 -0.063531 0.000000
vn 0.997980 -0.063531 0.000000
vn 0.997980 -0.063531 0.000000
vn 0.997980 -0.063531 0.000000
vn 0.712722 -0.701446 0.000000
vn 0.712722 -0.701446 0.000000
vn 0.712722 -0.701446 0.000000
vn 0.712722 -0.701446 0.000000
vn 0.944017 -0.329898 0.000000
vn 0.944017 -0.329898 0.000000
vn 0.944017 -0.329898 0.000000
vn 0.944017 -0.329898 0.000000
vn -0.000002 0.000000 1.000000
vn -0.000002 0.000000 1.000000
vn -0.000002 0.000000 1.000000
vn -0.000002 0.000000 1.000000
vn 0.000003 0.000000 1.000000
vn 0.000003 0.000000 1.000000
vn 0.000003 0.000000 1.000000
vn 0.000003 0.000000 1.000000
vn -0.000004 0.000000 1.000000
vn -0.000004 0.000000 1.000000
vn -0.000004 0.000000 1.000000
vn -0.000004 0.000000 1.000000
vn 0.000003 0.000000 1.000000
vn 0.000003 0.000000 1.000000
vn 0.000003 0.000000 1.000000
vn 0.000003 0.000000 1.000000
vn -0.000001 -0.000003 1.000000
vn -0.000001 -0.000003 1.000000
vn -0.000001 -0.000003 1.000000
vn -0.000001 -0.000003 1.000000
vn 0.554754 -0.832014 0.000000
vn 0.554754 -0.832014 0.000000
vn 0.554754 -0.832014 0.000000
vn 0.554754 -0.832014 0.000000
vn 0.000000 0.000000 1.000000
vn 0.000000 0.000000 1.000000
vn 0.000000 0.000000 1.000000
vn 0.000000 0.000000 1.000000
vn 0.576325 -0.817220 0.000000
vn 0.576325 -0.817220 0.000000
vn 0.576325 -0.817220 0.000000
vn 0.576325 -0.817220 0.000000
vn 0.000000 -0.000008 1.000000
vn 0.000000 -0.000008 1.000000
vn 0.000000 -0.000008 1.000000
vn 0.000000 -0.000008 1.000000
vn 0.000004 0.000000 1.000000
vn 0.000004 0.000000 1.000000
vn 0.000004 0.000000 1.000000
vn 0.000004 0.000000 1.000000
vn 0.000004 0.000000 1.000000
vn 0.000004 0.000000 1.000000
vn 0.000004 0.000000 1.000000
vn 0.000004 0.000000 1.000000
vn 0.000000 0.000000 1.000000
vn 0.000000 0.000000 1.000000
vn 0.000000 0.000000 1.000000
vn 0.000000 0.000000 1.000000
vn 0.000000 0.000000 1.000000
vn 0.000000 0.000000 1.000000
vn 0.000000 0.000000 1.000000
vn 0.000000 0.000000 1.000000
vn 0.000000 0.000000 1.000000
vn 0.000000 0.000000 1.000000
vn 0.000000 0.000000 1.000000
vn 0.000000 0.000000 1.000000
vn 0.000000 0.000000 1.000000
vn 0.000000 0.000000 1.000000
vn 0.000000 0.000000 1.000000
vn 0.000000 0.000000 1.000000
vn 1.000000 0.000000 0.000000
vn 1.000000 0.000000 0.000000
vn 1.000000 0.000000 0.000000
vn 1.000000 0.000000 0.000000
vn 0.998132 -0.061092 0.000000
vn 0.998132 -0.061092 0.000000
vn 0.998132 -0.061092 0.000000
vn 0.998132 -0.061092 0.000000
vn 0.943741 -0.330686 0.000000
vn 0.943741 -0.330686 0.000000
vn 0.943741 -0.330686 0.000000
vn 0.943741 -0.330686 0.000000
vn 0.845298 -0.534295 0.000000
vn 0.845298 -0.534295 0.000000
vn 0.845298 -0.534295 0.000000
vn 0.845298 -0.534295 0.000000
vn 0.712440 -0.701733 0.000000
vn 0.712440 -0.701733 0.000000
vn 0.712440 -0.701733 0.000000
vn 0.712440 -0.701733 0.000000
vn 0.586836 -0.809706 0.000000
vn 0.586836 -0.809706 0.000000
vn 0.586836 -0.809706 0.000000
vn 0.586836 -0.809706 0.000000
vn 0.000000 0.000000 1.000000
vn 0.000000 0.000000 1.000000
vn 0.000000 0.000000 1.000000
vn 0.000000 0.000000 1.000000
vn 0.000000 0.000000 1.000000
vn 0.000000 0.000000 1.000000
vn 0.000000 0.000000 1.000000
vn 0.000000 0.000000 1.000000
vn 0.000000 0.000000 1.000000
vn 0.000000 0.000000 1.000000
vn 0.000000 0.000000 1.000000
vn 0.000000 0.000000 1.000000
vn -0.000002 0.000000 1.000000
vn -0.000002 0.000000 1.000000
vn -0.000000 0.000000 1.000000
vn 0.000000 0.000000 1.000000
vn -0.000001 0.000000 1.000000
vn -0.000001 0.000000 1.000000
vn -0.000000 0.000000 1.000000
vn 0.000000 0.000000 1.000000
vn 0.000000 0.000000 1.000000
vn 0.000000 0.000000 1.000000
vn 0.000000 0.000000 1.000000
vn 0.000000 0.000000 1.000000
vn 0.000000 0.000000 -1.000000
vn 0.000000 0.000000 -1.000000
vn 0.000000 0.000000 -1.000000
vn 0.000000 0.000000 -1.000000
vn 0.000000 0.000000 -1.000000
vn 0.000000 0.000000 -1.000000
vn 0.000000 0.000000 -1.000000
vn 0.000000 0.000000 -1.000000
vn 0.000000 0.000000 -1.000000
vn 0.000000 0.000000 -1.000000
vn 0.000000 0.000000 -1.000000
vn 0.000000 0.000000 -1.000000
vn 0.000000 0.000000 -1.000000
vn 0.000000 0.000000 -1.000000
vn 0.000000 0.000000 -1.000000
vn 0.000000 0.000000 -1.000000
vn -0.000000 0.000000 -1.000000
vn 0.000000 0.000000 -1.000000
vn 0.000001 0.000000 -1.000000
vn 0.000001 0.000000 -1.000000
vn 0.000000 0.000000 -1.000000
vn 0.000000 0.000000 -1.000000
vn 0.000000 0.000000 -1.000000
vn 0.000000 0.000000 -1.000000
vn 0.000000 0.000000 1.000000
vn 0.000000 0.000000 1.000000
vn 0.000000 0.000000 1.000000
vn 0.000000 0.000000 1.000000
vn 0.000000 0.000000 -1.000000
vn 0.000000 0.000000 -1.000000
vn 0.000000 0.000000 -1.000000
vn 0.000000 0.000000 -1.000000
vn 1.000000 0.000000 0.000000
vn 1.000000 0.000000 0.000000
vn 1.000000 0.000000 0.000000
vn 1.000000 0.000000 0.000000
vn 1.000000 0.000000 0.000000
vn 1.000000 0.000000 0.000000
vn 1.000000 0.000000 0.000000
vn 1.000000 0.000000 0.000000
vn 1.000000 0.000000 0.000000
vn 1.000000 0.000000 0.000000
vn 1.000000 0.000000 0.000000
vn 0.000000 0.000000 0.000000
vn 0.000000 0.000000 0.000000
vn 1.000000 0.000000 0.000000
vn 1.000000 0.000000 0.000000
vn 0.000000 0.000000 0.000000
vn 0.000000 0.000000 0.000000
vn 1.000000 0.000000 0.000000
vn 1.000000 0.000000 0.000000
vn 1.000000 0.000000 0.000000
vn 1.000000 0.000000 0.000000
vn 1.000000 0.000000 0.000000
vn 1.000000 0.000000 0.000000
vn 1.000000 -0.000002 0.000000
vn 1.000000 -0.000002 0.000000
vn 1.000000 -0.000002 0.000000
vn 1.000000 0.000011 0.000000
vn 1.000000 0.000011 0.000000
vn 0.000000 0.000000 0.000000
vn 0.000000 0.000000 0.000000
vn 1.000000 0.000000 0.000000
vn 1.000000 0.000000 0.000000
vn 1.000000 0.000000 0.000000
vn 1.000000 0.000000 0.000000
vn 1.000000 0.000000 0.000000
vn 0.000000 0.000000 0.000000
vn 0.000000 0.000000 0.000000
vn 1.000000 0.000000 0.000000
vn 1.000000 0.000000 0.000000
vn 1.000000 0.000000 0.000000
vn 1.000000 0.000000 0.000000
vn 1.000000 0.000000 0.000000
vn 1.000000 0.000000 0.000000
vn 0.000000 1.000000 0.000000
vn 0.000000 1.000000 0.000000
vn 0.000000 1.000000 0.000000
vn 0.000000 1.000000 0.000000
vn 0.000000 1.000000 0.000000
vn 0.000000 1.000000 0.000000
vn 0.000000 1.000000 0.000000
vn 0.000000 1.000000 0.000000
vn 0.000000 0.000000 -1.000000
vn 0.000000 0.000000 -1.000000
vn 0.000000 0.000000 -1.000000
vn 0.000000 0.000000 -1.000000
vn 0.000000 0.000000 -1.000000
vn 0.000000 0.000000 -1.000000
vn 0.000000 0.000000 -1.000000
vn 0.000000 0.000000 -1.000000
vn -0.000000 0.000000 -1.000000
vn -0.000000 0.000000 -1.000000
vn 0.000000 0.000000 -1.000000
vn 0.000000 0.000000 -1.000000
vn 0.000001 0.000000 -1.000000
vn 0.000001 0.000000 -1.000000
vn 0.000000 1.000000 0.000000
vn 0.000000 1.000000 0.000000
vn 0.000000 1.000000 0.000000
vn 0.000000 1.000000 0.000000
vn 0.000000 0.000000 1.000000
vn 0.000000 0.000000 1.000000
vn 0.000000 0.000000 1.000000
vn 0.000000 0.000000 1.000000
vn 0.000000 0.000000 1.000000
vn 0.000000 0.000000 1.000000
vn 0.000001 0.000000 1.000000
vn 0.000001 0.000000 1.000000
vn 0.000000 0.000000 1.000000
vn 0.000000 0.000000 1.000000
vn 0.000000 0.000000 1.000000
vn 0.000000 0.000000 1.000000
vn 0.000000 0.000000 1.000000
vn 0.000000 0.000000 1.000000
vn -0.485474 0.874251 0.000000
vn -0.485474 0.874251 0.000000
vn -0.485474 0.874251 0.000000
vn -0.485474 0.874251 0.000000
vn -0.825666 0.564159 0.000000
vn -0.825666 0.564159 0.000000
vn -0.825666 0.564160 0.000000
vn -0.825666 0.564160 0.000000
vn -0.434119 0.900856 0.000000
vn -0.434119 0.900856 0.000000
vn -0.434119 0.900856 0.000000
vn -0.434119 0.900856 0.000000
vn -0.981727 0.190295 0.000000
vn -0.981727 0.190295 0.000000
vn -0.981727 0.190295 0.000000
vn -0.981727 0.190295 0.000000
vn -1.000000 -0.000003 0.000000
vn -1.000000 -0.000003 0.000000
vn -1.000000 -0.000003 0.000000
vn -1.000000 -0.000003 0.000000
vn -1.000000 -0.000001 0.000000
vn -1.000000 -0.000001 0.000000
vn -1.000000 -0.000001 0.000000
vn -1.000000 -0.000001 0.000000
vn -1.000000 0.000000 0.000000
vn -1.000000 0.000000 0.000000
vn -1.000000 0.000000 0.000000
vn -1.000000 0.000000 0.000000
vn -1.000000 0.000000 0.000000
vn -1.000000 0.000000 0.000000
vn -1.000000 -0.000000 0.000000
vn -1.000000 -0.000000 0.000000
vn -1.000000 -0.000004 0.000000
vn -1.000000 -0.000004 0.000000
vn -0.981727 0.190295 0.000000
vn -0.981727 0.190295 0.000000
vn -0.434119 0.900856 0.000000
vn -0.434119 0.900856 0.000000
vn -0.825665 0.564160 0.000000
vn -0.825665 0.564160 0.000000
vn -0.485474 0.874251 0.000000
vn -0.485474 0.874251 0.000000
s off
g column_connect_tall2
usemtl piedra_caseta_riotutte
f 1531/2501/5072 1560/2502/5073 1571/2503/5074 1569/2504/5075
f 1530/2505/5076 1532/2506/5077 1567/2507/5078 1568/2508/5079
f 1534/2509/5080 1531/2501/5081 1569/2504/5082 1570/2510/5083
f 1533/2511/5084 1530/2505/5085 1568/2508/5086 1565/2512/5087
f 1532/2506/5088 1534/2509/5089 1570/2510/5090 1567/2507/5091
f 1531/2501/5092 1535/2513/5093 1561/2514/5094 1560/2502/5095
f 1530/2505/5096 1538/2515/5097 1537/2516/5098 1532/2506/5099
f 1534/2509/5100 1539/2517/5101 1535/2513/5102 1531/2501/5103
f 1533/2511/5104 1536/2518/5105 1538/2515/5106 1530/2505/5107
f 1532/2506/5108 1537/2516/5109 1539/2517/5110 1534/2509/5111
f 1535/2513/5112 1540/2519/5113 1562/2520/5114 1561/2514/5115
f 1538/2515/5116 1543/2521/5117 1542/2522/5118 1537/2516/5119
f 1539/2517/5120 1544/2523/5121 1540/2519/5122 1535/2513/5123
f 1536/2518/5124 1541/2524/5125 1543/2521/5126 1538/2515/5127
f 1537/2516/5128 1542/2522/5129 1544/2523/5130 1539/2517/5131
f 1540/2519/5132 1545/2525/5133 1563/2526/5134 1562/2520/5135
f 1543/2521/5136 1548/2527/5137 1547/2528/5138 1542/2522/5139
f 1544/2523/5140 1549/2529/5141 1545/2525/5142 1540/2519/5143
f 1541/2524/5144 1546/2530/5145 1548/2527/5146 1543/2521/5147
f 1542/2522/5148 1547/2528/5149 1549/2529/5150 1544/2523/5151
f 1545/2525/5152 1550/2531/5153 1564/2532/5154 1563/2526/5155
f 1548/2527/5156 1553/2533/5157 1552/2534/5158 1547/2528/5159
f 1549/2529/5160 1554/2535/5161 1550/2531/5162 1545/2525/5163
f 1546/2530/5164 1551/2536/5165 1553/2533/5166 1548/2527/5167
f 1547/2528/5168 1552/2534/5169 1554/2535/5170 1549/2529/5171
f 1566/2537/5172 1555/2538/5173 1533/2511/5174 1565/2512/5175
f 1556/2539/5176 1536/2518/5177 1533/2511/5178 1555/2538/5179
f 1557/2540/5180 1541/2524/5181 1536/2518/5182 1556/2539/5183
f 1558/2541/5184 1546/2530/5185 1541/2524/5186 1557/2540/5187
f 1559/2542/5188 1551/2536/5189 1546/2530/5190 1558/2541/5191
f 1573/2543/5192 1602/2544/5193 1603/2545/5194 1577/2546/5195
f 1572/2547/5196 1574/2548/5197 1579/2549/5198 1580/2550/5199
f 1576/2551/5200 1573/2543/5201 1577/2546/5202 1581/2552/5203
f 1575/2553/5204 1572/2547/5205 1580/2550/5206 1578/2554/5207
f 1574/2548/5208 1576/2551/5209 1581/2552/5210 1579/2549/5211
f 1577/2546/5212 1603/2545/5213 1604/2555/5214 1582/2556/5215
f 1580/2550/5216 1579/2549/5217 1584/2557/5218 1585/2558/5219
f 1581/2552/5220 1577/2546/5221 1582/2556/5222 1586/2559/5223
f 1578/2554/5224 1580/2550/5225 1585/2558/5226 1583/2560/5227
f 1579/2549/5228 1581/2552/5229 1586/2559/5230 1584/2557/5231
f 1582/2556/5232 1604/2555/5233 1605/2561/5234 1587/2562/5235
f 1585/2558/5236 1584/2557/5237 1589/2563/5238 1590/2564/5239
f 1586/2559/5240 1582/2556/5241 1587/2562/5242 1591/2565/5243
f 1583/2560/5244 1585/2558/5245 1590/2564/5246 1588/2566/5247
f 1584/2557/5248 1586/2559/5249 1591/2565/5250 1589/2563/5251
f 1587/2562/5252 1605/2561/5253 1606/2567/5254 1592/2568/5255
f 1590/2564/5256 1589/2563/5257 1594/2569/5258 1595/2570/5259
f 1591/2565/5260 1587/2562/5261 1592/2568/5262 1596/2571/5263
f 1588/2566/5264 1590/2564/5265 1595/2570/5266 1593/2572/5267
f 1589/2563/5268 1591/2565/5269 1596/2571/5270 1594/2569/5271
f 1598/2573/5272 1597/2574/5273 1575/2553/5274 1578/2554/5275
f 1599/2575/5276 1598/2573/5277 1578/2554/5278 1583/2560/5279
f 1600/2576/5280 1599/2575/5281 1583/2560/5282 1588/2566/5283
f 1601/2577/5284 1600/2576/5285 1588/2566/5286 1593/2572/5287
f 1597/2574/5288 1608/2578/5289 1607/2579/5290 1575/2553/5291
f 1572/2547/5292 1610/2580/5293 1609/2581/5294 1574/2548/5295
f 1576/2551/5296 1612/2582/5297 1611/2583/5298 1573/2543/5299
f 1575/2553/5300 1607/2579/5301 1610/2580/5302 1572/2547/5303
f 1574/2548/5304 1609/2581/5305 1612/2582/5306 1576/2551/5307
f 1573/2543/5308 1611/2583/5309 1613/2584/5310 1602/2544/5311
f 1564/2532/5312 1550/2531/5313 1592/2568/5314 1606/2567/5315
f 1550/2531/5316 1554/2535/5317 1596/2571/5318 1592/2568/5319
f 1554/2535/5320 1552/2534/5321 1594/2569/5322 1596/2571/5323
f 1552/2534/5324 1553/2533/5325 1595/2570/5326 1594/2569/5327
f 1553/2533/5328 1551/2536/5329 1593/2572/5330 1595/2570/5331
f 1551/2536/5332 1559/2542/5333 1601/2577/5334 1593/2572/5335
s 1
f 1613/2637/5336 1611/2638/5337 1645/2639/5338 1646/2640/5339
s 2
f 1611/2638/5340 1612/2641/5341 1644/2642/5342 1645/2639/5343
s 3
f 1612/2641/5344 1609/2645/5345 1643/2646/5346 1644/2642/5347
s 4
f 1609/2645/5348 1610/2648/5349 1642/2649/5350 1643/2646/5351
s 5
f 1610/2648/5352 1607/2651/5353 1641/2652/5354 1642/2649/5355
s 6
f 1607/2651/5356 1608/2654/5357 1640/2655/5358 1641/2652/5359
s 7
f 1630/2613/5360 1631/2614/5361 1569/2615/5362 1571/2616/5363
s 8
f 1631/2614/5364 1632/2619/5365 1570/2620/5366 1569/2615/5367
s 9
f 1632/2619/5368 1633/2622/5369 1567/2623/5370 1570/2620/5371
s 10
f 1633/2622/5372 1634/2625/5373 1568/2626/5374 1567/2623/5375
s 11
f 1634/2625/5376 1635/2628/5377 1565/2629/5378 1568/2626/5379
s 12
f 1635/2628/5380 1636/2631/5381 1566/2632/5382 1565/2629/5383
s 13
f 1639/2657/5384 1640/2655/5385 1608/2654/5386 1621/2658/5387
s 14
f 1566/2632/5388 1636/2631/5389 1637/2634/5390 1624/2635/5391
s off
f 1555/2585/5392 1566/2586/5393 1625/2608/5394
f 1556/2588/5395 1555/2585/5396 1625/2608/5397
f 1557/2589/5398 1556/2588/5399 1625/2608/5400
f 1558/2590/5401 1557/2589/5402 1625/2608/5403 1626/2591/5404
f 1559/2592/5405 1558/2590/5406 1626/2591/5407 1627/2593/5408
f 1597/2594/5409 1598/2595/5410 1625/2587/5411
f 1598/2595/5412 1599/2596/5413 1625/2587/5414
f 1599/2596/5415 1600/2597/5416 1625/2587/5417
f 1600/2597/5418 1601/2598/5419 1628/2599/5420 1625/2587/5421
f 1608/2600/5422 1597/2594/5423 1625/2587/5424
f 1601/2598/5425 1559/2592/5426 1627/2593/5427 1628/2599/5428
f 1621/2601/5429 1608/2600/5430 1625/2587/5431
f 1566/2586/5432 1624/2606/5433 1625/2608/5434
s 15
f 1625/2607/5435 1624/2602/5436 1637/2610/5437 1638/2611/5438
s 16
f 1621/2609/5439 1625/2607/5440 1638/2611/5441 1639/2612/5442
s 7
f 1529/2617/5443 1527/2618/5444 1631/2614/5361 1630/2613/5360
s 8
f 1527/2618/5445 1528/2621/5446 1632/2619/5365 1631/2614/5364
s 9
f 1528/2621/5447 1525/2624/5448 1633/2622/5369 1632/2619/5368
s 10
f 1525/2624/5449 1526/2627/5450 1634/2625/5373 1633/2622/5372
s 11
f 1526/2627/5451 1523/2630/5452 1635/2628/5377 1634/2625/5376
s 12
f 1523/2630/5453 1524/2633/5454 1636/2631/5381 1635/2628/5380
s 14
f 1637/2634/5390 1636/2631/5389 1524/2633/5455 1623/2636/5456
s 15
f 1638/2611/5438 1637/2610/5437 1623/2603/5457 1629/2604/5458
s 16
f 1639/2612/5442 1638/2611/5441 1629/2604/5459 1622/2605/5460
s 13
f 1615/2659/5461 1640/2655/5385 1639/2657/5384 1622/2660/5462
s 6
f 1641/2652/5359 1640/2655/5358 1615/2659/5463 1614/2656/5464
s 5
f 1642/2649/5355 1641/2652/5354 1614/2656/5465 1617/2653/5466
s 4
f 1643/2646/5351 1642/2649/5350 1617/2653/5467 1616/2650/5468
s 3
f 1644/2642/5347 1643/2646/5346 1616/2650/5469 1619/2647/5470
s 2
f 1645/2639/5343 1644/2642/5342 1619/2647/5471 1618/2643/5472
s 1
f 1646/2640/5339 1645/2639/5338 1618/2643/5473 1620/2644/5474
s 17
f 1623/2676/5475 1524/2677/5476 1653/2678/5477 1629/2679/5478
s 18
f 1524/2677/5479 1523/2680/5480 1652/2681/5481 1653/2678/5482
s 19
f 1523/2680/5483 1526/2684/5484 1651/2685/5485 1652/2681/5486
s 20
f 1526/2661/5487 1525/2662/5488 1650/2663/5489 1651/2664/5490
s 21
f 1525/2662/5491 1528/2665/5492 1649/2666/5493 1650/2663/5494
s 22
f 1528/2665/5495 1527/2669/5496 1648/2670/5497 1649/2666/5498
s 23
f 1527/2669/5499 1529/2672/5500 1647/2673/5501 1648/2670/5502
f 1648/2670/5502 1647/2673/5501 1620/2675/5503 1618/2674/5504
s 22
f 1649/2666/5498 1648/2670/5497 1618/2674/5505 1619/2671/5506
s 21
f 1650/2663/5494 1649/2666/5493 1619/2671/5507 1616/2667/5508
s 20
f 1651/2664/5490 1650/2663/5489 1616/2667/5509 1617/2668/5510
s 19
f 1652/2681/5486 1651/2685/5485 1617/2687/5511 1614/2686/5512
s 18
f 1653/2678/5482 1652/2681/5481 1614/2686/5513 1615/2682/5514
s 17
f 1629/2679/5478 1653/2678/5477 1615/2682/5515 1622/2683/5516
g default
v -3.072174 5.466657 6.087487
v -2.917076 5.466657 6.087487
v -3.072174 5.327463 6.007983
v -2.917076 5.327463 6.007983
v -3.072174 5.147914 6.730326
v -2.917076 5.148342 6.729500
v -3.072174 4.986182 6.694432
v -2.917076 4.986608 6.693607
vt 0.852916 0.216297
vt 0.852557 0.137657
vt 0.869071 0.141670
vt 0.869328 0.215276
vt 0.843098 0.216438
vt 0.826583 0.220452
vt 0.826941 0.141907
vt 0.843353 0.142928
vt 0.928116 0.111263
vt 0.944026 0.111263
vt 0.944026 0.189809
vt 0.928116 0.189904
vt 0.871447 0.177054
vt 0.887357 0.177149
vt 0.887357 0.250660
vt 0.871447 0.250660
vt 0.919851 0.220637
vt 0.935777 0.220637
vt 0.935777 0.237065
vt 0.919851 0.237065
vt 0.768346 0.226642
vt 0.752205 0.226640
vt 0.752205 0.209887
vt 0.768346 0.209889
vn 0.000000 0.495969 -0.868340
vn 0.000000 0.495969 -0.868340
vn 0.000000 0.495969 -0.868340
vn 0.000000 0.495969 -0.868340
vn 0.000046 -0.895443 -0.445176
vn 0.000046 -0.895443 -0.445176
vn 0.000046 -0.895443 -0.445176
vn 0.000046 -0.895443 -0.445176
vn -1.000000 -0.000001 -0.000000
vn -1.000000 -0.000001 -0.000000
vn -1.000000 -0.000001 -0.000000
vn -1.000000 -0.000001 -0.000000
vn -0.000051 0.895919 0.444217
vn -0.000051 0.895919 0.444217
vn -0.000051 0.895919 0.444217
vn -0.000051 0.895919 0.444217
vn 1.000000 0.000001 0.000000
vn 1.000000 0.000001 0.000000
vn 1.000000 0.000001 0.000000
vn 1.000000 0.000001 0.000000
vn 0.005793 -0.216656 0.976231
vn 0.005793 -0.216656 0.976231
vn 0.005793 -0.216656 0.976231
vn 0.005793 -0.216656 0.976231
s off
g pCube6
usemtl vigas_caseta_riotutte
f 1654/2704/5517 1655/2705/5518 1657/2706/5519 1656/2707/5520
f 1656/2696/5521 1657/2697/5522 1661/2698/5523 1660/2699/5524
f 1656/2688/5525 1660/2689/5526 1658/2690/5527 1654/2691/5528
f 1658/2700/5529 1659/2701/5530 1655/2702/5531 1654/2703/5532
f 1659/2692/5533 1661/2693/5534 1657/2694/5535 1655/2695/5536
f 1659/2708/5537 1658/2709/5538 1660/2710/5539 1661/2711/5540
g default
v -2.863629 2.118021 7.777603
v -1.558980 2.313506 7.797601
v -2.890638 2.298293 7.777434
v -1.585989 2.493778 7.797432
v -2.889641 2.298381 7.711513
v -1.584992 2.493866 7.731510
v -2.862632 2.118109 7.711682
v -1.557983 2.313594 7.731679
vt 0.182105 0.142028
vt 0.258886 0.143428
vt 0.181912 0.152636
vt 0.258693 0.154036
vt 0.181842 0.156473
vt 0.258623 0.157873
vt 0.181648 0.167081
vt 0.258429 0.168481
vt 0.181578 0.170918
vt 0.258359 0.172318
vt 0.262723 0.143498
vt 0.262529 0.154106
vt 0.178268 0.141959
vt 0.178075 0.152567
vn -0.015127 -0.001330 0.999885
vn -0.015127 -0.001330 0.999885
vn -0.015127 -0.001330 0.999885
vn -0.015127 -0.001330 0.999885
vn -0.148169 0.988962 -0.000927
vn -0.148169 0.988962 -0.000927
vn -0.148169 0.988962 -0.000927
vn -0.148169 0.988962 -0.000927
vn 0.015127 0.001330 -0.999885
vn 0.015127 0.001330 -0.999885
vn 0.015127 0.001330 -0.999885
vn 0.015127 0.001330 -0.999885
vn 0.148169 -0.988962 0.000927
vn 0.148169 -0.988962 0.000927
vn 0.148169 -0.988962 0.000927
vn 0.148169 -0.988962 0.000927
vn 0.988846 0.148166 0.015157
vn 0.988846 0.148166 0.015157
vn 0.988846 0.148166 0.015157
vn 0.988846 0.148166 0.015157
vn -0.988846 -0.148166 -0.015157
vn -0.988846 -0.148166 -0.015157
vn -0.988846 -0.148166 -0.015157
vn -0.988846 -0.148166 -0.015157
s off
g pCube28
usemtl vigas_caseta_riotutte
f 1662/2712/5541 1663/2713/5542 1665/2715/5543 1664/2714/5544
f 1664/2714/5545 1665/2715/5546 1667/2717/5547 1666/2716/5548
f 1666/2716/5549 1667/2717/5550 1669/2719/5551 1668/2718/5552
f 1668/2718/5553 1669/2719/5554 1663/2721/5555 1662/2720/5556
f 1663/2713/5557 1669/2722/5558 1667/2723/5559 1665/2715/5560
f 1668/2724/5561 1662/2712/5562 1664/2714/5563 1666/2725/5564
g default
v -1.240918 2.587839 6.061160
v -1.240918 2.587839 5.935171
v -1.459476 2.587839 5.935171
v -1.459476 2.587839 6.061160
v -1.441990 2.587839 6.061160
v -1.441990 2.587839 6.084876
v -1.424959 2.587839 6.084876
v -1.424959 2.587839 6.104457
v -1.275435 2.587839 6.104457
v -1.275435 2.587839 6.084876
v -1.258403 2.587839 6.084876
v -1.258403 2.587839 6.061160
v -1.484185 2.532622 6.089646
v -1.484185 2.532622 5.935171
v -1.216210 2.532622 5.935171
v -1.216210 2.532622 6.089646
v -1.237649 2.532622 6.089646
v -1.237649 2.532622 6.118431
v -1.258531 2.532622 6.118431
v -1.258531 2.532622 6.142296
v -1.441863 2.532622 6.142296
v -1.441863 2.532622 6.118431
v -1.462746 2.532622 6.118431
v -1.462746 2.532622 6.089646
v -1.536858 2.587839 6.149194
v -1.527855 2.532622 6.142027
v -1.536858 2.587839 5.935171
v -1.527855 2.532622 5.935171
v -1.162380 2.587839 5.935171
v -1.171383 2.532622 5.935171
v -1.171383 2.532622 6.142027
v -1.162381 2.587839 6.149194
v -1.196382 2.532622 6.142027
v -1.188642 2.587839 6.149194
v -1.196382 2.532480 6.176407
v -1.188642 2.587695 6.185128
v -1.221324 2.532480 6.176407
v -1.214843 2.587695 6.185128
v -1.221324 2.532410 6.204910
v -1.214843 2.587626 6.214797
v -1.479070 2.532410 6.204911
v -1.485609 2.587626 6.214797
v -1.485609 2.587695 6.185128
v -1.479070 2.532480 6.176407
v -1.511811 2.587695 6.185128
v -1.504012 2.532480 6.176407
v -1.511811 2.587839 6.149194
v -1.504012 2.532622 6.142027
v -1.536858 2.570947 5.935171
v -1.162381 2.570947 5.935171
v -1.162381 2.570947 6.149194
v -1.188642 2.570947 6.149194
v -1.188642 2.570804 6.185017
v -1.214843 2.570804 6.185017
v -1.214843 2.570735 6.214631
v -1.485609 2.570735 6.214631
v -1.485609 2.570804 6.185017
v -1.511811 2.570804 6.185017
v -1.511811 2.570947 6.149194
v -1.536858 2.570947 6.149194
v -1.527855 2.565154 5.935171
v -1.171383 2.565154 5.935171
v -1.171383 2.565154 6.142027
v -1.196382 2.565154 6.142027
v -1.196382 2.565012 6.176614
v -1.221324 2.565012 6.176614
v -1.221324 2.564942 6.205218
v -1.479070 2.564942 6.205219
v -1.479070 2.565012 6.176614
v -1.504012 2.565012 6.176614
v -1.504012 2.565154 6.142027
v -1.527855 2.565154 6.142027
v -1.240918 2.696014 6.061160
v -1.240918 2.696014 5.935171
v -1.459476 2.696014 5.935171
v -1.459476 2.696014 6.061160
v -1.441990 2.696014 6.061160
v -1.441990 2.696014 6.084876
v -1.424959 2.696014 6.084876
v -1.424959 2.696014 6.104457
v -1.275435 2.696014 6.104457
v -1.275435 2.696014 6.084876
v -1.258403 2.696014 6.084876
v -1.258403 2.696014 6.061160
v -1.484185 2.640798 6.089646
v -1.484185 2.640798 5.935171
v -1.216210 2.640798 5.935171
v -1.216210 2.640798 6.089646
v -1.237649 2.640798 6.089646
v -1.237649 2.640798 6.118431
v -1.258531 2.640798 6.118431
v -1.258531 2.640798 6.142296
v -1.441863 2.640798 6.142296
v -1.441863 2.640798 6.118431
v -1.462746 2.640798 6.118431
v -1.462746 2.640798 6.089646
v -1.536858 2.696014 6.149194
v -1.527855 2.640798 6.142027
v -1.536858 2.696014 5.935171
v -1.527855 2.640798 5.935171
v -1.162380 2.696014 5.935171
v -1.171383 2.640798 5.935171
v -1.171383 2.640798 6.142027
v -1.162381 2.696014 6.149194
v -1.196382 2.640798 6.142027
v -1.188642 2.696014 6.149194
v -1.196382 2.640655 6.176407
v -1.188642 2.695871 6.185128
v -1.221324 2.640655 6.176407
v -1.214843 2.695871 6.185128
v -1.221324 2.640586 6.204910
v -1.214843 2.695802 6.214797
v -1.479070 2.640586 6.204911
v -1.485609 2.695802 6.214797
v -1.485609 2.695871 6.185128
v -1.479070 2.640655 6.176407
v -1.511811 2.695871 6.185128
v -1.504012 2.640655 6.176407
v -1.511811 2.696014 6.149194
v -1.504012 2.640798 6.142027
v -1.536858 2.679123 5.935171
v -1.162381 2.679123 5.935171
v -1.162381 2.679123 6.149194
v -1.188642 2.679123 6.149194
v -1.188642 2.678980 6.185017
v -1.214843 2.678980 6.185017
v -1.214843 2.678911 6.214631
v -1.485609 2.678911 6.214631
v -1.485609 2.678980 6.185017
v -1.511811 2.678980 6.185017
v -1.511811 2.679123 6.149194
v -1.536858 2.679123 6.149194
v -1.527855 2.673330 5.935171
v -1.171383 2.673330 5.935171
v -1.171383 2.673330 6.142027
v -1.196382 2.673330 6.142027
v -1.196382 2.673186 6.176614
v -1.221324 2.673186 6.176614
v -1.221324 2.673118 6.205218
v -1.479070 2.673118 6.205219
v -1.479070 2.673186 6.176614
v -1.504012 2.673186 6.176614
v -1.504012 2.673330 6.142027
v -1.527855 2.673330 6.142027
v -1.190162 2.716645 5.824813
v -1.190162 2.946579 5.808242
v -1.190162 -0.012801 5.824813
v -1.190162 3.357485 6.347273
v -1.190162 2.714142 6.119676
v -1.190162 3.128519 6.202666
v -1.190162 3.540381 6.527232
v -1.190162 2.931882 6.134144
v -1.215770 2.714142 6.119676
v -1.215770 3.540381 6.527232
v -1.215770 3.128519 6.202666
v -1.215770 3.357485 6.347273
v -1.215770 2.931882 6.134144
v -1.215770 2.712985 6.154568
v -1.215770 3.513601 6.549370
v -1.215770 3.113445 6.233926
v -1.215770 3.335909 6.374489
v -1.215770 2.924976 6.168064
v -1.240712 2.712985 6.154568
v -1.240712 3.513601 6.549370
v -1.240712 3.113445 6.233926
v -1.240712 3.335909 6.374489
v -1.240712 2.924976 6.168064
v -1.240712 2.711978 6.183323
v -1.240712 3.491745 6.567923
v -1.240712 3.101009 6.259679
v -1.240712 3.318126 6.396914
v -1.240712 2.919313 6.196013
v -1.190162 3.689106 6.750283
v -1.215770 3.689106 6.750283
v -1.215770 3.655289 6.750283
v -1.240712 3.655289 6.750283
v -1.240712 3.623910 6.750283
v -1.190162 -0.012801 6.119676
v -1.215770 -0.012801 6.119676
v -1.215770 -0.012801 6.154568
v -1.240712 -0.012801 6.154568
v -1.240712 -0.012801 6.183323
v -1.190162 3.597318 6.480297
v -1.190162 3.777855 6.750283
v -1.190162 3.160517 6.136267
v -1.190162 3.403306 6.289464
v -1.190162 2.716645 6.045528
v -1.190162 2.946579 6.062100
v -1.190162 -0.012801 6.045528
v -1.510231 3.357485 6.347273
v -1.510231 2.714142 6.119676
v -1.510231 3.128519 6.202666
v -1.510231 3.540381 6.527232
v -1.510231 2.931882 6.134144
v -1.484625 2.714142 6.119676
v -1.484625 3.540381 6.527232
v -1.484625 3.128519 6.202666
v -1.484625 3.357485 6.347273
v -1.484625 2.931882 6.134144
v -1.484625 2.712985 6.154568
v -1.484625 3.513601 6.549370
v -1.484625 3.113445 6.233926
v -1.484625 3.335909 6.374489
v -1.484625 2.924976 6.168064
v -1.459682 2.712985 6.154568
v -1.459683 3.513601 6.549370
v -1.459683 3.113445 6.233926
v -1.459683 3.335909 6.374489
v -1.459682 2.924976 6.168064
v -1.459682 2.711978 6.183323
v -1.459683 3.491745 6.567923
v -1.459683 3.101009 6.259679
v -1.459683 3.318126 6.396914
v -1.459682 2.919313 6.196013
v -1.510231 3.689106 6.750283
v -1.484625 3.689106 6.750283
v -1.484625 3.655289 6.750283
v -1.459683 3.655289 6.750283
v -1.459682 3.623910 6.750283
v -1.510231 -0.012801 6.119676
v -1.484625 -0.012801 6.119676
v -1.484625 -0.012801 6.154568
v -1.459682 -0.012801 6.154568
v -1.459682 -0.012801 6.183323
v -1.510231 3.597318 6.480297
v -1.510231 3.777855 6.750283
v -1.510231 3.160517 6.136267
v -1.510231 3.403306 6.289464
v -1.510231 2.716645 6.045528
v -1.510231 2.946579 6.062100
v -1.510231 -0.012801 6.045528
v -1.510231 2.716645 5.824813
v -1.510231 2.946579 5.808242
v -1.510231 -0.012801 5.824813
v -1.510231 4.608101 6.750283
v -1.190162 4.608101 6.750283
v -1.350197 4.608101 6.750283
v -1.350197 4.608101 6.750283
v -1.350197 4.608101 6.750283
v -1.350197 4.608101 6.750283
v -1.240918 2.642421 6.061160
v -1.240918 2.642421 5.935171
v -1.459476 2.642421 5.935171
v -1.459476 2.642421 6.061160
v -1.441990 2.642421 6.061160
v -1.441990 2.642421 6.084876
v -1.424959 2.642421 6.084876
v -1.424959 2.642421 6.104457
v -1.275435 2.642421 6.104457
v -1.275435 2.642421 6.084876
v -1.258403 2.642421 6.084876
v -1.258403 2.642421 6.061160
v -1.484185 2.587205 6.089646
v -1.484185 2.587205 5.935171
v -1.216210 2.587205 5.935171
v -1.216210 2.587205 6.089646
v -1.237649 2.587205 6.089646
v -1.237649 2.587205 6.118431
v -1.258531 2.587205 6.118431
v -1.258531 2.587205 6.142296
v -1.441863 2.587205 6.142296
v -1.441863 2.587205 6.118431
v -1.462746 2.587205 6.118431
v -1.462746 2.587205 6.089646
v -1.536858 2.642421 6.149194
v -1.527855 2.587205 6.142027
v -1.536858 2.642421 5.935171
v -1.527855 2.587205 5.935171
v -1.162380 2.642421 5.935171
v -1.171383 2.587205 5.935171
v -1.171383 2.587205 6.142027
v -1.162381 2.642421 6.149194
v -1.196382 2.587205 6.142027
v -1.188642 2.642421 6.149194
v -1.196382 2.587062 6.176407
v -1.188642 2.642277 6.185128
v -1.221324 2.587062 6.176407
v -1.214843 2.642277 6.185128
v -1.221324 2.586993 6.204910
v -1.214843 2.642210 6.214797
v -1.479070 2.586993 6.204911
v -1.485609 2.642210 6.214797
v -1.485609 2.642277 6.185128
v -1.479070 2.587062 6.176407
v -1.511811 2.642277 6.185128
v -1.504012 2.587062 6.176407
v -1.511811 2.642421 6.149194
v -1.504012 2.587205 6.142027
v -1.536858 2.625530 5.935171
v -1.162381 2.625530 5.935171
v -1.162381 2.625530 6.149194
v -1.188642 2.625530 6.149194
v -1.188642 2.625387 6.185017
v -1.214843 2.625387 6.185017
v -1.214843 2.625318 6.214631
v -1.485609 2.625318 6.214631
v -1.485609 2.625387 6.185017
v -1.511811 2.625387 6.185017
v -1.511811 2.625530 6.149194
v -1.536858 2.625530 6.149194
v -1.527855 2.619736 5.935171
v -1.171383 2.619736 5.935171
v -1.171383 2.619736 6.142027
v -1.196382 2.619736 6.142027
v -1.196382 2.619593 6.176614
v -1.221324 2.619593 6.176614
v -1.221324 2.619524 6.205218
v -1.479070 2.619524 6.205219
v -1.479070 2.619593 6.176614
v -1.504012 2.619593 6.176614
v -1.504012 2.619736 6.142027
v -1.527855 2.619736 6.142027
v -1.190162 -0.012801 5.935170
v -1.190162 2.716645 5.935170
v -1.190162 2.946579 5.935171
v -1.190162 3.160517 5.935171
v -1.190162 3.403306 5.935171
v -1.190162 3.597318 5.935170
v -1.190162 3.777855 5.935170
v -1.190162 4.608101 5.935170
v -1.350197 4.608101 5.935170
v -1.510231 4.608101 5.935170
v -1.510231 3.777855 5.935170
v -1.510231 3.597318 5.935170
v -1.510231 3.403306 5.935170
v -1.510231 3.160517 5.935171
v -1.510231 2.946579 5.935171
v -1.510231 2.716645 5.935170
v -1.510231 -0.012801 5.935170
vt 0.983164 0.409713
vt 0.983141 0.411619
vt 0.971020 0.411468
vt 0.971044 0.409562
vt 0.927450 0.411455
vt 0.927437 0.409549
vt 0.939558 0.409470
vt 0.939570 0.411376
vt 0.941259 0.411365
vt 0.941247 0.409459
vt 0.943273 0.411360
vt 0.943273 0.409454
vt 0.944959 0.411360
vt 0.944958 0.409454
vt 0.946629 0.411353
vt 0.946634 0.409447
vt 0.964041 0.411405
vt 0.964046 0.409498
vt 0.965722 0.409515
vt 0.965710 0.411421
vt 0.967407 0.409525
vt 0.967396 0.411431
vt 0.969434 0.409542
vt 0.969410 0.411448
vt 0.925611 0.475443
vt 0.930856 0.480584
vt 0.930880 0.487966
vt 0.925653 0.487983
vt 0.986231 0.476036
vt 0.986208 0.488157
vt 0.983259 0.488151
vt 0.983275 0.479100
vt 0.950950 0.487899
vt 0.945645 0.487916
vt 0.945620 0.480534
vt 0.950908 0.475358
vt 0.962128 0.488113
vt 0.962150 0.475993
vt 0.965173 0.479067
vt 0.965156 0.488118
vt 0.966621 0.479070
vt 0.963839 0.475996
vt 0.944439 0.480538
vt 0.949134 0.475364
vt 0.966624 0.477383
vt 0.963842 0.473981
vt 0.944434 0.479148
vt 0.949127 0.473259
vt 0.968035 0.477386
vt 0.965527 0.473985
vt 0.943284 0.479152
vt 0.947357 0.473265
vt 0.968037 0.475988
vt 0.965530 0.472314
vt 0.943280 0.478005
vt 0.947351 0.471526
vt 0.980421 0.476010
vt 0.982942 0.472346
vt 0.933179 0.478039
vt 0.929061 0.471587
vt 0.933183 0.479186
vt 0.929066 0.473326
vt 0.980419 0.477408
vt 0.982939 0.474016
vt 0.932032 0.479190
vt 0.927296 0.473332
vt 0.981830 0.477411
vt 0.984623 0.474019
vt 0.932037 0.480580
vt 0.927303 0.475437
vt 0.981827 0.479098
vt 0.984620 0.476033
vt 0.939582 0.427021
vt 0.927042 0.426970
vt 0.927046 0.425980
vt 0.939586 0.426032
vt 0.985088 0.425651
vt 0.985104 0.426640
vt 0.972565 0.426834
vt 0.972550 0.425845
vt 0.970776 0.425872
vt 0.970791 0.426862
vt 0.968677 0.425896
vt 0.968686 0.426886
vt 0.966907 0.425912
vt 0.966916 0.426901
vt 0.965172 0.425934
vt 0.965178 0.426924
vt 0.946882 0.426038
vt 0.946887 0.427028
vt 0.945149 0.427025
vt 0.945147 0.426035
vt 0.943379 0.427029
vt 0.943377 0.426039
vt 0.941274 0.427028
vt 0.941278 0.426039
vt 0.988601 0.478199
vt 0.987912 0.478296
vt 0.986235 0.466292
vt 0.986867 0.465779
vt 0.959141 0.478268
vt 0.958451 0.478170
vt 0.960209 0.465753
vt 0.960840 0.466267
vt 0.962527 0.466195
vt 0.961982 0.465678
vt 0.962866 0.464197
vt 0.962333 0.463608
vt 0.964551 0.464166
vt 0.964103 0.463576
vt 0.964877 0.462522
vt 0.964440 0.461874
vt 0.982289 0.462541
vt 0.982731 0.461894
vt 0.983063 0.463598
vt 0.982609 0.464187
vt 0.984832 0.463633
vt 0.984294 0.464220
vt 0.985176 0.465704
vt 0.984626 0.466219
vt 0.985091 0.575352
vt 0.985067 0.577259
vt 0.972947 0.577108
vt 0.972971 0.575202
vt 0.929376 0.577095
vt 0.929364 0.575189
vt 0.941484 0.575110
vt 0.941497 0.577016
vt 0.943186 0.577005
vt 0.943173 0.575099
vt 0.945200 0.577000
vt 0.945200 0.575094
vt 0.946885 0.577000
vt 0.946885 0.575094
vt 0.948555 0.576993
vt 0.948561 0.575087
vt 0.965967 0.577045
vt 0.965973 0.575138
vt 0.967649 0.575155
vt 0.967637 0.577061
vt 0.969334 0.575165
vt 0.969322 0.577071
vt 0.971361 0.575182
vt 0.971337 0.577088
vt 0.927987 0.624758
vt 0.933231 0.629898
vt 0.933256 0.637280
vt 0.928029 0.637298
vt 0.986230 0.639974
vt 0.986208 0.652094
vt 0.983258 0.652089
vt 0.983275 0.643038
vt 0.953325 0.637213
vt 0.948020 0.637231
vt 0.947995 0.629849
vt 0.953283 0.624673
vt 0.962128 0.652051
vt 0.962149 0.639930
vt 0.965172 0.643005
vt 0.965156 0.652056
vt 0.966621 0.643008
vt 0.963838 0.639933
vt 0.946814 0.629853
vt 0.951509 0.624679
vt 0.966624 0.641321
vt 0.963842 0.637919
vt 0.946810 0.628463
vt 0.951502 0.622574
vt 0.968034 0.641324
vt 0.965527 0.637922
vt 0.945659 0.628467
vt 0.949733 0.622579
vt 0.968037 0.639925
vt 0.965530 0.636252
vt 0.945655 0.627320
vt 0.949727 0.620841
vt 0.980421 0.639948
vt 0.982942 0.636283
vt 0.935555 0.627354
vt 0.931436 0.620902
vt 0.935559 0.628501
vt 0.931442 0.622641
vt 0.980419 0.641346
vt 0.982939 0.637954
vt 0.934408 0.628505
vt 0.929672 0.622646
vt 0.981830 0.641349
vt 0.984623 0.637957
vt 0.934413 0.629894
vt 0.929679 0.624752
vt 0.981826 0.643035
vt 0.984620 0.639971
vt 0.941507 0.592661
vt 0.928967 0.592610
vt 0.928971 0.591620
vt 0.941511 0.591672
vt 0.987016 0.591291
vt 0.987032 0.592281
vt 0.974493 0.592474
vt 0.974477 0.591485
vt 0.972703 0.591512
vt 0.972719 0.592502
vt 0.970604 0.591536
vt 0.970613 0.592526
vt 0.968835 0.591552
vt 0.968843 0.592542
vt 0.967099 0.591575
vt 0.967105 0.592564
vt 0.948808 0.591678
vt 0.948813 0.592668
vt 0.947075 0.592664
vt 0.947073 0.591675
vt 0.945305 0.592669
vt 0.945302 0.591679
vt 0.943199 0.592668
vt 0.943203 0.591679
vt 0.988602 0.642138
vt 0.987913 0.642234
vt 0.986236 0.630229
vt 0.986868 0.629716
vt 0.959139 0.642206
vt 0.958449 0.642109
vt 0.960208 0.629691
vt 0.960839 0.630204
vt 0.962526 0.630132
vt 0.961980 0.629615
vt 0.962865 0.628134
vt 0.962331 0.627545
vt 0.964550 0.628103
vt 0.964101 0.627513
vt 0.964876 0.626459
vt 0.964439 0.625811
vt 0.982289 0.626478
vt 0.982732 0.625831
vt 0.983063 0.627534
vt 0.982610 0.628124
vt 0.984833 0.627570
vt 0.984294 0.628158
vt 0.985177 0.629641
vt 0.984627 0.630157
vt 0.784760 0.557404
vt 0.784819 0.398354
vt 0.789163 0.398350
vt 0.789101 0.557372
vt 0.784914 0.597306
vt 0.785002 0.581781
vt 0.789304 0.581874
vt 0.789210 0.597499
vt 0.785091 0.569883
vt 0.789448 0.569792
vt 0.784733 0.612088
vt 0.788996 0.612452
vt 0.783030 0.557435
vt 0.783090 0.398355
vt 0.783174 0.597242
vt 0.783254 0.581747
vt 0.783335 0.569924
vt 0.783011 0.611940
vt 0.780988 0.557445
vt 0.781047 0.398357
vt 0.781137 0.597168
vt 0.781211 0.581721
vt 0.781276 0.569970
vt 0.780996 0.611778
vt 0.779305 0.557473
vt 0.779364 0.398359
vt 0.779433 0.597119
vt 0.779498 0.581695
vt 0.779552 0.570012
vt 0.779316 0.611668
vt 0.777623 0.557470
vt 0.777681 0.398360
vt 0.777747 0.597073
vt 0.777805 0.581685
vt 0.777846 0.570050
vt 0.777647 0.611572
vt 0.787368 0.630885
vt 0.783351 0.627562
vt 0.781677 0.627353
vt 0.780188 0.626068
vt 0.778588 0.625905
vt 0.777232 0.624710
vt 0.755715 0.557391
vt 0.755771 0.398357
vt 0.757500 0.398361
vt 0.757445 0.557425
vt 0.755554 0.597328
vt 0.755454 0.581735
vt 0.757201 0.581697
vt 0.757294 0.597254
vt 0.755375 0.569823
vt 0.757131 0.569859
vt 0.755823 0.612231
vt 0.757543 0.612066
vt 0.759543 0.398365
vt 0.759487 0.557438
vt 0.759245 0.581665
vt 0.759329 0.597168
vt 0.759191 0.569898
vt 0.759555 0.611881
vt 0.761226 0.398368
vt 0.761170 0.557469
vt 0.760957 0.581633
vt 0.761032 0.597106
vt 0.760915 0.569932
vt 0.761231 0.611750
vt 0.762909 0.398371
vt 0.762852 0.557470
vt 0.762651 0.581615
vt 0.762716 0.597047
vt 0.762623 0.569960
vt 0.762895 0.611627
vt 0.759064 0.627672
vt 0.757388 0.627884
vt 0.760541 0.626377
vt 0.762144 0.626226
vt 0.763491 0.625031
vt 0.753406 0.631263
vt 0.751562 0.612631
vt 0.751259 0.597536
vt 0.751151 0.581831
vt 0.751017 0.569732
vt 0.751374 0.557356
vt 0.751427 0.398349
vt 0.811685 0.400205
vt 0.811801 0.559383
vt 0.798869 0.559393
vt 0.798753 0.400215
vt 0.812782 0.572855
vt 0.797907 0.572866
vt 0.817137 0.585388
vt 0.826123 0.599607
vt 0.837313 0.610967
vt 0.853141 0.621534
vt 0.917826 0.399655
vt 0.917758 0.558834
vt 0.904826 0.558828
vt 0.904894 0.399649
vt 0.918724 0.572307
vt 0.903849 0.572300
vt 0.899498 0.584834
vt 0.890516 0.599056
vt 0.879329 0.610419
vt 0.863505 0.620991
vt 0.853167 0.657534
vt 0.863490 0.656992
vt 0.741845 0.663088
vt 0.747045 0.663099
vt 0.783022 0.673984
vt 0.741841 0.664818
vt 0.739860 0.664814
vt 0.739857 0.666499
vt 0.783022 0.673985
vt 0.738018 0.666495
vt 0.783022 0.673985
vt 0.741800 0.684709
vt 0.741803 0.682979
vt 0.783023 0.673987
vt 0.739822 0.682975
vt 0.739826 0.681290
vt 0.737987 0.681286
vt 0.783022 0.673986
vt 0.747000 0.684720
vt 0.782999 0.684797
vt 0.783044 0.663173
vt 0.787496 0.649191
vt 0.787511 0.660002
vt 0.787482 0.638380
vt 0.983420 0.493007
vt 0.983396 0.494912
vt 0.971277 0.494762
vt 0.971301 0.492856
vt 0.927708 0.494749
vt 0.927696 0.492843
vt 0.939816 0.492764
vt 0.939828 0.494670
vt 0.941517 0.494659
vt 0.941504 0.492753
vt 0.943531 0.494654
vt 0.943531 0.492748
vt 0.945216 0.494654
vt 0.945216 0.492748
vt 0.946886 0.494647
vt 0.946892 0.492741
vt 0.964297 0.494698
vt 0.964303 0.492792
vt 0.965979 0.492809
vt 0.965967 0.494715
vt 0.967664 0.492819
vt 0.967652 0.494725
vt 0.969690 0.492836
vt 0.969667 0.494742
vt 0.926874 0.546658
vt 0.932118 0.551798
vt 0.932143 0.559181
vt 0.926916 0.559198
vt 0.985324 0.559044
vt 0.985302 0.571165
vt 0.982352 0.571159
vt 0.982368 0.562108
vt 0.952213 0.559113
vt 0.946907 0.559131
vt 0.946883 0.551749
vt 0.952171 0.546573
vt 0.961221 0.571121
vt 0.961242 0.559000
vt 0.964265 0.562075
vt 0.964249 0.571126
vt 0.965714 0.562078
vt 0.962931 0.559003
vt 0.945701 0.551753
vt 0.950397 0.546579
vt 0.965717 0.560391
vt 0.962935 0.556989
vt 0.945697 0.550364
vt 0.950390 0.544474
vt 0.967127 0.560393
vt 0.964620 0.556992
vt 0.944546 0.550367
vt 0.948620 0.544479
vt 0.967130 0.558995
vt 0.964623 0.555322
vt 0.944542 0.549220
vt 0.948614 0.542741
vt 0.979515 0.559018
vt 0.982035 0.555353
vt 0.934442 0.549254
vt 0.930323 0.542802
vt 0.934446 0.550401
vt 0.930329 0.544541
vt 0.979512 0.560416
vt 0.982032 0.557024
vt 0.933295 0.550405
vt 0.928559 0.544547
vt 0.980923 0.560418
vt 0.983717 0.557027
vt 0.933300 0.551794
vt 0.928566 0.546652
vt 0.980920 0.562105
vt 0.983713 0.559041
vt 0.939838 0.510315
vt 0.927297 0.510263
vt 0.927301 0.509273
vt 0.939842 0.509325
vt 0.985347 0.508945
vt 0.985363 0.509934
vt 0.972823 0.510128
vt 0.972808 0.509138
vt 0.971034 0.509166
vt 0.971050 0.510156
vt 0.968935 0.509190
vt 0.968944 0.510180
vt 0.967165 0.509206
vt 0.967174 0.510195
vt 0.965430 0.509228
vt 0.965436 0.510218
vt 0.947138 0.509332
vt 0.947144 0.510321
vt 0.945406 0.510318
vt 0.945403 0.509328
vt 0.943636 0.510323
vt 0.943633 0.509333
vt 0.941530 0.510322
vt 0.941534 0.509332
vt 0.987696 0.561207
vt 0.987006 0.561304
vt 0.985329 0.549298
vt 0.985961 0.548786
vt 0.958233 0.561276
vt 0.957543 0.561178
vt 0.959301 0.548761
vt 0.959932 0.549274
vt 0.961619 0.549202
vt 0.961074 0.548684
vt 0.961958 0.547204
vt 0.961425 0.546615
vt 0.963643 0.547173
vt 0.963195 0.546583
vt 0.963969 0.545529
vt 0.963532 0.544881
vt 0.981382 0.545548
vt 0.981825 0.544901
vt 0.982156 0.546604
vt 0.981703 0.547193
vt 0.983926 0.546640
vt 0.983387 0.547227
vt 0.984270 0.548710
vt 0.983720 0.549227
vt 0.911360 0.399652
vt 0.911292 0.558831
vt 0.911286 0.572304
vt 0.911281 0.584839
vt 0.911275 0.599065
vt 0.911270 0.610433
vt 0.911266 0.621011
vt 0.911251 0.657012
vt 0.739750 0.660066
vt 0.739735 0.649255
vt 0.805406 0.657569
vt 0.739721 0.638444
vt 0.805380 0.621568
vt 0.805372 0.610990
vt 0.805364 0.599622
vt 0.805354 0.585396
vt 0.805345 0.572861
vt 0.805335 0.559388
vt 0.805219 0.400210
vn -0.972750 -0.231858 0.000001
vn -1.000000 0.000000 0.000001
vn -1.000000 0.000000 0.000001
vn -0.956621 -0.291335 0.000001
vn 1.000000 0.000000 -0.000000
vn 0.972749 -0.231859 -0.000000
vn 0.956621 -0.291335 -0.000000
vn 1.000000 0.000000 -0.000000
vn 0.000000 0.000001 1.000000
vn 0.000000 0.000001 1.000000
vn 0.000000 -0.261729 0.965141
vn 0.000000 -0.104843 0.994489
vn 1.000000 0.000000 -0.000000
vn 1.000000 0.000000 -0.000000
vn 0.990827 -0.135132 -0.000546
vn 0.964258 -0.264965 -0.001070
vn -0.000002 -0.006362 0.999980
vn -0.000002 -0.006362 0.999980
vn -0.000002 -0.295976 0.955195
vn -0.000002 -0.146848 0.989159
vn 1.000000 0.000002 -0.000000
vn 1.000000 0.000002 -0.000000
vn 0.995102 -0.098850 -0.000236
vn 0.972438 -0.233162 -0.000557
vn 0.000000 -0.009468 0.999955
vn 0.000000 -0.009468 0.999955
vn 0.000000 -0.317007 0.948423
vn 0.000000 -0.317434 0.948281
vn -0.972010 -0.234940 -0.000560
vn -0.994985 -0.100027 -0.000239
vn -1.000000 0.000000 -0.000001
vn -1.000000 0.000000 -0.000001
vn 0.000000 -0.146283 0.989243
vn 0.000000 -0.296318 0.955089
vn 0.000000 -0.006361 0.999980
vn 0.000000 -0.006361 0.999980
vn -0.963807 -0.266597 -0.001078
vn -0.990649 -0.136432 -0.000552
vn -1.000000 0.000000 0.000000
vn -1.000000 0.000000 0.000000
vn 0.000000 -0.104398 0.994536
vn 0.000000 -0.261730 0.965141
vn 0.000000 0.000000 1.000000
vn 0.000000 0.000000 1.000000
vn 0.000000 1.000000 0.000000
vn 0.000000 1.000000 0.000000
vn 0.000001 1.000000 -0.000000
vn 0.000001 1.000000 -0.000000
vn -0.000001 -1.000000 0.000000
vn -0.000001 -1.000000 0.000000
vn -0.000001 -1.000000 0.000000
vn -0.000001 -1.000000 0.000000
vn 0.000000 1.000000 0.000000
vn 0.000000 1.000000 0.000000
vn 0.000000 1.000000 0.000000
vn 0.000000 1.000000 0.000000
vn 0.000001 -1.000000 -0.000000
vn 0.000000 -1.000000 0.000000
vn 0.000000 -1.000000 0.000000
vn 0.000001 -1.000000 -0.000000
vn 0.000627 -0.999999 -0.001096
vn 0.000000 -1.000000 0.000000
vn 0.000000 -1.000000 0.000000
vn 0.000679 -0.999999 -0.001188
vn 0.000000 1.000000 0.000000
vn -0.001079 0.999999 0.001169
vn -0.001163 0.999999 0.001261
vn 0.000000 1.000000 0.000000
vn 0.000663 -0.999997 -0.002349
vn 0.000627 -0.999999 -0.001096
vn 0.000679 -0.999999 -0.001188
vn 0.000556 -0.999997 -0.002366
vn -0.001079 0.999999 0.001169
vn -0.001128 0.999998 0.001913
vn -0.000923 0.999998 0.001824
vn -0.001163 0.999999 0.001261
vn -0.000870 -0.999997 -0.002076
vn 0.000663 -0.999997 -0.002349
vn 0.000556 -0.999997 -0.002366
vn -0.001184 -0.999997 -0.001940
vn -0.001128 0.999998 0.001913
vn 0.000143 0.999999 0.001416
vn 0.000209 0.999999 0.001414
vn -0.000923 0.999998 0.001824
vn -0.000198 -0.999995 -0.003223
vn -0.000870 -0.999997 -0.002076
vn -0.001184 -0.999997 -0.001940
vn -0.000108 -0.999995 -0.003293
vn 0.000143 0.999999 0.001416
vn 0.000033 0.999998 0.001881
vn 0.000016 0.999998 0.001900
vn 0.000209 0.999999 0.001414
vn 0.000199 -0.999995 -0.003223
vn -0.000198 -0.999995 -0.003223
vn -0.000108 -0.999995 -0.003293
vn 0.000110 -0.999995 -0.003294
vn 0.000033 0.999998 0.001881
vn -0.000033 0.999998 0.001881
vn -0.000016 0.999998 0.001900
vn 0.000016 0.999998 0.001900
vn -0.000033 0.999998 0.001881
vn -0.000144 0.999999 0.001416
vn -0.000211 0.999999 0.001414
vn -0.000016 0.999998 0.001900
vn 0.000869 -0.999997 -0.002077
vn 0.000199 -0.999995 -0.003223
vn 0.000110 -0.999995 -0.003294
vn 0.001184 -0.999997 -0.001941
vn -0.000144 0.999999 0.001416
vn 0.001129 0.999998 0.001914
vn 0.000926 0.999998 0.001825
vn -0.000211 0.999999 0.001414
vn -0.000666 -0.999997 -0.002349
vn 0.000869 -0.999997 -0.002077
vn 0.001184 -0.999997 -0.001941
vn -0.000559 -0.999997 -0.002366
vn 0.001129 0.999998 0.001914
vn 0.001095 0.999999 0.001187
vn 0.001178 0.999999 0.001278
vn 0.000926 0.999998 0.001825
vn -0.000636 -0.999999 -0.001111
vn -0.000666 -0.999997 -0.002349
vn -0.000559 -0.999997 -0.002366
vn -0.000689 -0.999999 -0.001202
vn 0.001095 0.999999 0.001187
vn 0.000000 1.000000 0.000000
vn 0.000000 1.000000 0.000000
vn 0.001178 0.999999 0.001278
vn -0.000001 -1.000000 0.000000
vn -0.000636 -0.999999 -0.001111
vn -0.000689 -0.999999 -0.001202
vn -0.000001 -1.000000 0.000000
vn -1.000000 0.000000 0.000001
vn -1.000000 0.000000 0.000001
vn -0.931053 -0.364885 0.000001
vn -0.962708 -0.270543 0.000001
vn 0.931051 -0.364888 0.000001
vn 1.000000 -0.000002 0.000001
vn 1.000000 -0.000002 0.000001
vn 0.962707 -0.270546 0.000001
vn 0.000000 -0.380637 0.924725
vn 0.000000 -0.163530 0.986538
vn 0.000000 0.000000 1.000000
vn 0.000000 0.000000 1.000000
vn 0.977380 -0.211490 -0.000855
vn 0.921515 -0.388340 -0.001569
vn 1.000000 -0.000003 -0.000000
vn 1.000000 -0.000003 -0.000000
vn -0.000002 -0.423744 0.905782
vn -0.000002 -0.222791 0.974866
vn -0.000002 -0.006584 0.999978
vn -0.000002 -0.006584 0.999978
vn 0.987265 -0.159081 -0.000380
vn 0.938094 -0.346380 -0.000827
vn 1.000000 -0.000003 -0.000000
vn 1.000000 -0.000003 -0.000000
vn 0.000000 -0.275832 0.961206
vn 0.000000 -0.276705 0.960955
vn 0.000000 -0.009799 0.999952
vn 0.000000 -0.009799 0.999952
vn -1.000000 0.000000 0.000000
vn -1.000000 0.000000 0.000000
vn -0.937170 -0.348871 -0.000832
vn -0.986963 -0.160949 -0.000383
vn 0.000000 -0.006583 0.999978
vn 0.000000 -0.006583 0.999978
vn 0.000000 -0.222031 0.975040
vn 0.000000 -0.424198 0.905569
vn -1.000000 0.000000 0.000001
vn -1.000000 0.000000 0.000001
vn -0.920573 -0.390568 -0.001578
vn -0.976944 -0.213494 -0.000862
vn 0.000000 0.000001 1.000000
vn 0.000000 0.000001 1.000000
vn 0.000000 -0.163528 0.986539
vn 0.000000 -0.380983 0.924582
vn -0.931053 -0.364885 0.000001
vn -0.972750 -0.231858 0.000001
vn -0.956621 -0.291335 0.000001
vn -0.962708 -0.270543 0.000001
vn 0.972749 -0.231859 -0.000000
vn 0.931051 -0.364888 0.000001
vn 0.962707 -0.270546 0.000001
vn 0.956621 -0.291335 -0.000000
vn 0.000000 -0.104843 0.994489
vn 0.000000 -0.261729 0.965141
vn 0.000000 -0.163530 0.986538
vn 0.000000 -0.380637 0.924725
vn 0.964258 -0.264965 -0.001070
vn 0.990827 -0.135132 -0.000546
vn 0.921515 -0.388340 -0.001569
vn 0.977380 -0.211490 -0.000855
vn -0.000002 -0.146848 0.989159
vn -0.000002 -0.295976 0.955195
vn -0.000002 -0.222791 0.974866
vn -0.000002 -0.423744 0.905782
vn 0.972438 -0.233162 -0.000557
vn 0.995102 -0.098850 -0.000236
vn 0.938094 -0.346380 -0.000827
vn 0.987265 -0.159081 -0.000380
vn 0.000000 -0.317434 0.948281
vn 0.000000 -0.317007 0.948423
vn 0.000000 -0.276705 0.960955
vn 0.000000 -0.275832 0.961206
vn -0.986963 -0.160949 -0.000383
vn -0.937170 -0.348871 -0.000832
vn -0.994985 -0.100027 -0.000239
vn -0.972010 -0.234940 -0.000560
vn 0.000000 -0.424198 0.905569
vn 0.000000 -0.222031 0.975040
vn 0.000000 -0.296318 0.955089
vn 0.000000 -0.146283 0.989243
vn -0.976944 -0.213494 -0.000862
vn -0.920573 -0.390568 -0.001578
vn -0.990649 -0.136432 -0.000552
vn -0.963807 -0.266597 -0.001078
vn 0.000000 -0.380983 0.924582
vn 0.000000 -0.163528 0.986539
vn 0.000000 -0.261730 0.965141
vn 0.000000 -0.104398 0.994536
vn -0.972750 -0.231858 0.000001
vn -1.000000 0.000000 0.000001
vn -1.000000 0.000000 0.000001
vn -0.956621 -0.291334 0.000001
vn 1.000000 0.000000 -0.000000
vn 0.972750 -0.231858 -0.000000
vn 0.956621 -0.291335 -0.000000
vn 1.000000 0.000000 -0.000000
vn 0.000000 0.000001 1.000000
vn 0.000000 0.000001 1.000000
vn 0.000000 -0.261729 0.965141
vn 0.000000 -0.104843 0.994489
vn 1.000000 0.000000 -0.000000
vn 1.000000 0.000000 -0.000000
vn 0.990827 -0.135132 -0.000546
vn 0.964258 -0.264965 -0.001070
vn -0.000002 -0.006362 0.999980
vn -0.000002 -0.006362 0.999980
vn -0.000002 -0.295976 0.955195
vn -0.000002 -0.146848 0.989159
vn 1.000000 0.000002 -0.000000
vn 1.000000 0.000002 -0.000000
vn 0.995102 -0.098850 -0.000236
vn 0.972438 -0.233162 -0.000557
vn 0.000000 -0.009468 0.999955
vn 0.000000 -0.009468 0.999955
vn 0.000000 -0.317007 0.948423
vn 0.000000 -0.317434 0.948281
vn -0.972010 -0.234941 -0.000560
vn -0.994985 -0.100027 -0.000239
vn -1.000000 0.000000 -0.000001
vn -1.000000 0.000000 -0.000001
vn 0.000000 -0.146283 0.989243
vn 0.000000 -0.296318 0.955089
vn 0.000000 -0.006361 0.999980
vn 0.000000 -0.006361 0.999980
vn -0.963807 -0.266597 -0.001078
vn -0.990649 -0.136432 -0.000552
vn -1.000000 0.000000 0.000000
vn -1.000000 0.000000 0.000000
vn 0.000000 -0.104398 0.994536
vn 0.000000 -0.261730 0.965141
vn 0.000000 0.000000 1.000000
vn 0.000000 0.000000 1.000000
vn 0.000000 1.000000 0.000000
vn 0.000000 1.000000 0.000000
vn 0.000000 1.000000 0.000000
vn 0.000000 1.000000 0.000000
vn 0.000000 -1.000000 0.000000
vn 0.000000 -1.000000 0.000000
vn 0.000000 -1.000000 0.000000
vn 0.000000 -1.000000 0.000000
vn -0.000001 1.000000 0.000000
vn -0.000001 1.000000 0.000000
vn -0.000001 1.000000 0.000000
vn -0.000001 1.000000 0.000000
vn 0.000000 -1.000000 0.000000
vn 0.000000 -1.000000 0.000000
vn 0.000000 -1.000000 0.000000
vn 0.000000 -1.000000 0.000000
vn 0.000625 -0.999999 -0.001096
vn 0.000000 -1.000000 0.000000
vn 0.000000 -1.000000 0.000000
vn 0.000678 -0.999999 -0.001188
vn -0.000001 1.000000 0.000000
vn -0.001079 0.999999 0.001169
vn -0.001163 0.999999 0.001261
vn -0.000001 1.000000 0.000000
vn 0.000663 -0.999997 -0.002349
vn 0.000625 -0.999999 -0.001096
vn 0.000678 -0.999999 -0.001188
vn 0.000556 -0.999997 -0.002366
vn -0.001079 0.999999 0.001169
vn -0.001129 0.999998 0.001913
vn -0.000925 0.999998 0.001824
vn -0.001163 0.999999 0.001261
vn -0.000869 -0.999997 -0.002076
vn 0.000663 -0.999997 -0.002349
vn 0.000556 -0.999997 -0.002366
vn -0.001184 -0.999997 -0.001940
vn -0.001129 0.999998 0.001913
vn 0.000144 0.999999 0.001416
vn 0.000211 0.999999 0.001414
vn -0.000925 0.999998 0.001824
vn -0.000198 -0.999995 -0.003223
vn -0.000869 -0.999997 -0.002076
vn -0.001184 -0.999997 -0.001940
vn -0.000110 -0.999995 -0.003293
vn 0.000144 0.999999 0.001416
vn 0.000035 0.999998 0.001881
vn 0.000016 0.999998 0.001900
vn 0.000211 0.999999 0.001414
vn 0.000198 -0.999995 -0.003223
vn -0.000198 -0.999995 -0.003223
vn -0.000110 -0.999995 -0.003293
vn 0.000110 -0.999995 -0.003294
vn 0.000035 0.999998 0.001881
vn -0.000035 0.999998 0.001881
vn -0.000016 0.999998 0.001900
vn 0.000016 0.999998 0.001900
vn -0.000035 0.999998 0.001881
vn -0.000144 0.999999 0.001416
vn -0.000211 0.999999 0.001414
vn -0.000016 0.999998 0.001900
vn 0.000868 -0.999997 -0.002077
vn 0.000198 -0.999995 -0.003223
vn 0.000110 -0.999995 -0.003294
vn 0.001183 -0.999997 -0.001941
vn -0.000144 0.999999 0.001416
vn 0.001129 0.999998 0.001914
vn 0.000926 0.999998 0.001825
vn -0.000211 0.999999 0.001414
vn -0.000665 -0.999997 -0.002349
vn 0.000868 -0.999997 -0.002077
vn 0.001183 -0.999997 -0.001941
vn -0.000558 -0.999997 -0.002366
vn 0.001129 0.999998 0.001914
vn 0.001095 0.999999 0.001187
vn 0.001178 0.999999 0.001278
vn 0.000926 0.999998 0.001825
vn -0.000635 -0.999999 -0.001111
vn -0.000665 -0.999997 -0.002349
vn -0.000558 -0.999997 -0.002366
vn -0.000687 -0.999999 -0.001202
vn 0.001095 0.999999 0.001187
vn 0.000000 1.000000 0.000000
vn 0.000000 1.000000 0.000000
vn 0.001178 0.999999 0.001278
vn 0.000000 -1.000000 0.000000
vn -0.000635 -0.999999 -0.001111
vn -0.000687 -0.999999 -0.001202
vn 0.000000 -1.000000 0.000000
vn -1.000000 0.000000 0.000001
vn -1.000000 0.000000 0.000001
vn -0.931053 -0.364885 0.000001
vn -0.962708 -0.270544 0.000001
vn 0.931052 -0.364887 0.000001
vn 1.000000 -0.000002 0.000001
vn 1.000000 -0.000002 0.000001
vn 0.962707 -0.270545 0.000001
vn 0.000000 -0.380637 0.924725
vn 0.000000 -0.163530 0.986538
vn 0.000000 0.000000 1.000000
vn 0.000000 0.000000 1.000000
vn 0.977380 -0.211491 -0.000855
vn 0.921514 -0.388341 -0.001569
vn 1.000000 -0.000003 -0.000000
vn 1.000000 -0.000003 -0.000000
vn -0.000002 -0.423744 0.905782
vn -0.000002 -0.222791 0.974866
vn -0.000002 -0.006584 0.999978
vn -0.000002 -0.006584 0.999978
vn 0.987265 -0.159082 -0.000380
vn 0.938094 -0.346380 -0.000827
vn 1.000000 -0.000003 -0.000000
vn 1.000000 -0.000003 -0.000000
vn 0.000000 -0.275832 0.961206
vn 0.000000 -0.276705 0.960955
vn 0.000000 -0.009799 0.999952
vn 0.000000 -0.009799 0.999952
vn -1.000000 0.000000 0.000000
vn -1.000000 0.000000 0.000000
vn -0.937170 -0.348873 -0.000832
vn -0.986962 -0.160950 -0.000383
vn 0.000000 -0.006583 0.999978
vn 0.000000 -0.006583 0.999978
vn 0.000000 -0.222031 0.975040
vn 0.000000 -0.424198 0.905569
vn -1.000000 0.000000 0.000001
vn -1.000000 0.000000 0.000001
vn -0.920573 -0.390566 -0.001578
vn -0.976944 -0.213494 -0.000862
vn 0.000000 0.000001 1.000000
vn 0.000000 0.000001 1.000000
vn 0.000000 -0.163528 0.986539
vn 0.000000 -0.380983 0.924582
vn -0.931053 -0.364885 0.000001
vn -0.972750 -0.231858 0.000001
vn -0.956621 -0.291334 0.000001
vn -0.962708 -0.270544 0.000001
vn 0.972750 -0.231858 -0.000000
vn 0.931052 -0.364887 0.000001
vn 0.962707 -0.270545 0.000001
vn 0.956621 -0.291335 -0.000000
vn 0.000000 -0.104843 0.994489
vn 0.000000 -0.261729 0.965141
vn 0.000000 -0.163530 0.986538
vn 0.000000 -0.380637 0.924725
vn 0.964258 -0.264965 -0.001070
vn 0.990827 -0.135132 -0.000546
vn 0.921514 -0.388341 -0.001569
vn 0.977380 -0.211491 -0.000855
vn -0.000002 -0.146848 0.989159
vn -0.000002 -0.295976 0.955195
vn -0.000002 -0.222791 0.974866
vn -0.000002 -0.423744 0.905782
vn 0.972438 -0.233162 -0.000557
vn 0.995102 -0.098850 -0.000236
vn 0.938094 -0.346380 -0.000827
vn 0.987265 -0.159082 -0.000380
vn 0.000000 -0.317434 0.948281
vn 0.000000 -0.317007 0.948423
vn 0.000000 -0.276705 0.960955
vn 0.000000 -0.275832 0.961206
vn -0.986962 -0.160950 -0.000383
vn -0.937170 -0.348873 -0.000832
vn -0.994985 -0.100027 -0.000239
vn -0.972010 -0.234941 -0.000560
vn 0.000000 -0.424198 0.905569
vn 0.000000 -0.222031 0.975040
vn 0.000000 -0.296318 0.955089
vn 0.000000 -0.146283 0.989243
vn -0.976944 -0.213494 -0.000862
vn -0.920573 -0.390566 -0.001578
vn -0.990649 -0.136432 -0.000552
vn -0.963807 -0.266597 -0.001078
vn 0.000000 -0.380983 0.924582
vn 0.000000 -0.163528 0.986539
vn 0.000000 -0.261730 0.965141
vn 0.000000 -0.104398 0.994536
vn 1.000000 0.000000 -0.000000
vn 1.000000 0.000000 -0.000000
vn 1.000000 0.000000 -0.000000
vn 1.000000 0.000000 -0.000000
vn 1.000000 0.000000 -0.000000
vn 1.000000 0.000000 -0.000000
vn 1.000000 0.000000 -0.000000
vn 1.000000 0.000000 -0.000000
vn 1.000000 0.000000 -0.000000
vn 1.000000 0.000000 -0.000000
vn 1.000000 0.000000 -0.000000
vn 1.000000 0.000000 -0.000000
vn 1.000000 0.000000 -0.000000
vn 1.000000 0.000000 -0.000000
vn 1.000000 0.000000 -0.000000
vn 1.000000 0.000000 -0.000000
vn 1.000000 0.000000 -0.000000
vn 1.000000 0.000000 -0.000000
vn 1.000000 0.000000 -0.000000
vn 1.000000 0.000000 -0.000000
vn 0.000000 -0.004935 0.999988
vn 0.000000 -0.004935 0.999988
vn 0.000000 0.000000 1.000000
vn 0.000000 0.000000 1.000000
vn 0.000000 -0.618952 0.785429
vn 0.000000 -0.618952 0.785429
vn 0.000000 -0.447764 0.894152
vn 0.000000 -0.447764 0.894152
vn 0.000000 -0.196378 0.980528
vn 0.000000 -0.196378 0.980528
vn 0.000000 -0.004935 0.999988
vn 0.000000 -0.004935 0.999988
vn 0.000000 -0.772185 0.635398
vn 0.000000 -0.772185 0.635398
vn 0.000000 -0.618952 0.785429
vn 0.000000 -0.618952 0.785429
vn 0.000000 -0.447764 0.894152
vn 0.000000 -0.447764 0.894152
vn 0.000000 -0.196378 0.980528
vn 0.000000 -0.196378 0.980528
vn 1.000000 0.000000 -0.000002
vn 1.000000 0.000000 -0.000002
vn 1.000000 0.000000 -0.000002
vn 1.000000 0.000000 -0.000002
vn 1.000000 0.000000 -0.000000
vn 1.000000 0.000000 -0.000000
vn 1.000000 0.000000 -0.000000
vn 1.000000 0.000000 -0.000000
vn 1.000000 0.000000 -0.000000
vn 1.000000 0.000000 -0.000000
vn 1.000000 0.000000 -0.000002
vn 1.000000 0.000000 -0.000002
vn 1.000000 0.000000 -0.000001
vn 1.000000 0.000000 -0.000001
vn 1.000000 0.000000 -0.000000
vn 1.000000 0.000000 -0.000000
vn 1.000000 0.000000 -0.000000
vn 1.000000 0.000000 -0.000000
vn 1.000000 0.000000 -0.000000
vn 1.000000 0.000000 -0.000000
vn 0.000000 -0.010513 0.999945
vn 0.000000 -0.010513 0.999945
vn 0.000000 -0.006361 0.999980
vn 0.000000 -0.006361 0.999980
vn 0.000000 -0.619079 0.785329
vn 0.000000 -0.619079 0.785329
vn 0.000000 -0.448882 0.893591
vn 0.000000 -0.448882 0.893591
vn 0.000000 -0.194386 0.980925
vn 0.000000 -0.194386 0.980925
vn 0.000000 -0.010513 0.999945
vn 0.000000 -0.010513 0.999945
vn 0.000000 -0.761985 0.647595
vn 0.000000 -0.761985 0.647595
vn 0.000000 -0.619079 0.785329
vn 0.000000 -0.619079 0.785329
vn 0.000000 -0.448882 0.893591
vn 0.000000 -0.448882 0.893591
vn 0.000000 -0.194386 0.980925
vn 0.000000 -0.194386 0.980925
vn 1.000000 0.000000 -0.000000
vn 1.000000 0.000000 -0.000000
vn 1.000000 0.000000 -0.000000
vn 1.000000 0.000000 -0.000000
vn 1.000000 0.000000 -0.000000
vn 1.000000 0.000000 -0.000000
vn 1.000000 0.000000 0.000001
vn 1.000000 0.000000 0.000001
vn 1.000000 0.000000 0.000001
vn 1.000000 0.000000 0.000001
vn 1.000000 0.000000 -0.000000
vn 1.000000 0.000000 -0.000000
vn 1.000000 0.000000 -0.000000
vn 1.000000 0.000000 -0.000000
vn 1.000000 0.000000 -0.000000
vn 1.000000 0.000000 -0.000000
vn 1.000000 0.000000 0.000001
vn 1.000000 0.000000 0.000001
vn 1.000000 0.000000 0.000001
vn 1.000000 0.000000 0.000001
vn 1.000000 0.000000 -0.000000
vn 1.000000 0.000000 -0.000000
vn 1.000000 0.000000 -0.000000
vn 1.000000 0.000000 -0.000000
vn 0.000000 -0.832012 0.554757
vn 0.000000 -0.772185 0.635398
vn 0.000000 -0.772185 0.635398
vn 0.000000 -0.832012 0.554757
vn 1.000000 0.000000 -0.000000
vn 1.000000 0.000000 -0.000001
vn 1.000000 0.000000 -0.000001
vn 1.000000 0.000000 -0.000000
vn 0.000000 -0.817223 0.576321
vn 0.000000 -0.761985 0.647595
vn 0.000000 -0.761985 0.647595
vn 0.000000 -0.817223 0.576321
vn 1.000000 0.000000 0.000001
vn 1.000000 0.000000 -0.000000
vn 1.000000 0.000000 -0.000000
vn 1.000000 0.000000 0.000001
vn 0.000000 -0.004935 0.999988
vn 0.000000 0.000000 1.000000
vn 0.000000 0.000000 1.000000
vn 0.000000 -0.004935 0.999988
vn 0.000000 -0.618951 0.785429
vn 0.000000 -0.447764 0.894152
vn 0.000000 -0.447764 0.894152
vn 0.000000 -0.618951 0.785429
vn 0.000000 -0.196378 0.980528
vn 0.000000 -0.004935 0.999988
vn 0.000000 -0.004935 0.999988
vn 0.000000 -0.196378 0.980528
vn 0.000000 -0.772185 0.635398
vn 0.000000 -0.618951 0.785429
vn 0.000000 -0.618951 0.785429
vn 0.000000 -0.772185 0.635398
vn 0.000000 -0.447764 0.894152
vn 0.000000 -0.196378 0.980528
vn 0.000000 -0.196378 0.980528
vn 0.000000 -0.447764 0.894152
vn -1.000000 0.000000 0.000000
vn -1.000000 0.000000 0.000000
vn -1.000000 0.000000 0.000000
vn -1.000000 0.000000 0.000000
vn -1.000000 0.000000 0.000000
vn -1.000000 0.000000 0.000001
vn -1.000000 0.000000 0.000001
vn -1.000000 0.000000 0.000000
vn -1.000000 0.000000 0.000001
vn -1.000000 0.000000 0.000000
vn -1.000000 0.000000 0.000000
vn -1.000000 0.000000 0.000001
vn -1.000000 0.000000 0.000000
vn -1.000000 0.000000 0.000000
vn -1.000000 0.000000 0.000000
vn -1.000000 0.000000 0.000000
vn -1.000000 0.000000 0.000001
vn -1.000000 0.000000 0.000001
vn -1.000000 0.000000 0.000001
vn -1.000000 0.000000 0.000001
vn 0.000000 -0.010513 0.999945
vn 0.000000 -0.006361 0.999980
vn 0.000000 -0.006361 0.999980
vn 0.000000 -0.010513 0.999945
vn 0.000000 -0.619079 0.785329
vn 0.000000 -0.448882 0.893591
vn 0.000000 -0.448882 0.893591
vn 0.000000 -0.619079 0.785329
vn 0.000000 -0.194386 0.980925
vn 0.000000 -0.010513 0.999945
vn 0.000000 -0.010513 0.999945
vn 0.000000 -0.194386 0.980925
vn 0.000000 -0.761985 0.647595
vn 0.000000 -0.619079 0.785329
vn 0.000000 -0.619079 0.785329
vn 0.000000 -0.761985 0.647595
vn 0.000000 -0.448882 0.893591
vn 0.000000 -0.194386 0.980925
vn 0.000000 -0.194386 0.980925
vn 0.000000 -0.448882 0.893591
vn -1.000000 0.000000 0.000000
vn -1.000000 0.000000 0.000000
vn -1.000000 0.000000 0.000000
vn -1.000000 0.000000 0.000000
vn -1.000000 0.000000 0.000000
vn -1.000000 0.000000 0.000000
vn -1.000000 0.000000 0.000000
vn -1.000000 0.000000 0.000000
vn -1.000000 0.000000 0.000000
vn -1.000000 0.000000 0.000000
vn -1.000000 0.000000 0.000000
vn -1.000000 0.000000 0.000000
vn -1.000000 0.000000 0.000000
vn -1.000000 0.000000 0.000000
vn -1.000000 0.000000 0.000000
vn -1.000000 0.000000 0.000000
vn -1.000000 0.000000 0.000000
vn -1.000000 0.000000 0.000000
vn -1.000000 0.000000 0.000000
vn -1.000000 0.000000 0.000000
vn 0.000000 -0.832013 0.554757
vn 0.000000 -0.832013 0.554757
vn 0.000000 -0.772185 0.635398
vn 0.000000 -0.772185 0.635398
vn -1.000000 0.000000 0.000000
vn -1.000000 0.000000 0.000000
vn -1.000000 0.000000 0.000000
vn -1.000000 0.000000 0.000000
vn 0.000000 -0.817223 0.576321
vn 0.000000 -0.817223 0.576321
vn 0.000000 -0.761985 0.647595
vn 0.000000 -0.761985 0.647595
vn -1.000000 0.000000 0.000001
vn -1.000000 0.000000 0.000001
vn -1.000000 0.000000 0.000000
vn -1.000000 0.000000 0.000000
vn -1.000000 0.000000 0.000000
vn -1.000000 0.000000 0.000000
vn -1.000000 0.000000 0.000000
vn -1.000000 0.000000 -0.000001
vn -1.000000 0.000000 -0.000001
vn -1.000000 0.000000 0.000000
vn -1.000000 0.000000 0.000000
vn -1.000000 0.000000 0.000000
vn -1.000000 0.000000 0.000001
vn -1.000000 0.000000 0.000000
vn -1.000000 0.000000 0.000000
vn -1.000000 0.000000 0.000000
vn -1.000000 0.000000 -0.000001
vn -1.000000 0.000000 0.000000
vn -1.000000 0.000000 0.000000
vn -1.000000 0.000000 -0.000001
vn -1.000000 0.000000 0.000000
vn -1.000000 0.000000 0.000000
vn -1.000000 0.000000 0.000000
vn -1.000000 0.000000 0.000001
vn -1.000000 0.000000 0.000000
vn -1.000000 0.000000 0.000000
vn -1.000000 0.000000 0.000000
vn -1.000000 0.000000 0.000000
vn 0.000000 -0.009470 0.999955
vn 0.000000 -0.013144 0.999914
vn 0.000000 -0.013144 0.999914
vn 0.000000 -0.009470 0.999955
vn 0.000000 -0.013144 0.999914
vn 0.000000 -0.192598 0.981278
vn 0.000000 -0.192598 0.981278
vn 0.000000 -0.013144 0.999914
vn 0.000000 -0.192598 0.981278
vn 0.000000 -0.449889 0.893084
vn 0.000000 -0.449889 0.893084
vn 0.000000 -0.192598 0.981278
vn 0.000000 -0.449889 0.893084
vn 0.000000 -0.619359 0.785108
vn 0.000000 -0.619358 0.785109
vn 0.000000 -0.449889 0.893084
vn 0.000000 -0.619359 0.785108
vn 0.000000 -0.756187 0.654356
vn 0.000000 -0.756187 0.654355
vn 0.000000 -0.619358 0.785109
vn 0.000000 -0.756187 0.654356
vn 0.000000 -0.809708 0.586833
vn 0.000000 -0.809708 0.586833
vn 0.000000 -0.756187 0.654355
vn -1.000000 0.000000 0.000000
vn -1.000000 0.000000 0.000000
vn -1.000000 0.000000 0.000000
vn -1.000000 0.000000 0.000000
vn -1.000000 0.000000 0.000000
vn -1.000000 0.000000 0.000000
vn -1.000000 0.000000 0.000000
vn -1.000000 0.000000 0.000000
vn -1.000000 0.000000 0.000000
vn -1.000000 0.000000 0.000000
vn -1.000000 0.000000 0.000000
vn -1.000000 0.000000 0.000000
vn -1.000000 0.000000 0.000000
vn -1.000000 0.000000 0.000000
vn -1.000000 0.000000 0.000000
vn -1.000000 0.000000 0.000000
vn -1.000000 0.000000 0.000000
vn -1.000000 0.000000 0.000000
vn -1.000000 0.000000 0.000000
vn -1.000000 0.000000 0.000000
vn -1.000000 0.000000 0.000000
vn -1.000000 0.000000 0.000000
vn -1.000000 0.000000 0.000000
vn -1.000000 0.000000 0.000000
vn 1.000000 0.000000 -0.000000
vn 1.000000 0.000000 -0.000000
vn 1.000000 0.000000 -0.000000
vn 1.000000 0.000000 -0.000000
vn 1.000000 0.000000 -0.000000
vn 1.000000 0.000000 -0.000000
vn 1.000000 0.000000 -0.000000
vn 1.000000 0.000000 -0.000000
vn 1.000000 0.000000 -0.000000
vn 1.000000 0.000000 -0.000000
vn 1.000000 0.000000 -0.000000
vn 1.000000 0.000000 -0.000000
vn 1.000000 0.000000 -0.000000
vn 1.000000 0.000000 -0.000000
vn 1.000000 0.000000 -0.000000
vn 1.000000 0.000000 -0.000000
vn 1.000000 0.000000 -0.000000
vn 1.000000 0.000000 -0.000000
vn 1.000000 0.000000 -0.000000
vn 1.000000 0.000000 -0.000000
vn 1.000000 0.000000 -0.000000
vn 1.000000 0.000000 -0.000000
vn 1.000000 0.000000 -0.000000
vn 1.000000 0.000000 -0.000000
vn -1.000000 0.000000 0.000000
vn -1.000000 0.000000 0.000000
vn -1.000000 0.000000 0.000000
vn -1.000000 0.000000 0.000000
vn 1.000000 0.000000 -0.000000
vn 1.000000 0.000000 -0.000000
vn 1.000000 0.000000 -0.000000
vn 1.000000 0.000000 -0.000000
vn 0.000000 0.000000 1.000000
vn 0.000000 0.000000 1.000000
vn 0.000000 0.000000 1.000000
vn 0.000000 -0.000002 1.000000
vn 0.000000 -0.000002 1.000000
vn 0.000000 -0.000002 1.000000
vn 0.000000 0.000000 1.000000
vn 0.000000 0.000000 1.000000
vn 0.000000 0.000000 1.000000
vn -0.000002 -0.000001 1.000000
vn -0.000002 -0.000001 1.000000
vn -0.000002 -0.000001 1.000000
vn -0.000002 -0.000001 1.000000
vn 0.000000 0.000000 1.000000
vn 0.000000 0.000000 1.000000
vn 0.000000 0.000000 0.000000
vn 0.000000 0.000000 0.000000
vn 0.000000 0.000000 1.000000
vn 0.000000 0.000000 1.000000
vn 0.000000 0.000000 1.000000
vn 0.000000 0.000000 1.000000
vn 0.000000 0.000000 1.000000
vn 0.000000 0.000000 1.000000
vn 0.000000 0.000000 1.000000
vn 0.000000 0.000000 1.000000
vn 0.000000 0.000000 1.000000
vn 0.000014 -0.000004 1.000000
vn 0.000014 -0.000004 1.000000
vn 0.000014 -0.000004 1.000000
vn 0.000014 -0.000004 1.000000
vn 0.000000 -0.000002 1.000000
vn 0.000000 -0.000002 1.000000
vn 0.000000 -0.000002 1.000000
vn 0.000000 0.000000 1.000000
vn 0.000000 0.000000 1.000000
vn 0.000000 0.000000 1.000000
vn 0.000000 0.000000 1.000000
vn 0.000000 0.000000 1.000000
vn 0.000000 0.000000 1.000000
vn 0.000000 0.000000 1.000000
vn 0.000000 0.000000 1.000000
vn 0.000000 0.000000 1.000000
vn 0.000000 0.000000 1.000000
vn 0.000000 1.000000 0.000000
vn 0.000000 1.000000 0.000000
vn 0.000000 1.000000 0.000000
vn 0.000000 1.000000 0.000000
vn 0.000000 1.000000 0.000000
vn 0.000000 1.000000 0.000000
vn 0.000000 1.000000 0.000000
vn 0.000000 1.000000 0.000000
vn -0.972750 -0.231858 0.000001
vn -1.000000 0.000000 0.000001
vn -1.000000 0.000000 0.000001
vn -0.956621 -0.291334 0.000001
vn 1.000000 0.000000 -0.000000
vn 0.972750 -0.231858 -0.000000
vn 0.956621 -0.291335 -0.000000
vn 1.000000 0.000000 -0.000000
vn 0.000000 0.000001 1.000000
vn 0.000000 0.000001 1.000000
vn 0.000000 -0.261729 0.965141
vn 0.000000 -0.104843 0.994489
vn 1.000000 0.000000 -0.000000
vn 1.000000 0.000000 -0.000000
vn 0.990827 -0.135133 -0.000546
vn 0.964257 -0.264966 -0.001070
vn -0.000002 -0.006362 0.999980
vn -0.000002 -0.006362 0.999980
vn -0.000002 -0.295976 0.955195
vn -0.000002 -0.146848 0.989159
vn 1.000000 0.000002 -0.000000
vn 1.000000 0.000002 -0.000000
vn 0.995102 -0.098850 -0.000236
vn 0.972438 -0.233162 -0.000557
vn 0.000000 -0.009468 0.999955
vn 0.000000 -0.009468 0.999955
vn 0.000000 -0.317007 0.948423
vn 0.000000 -0.317434 0.948281
vn -0.972010 -0.234941 -0.000560
vn -0.994985 -0.100027 -0.000239
vn -1.000000 0.000000 -0.000001
vn -1.000000 0.000000 -0.000001
vn 0.000000 -0.146283 0.989243
vn 0.000000 -0.296318 0.955089
vn 0.000000 -0.006361 0.999980
vn 0.000000 -0.006361 0.999980
vn -0.963807 -0.266598 -0.001078
vn -0.990649 -0.136432 -0.000552
vn -1.000000 0.000000 0.000000
vn -1.000000 0.000000 0.000000
vn 0.000000 -0.104398 0.994536
vn 0.000000 -0.261730 0.965141
vn 0.000000 0.000000 1.000000
vn 0.000000 0.000000 1.000000
vn -0.000001 1.000000 0.000000
vn -0.000001 1.000000 0.000000
vn 0.000000 1.000000 0.000000
vn 0.000000 1.000000 0.000000
vn 0.000000 -1.000000 0.000000
vn 0.000000 -1.000000 0.000000
vn 0.000000 -1.000000 0.000000
vn 0.000000 -1.000000 0.000000
vn 0.000000 1.000000 0.000000
vn 0.000000 1.000000 0.000000
vn 0.000000 1.000000 0.000000
vn 0.000000 1.000000 0.000000
vn 0.000000 -1.000000 0.000000
vn 0.000000 -1.000000 0.000000
vn 0.000000 -1.000000 0.000000
vn 0.000000 -1.000000 0.000000
vn 0.000627 -0.999999 -0.001096
vn 0.000000 -1.000000 0.000000
vn 0.000000 -1.000000 0.000000
vn 0.000679 -0.999999 -0.001188
vn 0.000000 1.000000 0.000000
vn -0.001078 0.999999 0.001169
vn -0.001162 0.999999 0.001261
vn 0.000000 1.000000 0.000000
vn 0.000665 -0.999997 -0.002349
vn 0.000627 -0.999999 -0.001096
vn 0.000679 -0.999999 -0.001188
vn 0.000558 -0.999997 -0.002366
vn -0.001078 0.999999 0.001169
vn -0.001129 0.999998 0.001913
vn -0.000926 0.999998 0.001824
vn -0.001162 0.999999 0.001261
vn -0.000869 -0.999997 -0.002076
vn 0.000665 -0.999997 -0.002349
vn 0.000558 -0.999997 -0.002366
vn -0.001184 -0.999997 -0.001940
vn -0.001129 0.999998 0.001913
vn 0.000140 0.999999 0.001416
vn 0.000206 0.999999 0.001414
vn -0.000926 0.999998 0.001824
vn -0.000198 -0.999995 -0.003223
vn -0.000869 -0.999997 -0.002076
vn -0.001184 -0.999997 -0.001940
vn -0.000108 -0.999995 -0.003293
vn 0.000140 0.999999 0.001416
vn 0.000033 0.999998 0.001881
vn 0.000016 0.999998 0.001900
vn 0.000206 0.999999 0.001414
vn 0.000198 -0.999995 -0.003223
vn -0.000198 -0.999995 -0.003223
vn -0.000108 -0.999995 -0.003293
vn 0.000110 -0.999995 -0.003294
vn 0.000033 0.999998 0.001881
vn -0.000033 0.999998 0.001881
vn -0.000016 0.999998 0.001900
vn 0.000016 0.999998 0.001900
vn -0.000033 0.999998 0.001881
vn -0.000141 0.999999 0.001416
vn -0.000206 0.999999 0.001414
vn -0.000016 0.999998 0.001900
vn 0.000867 -0.999997 -0.002077
vn 0.000198 -0.999995 -0.003223
vn 0.000110 -0.999995 -0.003294
vn 0.001181 -0.999997 -0.001941
vn -0.000141 0.999999 0.001416
vn 0.001126 0.999998 0.001914
vn 0.000923 0.999998 0.001825
vn -0.000206 0.999999 0.001414
vn -0.000665 -0.999997 -0.002349
vn 0.000867 -0.999997 -0.002077
vn 0.001181 -0.999997 -0.001941
vn -0.000558 -0.999997 -0.002366
vn 0.001126 0.999998 0.001914
vn 0.001093 0.999999 0.001187
vn 0.001176 0.999999 0.001278
vn 0.000923 0.999998 0.001825
vn -0.000635 -0.999999 -0.001111
vn -0.000665 -0.999997 -0.002349
vn -0.000558 -0.999997 -0.002366
vn -0.000687 -0.999999 -0.001202
vn 0.001093 0.999999 0.001187
vn -0.000001 1.000000 0.000000
vn -0.000001 1.000000 0.000000
vn 0.001176 0.999999 0.001278
vn 0.000000 -1.000000 0.000000
vn -0.000635 -0.999999 -0.001111
vn -0.000687 -0.999999 -0.001202
vn 0.000000 -1.000000 0.000000
vn -1.000000 0.000000 0.000001
vn -1.000000 0.000000 0.000001
vn -0.931053 -0.364885 0.000001
vn -0.962708 -0.270544 0.000001
vn 0.931052 -0.364887 0.000001
vn 1.000000 -0.000002 0.000001
vn 1.000000 -0.000002 0.000001
vn 0.962707 -0.270545 0.000001
vn 0.000000 -0.380637 0.924725
vn 0.000000 -0.163530 0.986538
vn 0.000000 0.000000 1.000000
vn 0.000000 0.000000 1.000000
vn 0.977380 -0.211490 -0.000855
vn 0.921514 -0.388341 -0.001569
vn 1.000000 -0.000003 -0.000000
vn 1.000000 -0.000003 -0.000000
vn -0.000001 -0.423744 0.905782
vn -0.000002 -0.222791 0.974866
vn -0.000002 -0.006584 0.999978
vn -0.000002 -0.006584 0.999978
vn 0.987265 -0.159082 -0.000380
vn 0.938094 -0.346381 -0.000827
vn 1.000000 -0.000003 -0.000000
vn 1.000000 -0.000003 -0.000000
vn 0.000000 -0.275832 0.961206
vn 0.000000 -0.276705 0.960955
vn 0.000000 -0.009799 0.999952
vn 0.000000 -0.009799 0.999952
vn -1.000000 0.000000 0.000000
vn -1.000000 0.000000 0.000000
vn -0.937169 -0.348874 -0.000832
vn -0.986962 -0.160950 -0.000383
vn 0.000000 -0.006583 0.999978
vn 0.000000 -0.006583 0.999978
vn 0.000000 -0.222031 0.975040
vn 0.000000 -0.424198 0.905569
vn -1.000000 0.000000 0.000001
vn -1.000000 0.000000 0.000001
vn -0.920573 -0.390568 -0.001578
vn -0.976944 -0.213493 -0.000862
vn 0.000000 0.000001 1.000000
vn 0.000000 0.000001 1.000000
vn 0.000000 -0.163528 0.986539
vn 0.000000 -0.380983 0.924582
vn -0.931053 -0.364885 0.000001
vn -0.972750 -0.231858 0.000001
vn -0.956621 -0.291334 0.000001
vn -0.962708 -0.270544 0.000001
vn 0.972750 -0.231858 -0.000000
vn 0.931052 -0.364887 0.000001
vn 0.962707 -0.270545 0.000001
vn 0.956621 -0.291335 -0.000000
vn 0.000000 -0.104843 0.994489
vn 0.000000 -0.261729 0.965141
vn 0.000000 -0.163530 0.986538
vn 0.000000 -0.380637 0.924725
vn 0.964257 -0.264966 -0.001070
vn 0.990827 -0.135133 -0.000546
vn 0.921514 -0.388341 -0.001569
vn 0.977380 -0.211490 -0.000855
vn -0.000002 -0.146848 0.989159
vn -0.000002 -0.295976 0.955195
vn -0.000002 -0.222791 0.974866
vn -0.000001 -0.423744 0.905782
vn 0.972438 -0.233162 -0.000557
vn 0.995102 -0.098850 -0.000236
vn 0.938094 -0.346381 -0.000827
vn 0.987265 -0.159082 -0.000380
vn 0.000000 -0.317434 0.948281
vn 0.000000 -0.317007 0.948423
vn 0.000000 -0.276705 0.960955
vn 0.000000 -0.275832 0.961206
vn -0.986962 -0.160950 -0.000383
vn -0.937169 -0.348874 -0.000832
vn -0.994985 -0.100027 -0.000239
vn -0.972010 -0.234941 -0.000560
vn 0.000000 -0.424198 0.905569
vn 0.000000 -0.222031 0.975040
vn 0.000000 -0.296318 0.955089
vn 0.000000 -0.146283 0.989243
vn -0.976944 -0.213493 -0.000862
vn -0.920573 -0.390568 -0.001578
vn -0.990649 -0.136432 -0.000552
vn -0.963807 -0.266598 -0.001078
vn 0.000000 -0.380983 0.924582
vn 0.000000 -0.163528 0.986539
vn 0.000000 -0.261730 0.965141
vn 0.000000 -0.104398 0.994536
vn 1.000000 0.000000 -0.000000
vn 1.000000 0.000000 -0.000000
vn 1.000000 0.000000 -0.000000
vn 1.000000 0.000000 -0.000000
vn -1.000000 0.000000 0.000000
vn -1.000000 0.000000 0.000000
vn -1.000000 0.000000 0.000000
vn -1.000000 0.000000 0.000000
s off
g column_tall3
usemtl piedra_caseta_riotutte
f 1730/2726/5565 1697/2727/5566 1695/2728/5567 1741/2729/5568
f 1699/2730/5569 1731/2731/5570 1732/2732/5571 1700/2733/5572
f 1702/2734/5573 1700/2733/5574 1732/2732/5575 1733/2735/5576
f 1704/2736/5577 1702/2734/5578 1733/2735/5579 1734/2737/5580
f 1706/2738/5581 1704/2736/5582 1734/2737/5583 1735/2739/5584
f 1708/2740/5585 1706/2738/5586 1735/2739/5587 1736/2741/5588
f 1710/2742/5589 1708/2740/5590 1736/2741/5591 1737/2743/5592
f 1737/2743/5593 1738/2744/5594 1713/2745/5595 1710/2742/5596
f 1738/2744/5597 1739/2746/5598 1715/2747/5599 1713/2745/5600
f 1739/2746/5601 1740/2748/5602 1717/2749/5603 1715/2747/5604
f 1740/2748/5605 1741/2729/5606 1695/2728/5607 1717/2749/5608
f 1694/2750/5609 1673/2751/5610 1672/2752/5611 1696/2753/5612
f 1695/2754/5613 1697/2755/5614 1683/2756/5615 1682/2757/5616
f 1698/2758/5617 1671/2759/5618 1670/2760/5619 1701/2761/5620
f 1699/2762/5621 1700/2763/5622 1685/2764/5623 1684/2765/5624
f 1686/2766/5625 1685/2764/5626 1700/2763/5627 1702/2767/5628
f 1670/2760/5629 1681/2768/5630 1703/2769/5631 1701/2761/5632
f 1687/2770/5633 1686/2766/5634 1702/2767/5635 1704/2771/5636
f 1681/2768/5637 1680/2772/5638 1705/2773/5639 1703/2769/5640
f 1688/2774/5641 1687/2770/5642 1704/2771/5643 1706/2775/5644
f 1680/2772/5645 1679/2776/5646 1707/2777/5647 1705/2773/5648
f 1689/2778/5649 1688/2774/5650 1706/2775/5651 1708/2779/5652
f 1679/2776/5653 1678/2780/5654 1709/2781/5655 1707/2777/5656
f 1690/2782/5657 1689/2778/5658 1708/2779/5659 1710/2783/5660
f 1678/2780/5661 1677/2784/5662 1711/2785/5663 1709/2781/5664
f 1677/2784/5665 1676/2786/5666 1712/2787/5667 1711/2785/5668
f 1691/2788/5669 1690/2782/5670 1710/2783/5671 1713/2789/5672
f 1676/2786/5673 1675/2790/5674 1714/2791/5675 1712/2787/5676
f 1692/2792/5677 1691/2788/5678 1713/2789/5679 1715/2793/5680
f 1675/2790/5681 1674/2794/5682 1716/2795/5683 1714/2791/5684
f 1693/2796/5685 1692/2792/5686 1715/2793/5687 1717/2797/5688
f 1674/2794/5689 1673/2751/5690 1694/2750/5691 1716/2795/5692
f 1682/2757/5693 1693/2796/5694 1717/2797/5695 1695/2754/5696
f 1694/2798/5697 1696/2799/5698 1718/2800/5699 1729/2801/5700
f 1719/2802/5701 1698/2803/5702 1701/2804/5703 1720/2805/5704
f 1721/2806/5705 1720/2805/5706 1701/2804/5707 1703/2807/5708
f 1722/2808/5709 1721/2806/5710 1703/2807/5711 1705/2809/5712
f 1723/2810/5713 1722/2808/5714 1705/2809/5715 1707/2811/5716
f 1724/2812/5717 1723/2810/5718 1707/2811/5719 1709/2813/5720
f 1725/2814/5721 1724/2812/5722 1709/2813/5723 1711/2815/5724
f 1711/2815/5725 1712/2816/5726 1726/2817/5727 1725/2814/5728
f 1712/2816/5729 1714/2818/5730 1727/2819/5731 1726/2817/5732
f 1714/2818/5733 1716/2820/5734 1728/2821/5735 1727/2819/5736
f 1716/2820/5737 1694/2798/5738 1729/2801/5739 1728/2821/5740
f 1718/2822/5741 1730/2823/5742 1741/2824/5743 1729/2825/5744
f 1731/2826/5745 1719/2827/5746 1720/2828/5747 1732/2829/5748
f 1733/2830/5749 1732/2829/5750 1720/2828/5751 1721/2831/5752
f 1734/2832/5753 1733/2830/5754 1721/2831/5755 1722/2833/5756
f 1735/2834/5757 1734/2832/5758 1722/2833/5759 1723/2835/5760
f 1736/2836/5761 1735/2834/5762 1723/2835/5763 1724/2837/5764
f 1737/2838/5765 1736/2836/5766 1724/2837/5767 1725/2839/5768
f 1725/2839/5769 1726/2840/5770 1738/2841/5771 1737/2838/5772
f 1726/2840/5773 1727/2842/5774 1739/2843/5775 1738/2841/5776
f 1727/2842/5777 1728/2844/5778 1740/2845/5779 1739/2843/5780
f 1728/2844/5781 1729/2825/5782 1741/2824/5783 1740/2845/5784
f 1802/2846/5785 1769/2847/5786 1767/2848/5787 1813/2849/5788
f 1771/2850/5789 1803/2851/5790 1804/2852/5791 1772/2853/5792
f 1774/2854/5793 1772/2853/5794 1804/2852/5795 1805/2855/5796
f 1776/2856/5797 1774/2854/5798 1805/2855/5799 1806/2857/5800
f 1778/2858/5801 1776/2856/5802 1806/2857/5803 1807/2859/5804
f 1780/2860/5805 1778/2858/5806 1807/2859/5807 1808/2861/5808
f 1782/2862/5809 1780/2860/5810 1808/2861/5811 1809/2863/5812
f 1809/2863/5813 1810/2864/5814 1785/2865/5815 1782/2862/5816
f 1810/2864/5817 1811/2866/5818 1787/2867/5819 1785/2865/5820
f 1811/2866/5821 1812/2868/5822 1789/2869/5823 1787/2867/5824
f 1812/2868/5825 1813/2849/5826 1767/2848/5827 1789/2869/5828
f 1766/2870/5829 1745/2871/5830 1744/2872/5831 1768/2873/5832
f 1767/2874/5833 1769/2875/5834 1755/2876/5835 1754/2877/5836
f 1770/2878/5837 1743/2879/5838 1742/2880/5839 1773/2881/5840
f 1771/2882/5841 1772/2883/5842 1757/2884/5843 1756/2885/5844
f 1758/2886/5845 1757/2884/5846 1772/2883/5847 1774/2887/5848
f 1742/2880/5849 1753/2888/5850 1775/2889/5851 1773/2881/5852
f 1759/2890/5853 1758/2886/5854 1774/2887/5855 1776/2891/5856
f 1753/2888/5857 1752/2892/5858 1777/2893/5859 1775/2889/5860
f 1760/2894/5861 1759/2890/5862 1776/2891/5863 1778/2895/5864
f 1752/2892/5865 1751/2896/5866 1779/2897/5867 1777/2893/5868
f 1761/2898/5869 1760/2894/5870 1778/2895/5871 1780/2899/5872
f 1751/2896/5873 1750/2900/5874 1781/2901/5875 1779/2897/5876
f 1762/2902/5877 1761/2898/5878 1780/2899/5879 1782/2903/5880
f 1750/2900/5881 1749/2904/5882 1783/2905/5883 1781/2901/5884
f 1749/2904/5885 1748/2906/5886 1784/2907/5887 1783/2905/5888
f 1763/2908/5889 1762/2902/5890 1782/2903/5891 1785/2909/5892
f 1748/2906/5893 1747/2910/5894 1786/2911/5895 1784/2907/5896
f 1764/2912/5897 1763/2908/5898 1785/2909/5899 1787/2913/5900
f 1747/2910/5901 1746/2914/5902 1788/2915/5903 1786/2911/5904
f 1765/2916/5905 1764/2912/5906 1787/2913/5907 1789/2917/5908
f 1746/2914/5909 1745/2871/5910 1766/2870/5911 1788/2915/5912
f 1754/2877/5913 1765/2916/5914 1789/2917/5915 1767/2874/5916
f 1766/2918/5917 1768/2919/5918 1790/2920/5919 1801/2921/5920
f 1791/2922/5921 1770/2923/5922 1773/2924/5923 1792/2925/5924
f 1793/2926/5925 1792/2925/5926 1773/2924/5927 1775/2927/5928
f 1794/2928/5929 1793/2926/5930 1775/2927/5931 1777/2929/5932
f 1795/2930/5933 1794/2928/5934 1777/2929/5935 1779/2931/5936
f 1796/2932/5937 1795/2930/5938 1779/2931/5939 1781/2933/5940
f 1797/2934/5941 1796/2932/5942 1781/2933/5943 1783/2935/5944
f 1783/2935/5945 1784/2936/5946 1798/2937/5947 1797/2934/5948
f 1784/2936/5949 1786/2938/5950 1799/2939/5951 1798/2937/5952
f 1786/2938/5953 1788/2940/5954 1800/2941/5955 1799/2939/5956
f 1788/2940/5957 1766/2918/5958 1801/2921/5959 1800/2941/5960
f 1790/2942/5961 1802/2943/5962 1813/2944/5963 1801/2945/5964
f 1803/2946/5965 1791/2947/5966 1792/2948/5967 1804/2949/5968
f 1805/2950/5969 1804/2949/5970 1792/2948/5971 1793/2951/5972
f 1806/2952/5973 1805/2950/5974 1793/2951/5975 1794/2953/5976
f 1807/2954/5977 1806/2952/5978 1794/2953/5979 1795/2955/5980
f 1808/2956/5981 1807/2954/5982 1795/2955/5983 1796/2957/5984
f 1809/2958/5985 1808/2956/5986 1796/2957/5987 1797/2959/5988
f 1797/2959/5989 1798/2960/5990 1810/2961/5991 1809/2958/5992
f 1798/2960/5993 1799/2962/5994 1811/2963/5995 1810/2961/5996
f 1799/2962/5997 1800/2964/5998 1812/2965/5999 1811/2963/6000
f 1800/2964/6001 1801/2945/6002 1813/2944/6003 1812/2965/6004
f 1818/2966/6005 1847/2967/6006 1858/2968/6007 1856/2969/6008
f 1817/2970/6009 1819/2971/6010 1854/2972/6011 1855/2973/6012
f 1821/2974/6013 1818/2966/6014 1856/2969/6015 1857/2975/6016
f 1820/2976/6017 1817/2970/6018 1855/2973/6019 1852/2977/6020
f 1819/2971/6021 1821/2974/6022 1857/2975/6023 1854/2972/6024
f 1818/2966/6025 1822/2978/6026 1848/2979/6027 1847/2967/6028
f 1817/2970/6029 1825/2980/6030 1824/2981/6031 1819/2971/6032
f 1821/2974/6033 1826/2982/6034 1822/2978/6035 1818/2966/6036
f 1820/2976/6037 1823/2983/6038 1825/2980/6039 1817/2970/6040
f 1819/2971/6041 1824/2981/6042 1826/2982/6043 1821/2974/6044
f 1822/2978/6045 1827/2984/6046 1849/2985/6047 1848/2979/6048
f 1825/2980/6049 1830/2986/6050 1829/2987/6051 1824/2981/6052
f 1826/2982/6053 1831/2988/6054 1827/2984/6055 1822/2978/6056
f 1823/2983/6057 1828/2989/6058 1830/2986/6059 1825/2980/6060
f 1824/2981/6061 1829/2987/6062 1831/2988/6063 1826/2982/6064
f 1827/2984/6065 1832/2990/6066 1850/2991/6067 1849/2985/6068
f 1830/2986/6069 1835/2992/6070 1834/2993/6071 1829/2987/6072
f 1831/2988/6073 1836/2994/6074 1832/2990/6075 1827/2984/6076
f 1828/2989/6077 1833/2995/6078 1835/2992/6079 1830/2986/6080
f 1829/2987/6081 1834/2993/6082 1836/2994/6083 1831/2988/6084
f 1832/2990/6085 1837/2996/6086 1851/2997/6087 1850/2991/6088
f 1835/2992/6089 1840/2998/6090 1839/2999/6091 1834/2993/6092
f 1836/2994/6093 1841/3000/6094 1837/2996/6095 1832/2990/6096
f 1833/2995/6097 1838/3001/6098 1840/2998/6099 1835/2992/6100
f 1834/2993/6101 1839/2999/6102 1841/3000/6103 1836/2994/6104
f 1853/3002/6105 1842/3003/6106 1820/2976/6107 1852/2977/6108
f 1843/3004/6109 1823/2983/6110 1820/2976/6111 1842/3003/6112
f 1844/3005/6113 1828/2989/6114 1823/2983/6115 1843/3004/6116
f 1845/3006/6117 1833/2995/6118 1828/2989/6119 1844/3005/6120
f 1846/3007/6121 1838/3001/6122 1833/2995/6123 1845/3006/6124
f 1860/3008/6125 1889/3009/6126 1890/3010/6127 1864/3011/6128
f 1859/3012/6129 1861/3013/6130 1866/3014/6131 1867/3015/6132
f 1863/3016/6133 1860/3008/6134 1864/3011/6135 1868/3017/6136
f 1862/3018/6137 1859/3012/6138 1867/3015/6139 1865/3019/6140
f 1861/3013/6141 1863/3016/6142 1868/3017/6143 1866/3014/6144
f 1864/3011/6145 1890/3010/6146 1891/3020/6147 1869/3021/6148
f 1867/3015/6149 1866/3014/6150 1871/3022/6151 1872/3023/6152
f 1868/3017/6153 1864/3011/6154 1869/3021/6155 1873/3024/6156
f 1865/3019/6157 1867/3015/6158 1872/3023/6159 1870/3025/6160
f 1866/3014/6161 1868/3017/6162 1873/3024/6163 1871/3022/6164
f 1869/3021/6165 1891/3020/6166 1892/3026/6167 1874/3027/6168
f 1872/3023/6169 1871/3022/6170 1876/3028/6171 1877/3029/6172
f 1873/3024/6173 1869/3021/6174 1874/3027/6175 1878/3030/6176
f 1870/3025/6177 1872/3023/6178 1877/3029/6179 1875/3031/6180
f 1871/3022/6181 1873/3024/6182 1878/3030/6183 1876/3028/6184
f 1874/3027/6185 1892/3026/6186 1893/3032/6187 1879/3033/6188
f 1877/3029/6189 1876/3028/6190 1881/3034/6191 1882/3035/6192
f 1878/3030/6193 1874/3027/6194 1879/3033/6195 1883/3036/6196
f 1875/3031/6197 1877/3029/6198 1882/3035/6199 1880/3037/6200
f 1876/3028/6201 1878/3030/6202 1883/3036/6203 1881/3034/6204
f 1885/3038/6205 1884/3039/6206 1862/3018/6207 1865/3019/6208
f 1886/3040/6209 1885/3038/6210 1865/3019/6211 1870/3025/6212
f 1887/3041/6213 1886/3040/6214 1870/3025/6215 1875/3031/6216
f 1888/3042/6217 1887/3041/6218 1875/3031/6219 1880/3037/6220
f 1884/3039/6221 1895/3043/6222 1894/3044/6223 1862/3018/6224
f 1859/3012/6225 1897/3045/6226 1896/3046/6227 1861/3013/6228
f 1863/3016/6229 1899/3047/6230 1898/3048/6231 1860/3008/6232
f 1862/3018/6233 1894/3044/6234 1897/3045/6235 1859/3012/6236
f 1861/3013/6237 1896/3046/6238 1899/3047/6239 1863/3016/6240
f 1860/3008/6241 1898/3048/6242 1900/3049/6243 1889/3009/6244
f 1851/2997/6245 1837/2996/6246 1879/3033/6247 1893/3032/6248
f 1837/2996/6249 1841/3000/6250 1883/3036/6251 1879/3033/6252
f 1841/3000/6253 1839/2999/6254 1881/3034/6255 1883/3036/6256
f 1839/2999/6257 1840/2998/6258 1882/3035/6259 1881/3034/6260
f 1840/2998/6261 1838/3001/6262 1880/3037/6263 1882/3035/6264
f 1838/3001/6265 1846/3007/6266 1888/3042/6267 1880/3037/6268
s 1
f 1900/3050/6269 1898/3051/6270 1997/3231/6271 1998/3232/6272
s 2
f 1898/3051/6273 1899/3054/6274 1996/3230/6275 1997/3231/6276
s off
f 1899/3054/6277 1896/3056/6278 1995/3229/6279 1996/3230/6280
f 1896/3056/6281 1897/3057/6282 1994/3228/6283 1995/3229/6284
f 1897/3057/6285 1894/3058/6286 1993/3227/6287 1994/3228/6288
f 1894/3058/6289 1895/3059/6290 1992/3226/6291 1993/3227/6292
s 3
f 1982/3214/6293 1983/3215/6294 1856/3062/6295 1858/3063/6296
s 4
f 1983/3215/6297 1984/3216/6298 1857/3065/6299 1856/3062/6300
s off
f 1984/3216/6301 1985/3217/6302 1854/3066/6303 1857/3065/6304
f 1985/3217/6305 1986/3218/6306 1855/3067/6307 1854/3066/6308
f 1986/3218/6309 1987/3219/6310 1852/3068/6311 1855/3067/6312
f 1987/3219/6313 1988/3220/6314 1853/3069/6315 1852/3068/6316
f 1991/3224/6317 1992/3226/6318 1895/3059/6319 1904/3070/6320
f 1853/3069/6321 1988/3220/6322 1989/3221/6323 1905/3071/6324
f 1842/3072/6325 1853/3073/6326 1906/3074/6327
f 1843/3075/6328 1842/3072/6329 1906/3074/6330
f 1844/3076/6331 1843/3075/6332 1906/3074/6333
f 1845/3077/6334 1844/3076/6335 1906/3074/6336 1907/3078/6337
f 1846/3079/6338 1845/3077/6339 1907/3078/6340 1908/3080/6341
f 1884/3081/6342 1885/3082/6343 1906/3083/6344
f 1885/3082/6345 1886/3084/6346 1906/3083/6347
f 1886/3084/6348 1887/3085/6349 1906/3083/6350
f 1887/3085/6351 1888/3086/6352 1909/3087/6353 1906/3083/6354
f 1895/3088/6355 1884/3081/6356 1906/3083/6357
f 1888/3086/6358 1846/3079/6359 1908/3080/6360 1909/3087/6361
f 1904/3089/6362 1895/3088/6363 1906/3083/6364
f 1853/3073/6365 1905/3090/6366 1906/3074/6367
f 1906/3091/6368 1905/3092/6369 1989/3222/6370 1990/3223/6371
f 1904/3093/6372 1906/3091/6373 1990/3223/6374 1991/3225/6375
f 1970/3094/6376 1937/3095/6377 1935/3096/6378 1981/3097/6379
f 1939/3098/6380 1971/3099/6381 1972/3100/6382 1940/3101/6383
f 1942/3102/6384 1940/3101/6385 1972/3100/6386 1973/3103/6387
f 1944/3104/6388 1942/3102/6389 1973/3103/6390 1974/3105/6391
f 1946/3106/6392 1944/3104/6393 1974/3105/6394 1975/3107/6395
f 1948/3108/6396 1946/3106/6397 1975/3107/6398 1976/3109/6399
f 1950/3110/6400 1948/3108/6401 1976/3109/6402 1977/3111/6403
f 1977/3111/6404 1978/3112/6405 1953/3113/6406 1950/3110/6407
f 1978/3112/6408 1979/3114/6409 1955/3115/6410 1953/3113/6411
f 1979/3114/6412 1980/3116/6413 1957/3117/6414 1955/3115/6415
f 1980/3116/6416 1981/3097/6417 1935/3096/6418 1957/3117/6419
f 1934/3118/6420 1913/3119/6421 1912/3120/6422 1936/3121/6423
f 1935/3122/6424 1937/3123/6425 1923/3124/6426 1922/3125/6427
f 1938/3126/6428 1911/3127/6429 1910/3128/6430 1941/3129/6431
f 1939/3130/6432 1940/3131/6433 1925/3132/6434 1924/3133/6435
f 1926/3134/6436 1925/3132/6437 1940/3131/6438 1942/3135/6439
f 1910/3128/6440 1921/3136/6441 1943/3137/6442 1941/3129/6443
f 1927/3138/6444 1926/3134/6445 1942/3135/6446 1944/3139/6447
f 1921/3136/6448 1920/3140/6449 1945/3141/6450 1943/3137/6451
f 1928/3142/6452 1927/3138/6453 1944/3139/6454 1946/3143/6455
f 1920/3140/6456 1919/3144/6457 1947/3145/6458 1945/3141/6459
f 1929/3146/6460 1928/3142/6461 1946/3143/6462 1948/3147/6463
f 1919/3144/6464 1918/3148/6465 1949/3149/6466 1947/3145/6467
f 1930/3150/6468 1929/3146/6469 1948/3147/6470 1950/3151/6471
f 1918/3148/6472 1917/3152/6473 1951/3153/6474 1949/3149/6475
f 1917/3152/6476 1916/3154/6477 1952/3155/6478 1951/3153/6479
f 1931/3156/6480 1930/3150/6481 1950/3151/6482 1953/3157/6483
f 1916/3154/6484 1915/3158/6485 1954/3159/6486 1952/3155/6487
f 1932/3160/6488 1931/3156/6489 1953/3157/6490 1955/3161/6491
f 1915/3158/6492 1914/3162/6493 1956/3163/6494 1954/3159/6495
f 1933/3164/6496 1932/3160/6497 1955/3161/6498 1957/3165/6499
f 1914/3162/6500 1913/3119/6501 1934/3118/6502 1956/3163/6503
f 1922/3125/6504 1933/3164/6505 1957/3165/6506 1935/3122/6507
f 1934/3166/6508 1936/3167/6509 1958/3168/6510 1969/3169/6511
f 1959/3170/6512 1938/3171/6513 1941/3172/6514 1960/3173/6515
f 1961/3174/6516 1960/3173/6517 1941/3172/6518 1943/3175/6519
f 1962/3176/6520 1961/3174/6521 1943/3175/6522 1945/3177/6523
f 1963/3178/6524 1962/3176/6525 1945/3177/6526 1947/3179/6527
f 1964/3180/6528 1963/3178/6529 1947/3179/6530 1949/3181/6531
f 1965/3182/6532 1964/3180/6533 1949/3181/6534 1951/3183/6535
f 1951/3183/6536 1952/3184/6537 1966/3185/6538 1965/3182/6539
f 1952/3184/6540 1954/3186/6541 1967/3187/6542 1966/3185/6543
f 1954/3186/6544 1956/3188/6545 1968/3189/6546 1967/3187/6547
f 1956/3188/6548 1934/3166/6549 1969/3169/6550 1968/3189/6551
f 1958/3190/6552 1970/3191/6553 1981/3192/6554 1969/3193/6555
f 1971/3194/6556 1959/3195/6557 1960/3196/6558 1972/3197/6559
f 1973/3198/6560 1972/3197/6561 1960/3196/6562 1961/3199/6563
f 1974/3200/6564 1973/3198/6565 1961/3199/6566 1962/3201/6567
f 1975/3202/6568 1974/3200/6569 1962/3201/6570 1963/3203/6571
f 1976/3204/6572 1975/3202/6573 1963/3203/6574 1964/3205/6575
f 1977/3206/6576 1976/3204/6577 1964/3205/6578 1965/3207/6579
f 1965/3207/6580 1966/3208/6581 1978/3209/6582 1977/3206/6583
f 1966/3208/6584 1967/3210/6585 1979/3211/6586 1978/3209/6587
f 1967/3210/6588 1968/3212/6589 1980/3213/6590 1979/3211/6591
f 1968/3212/6592 1969/3193/6593 1981/3192/6594 1980/3213/6595
s 3
f 1816/3060/6596 1814/3061/6597 1983/3215/6294 1982/3214/6293
s 4
f 1814/3061/6598 1815/3064/6599 1984/3216/6298 1983/3215/6297
s 2
f 1997/3231/6276 1996/3230/6275 1902/3055/6600 1901/3052/6601
s 1
f 1998/3232/6272 1997/3231/6271 1901/3052/6602 1903/3053/6603
g default
v -1.524085 -0.012800 8.305389
v -1.524085 -0.012800 7.517899
v -1.178285 -0.012800 8.305389
v -1.178285 -0.012800 7.517899
v -1.178285 1.474840 8.305389
v -1.178285 2.660235 7.517899
v -1.524085 1.474840 8.305389
v -1.524085 2.660235 7.517899
v -1.524085 -0.012800 8.058790
v -1.178285 -0.012800 8.058790
v -1.178285 1.796726 8.058790
v -1.524085 1.796726 8.058790
v -1.524085 -0.012800 7.863976
v -1.178285 -0.012800 7.863976
v -1.178285 2.335534 7.863976
v -1.524085 2.335534 7.863976
v -1.178285 3.059135 7.967680
v -1.524085 3.059135 7.967680
v -1.178285 3.678089 7.517899
v -1.524085 3.678089 7.517899
v -1.178285 2.777020 7.863976
v -1.524085 2.777020 7.863976
v -1.524085 3.101721 7.517899
v -1.178285 3.101721 7.517899
vt 0.274995 0.336864
vt 0.309456 0.149099
vt 0.457277 0.151853
vt 0.457359 0.175612
vt 0.397034 0.245683
vt 0.411535 0.226862
vt 0.397306 0.146877
vt 0.411755 0.146917
vt 0.320871 0.149099
vt 0.320871 0.279476
vt 0.437097 0.175682
vt 0.385891 0.146846
vt 0.341149 0.149099
vt 0.341149 0.298501
vt 0.391492 0.319637
vt 0.437015 0.151923
vt 0.341149 0.358141
vt 0.431454 0.269130
vt 0.365202 0.296192
vt 0.365613 0.146790
vt 0.320871 0.305344
vt 0.385461 0.303090
vt 0.341149 0.324370
vt 0.365131 0.322060
vt 0.457475 0.209182
vt 0.451716 0.269234
vt 0.437213 0.209253
vt 0.457564 0.235051
vt 0.451486 0.314064
vt 0.314795 0.321875
vt 0.365038 0.355831
vt 0.431224 0.313960
vt 0.385532 0.277222
vt 0.437303 0.235121
vt 0.457625 0.252662
vt 0.309456 0.247905
vt 0.437364 0.252732
vt 0.275005 0.256919
vt 0.295267 0.256922
vt 0.295007 0.229045
vt 0.295257 0.336867
vt 0.295007 0.149099
vn 1.000000 0.000000 0.000000
vn 1.000000 0.000000 0.000000
vn 1.000000 0.000000 0.000000
vn 1.000000 0.000000 0.000000
vn -0.000000 0.608153 0.793820
vn -0.000000 0.456342 0.889804
vn -0.000000 0.456342 0.889804
vn -0.000000 0.608153 0.793820
vn -1.000000 -0.000000 0.000000
vn -1.000000 -0.000000 0.000000
vn -1.000000 -0.000000 0.000000
vn -1.000000 -0.000000 0.000000
vn 0.000000 0.000000 1.000000
vn 0.000000 0.000000 1.000000
vn 0.000000 0.000000 1.000000
vn 0.000000 0.000000 1.000000
vn 1.000000 0.000000 0.000000
vn 1.000000 0.000000 0.000000
vn -0.000000 0.340021 0.940418
vn -0.000000 0.340021 0.940418
vn -1.000000 -0.000000 0.000000
vn -1.000000 -0.000000 0.000000
vn 1.000000 0.000000 0.000000
vn 1.000000 0.000000 0.000000
vn -0.000000 0.587858 0.808964
vn -0.000000 0.587858 0.808964
vn -0.000000 0.587858 0.808964
vn -0.000000 0.587858 0.808964
vn -1.000000 -0.000000 0.000000
vn -1.000000 -0.000000 0.000000
vn 0.000000 0.000000 1.000000
vn 0.000000 0.000000 1.000000
vn 0.000000 -0.141867 0.989886
vn 0.000000 -0.141867 0.989886
vn 1.000000 0.000000 0.000000
vn 1.000000 0.000000 0.000000
vn 1.000000 -0.000000 0.000000
vn 1.000000 -0.000000 0.000000
vn -1.000000 -0.000000 0.000000
vn -1.000000 -0.000000 0.000000
vn -1.000000 -0.000000 0.000000
vn -1.000000 -0.000000 0.000000
vn 0.000000 -0.345023 0.938594
vn 0.000000 -0.345023 0.938594
vn -1.000000 -0.000000 0.000000
vn -1.000000 -0.000000 0.000000
vn 1.000000 -0.000000 0.000000
vn 1.000000 -0.000000 0.000000
s 1
g pCube2
usemtl piedra_caseta_riotutte
f 2001/3274/6604 2008/3234/6605 2009/3268/6606 2003/3272/6607
s 2
f 2003/3235/6608 2009/3236/6609 2010/3243/6610 2005/3248/6611
s 3
f 2005/3238/6612 2010/3237/6613 2007/3239/6614 1999/3240/6615
s off
f 2005/3233/6616 1999/3270/6617 2001/3271/6618 2003/3273/6619
s 1
f 2009/3268/6606 2008/3234/6605 2012/3241/6620 2013/3242/6621
s 2
f 2010/3243/6610 2009/3236/6609 2013/3257/6622 2014/3259/6623
s 3
f 2007/3239/6614 2010/3237/6613 2014/3265/6624 2011/3244/6625
s 1
f 2013/3242/6621 2012/3241/6620 2002/3245/6626 2004/3246/6627
s off
f 2016/3250/6628 2015/3258/6629 2017/3261/6630 2018/3264/6631
s 3
f 2011/3244/6625 2014/3265/6624 2006/3251/6632 2000/3252/6633
s 4
f 2014/3259/6634 2013/3257/6635 2019/3260/6636 2020/3266/6637
s 5
f 2013/3242/6638 2004/3246/6639 2022/3255/6640 2019/3253/6641
s 6
f 2006/3251/6642 2014/3265/6643 2020/3254/6644 2021/3256/6645
s 4
f 2020/3266/6637 2019/3260/6636 2015/3267/6646 2016/3269/6647
s 6
f 2021/3256/6645 2020/3254/6644 2016/3247/6648 2018/3263/6649
s 5
f 2019/3253/6641 2022/3255/6640 2017/3249/6650 2015/3262/6651
g default
v -1.813513 4.584341 7.636225
v -1.658415 4.584341 7.636225
v -1.813513 4.659080 7.684049
v -1.658415 4.659080 7.684049
v -1.813513 5.196345 6.620958
v -1.658415 5.180608 6.652097
v -1.813513 5.127818 6.560843
v -1.658415 5.112081 6.591982
vt 0.922213 0.109621
vt 0.924012 0.020524
vt 0.936175 0.022331
vt 0.934397 0.110379
vt 0.926783 0.218547
vt 0.914621 0.220354
vt 0.912768 0.128601
vt 0.924952 0.127843
vt 0.817139 0.020527
vt 0.833050 0.020527
vt 0.833050 0.139136
vt 0.817139 0.142715
vt 0.799429 0.020525
vt 0.815340 0.024104
vt 0.815340 0.144125
vt 0.799429 0.144125
vt 0.736857 0.225067
vt 0.748706 0.225067
vt 0.748706 0.237289
vt 0.736857 0.237289
vt 0.813597 0.221281
vt 0.825757 0.221337
vt 0.825757 0.233859
vt 0.813597 0.233804
vn 0.000000 -0.538982 0.842317
vn 0.000000 -0.538982 0.842317
vn 0.000000 -0.538982 0.842317
vn 0.000000 -0.538982 0.842317
vn -0.000001 0.892498 0.451051
vn -0.000001 0.892498 0.451051
vn -0.000001 0.892498 0.451051
vn -0.000001 0.892498 0.451051
vn 1.000000 0.000000 0.000000
vn 1.000000 0.000000 0.000000
vn 1.000000 0.000000 0.000000
vn 1.000000 0.000000 0.000000
vn -0.000001 -0.892498 -0.451051
vn -0.000001 -0.892498 -0.451051
vn -0.000001 -0.892498 -0.451051
vn -0.000001 -0.892498 -0.451051
vn -1.000000 -0.000000 -0.000000
vn -1.000000 -0.000000 -0.000000
vn -1.000000 -0.000000 -0.000000
vn -1.000000 -0.000000 -0.000000
vn 0.212848 0.644347 -0.734516
vn 0.212848 0.644347 -0.734516
vn 0.212848 0.644347 -0.734516
vn 0.212848 0.644346 -0.734516
s off
g pCube9
usemtl vigas_caseta_riotutte
f 2023/3291/6652 2024/3292/6653 2026/3293/6654 2025/3294/6655
f 2025/3283/6656 2026/3284/6657 2028/3285/6658 2027/3286/6659
f 2024/3275/6660 2030/3276/6661 2028/3277/6662 2026/3278/6663
f 2029/3287/6664 2030/3288/6665 2024/3289/6666 2023/3290/6667
f 2027/3279/6668 2029/3280/6669 2023/3281/6670 2025/3282/6671
f 2027/3295/6672 2028/3296/6673 2030/3297/6674 2029/3298/6675
g default
v -1.240917 2.587839 7.565396
v -1.240917 2.587839 7.439407
v -1.258403 2.587839 7.439407
v -1.258403 2.587839 7.415690
v -1.275435 2.587839 7.415690
v -1.275435 2.587839 7.396109
v -1.424959 2.587839 7.396109
v -1.424959 2.587839 7.415690
v -1.441990 2.587839 7.415690
v -1.441990 2.587839 7.439407
v -1.459476 2.587839 7.439407
v -1.459476 2.587839 7.565396
v -1.484185 2.532622 7.565396
v -1.484185 2.532622 7.410921
v -1.462746 2.532622 7.410921
v -1.462746 2.532622 7.382136
v -1.441863 2.532622 7.382136
v -1.441863 2.532622 7.358271
v -1.258531 2.532622 7.358271
v -1.258531 2.532622 7.382136
v -1.237649 2.532622 7.382136
v -1.237649 2.532622 7.410921
v -1.216210 2.532622 7.410921
v -1.216210 2.532622 7.565396
v -1.536858 2.587839 7.565396
v -1.527855 2.532622 7.565396
v -1.527855 2.532622 7.358539
v -1.536858 2.587839 7.351373
v -1.504012 2.532622 7.358539
v -1.511811 2.587839 7.351373
v -1.504012 2.532480 7.324159
v -1.511811 2.587695 7.315439
v -1.479070 2.532480 7.324159
v -1.485609 2.587695 7.315439
v -1.479070 2.532410 7.295656
v -1.485609 2.587626 7.285770
v -1.221324 2.532410 7.295656
v -1.214843 2.587626 7.285769
v -1.214843 2.587695 7.315439
v -1.221324 2.532480 7.324159
v -1.188642 2.587695 7.315439
v -1.196382 2.532480 7.324159
v -1.188642 2.587839 7.351373
v -1.196382 2.532622 7.358539
v -1.162381 2.587839 7.351373
v -1.171383 2.532622 7.358539
v -1.162380 2.587839 7.565396
v -1.171383 2.532622 7.565396
v -1.536858 2.570947 7.565396
v -1.536858 2.570947 7.351373
v -1.511811 2.570947 7.351373
v -1.511811 2.570804 7.315550
v -1.485609 2.570804 7.315550
v -1.485609 2.570735 7.285935
v -1.214843 2.570735 7.285935
v -1.214843 2.570804 7.315550
v -1.188642 2.570804 7.315550
v -1.188642 2.570947 7.351373
v -1.162381 2.570947 7.351373
v -1.162381 2.570947 7.565396
v -1.527855 2.565154 7.565396
v -1.527855 2.565154 7.358539
v -1.504012 2.565154 7.358539
v -1.504012 2.565012 7.323953
v -1.479070 2.565012 7.323953
v -1.479070 2.564941 7.295348
v -1.221324 2.564942 7.295348
v -1.221324 2.565012 7.323953
v -1.196382 2.565012 7.323953
v -1.196382 2.565154 7.358539
v -1.171383 2.565154 7.358539
v -1.171383 2.565154 7.565396
v -1.240917 2.696014 7.565396
v -1.240917 2.696014 7.439407
v -1.258403 2.696014 7.439407
v -1.258403 2.696014 7.415690
v -1.275435 2.696014 7.415690
v -1.275435 2.696014 7.396109
v -1.424959 2.696013 7.396109
v -1.424959 2.696014 7.415690
v -1.441990 2.696014 7.415690
v -1.441990 2.696014 7.439407
v -1.459476 2.696014 7.439407
v -1.459476 2.696014 7.565396
v -1.484185 2.640798 7.565396
v -1.484185 2.640798 7.410921
v -1.462746 2.640798 7.410921
v -1.462746 2.640798 7.382136
v -1.441863 2.640798 7.382136
v -1.441863 2.640798 7.358271
v -1.258531 2.640798 7.358271
v -1.258531 2.640798 7.382136
v -1.237649 2.640798 7.382136
v -1.237649 2.640798 7.410921
v -1.216210 2.640798 7.410921
v -1.216210 2.640798 7.565396
v -1.536858 2.696014 7.565396
v -1.527855 2.640798 7.565396
v -1.527855 2.640798 7.358539
v -1.536858 2.696014 7.351373
v -1.504012 2.640798 7.358539
v -1.511811 2.696014 7.351373
v -1.504012 2.640655 7.324159
v -1.511811 2.695871 7.315439
v -1.479070 2.640655 7.324159
v -1.485609 2.695871 7.315439
v -1.479070 2.640586 7.295656
v -1.485609 2.695802 7.285770
v -1.221324 2.640586 7.295656
v -1.214843 2.695802 7.285769
v -1.214843 2.695871 7.315439
v -1.221324 2.640655 7.324159
v -1.188642 2.695871 7.315439
v -1.196382 2.640655 7.324159
v -1.188642 2.696014 7.351373
v -1.196382 2.640798 7.358539
v -1.162381 2.696014 7.351373
v -1.171383 2.640798 7.358539
v -1.162380 2.696014 7.565396
v -1.171383 2.640798 7.565396
v -1.536858 2.679123 7.565396
v -1.536858 2.679123 7.351373
v -1.511811 2.679123 7.351373
v -1.511811 2.678980 7.315550
v -1.485609 2.678980 7.315550
v -1.485609 2.678911 7.285935
v -1.214843 2.678911 7.285935
v -1.214843 2.678980 7.315550
v -1.188642 2.678980 7.315550
v -1.188642 2.679123 7.351373
v -1.162381 2.679123 7.351373
v -1.162381 2.679123 7.565396
v -1.527855 2.673330 7.565396
v -1.527855 2.673330 7.358539
v -1.504012 2.673330 7.358539
v -1.504012 2.673186 7.323953
v -1.479070 2.673186 7.323953
v -1.479070 2.673118 7.295348
v -1.221324 2.673118 7.295348
v -1.221324 2.673186 7.323953
v -1.196382 2.673186 7.323953
v -1.196382 2.673330 7.358539
v -1.171383 2.673330 7.358539
v -1.171383 2.673330 7.565396
v -1.190162 3.357485 7.153293
v -1.190162 2.714142 7.380891
v -1.190162 3.128519 7.297901
v -1.190162 3.540381 6.973334
v -1.190162 2.931882 7.366423
v -1.215770 2.714142 7.380891
v -1.215770 3.540381 6.973334
v -1.215770 3.128519 7.297901
v -1.215770 3.357485 7.153293
v -1.215770 2.931882 7.366423
v -1.215770 2.712985 7.345999
v -1.215770 3.513601 6.951196
v -1.215770 3.113445 7.266641
v -1.215770 3.335909 7.126077
v -1.215770 2.924976 7.332503
v -1.240711 2.712985 7.345999
v -1.240711 3.513601 6.951196
v -1.240711 3.113445 7.266641
v -1.240711 3.335909 7.126077
v -1.240711 2.924976 7.332503
v -1.240711 2.711978 7.317244
v -1.240711 3.491745 6.932644
v -1.240711 3.101009 7.240888
v -1.240711 3.318126 7.103653
v -1.240711 2.919313 7.304554
v -1.190162 3.689106 6.750283
v -1.215770 3.689106 6.750283
v -1.215770 3.655289 6.750283
v -1.240711 3.655289 6.750283
v -1.240711 3.623910 6.750283
v -1.190162 -0.012801 7.380891
v -1.215770 -0.012801 7.380891
v -1.215770 -0.012801 7.345999
v -1.240711 -0.012801 7.345999
v -1.240711 -0.012801 7.317244
v -1.190162 3.597318 7.020270
v -1.190162 3.777855 6.750283
v -1.190162 3.160517 7.364300
v -1.190162 3.403306 7.211103
v -1.190162 2.716645 7.455039
v -1.190162 2.946579 7.438467
v -1.190162 -0.012801 7.455039
v -1.190162 2.716645 7.675753
v -1.190162 2.946579 7.692325
v -1.190162 -0.012801 7.675753
v -1.510231 2.716645 7.675753
v -1.510231 2.946579 7.692325
v -1.510231 -0.012801 7.675753
v -1.510231 3.357485 7.153293
v -1.510231 2.714142 7.380891
v -1.510231 3.128519 7.297901
v -1.510231 3.540381 6.973334
v -1.510231 2.931882 7.366423
v -1.484625 2.714142 7.380891
v -1.484625 3.540381 6.973334
v -1.484625 3.128519 7.297901
v -1.484625 3.357485 7.153293
v -1.484625 2.931882 7.366423
v -1.484625 2.712985 7.345999
v -1.484625 3.513601 6.951196
v -1.484625 3.113445 7.266641
v -1.484625 3.335909 7.126077
v -1.484625 2.924976 7.332503
v -1.459682 2.712985 7.345999
v -1.459683 3.513601 6.951196
v -1.459683 3.113445 7.266641
v -1.459683 3.335909 7.126077
v -1.459682 2.924976 7.332503
v -1.459682 2.711978 7.317244
v -1.459683 3.491745 6.932644
v -1.459683 3.101009 7.240888
v -1.459683 3.318126 7.103653
v -1.459682 2.919313 7.304554
v -1.510231 3.689106 6.750283
v -1.484625 3.689106 6.750283
v -1.484625 3.655289 6.750283
v -1.459683 3.655289 6.750283
v -1.459682 3.623910 6.750283
v -1.510231 -0.012801 7.380891
v -1.484625 -0.012801 7.380891
v -1.484625 -0.012801 7.345999
v -1.459682 -0.012801 7.345999
v -1.459682 -0.012801 7.317244
v -1.510231 3.597318 7.020270
v -1.510231 3.777855 6.750283
v -1.510231 3.160517 7.364300
v -1.510231 3.403306 7.211103
v -1.510231 2.716645 7.455039
v -1.510231 2.946579 7.438467
v -1.510231 -0.012801 7.455039
v -1.510231 4.608101 6.750283
v -1.190162 4.608101 6.750283
v -1.350197 4.608101 6.750283
v -1.350197 4.608101 6.750283
v -1.350197 4.608101 6.750283
v -1.240917 2.642421 7.565396
v -1.240917 2.642421 7.439407
v -1.258403 2.642421 7.439407
v -1.258403 2.642421 7.415690
v -1.275435 2.642421 7.415690
v -1.275435 2.642421 7.396109
v -1.424959 2.642421 7.396109
v -1.424959 2.642421 7.415690
v -1.441990 2.642421 7.415690
v -1.441990 2.642421 7.439407
v -1.459476 2.642421 7.439407
v -1.459476 2.642421 7.565396
v -1.484185 2.587205 7.565396
v -1.484185 2.587205 7.410921
v -1.462746 2.587205 7.410921
v -1.462746 2.587205 7.382136
v -1.441863 2.587205 7.382136
v -1.441863 2.587205 7.358271
v -1.258531 2.587205 7.358271
v -1.258531 2.587205 7.382136
v -1.237649 2.587205 7.382136
v -1.237649 2.587205 7.410921
v -1.216210 2.587205 7.410921
v -1.216210 2.587205 7.565396
v -1.536858 2.642421 7.565396
v -1.527855 2.587205 7.565396
v -1.527855 2.587205 7.358539
v -1.536858 2.642421 7.351373
v -1.504012 2.587205 7.358539
v -1.511811 2.642421 7.351373
v -1.504012 2.587062 7.324159
v -1.511811 2.642277 7.315439
v -1.479070 2.587062 7.324159
v -1.485609 2.642277 7.315439
v -1.479070 2.586993 7.295656
v -1.485609 2.642210 7.285770
v -1.221324 2.586993 7.295656
v -1.214843 2.642210 7.285769
v -1.214843 2.642277 7.315439
v -1.221324 2.587062 7.324159
v -1.188642 2.642277 7.315439
v -1.196382 2.587062 7.324159
v -1.188642 2.642421 7.351373
v -1.196382 2.587205 7.358539
v -1.162381 2.642421 7.351373
v -1.171383 2.587205 7.358539
v -1.162380 2.642421 7.565396
v -1.171383 2.587205 7.565396
v -1.536858 2.625530 7.565396
v -1.536858 2.625530 7.351373
v -1.511811 2.625530 7.351373
v -1.511811 2.625387 7.315550
v -1.485609 2.625387 7.315550
v -1.485609 2.625317 7.285935
v -1.214843 2.625318 7.285935
v -1.214843 2.625387 7.315550
v -1.188642 2.625387 7.315550
v -1.188642 2.625530 7.351373
v -1.162381 2.625530 7.351373
v -1.162381 2.625530 7.565396
v -1.527855 2.619736 7.565396
v -1.527855 2.619736 7.358539
v -1.504012 2.619736 7.358539
v -1.504012 2.619593 7.323953
v -1.479070 2.619593 7.323953
v -1.479070 2.619524 7.295348
v -1.221324 2.619524 7.295348
v -1.221324 2.619593 7.323953
v -1.196382 2.619593 7.323953
v -1.196382 2.619736 7.358539
v -1.171383 2.619736 7.358539
v -1.171383 2.619736 7.565396
v -1.190162 -0.012801 7.565396
v -1.190162 2.716645 7.565396
v -1.190162 2.946579 7.565396
v -1.190162 3.160517 7.565396
v -1.190162 3.403306 7.565396
v -1.190162 3.597318 7.565396
v -1.190162 3.777855 7.565396
v -1.190162 4.608101 7.273900
v -1.350197 4.608101 7.390492
v -1.510231 4.608101 7.390492
v -1.510231 3.777855 7.565396
v -1.510231 3.597318 7.565396
v -1.510231 3.403306 7.565396
v -1.510231 3.160517 7.565396
v -1.510231 2.946579 7.565396
v -1.510231 2.716645 7.565396
v -1.510231 -0.012801 7.565396
v -1.190162 4.276002 6.750283
v -1.190162 4.278371 7.448681
v -1.350197 4.278371 7.565396
vt 0.647608 0.414204
vt 0.647592 0.412298
vt 0.659713 0.412199
vt 0.659729 0.414105
vt 0.661339 0.414091
vt 0.661323 0.412185
vt 0.663354 0.414083
vt 0.663350 0.412177
vt 0.665038 0.414080
vt 0.665035 0.412174
vt 0.666709 0.414071
vt 0.666711 0.412164
vt 0.684121 0.414093
vt 0.684123 0.412187
vt 0.685799 0.412201
vt 0.685791 0.414107
vt 0.687484 0.412208
vt 0.687476 0.414114
vt 0.689510 0.412221
vt 0.689490 0.414127
vt 0.691199 0.412239
vt 0.691179 0.414145
vt 0.703319 0.412369
vt 0.703299 0.414276
vt 0.670874 0.463284
vt 0.665647 0.463294
vt 0.665633 0.455912
vt 0.670850 0.450743
vt 0.681010 0.453619
vt 0.680995 0.441499
vt 0.683949 0.444565
vt 0.683960 0.453616
vt 0.685397 0.444563
vt 0.682606 0.441497
vt 0.664451 0.455914
vt 0.669158 0.450747
vt 0.685395 0.442876
vt 0.682604 0.439482
vt 0.664449 0.454524
vt 0.669154 0.448641
vt 0.686806 0.442875
vt 0.684288 0.439480
vt 0.663298 0.454527
vt 0.667384 0.448645
vt 0.686804 0.441476
vt 0.684286 0.437810
vt 0.663296 0.453379
vt 0.667380 0.446906
vt 0.699189 0.441462
vt 0.701698 0.437790
vt 0.653195 0.453399
vt 0.649089 0.446942
vt 0.653197 0.454546
vt 0.649093 0.448680
vt 0.699190 0.442860
vt 0.701700 0.439460
vt 0.652047 0.454548
vt 0.647323 0.448684
vt 0.700601 0.442858
vt 0.703385 0.439458
vt 0.652049 0.455938
vt 0.647327 0.450789
vt 0.700603 0.444545
vt 0.703387 0.441472
vt 0.650868 0.455940
vt 0.645553 0.450792
vt 0.702052 0.444543
vt 0.705076 0.441470
vt 0.650883 0.463323
vt 0.645577 0.463333
vt 0.705090 0.453591
vt 0.702062 0.453594
vt 0.704616 0.426629
vt 0.704626 0.427618
vt 0.692086 0.427739
vt 0.692076 0.426749
vt 0.690384 0.426766
vt 0.690394 0.427755
vt 0.688285 0.426777
vt 0.688288 0.427767
vt 0.686515 0.426783
vt 0.686518 0.427773
vt 0.684780 0.426796
vt 0.684779 0.427785
vt 0.666488 0.426793
vt 0.666488 0.427782
vt 0.664750 0.427769
vt 0.664753 0.426780
vt 0.662980 0.427763
vt 0.662983 0.426773
vt 0.660874 0.427751
vt 0.660884 0.426761
vt 0.659100 0.427733
vt 0.659110 0.426743
vt 0.646560 0.427608
vt 0.646570 0.426619
vt 0.679106 0.448408
vt 0.678416 0.448312
vt 0.680151 0.435893
vt 0.680782 0.436405
vt 0.682391 0.436333
vt 0.681841 0.435817
vt 0.682724 0.434334
vt 0.682185 0.433746
vt 0.684408 0.434300
vt 0.683955 0.433711
vt 0.684728 0.432655
vt 0.684286 0.432008
vt 0.702140 0.432635
vt 0.702576 0.431987
vt 0.702914 0.433689
vt 0.702466 0.434279
vt 0.704684 0.433721
vt 0.704150 0.434310
vt 0.705035 0.435790
vt 0.704489 0.436308
vt 0.706807 0.435867
vt 0.706176 0.436380
vt 0.708565 0.448283
vt 0.707876 0.448380
vt 0.649535 0.579844
vt 0.649519 0.577938
vt 0.661639 0.577839
vt 0.661655 0.579745
vt 0.663266 0.579732
vt 0.663250 0.577826
vt 0.665280 0.579724
vt 0.665277 0.577817
vt 0.666965 0.579721
vt 0.666962 0.577814
vt 0.668635 0.579711
vt 0.668638 0.577805
vt 0.686047 0.579733
vt 0.686049 0.577827
vt 0.687726 0.577841
vt 0.687717 0.579747
vt 0.689410 0.577848
vt 0.689402 0.579755
vt 0.691437 0.577862
vt 0.691417 0.579768
vt 0.693126 0.577880
vt 0.693105 0.579786
vt 0.705245 0.578010
vt 0.705225 0.579916
vt 0.672829 0.612168
vt 0.667602 0.612178
vt 0.667587 0.604796
vt 0.672805 0.599628
vt 0.680978 0.618550
vt 0.680963 0.606430
vt 0.683917 0.609496
vt 0.683928 0.618547
vt 0.685365 0.609494
vt 0.682574 0.606428
vt 0.666406 0.604798
vt 0.671113 0.599631
vt 0.685363 0.607807
vt 0.682571 0.604413
vt 0.666403 0.603409
vt 0.671109 0.597525
vt 0.686774 0.607806
vt 0.684256 0.604411
vt 0.665253 0.603411
vt 0.669338 0.597529
vt 0.686772 0.606407
vt 0.684254 0.602741
vt 0.665251 0.602264
vt 0.669335 0.595790
vt 0.699157 0.606393
vt 0.701666 0.602721
vt 0.655150 0.602283
vt 0.651044 0.595826
vt 0.655152 0.603431
vt 0.651047 0.597564
vt 0.699159 0.607791
vt 0.701668 0.604391
vt 0.654001 0.603433
vt 0.649278 0.597568
vt 0.700569 0.607789
vt 0.703353 0.604389
vt 0.654004 0.604822
vt 0.649282 0.599673
vt 0.700571 0.609476
vt 0.703355 0.606403
vt 0.652823 0.604825
vt 0.647508 0.599677
vt 0.702020 0.609474
vt 0.705044 0.606401
vt 0.652838 0.612207
vt 0.647532 0.612217
vt 0.705059 0.618522
vt 0.702030 0.618526
vt 0.706541 0.592269
vt 0.706550 0.593259
vt 0.694011 0.593379
vt 0.694001 0.592390
vt 0.692309 0.592406
vt 0.692319 0.593396
vt 0.690211 0.592418
vt 0.690214 0.593408
vt 0.688441 0.592423
vt 0.688444 0.593413
vt 0.686706 0.592436
vt 0.686705 0.593426
vt 0.668415 0.592433
vt 0.668415 0.593423
vt 0.666677 0.593410
vt 0.666680 0.592420
vt 0.664907 0.593404
vt 0.664910 0.592414
vt 0.662802 0.593391
vt 0.662812 0.592401
vt 0.661028 0.593373
vt 0.661037 0.592384
vt 0.648489 0.593249
vt 0.648498 0.592259
vt 0.678872 0.611995
vt 0.678182 0.611898
vt 0.679916 0.599477
vt 0.680548 0.599989
vt 0.682157 0.599917
vt 0.681607 0.599401
vt 0.682490 0.597918
vt 0.681951 0.597331
vt 0.684175 0.597884
vt 0.683721 0.597295
vt 0.684495 0.596239
vt 0.684053 0.595592
vt 0.701909 0.596219
vt 0.702345 0.595571
vt 0.702683 0.597273
vt 0.702235 0.597863
vt 0.704453 0.597305
vt 0.703919 0.597894
vt 0.704804 0.599375
vt 0.704258 0.599892
vt 0.706577 0.599451
vt 0.705946 0.599965
vt 0.708335 0.611869
vt 0.707645 0.611967
vt 0.583453 0.560288
vt 0.582874 0.401255
vt 0.584603 0.401251
vt 0.585183 0.560315
vt 0.583451 0.600225
vt 0.583289 0.584633
vt 0.585036 0.584588
vt 0.585191 0.600144
vt 0.583162 0.572720
vt 0.584918 0.572750
vt 0.583780 0.615126
vt 0.585499 0.614955
vt 0.586646 0.401247
vt 0.587225 0.560319
vt 0.587079 0.584547
vt 0.587226 0.600050
vt 0.586978 0.572781
vt 0.587510 0.614762
vt 0.588329 0.401243
vt 0.588909 0.560344
vt 0.588792 0.584508
vt 0.588928 0.599981
vt 0.588703 0.572808
vt 0.589185 0.614624
vt 0.590012 0.401240
vt 0.590591 0.560338
vt 0.590485 0.584484
vt 0.590612 0.599915
vt 0.590411 0.572828
vt 0.590850 0.614495
vt 0.587082 0.630555
vt 0.585408 0.630773
vt 0.588554 0.629254
vt 0.590157 0.629096
vt 0.591499 0.627896
vt 0.581439 0.634169
vt 0.579521 0.615544
vt 0.579157 0.600450
vt 0.578987 0.584746
vt 0.578805 0.572648
vt 0.579112 0.560270
vt 0.578530 0.401264
vt 0.612497 0.560184
vt 0.611922 0.401135
vt 0.616266 0.401114
vt 0.616838 0.560136
vt 0.612811 0.600086
vt 0.612837 0.584560
vt 0.617139 0.584637
vt 0.617107 0.600261
vt 0.612878 0.572662
vt 0.617236 0.572554
vt 0.612689 0.614868
vt 0.616954 0.615215
vt 0.610768 0.560223
vt 0.610193 0.401144
vt 0.611070 0.600028
vt 0.611089 0.584533
vt 0.611123 0.572710
vt 0.610966 0.614727
vt 0.608726 0.560240
vt 0.608150 0.401154
vt 0.609034 0.599963
vt 0.609046 0.584515
vt 0.609064 0.572764
vt 0.608951 0.614573
vt 0.607043 0.560275
vt 0.606467 0.401162
vt 0.607330 0.599920
vt 0.607333 0.584497
vt 0.607341 0.572814
vt 0.607270 0.614470
vt 0.605361 0.560279
vt 0.604784 0.401170
vt 0.605644 0.599882
vt 0.605639 0.584493
vt 0.605634 0.572859
vt 0.605601 0.614381
vt 0.615399 0.633655
vt 0.611369 0.630348
vt 0.609693 0.630145
vt 0.608199 0.628866
vt 0.606599 0.628710
vt 0.605238 0.627520
vt 0.511182 0.401290
vt 0.511182 0.560468
vt 0.517649 0.560468
vt 0.517649 0.401290
vt 0.510211 0.573941
vt 0.517649 0.573941
vt 0.565409 0.622649
vt 0.517649 0.622649
vt 0.527897 0.671296
vt 0.565409 0.671296
vt 0.448979 0.399917
vt 0.448979 0.559095
vt 0.442513 0.559095
vt 0.442513 0.399917
vt 0.448979 0.572568
vt 0.441542 0.572568
vt 0.455445 0.399917
vt 0.455445 0.559095
vt 0.456416 0.572568
vt 0.460762 0.585103
vt 0.517649 0.612070
vt 0.448979 0.585103
vt 0.670325 0.642780
vt 0.670305 0.644519
vt 0.629223 0.653497
vt 0.629221 0.653497
vt 0.672363 0.644499
vt 0.672365 0.646191
vt 0.674202 0.646196
vt 0.665127 0.642767
vt 0.670234 0.664417
vt 0.665042 0.664404
vt 0.670253 0.662685
vt 0.629222 0.653498
vt 0.672391 0.662762
vt 0.672366 0.661061
vt 0.674204 0.661066
vt 0.629094 0.664293
vt 0.629137 0.642705
vt 0.647865 0.497498
vt 0.647850 0.495592
vt 0.659970 0.495492
vt 0.659986 0.497399
vt 0.661596 0.497385
vt 0.661581 0.495479
vt 0.663611 0.497377
vt 0.663607 0.495471
vt 0.665295 0.497374
vt 0.665292 0.495468
vt 0.666966 0.497364
vt 0.666968 0.495458
vt 0.684378 0.497387
vt 0.684380 0.495480
vt 0.686056 0.495494
vt 0.686048 0.497400
vt 0.687741 0.495502
vt 0.687733 0.497408
vt 0.689768 0.495515
vt 0.689747 0.497421
vt 0.691457 0.495533
vt 0.691436 0.497440
vt 0.703576 0.495664
vt 0.703556 0.497570
vt 0.671716 0.534830
vt 0.666489 0.534840
vt 0.666474 0.527457
vt 0.671692 0.522289
vt 0.679963 0.538097
vt 0.679948 0.525977
vt 0.682902 0.529042
vt 0.682913 0.538094
vt 0.684350 0.529041
vt 0.681559 0.525975
vt 0.665293 0.527460
vt 0.670000 0.522292
vt 0.684349 0.527354
vt 0.681557 0.523960
vt 0.665291 0.526070
vt 0.669996 0.520187
vt 0.685759 0.527352
vt 0.683241 0.523958
vt 0.664140 0.526072
vt 0.668226 0.520190
vt 0.685757 0.525954
vt 0.683239 0.522288
vt 0.664138 0.524925
vt 0.668222 0.518452
vt 0.698142 0.525939
vt 0.700651 0.522268
vt 0.654037 0.524945
vt 0.649931 0.518487
vt 0.654039 0.526092
vt 0.649934 0.520226
vt 0.698143 0.527338
vt 0.700653 0.523938
vt 0.652888 0.526094
vt 0.648165 0.520229
vt 0.699554 0.527336
vt 0.702338 0.523936
vt 0.652891 0.527484
vt 0.648169 0.522335
vt 0.699556 0.529022
vt 0.702340 0.525950
vt 0.651710 0.527486
vt 0.646394 0.522338
vt 0.701005 0.529021
vt 0.704029 0.525948
vt 0.651724 0.534868
vt 0.646419 0.534879
vt 0.704043 0.538068
vt 0.701015 0.538072
vt 0.704872 0.509922
vt 0.704881 0.510912
vt 0.692342 0.511033
vt 0.692332 0.510043
vt 0.690640 0.510059
vt 0.690650 0.511049
vt 0.688541 0.510071
vt 0.688545 0.511061
vt 0.686772 0.510077
vt 0.686775 0.511067
vt 0.685037 0.510089
vt 0.685036 0.511079
vt 0.666746 0.510087
vt 0.666746 0.511076
vt 0.665007 0.511063
vt 0.665011 0.510073
vt 0.663238 0.511057
vt 0.663241 0.510067
vt 0.661132 0.511045
vt 0.661142 0.510055
vt 0.659358 0.511027
vt 0.659368 0.510037
vt 0.646819 0.510902
vt 0.646829 0.509912
vt 0.677778 0.533241
vt 0.677089 0.533144
vt 0.678823 0.520725
vt 0.679455 0.521237
vt 0.681063 0.521165
vt 0.680513 0.520649
vt 0.681396 0.519166
vt 0.680857 0.518579
vt 0.683080 0.519132
vt 0.682627 0.518543
vt 0.683401 0.517487
vt 0.682958 0.516840
vt 0.700812 0.517468
vt 0.701248 0.516820
vt 0.701586 0.518522
vt 0.701138 0.519112
vt 0.703355 0.518553
vt 0.702822 0.519142
vt 0.703707 0.520623
vt 0.703161 0.521140
vt 0.705479 0.520699
vt 0.704848 0.521212
vt 0.707237 0.533115
vt 0.706547 0.533213
vt 0.469738 0.599329
vt 0.448979 0.599329
vt 0.480920 0.610697
vt 0.448979 0.610697
vt 0.496739 0.621275
vt 0.448979 0.621275
vt 0.496739 0.650464
vt 0.455818 0.650602
vt 0.549590 0.612070
vt 0.517649 0.600702
vt 0.538408 0.600702
vt 0.517649 0.586477
vt 0.529432 0.586477
vt 0.525086 0.573941
vt 0.524115 0.560468
vt 0.524115 0.401290
vt 0.466059 0.669922
vt 0.643533 0.642730
vt 0.496739 0.669922
vt 0.695017 0.636296
vt 0.705085 0.642658
vt 0.705085 0.671232
vt 0.695017 0.671232
vt 0.684948 0.636296
vt 0.684948 0.671232
vt 0.604661 0.666616
vt 0.593551 0.663274
vt 0.593827 0.641406
vt 0.604940 0.644751
vn -1.000000 0.000000 -0.000001
vn -0.972750 -0.231858 -0.000001
vn -0.956621 -0.291334 -0.000001
vn -1.000000 0.000000 -0.000001
vn -0.000000 0.000001 -1.000000
vn -0.000000 0.000001 -1.000000
vn -0.000000 -0.261729 -0.965141
vn -0.000000 -0.104397 -0.994536
vn -1.000000 0.000000 -0.000001
vn -1.000000 0.000000 -0.000001
vn -0.990649 -0.136433 0.000551
vn -0.963807 -0.266598 0.001077
vn 0.000001 -0.006361 -0.999980
vn 0.000001 -0.006361 -0.999980
vn 0.000001 -0.296317 -0.955090
vn 0.000001 -0.146282 -0.989243
vn -1.000000 -0.000001 0.000000
vn -1.000000 -0.000001 0.000000
vn -0.994984 -0.100030 0.000239
vn -0.972009 -0.234941 0.000561
vn -0.000000 -0.009468 -0.999955
vn -0.000000 -0.009468 -0.999955
vn -0.000000 -0.317433 -0.948281
vn -0.000000 -0.317008 -0.948423
vn 0.972438 -0.233163 0.000556
vn 0.995102 -0.098851 0.000235
vn 1.000000 0.000000 -0.000000
vn 1.000000 0.000000 -0.000000
vn -0.000000 -0.146849 -0.989159
vn -0.000000 -0.295978 -0.955195
vn -0.000000 -0.006361 -0.999980
vn -0.000000 -0.006361 -0.999980
vn 0.964257 -0.264966 0.001070
vn 0.990827 -0.135132 0.000546
vn 1.000000 0.000002 -0.000000
vn 1.000000 0.000002 -0.000000
vn 0.000003 -0.104843 -0.994489
vn 0.000003 -0.261729 -0.965141
vn 0.000003 0.000000 -1.000000
vn 0.000003 0.000000 -1.000000
vn 0.956621 -0.291335 -0.000001
vn 0.972750 -0.231858 -0.000001
vn 1.000000 0.000001 -0.000001
vn 1.000000 0.000001 -0.000001
vn 0.000001 1.000000 -0.000000
vn 0.000001 1.000000 -0.000000
vn 0.000001 1.000000 -0.000000
vn 0.000001 1.000000 -0.000000
vn -0.000001 -1.000000 0.000000
vn 0.000000 -1.000000 0.000000
vn 0.000000 -1.000000 0.000000
vn -0.000001 -1.000000 0.000000
vn -0.000635 -0.999999 0.001110
vn 0.000000 -1.000000 0.000000
vn 0.000000 -1.000000 0.000000
vn -0.000687 -0.999999 0.001201
vn 0.000001 1.000000 -0.000000
vn 0.001095 0.999999 -0.001187
vn 0.001178 0.999999 -0.001278
vn 0.000001 1.000000 -0.000000
vn -0.000665 -0.999997 0.002348
vn -0.000635 -0.999999 0.001110
vn -0.000687 -0.999999 0.001201
vn -0.000558 -0.999997 0.002365
vn 0.001095 0.999999 -0.001187
vn 0.001129 0.999998 -0.001914
vn 0.000926 0.999998 -0.001825
vn 0.001178 0.999999 -0.001278
vn 0.000869 -0.999997 0.002077
vn -0.000665 -0.999997 0.002348
vn -0.000558 -0.999997 0.002365
vn 0.001184 -0.999997 0.001941
vn 0.001129 0.999998 -0.001914
vn -0.000143 0.999999 -0.001416
vn -0.000209 0.999999 -0.001416
vn 0.000926 0.999998 -0.001825
vn 0.000198 -0.999995 0.003223
vn 0.000869 -0.999997 0.002077
vn 0.001184 -0.999997 0.001941
vn 0.000108 -0.999995 0.003294
vn -0.000143 0.999999 -0.001416
vn -0.000035 0.999998 -0.001881
vn -0.000017 0.999998 -0.001900
vn -0.000209 0.999999 -0.001416
vn -0.000199 -0.999995 0.003223
vn 0.000198 -0.999995 0.003223
vn 0.000108 -0.999995 0.003294
vn -0.000110 -0.999995 0.003294
vn -0.000035 0.999998 -0.001881
vn 0.000033 0.999998 -0.001881
vn 0.000016 0.999998 -0.001900
vn -0.000017 0.999998 -0.001900
vn 0.000033 0.999998 -0.001881
vn 0.000144 0.999999 -0.001416
vn 0.000211 0.999999 -0.001414
vn 0.000016 0.999998 -0.001900
vn -0.000869 -0.999997 0.002077
vn -0.000199 -0.999995 0.003223
vn -0.000110 -0.999995 0.003294
vn -0.001184 -0.999997 0.001941
vn 0.000144 0.999999 -0.001416
vn -0.001131 0.999998 -0.001915
vn -0.000927 0.999998 -0.001825
vn 0.000211 0.999999 -0.001414
vn 0.000665 -0.999997 0.002348
vn -0.000869 -0.999997 0.002077
vn -0.001184 -0.999997 0.001941
vn 0.000558 -0.999997 0.002365
vn -0.001131 0.999998 -0.001915
vn -0.001079 0.999999 -0.001170
vn -0.001163 0.999999 -0.001262
vn -0.000927 0.999998 -0.001825
vn 0.000627 -0.999999 0.001095
vn 0.000665 -0.999997 0.002348
vn 0.000558 -0.999997 0.002365
vn 0.000679 -0.999999 0.001187
vn -0.001079 0.999999 -0.001170
vn 0.000000 1.000000 0.000000
vn 0.000000 1.000000 0.000000
vn -0.001163 0.999999 -0.001262
vn 0.000001 -1.000000 0.000001
vn 0.000627 -0.999999 0.001095
vn 0.000679 -0.999999 0.001187
vn 0.000001 -1.000000 0.000001
vn 0.000000 1.000000 0.000000
vn 0.000000 1.000000 0.000000
vn 0.000000 1.000000 0.000000
vn 0.000000 1.000000 0.000000
vn 0.000001 -1.000000 0.000001
vn 0.000001 -1.000000 -0.000000
vn 0.000001 -1.000000 -0.000000
vn 0.000001 -1.000000 0.000001
vn -0.931053 -0.364884 -0.000001
vn -1.000000 0.000001 -0.000001
vn -1.000000 0.000001 -0.000001
vn -0.962708 -0.270542 -0.000001
vn -0.000000 -0.380985 -0.924581
vn -0.000000 -0.163530 -0.986538
vn -0.000000 -0.000001 -1.000000
vn -0.000000 -0.000001 -1.000000
vn -0.976944 -0.213494 0.000862
vn -0.920573 -0.390568 0.001578
vn -1.000000 0.000000 -0.000001
vn -1.000000 0.000000 -0.000001
vn 0.000001 -0.424196 -0.905570
vn 0.000001 -0.222030 -0.975040
vn 0.000001 -0.006583 -0.999978
vn 0.000001 -0.006583 -0.999978
vn -0.986963 -0.160949 0.000384
vn -0.937170 -0.348871 0.000833
vn -1.000000 0.000003 0.000000
vn -1.000000 0.000003 0.000000
vn -0.000000 -0.276703 -0.960956
vn -0.000000 -0.275830 -0.961206
vn -0.000000 -0.009798 -0.999952
vn -0.000000 -0.009798 -0.999952
vn 1.000000 0.000000 -0.000000
vn 1.000000 0.000000 -0.000000
vn 0.938094 -0.346380 0.000825
vn 0.987266 -0.159079 0.000379
vn -0.000000 -0.006583 -0.999978
vn -0.000000 -0.006583 -0.999978
vn -0.000000 -0.222792 -0.974866
vn -0.000000 -0.423745 -0.905782
vn 1.000000 0.000000 -0.000000
vn 1.000000 0.000000 -0.000000
vn 0.921514 -0.388341 0.001569
vn 0.977380 -0.211489 0.000855
vn 0.000003 0.000000 -1.000000
vn 0.000003 0.000000 -1.000000
vn 0.000003 -0.163529 -0.986539
vn 0.000003 -0.380636 -0.924725
vn 1.000000 -0.000002 -0.000002
vn 1.000000 -0.000002 -0.000002
vn 0.931052 -0.364887 -0.000001
vn 0.962707 -0.270545 -0.000001
vn -0.972750 -0.231858 -0.000001
vn -0.931053 -0.364884 -0.000001
vn -0.962708 -0.270542 -0.000001
vn -0.956621 -0.291334 -0.000001
vn -0.000000 -0.104397 -0.994536
vn -0.000000 -0.261729 -0.965141
vn -0.000000 -0.163530 -0.986538
vn -0.000000 -0.380985 -0.924581
vn -0.963807 -0.266598 0.001077
vn -0.990649 -0.136433 0.000551
vn -0.920573 -0.390568 0.001578
vn -0.976944 -0.213494 0.000862
vn 0.000001 -0.146282 -0.989243
vn 0.000001 -0.296317 -0.955090
vn 0.000001 -0.222030 -0.975040
vn 0.000001 -0.424196 -0.905570
vn -0.972009 -0.234941 0.000561
vn -0.994984 -0.100030 0.000239
vn -0.937170 -0.348871 0.000833
vn -0.986963 -0.160949 0.000384
vn -0.000000 -0.317008 -0.948423
vn -0.000000 -0.317433 -0.948281
vn -0.000000 -0.275830 -0.961206
vn -0.000000 -0.276703 -0.960956
vn 0.987266 -0.159079 0.000379
vn 0.938094 -0.346380 0.000825
vn 0.995102 -0.098851 0.000235
vn 0.972438 -0.233163 0.000556
vn -0.000000 -0.423745 -0.905782
vn -0.000000 -0.222792 -0.974866
vn -0.000000 -0.295978 -0.955195
vn -0.000000 -0.146849 -0.989159
vn 0.977380 -0.211489 0.000855
vn 0.921514 -0.388341 0.001569
vn 0.990827 -0.135132 0.000546
vn 0.964257 -0.264966 0.001070
vn 0.000003 -0.380636 -0.924725
vn 0.000003 -0.163529 -0.986539
vn 0.000003 -0.261729 -0.965141
vn 0.000003 -0.104843 -0.994489
vn 0.962707 -0.270545 -0.000001
vn 0.931052 -0.364887 -0.000001
vn 0.972750 -0.231858 -0.000001
vn 0.956621 -0.291335 -0.000001
vn -1.000000 0.000000 -0.000001
vn -0.972750 -0.231858 -0.000001
vn -0.956621 -0.291334 -0.000001
vn -1.000000 0.000000 -0.000001
vn -0.000000 0.000001 -1.000000
vn -0.000000 0.000001 -1.000000
vn -0.000000 -0.261729 -0.965141
vn -0.000000 -0.104397 -0.994536
vn -1.000000 0.000000 -0.000001
vn -1.000000 0.000000 -0.000001
vn -0.990649 -0.136432 0.000551
vn -0.963807 -0.266597 0.001077
vn 0.000001 -0.006361 -0.999980
vn 0.000001 -0.006361 -0.999980
vn 0.000001 -0.296317 -0.955090
vn 0.000001 -0.146282 -0.989243
vn -1.000000 -0.000001 0.000000
vn -1.000000 -0.000001 0.000000
vn -0.994984 -0.100031 0.000239
vn -0.972009 -0.234942 0.000561
vn -0.000000 -0.009468 -0.999955
vn -0.000000 -0.009468 -0.999955
vn -0.000000 -0.317433 -0.948281
vn -0.000000 -0.317008 -0.948423
vn 0.972438 -0.233162 0.000556
vn 0.995102 -0.098850 0.000235
vn 1.000000 0.000000 -0.000000
vn 1.000000 0.000000 -0.000000
vn -0.000000 -0.146849 -0.989159
vn -0.000000 -0.295978 -0.955195
vn -0.000000 -0.006361 -0.999980
vn -0.000000 -0.006361 -0.999980
vn 0.964258 -0.264965 0.001070
vn 0.990827 -0.135132 0.000546
vn 1.000000 0.000002 -0.000000
vn 1.000000 0.000002 -0.000000
vn 0.000002 -0.104843 -0.994489
vn 0.000002 -0.261729 -0.965141
vn 0.000003 0.000000 -1.000000
vn 0.000003 0.000000 -1.000000
vn 0.956621 -0.291335 -0.000001
vn 0.972750 -0.231858 -0.000001
vn 1.000000 0.000001 -0.000001
vn 1.000000 0.000001 -0.000001
vn 0.000000 1.000000 0.000000
vn 0.000000 1.000000 0.000000
vn 0.000000 1.000000 0.000000
vn 0.000000 1.000000 0.000000
vn 0.000000 -1.000000 0.000000
vn 0.000000 -1.000000 0.000000
vn 0.000000 -1.000000 0.000000
vn 0.000000 -1.000000 0.000000
vn -0.000633 -0.999999 0.001110
vn 0.000000 -1.000000 0.000000
vn 0.000000 -1.000000 0.000000
vn -0.000686 -0.999999 0.001201
vn 0.000000 1.000000 0.000000
vn 0.001095 0.999999 -0.001187
vn 0.001178 0.999999 -0.001278
vn 0.000000 1.000000 0.000000
vn -0.000663 -0.999997 0.002348
vn -0.000633 -0.999999 0.001110
vn -0.000686 -0.999999 0.001201
vn -0.000556 -0.999997 0.002365
vn 0.001095 0.999999 -0.001187
vn 0.001126 0.999998 -0.001914
vn 0.000923 0.999998 -0.001825
vn 0.001178 0.999999 -0.001278
vn 0.000868 -0.999997 0.002077
vn -0.000663 -0.999997 0.002348
vn -0.000556 -0.999997 0.002365
vn 0.001183 -0.999997 0.001941
vn 0.001126 0.999998 -0.001914
vn -0.000144 0.999999 -0.001416
vn -0.000209 0.999999 -0.001416
vn 0.000923 0.999998 -0.001825
vn 0.000198 -0.999995 0.003223
vn 0.000868 -0.999997 0.002077
vn 0.001183 -0.999997 0.001941
vn 0.000108 -0.999995 0.003294
vn -0.000144 0.999999 -0.001416
vn -0.000033 0.999998 -0.001881
vn -0.000016 0.999998 -0.001900
vn -0.000209 0.999999 -0.001416
vn -0.000198 -0.999995 0.003223
vn 0.000198 -0.999995 0.003223
vn 0.000108 -0.999995 0.003294
vn -0.000110 -0.999995 0.003294
vn -0.000033 0.999998 -0.001881
vn 0.000033 0.999998 -0.001881
vn 0.000016 0.999998 -0.001900
vn -0.000016 0.999998 -0.001900
vn 0.000033 0.999998 -0.001881
vn 0.000144 0.999999 -0.001416
vn 0.000211 0.999999 -0.001414
vn 0.000016 0.999998 -0.001900
vn -0.000867 -0.999997 0.002077
vn -0.000198 -0.999995 0.003223
vn -0.000110 -0.999995 0.003294
vn -0.001181 -0.999997 0.001941
vn 0.000144 0.999999 -0.001416
vn -0.001133 0.999998 -0.001915
vn -0.000928 0.999998 -0.001825
vn 0.000211 0.999999 -0.001414
vn 0.000663 -0.999997 0.002348
vn -0.000867 -0.999997 0.002077
vn -0.001181 -0.999997 0.001941
vn 0.000556 -0.999997 0.002365
vn -0.001133 0.999998 -0.001915
vn -0.001081 0.999999 -0.001170
vn -0.001166 0.999999 -0.001262
vn -0.000928 0.999998 -0.001825
vn 0.000625 -0.999999 0.001095
vn 0.000663 -0.999997 0.002348
vn 0.000556 -0.999997 0.002365
vn 0.000678 -0.999999 0.001187
vn -0.001081 0.999999 -0.001170
vn 0.000000 1.000000 0.000000
vn 0.000000 1.000000 0.000000
vn -0.001166 0.999999 -0.001262
vn 0.000000 -1.000000 0.000001
vn 0.000625 -0.999999 0.001095
vn 0.000678 -0.999999 0.001187
vn 0.000000 -1.000000 0.000001
vn 0.000000 1.000000 0.000000
vn 0.000000 1.000000 0.000000
vn -0.000001 1.000000 0.000000
vn -0.000001 1.000000 0.000000
vn 0.000000 -1.000000 0.000001
vn 0.000000 -1.000000 0.000000
vn 0.000000 -1.000000 0.000000
vn 0.000000 -1.000000 0.000001
vn -0.931053 -0.364885 -0.000001
vn -1.000000 0.000001 -0.000001
vn -1.000000 0.000001 -0.000001
vn -0.962708 -0.270543 -0.000001
vn -0.000000 -0.380985 -0.924581
vn -0.000000 -0.163530 -0.986538
vn -0.000000 -0.000001 -1.000000
vn -0.000000 -0.000001 -1.000000
vn -0.976944 -0.213494 0.000862
vn -0.920573 -0.390568 0.001578
vn -1.000000 0.000000 -0.000001
vn -1.000000 0.000000 -0.000001
vn 0.000001 -0.424196 -0.905570
vn 0.000001 -0.222030 -0.975040
vn 0.000001 -0.006583 -0.999978
vn 0.000001 -0.006583 -0.999978
vn -0.986962 -0.160950 0.000384
vn -0.937170 -0.348872 0.000833
vn -1.000000 0.000003 0.000000
vn -1.000000 0.000003 0.000000
vn -0.000000 -0.276703 -0.960956
vn -0.000000 -0.275830 -0.961206
vn -0.000000 -0.009798 -0.999952
vn -0.000000 -0.009798 -0.999952
vn 1.000000 0.000000 -0.000000
vn 1.000000 0.000000 -0.000000
vn 0.938094 -0.346379 0.000825
vn 0.987266 -0.159079 0.000379
vn -0.000000 -0.006583 -0.999978
vn -0.000000 -0.006583 -0.999978
vn -0.000000 -0.222792 -0.974866
vn -0.000000 -0.423745 -0.905782
vn 1.000000 0.000000 -0.000000
vn 1.000000 0.000000 -0.000000
vn 0.921516 -0.388338 0.001569
vn 0.977380 -0.211488 0.000855
vn 0.000003 0.000000 -1.000000
vn 0.000003 0.000000 -1.000000
vn 0.000002 -0.163529 -0.986539
vn 0.000002 -0.380636 -0.924725
vn 1.000000 -0.000002 -0.000002
vn 1.000000 -0.000002 -0.000002
vn 0.931052 -0.364886 -0.000001
vn 0.962708 -0.270544 -0.000001
vn -0.972750 -0.231858 -0.000001
vn -0.931053 -0.364885 -0.000001
vn -0.962708 -0.270543 -0.000001
vn -0.956621 -0.291334 -0.000001
vn -0.000000 -0.104397 -0.994536
vn -0.000000 -0.261729 -0.965141
vn -0.000000 -0.163530 -0.986538
vn -0.000000 -0.380985 -0.924581
vn -0.963807 -0.266597 0.001077
vn -0.990649 -0.136432 0.000551
vn -0.920573 -0.390568 0.001578
vn -0.976944 -0.213494 0.000862
vn 0.000001 -0.146282 -0.989243
vn 0.000001 -0.296317 -0.955090
vn 0.000001 -0.222030 -0.975040
vn 0.000001 -0.424196 -0.905570
vn -0.972009 -0.234942 0.000561
vn -0.994984 -0.100031 0.000239
vn -0.937170 -0.348872 0.000833
vn -0.986962 -0.160950 0.000384
vn -0.000000 -0.317008 -0.948423
vn -0.000000 -0.317433 -0.948281
vn -0.000000 -0.275830 -0.961206
vn -0.000000 -0.276703 -0.960956
vn 0.987266 -0.159079 0.000379
vn 0.938094 -0.346379 0.000825
vn 0.995102 -0.098850 0.000235
vn 0.972438 -0.233162 0.000556
vn -0.000000 -0.423745 -0.905782
vn -0.000000 -0.222792 -0.974866
vn -0.000000 -0.295978 -0.955195
vn -0.000000 -0.146849 -0.989159
vn 0.977380 -0.211488 0.000855
vn 0.921516 -0.388338 0.001569
vn 0.990827 -0.135132 0.000546
vn 0.964258 -0.264965 0.001070
vn 0.000002 -0.380636 -0.924725
vn 0.000002 -0.163529 -0.986539
vn 0.000002 -0.261729 -0.965141
vn 0.000002 -0.104843 -0.994489
vn 0.962708 -0.270544 -0.000001
vn 0.931052 -0.364886 -0.000001
vn 0.972750 -0.231858 -0.000001
vn 0.956621 -0.291335 -0.000001
vn -0.000000 -0.004935 -0.999988
vn -0.000000 0.000000 -1.000000
vn -0.000000 0.000000 -1.000000
vn -0.000000 -0.004935 -0.999988
vn -0.000000 -0.618952 -0.785429
vn -0.000000 -0.447764 -0.894152
vn -0.000000 -0.447764 -0.894152
vn -0.000000 -0.618952 -0.785429
vn -0.000000 -0.196378 -0.980528
vn -0.000000 -0.004935 -0.999988
vn -0.000000 -0.004935 -0.999988
vn -0.000000 -0.196378 -0.980528
vn -0.000000 -0.772185 -0.635398
vn -0.000000 -0.618952 -0.785429
vn -0.000000 -0.618952 -0.785429
vn -0.000000 -0.772185 -0.635398
vn -0.000000 -0.447764 -0.894152
vn -0.000000 -0.196378 -0.980528
vn -0.000000 -0.196378 -0.980528
vn -0.000000 -0.447764 -0.894152
vn 1.000000 0.000000 0.000001
vn 1.000000 0.000000 0.000001
vn 1.000000 0.000000 0.000001
vn 1.000000 0.000000 0.000001
vn 1.000000 0.000000 -0.000000
vn 1.000000 0.000000 -0.000000
vn 1.000000 0.000000 -0.000000
vn 1.000000 0.000000 -0.000000
vn 1.000000 0.000000 -0.000000
vn 1.000000 0.000000 0.000001
vn 1.000000 0.000000 0.000001
vn 1.000000 0.000000 -0.000000
vn 1.000000 0.000000 0.000001
vn 1.000000 0.000000 -0.000000
vn 1.000000 0.000000 -0.000000
vn 1.000000 0.000000 0.000001
vn 1.000000 0.000000 -0.000000
vn 1.000000 0.000000 -0.000000
vn 1.000000 0.000000 -0.000000
vn 1.000000 0.000000 -0.000000
vn -0.000000 -0.010513 -0.999945
vn -0.000000 -0.006361 -0.999980
vn -0.000000 -0.006361 -0.999980
vn -0.000000 -0.010513 -0.999945
vn -0.000000 -0.619079 -0.785329
vn -0.000000 -0.448882 -0.893591
vn -0.000000 -0.448882 -0.893591
vn -0.000000 -0.619079 -0.785329
vn -0.000000 -0.194386 -0.980925
vn -0.000000 -0.010513 -0.999945
vn -0.000000 -0.010513 -0.999945
vn -0.000000 -0.194386 -0.980925
vn -0.000000 -0.761985 -0.647595
vn -0.000000 -0.619079 -0.785329
vn -0.000000 -0.619079 -0.785329
vn -0.000000 -0.761985 -0.647595
vn -0.000000 -0.448882 -0.893591
vn -0.000000 -0.194386 -0.980925
vn -0.000000 -0.194386 -0.980925
vn -0.000000 -0.448882 -0.893591
vn 1.000000 0.000000 -0.000000
vn 1.000000 0.000000 -0.000000
vn 1.000000 0.000000 -0.000000
vn 1.000000 0.000000 -0.000000
vn 1.000000 0.000000 -0.000001
vn 1.000000 0.000000 -0.000001
vn 1.000000 0.000000 -0.000001
vn 1.000000 0.000000 -0.000001
vn 1.000000 0.000000 -0.000001
vn 1.000000 0.000000 -0.000000
vn 1.000000 0.000000 -0.000000
vn 1.000000 0.000000 -0.000001
vn 1.000000 0.000000 -0.000000
vn 1.000000 0.000000 -0.000001
vn 1.000000 0.000000 -0.000001
vn 1.000000 0.000000 -0.000000
vn 1.000000 0.000000 -0.000001
vn 1.000000 0.000000 -0.000001
vn 1.000000 0.000000 -0.000001
vn 1.000000 0.000000 -0.000001
vn -0.000000 -0.832012 -0.554757
vn -0.000000 -0.832012 -0.554757
vn -0.000000 -0.772185 -0.635398
vn -0.000000 -0.772185 -0.635398
vn 1.000000 0.000000 -0.000000
vn 1.000000 0.000000 -0.000000
vn 1.000000 0.000000 0.000001
vn 1.000000 0.000000 0.000001
vn -0.000000 -0.817223 -0.576321
vn -0.000000 -0.817223 -0.576321
vn -0.000000 -0.761985 -0.647595
vn -0.000000 -0.761985 -0.647595
vn 1.000000 0.000000 -0.000000
vn 1.000000 0.000000 -0.000000
vn 1.000000 0.000000 -0.000000
vn 1.000000 0.000000 -0.000000
vn 1.000000 0.000000 -0.000000
vn 1.000000 0.000000 -0.000000
vn 1.000000 0.000000 -0.000000
vn 1.000000 0.000000 -0.000000
vn 1.000000 0.000000 -0.000000
vn 1.000000 0.000000 -0.000000
vn 1.000000 0.000000 -0.000000
vn 1.000000 0.000000 -0.000000
vn 1.000000 0.000000 -0.000000
vn 1.000000 0.000000 -0.000000
vn 1.000000 0.000000 -0.000000
vn 1.000000 0.000000 -0.000000
vn 1.000000 0.000000 -0.000000
vn 1.000000 0.000000 -0.000000
vn 1.000000 0.000000 -0.000000
vn 1.000000 0.000000 -0.000000
vn 1.000000 0.000000 -0.000000
vn 1.000000 0.000000 -0.000000
vn 1.000000 0.000000 -0.000000
vn 1.000000 0.000000 -0.000000
vn 1.000000 0.000000 -0.000000
vn 1.000000 0.000000 -0.000000
vn 1.000000 0.000000 -0.000000
vn 1.000000 0.000000 -0.000000
vn -1.000000 0.000000 0.000000
vn -1.000000 0.000000 0.000000
vn -1.000000 0.000000 0.000000
vn -1.000000 0.000000 0.000000
vn -1.000000 0.000000 0.000001
vn -1.000000 0.000000 0.000000
vn -1.000000 0.000000 0.000000
vn -1.000000 0.000000 0.000000
vn -1.000000 0.000000 0.000000
vn -1.000000 0.000000 0.000000
vn -1.000000 0.000000 0.000000
vn -1.000000 0.000000 0.000000
vn -1.000000 0.000000 0.000001
vn -1.000000 0.000000 0.000001
vn -1.000000 0.000000 0.000000
vn -1.000000 0.000000 0.000000
vn -1.000000 0.000000 0.000000
vn -1.000000 0.000000 0.000000
vn -1.000000 0.000000 0.000000
vn -1.000000 0.000000 0.000000
vn -0.000000 -0.004935 -0.999988
vn -0.000000 -0.004935 -0.999988
vn -0.000000 0.000000 -1.000000
vn -0.000000 0.000000 -1.000000
vn -0.000000 -0.618951 -0.785429
vn -0.000000 -0.618951 -0.785429
vn -0.000000 -0.447764 -0.894152
vn -0.000000 -0.447764 -0.894152
vn -0.000000 -0.196378 -0.980528
vn -0.000000 -0.196378 -0.980528
vn -0.000000 -0.004935 -0.999988
vn -0.000000 -0.004935 -0.999988
vn -0.000000 -0.772185 -0.635398
vn -0.000000 -0.772185 -0.635398
vn -0.000000 -0.618951 -0.785429
vn -0.000000 -0.618951 -0.785429
vn -0.000000 -0.447764 -0.894152
vn -0.000000 -0.447764 -0.894152
vn -0.000000 -0.196378 -0.980528
vn -0.000000 -0.196378 -0.980528
vn -1.000000 0.000000 0.000000
vn -1.000000 0.000000 0.000000
vn -1.000000 0.000000 0.000000
vn -1.000000 0.000000 0.000000
vn -1.000000 0.000000 0.000000
vn -1.000000 0.000000 0.000000
vn -1.000000 0.000000 -0.000001
vn -1.000000 0.000000 -0.000001
vn -1.000000 0.000000 0.000000
vn -1.000000 0.000000 0.000000
vn -1.000000 0.000000 0.000000
vn -1.000000 0.000000 0.000000
vn -1.000000 0.000000 0.000000
vn -1.000000 0.000000 0.000000
vn -1.000000 0.000000 0.000000
vn -1.000000 0.000000 0.000000
vn -1.000000 0.000000 -0.000001
vn -1.000000 0.000000 -0.000001
vn -1.000000 0.000000 0.000000
vn -1.000000 0.000000 0.000000
vn -0.000000 -0.010513 -0.999945
vn -0.000000 -0.010513 -0.999945
vn -0.000000 -0.006361 -0.999980
vn -0.000000 -0.006361 -0.999980
vn -0.000000 -0.619079 -0.785329
vn -0.000000 -0.619079 -0.785329
vn -0.000000 -0.448882 -0.893591
vn -0.000000 -0.448882 -0.893591
vn -0.000000 -0.194386 -0.980925
vn -0.000000 -0.194386 -0.980925
vn -0.000000 -0.010513 -0.999945
vn -0.000000 -0.010513 -0.999945
vn -0.000000 -0.761985 -0.647595
vn -0.000000 -0.761985 -0.647595
vn -0.000000 -0.619079 -0.785329
vn -0.000000 -0.619079 -0.785329
vn -0.000000 -0.448882 -0.893591
vn -0.000000 -0.448882 -0.893591
vn -0.000000 -0.194386 -0.980925
vn -0.000000 -0.194386 -0.980925
vn -1.000000 0.000000 0.000000
vn -1.000000 0.000000 0.000000
vn -1.000000 0.000000 0.000000
vn -1.000000 0.000000 0.000000
vn -1.000000 0.000000 0.000000
vn -1.000000 0.000000 0.000000
vn -1.000000 0.000000 0.000000
vn -1.000000 0.000000 0.000000
vn -1.000000 0.000000 0.000000
vn -1.000000 0.000000 0.000000
vn -1.000000 0.000000 0.000000
vn -1.000000 0.000000 0.000000
vn -1.000000 0.000000 -0.000001
vn -1.000000 0.000000 -0.000001
vn -1.000000 0.000000 0.000000
vn -1.000000 0.000000 0.000000
vn -1.000000 0.000000 0.000000
vn -1.000000 0.000000 0.000000
vn -1.000000 0.000000 0.000000
vn -1.000000 0.000000 0.000000
vn -1.000000 0.000000 0.000000
vn -1.000000 0.000000 0.000000
vn -1.000000 0.000000 0.000001
vn -1.000000 0.000000 0.000000
vn -0.000000 -0.832013 -0.554757
vn -0.000000 -0.772185 -0.635398
vn -0.000000 -0.772185 -0.635398
vn -0.000000 -0.832013 -0.554757
vn -1.000000 0.000000 0.000000
vn -1.000000 0.000000 0.000000
vn -1.000000 0.000000 0.000000
vn -1.000000 0.000000 0.000000
vn -0.000000 -0.817223 -0.576321
vn -0.000000 -0.761985 -0.647595
vn -0.000000 -0.761985 -0.647595
vn -0.000000 -0.817223 -0.576321
vn -1.000000 0.000000 -0.000001
vn -1.000000 0.000000 -0.000001
vn -1.000000 0.000000 -0.000001
vn -1.000000 0.000000 -0.000001
vn -0.000000 -0.809708 -0.586833
vn -0.000000 -0.756187 -0.654355
vn -0.000000 -0.756187 -0.654355
vn -0.000000 -0.809708 -0.586833
vn -0.000000 -0.756187 -0.654355
vn -0.000000 -0.619359 -0.785108
vn -0.000000 -0.619359 -0.785108
vn -0.000000 -0.756187 -0.654355
vn -0.000000 -0.619359 -0.785108
vn -0.000000 -0.449889 -0.893084
vn -0.000000 -0.449889 -0.893084
vn -0.000000 -0.619359 -0.785108
vn -0.000000 -0.449889 -0.893084
vn -0.000000 -0.192598 -0.981278
vn -0.000000 -0.192598 -0.981278
vn -0.000000 -0.449889 -0.893084
vn -0.000000 -0.192598 -0.981278
vn -0.000000 -0.013144 -0.999914
vn -0.000000 -0.013144 -0.999914
vn -0.000000 -0.192598 -0.981278
vn -0.000000 -0.013144 -0.999914
vn -0.000000 -0.009470 -0.999955
vn -0.000000 -0.009470 -0.999955
vn -0.000000 -0.013144 -0.999914
vn -1.000000 0.000000 0.000000
vn -1.000000 0.000000 0.000000
vn -1.000000 0.000000 0.000000
vn -1.000000 0.000000 0.000000
vn -1.000000 0.000000 0.000000
vn -1.000000 0.000000 0.000000
vn -1.000000 0.000000 0.000000
vn -1.000000 0.000000 0.000000
vn 1.000000 0.000000 -0.000000
vn 1.000000 0.000000 -0.000000
vn 1.000000 0.000000 -0.000000
vn 1.000000 0.000000 -0.000000
vn 1.000000 0.000000 -0.000000
vn 1.000000 0.000000 -0.000000
vn 1.000000 0.000000 -0.000000
vn 1.000000 0.000000 -0.000000
vn -0.000000 0.000000 -1.000000
vn -0.000000 0.000000 -1.000000
vn -0.000000 0.000000 -1.000000
vn -0.000000 0.000000 -1.000000
vn -0.000000 0.000000 -1.000000
vn -0.000000 0.000000 -1.000000
vn -0.000000 0.000000 -1.000000
vn -0.000000 0.000000 -1.000000
vn -0.000000 0.000000 -1.000000
vn -0.000000 0.000000 -1.000000
vn -0.000000 0.000000 -1.000000
vn -0.000000 0.000000 -1.000000
vn -0.000000 0.000000 -1.000000
vn -0.000000 0.000000 -1.000000
vn -0.000000 0.000000 -1.000000
vn -0.000000 0.000000 -1.000000
vn -0.000000 0.000000 -1.000000
vn -0.000000 0.000000 -1.000000
vn -0.000000 0.000000 -1.000000
vn -0.000000 0.000000 -1.000000
vn -0.000000 0.000000 -1.000000
vn -0.000000 0.000000 -1.000000
vn -0.000000 0.000000 -1.000000
vn -0.000000 0.000000 -1.000000
vn -0.000000 0.000000 -1.000000
vn -0.000000 0.000000 -1.000000
vn -0.000000 0.000000 -1.000000
vn -0.000000 0.000000 -1.000000
vn -0.000000 0.000000 -1.000000
vn -0.000000 0.000000 -1.000000
vn -0.000000 0.000000 -1.000000
vn -0.000000 0.000000 -1.000000
vn -0.000000 0.000000 -1.000000
vn -0.000000 0.000000 -1.000000
vn -0.000000 0.000000 -1.000000
vn -0.000000 0.000000 -1.000000
vn -0.000000 0.000000 -1.000000
vn -0.000000 0.000000 -1.000000
vn -0.000000 0.000000 -1.000000
vn -0.000000 0.000000 -1.000000
vn -0.000000 0.000000 -1.000000
vn -0.000000 0.000000 -1.000000
vn -0.000000 0.000000 -1.000000
vn -0.000000 0.000000 -1.000000
vn -1.000000 0.000000 -0.000001
vn -0.972750 -0.231858 -0.000001
vn -0.956621 -0.291334 -0.000001
vn -1.000000 0.000000 -0.000001
vn -0.000000 0.000001 -1.000000
vn -0.000000 0.000001 -1.000000
vn -0.000000 -0.261729 -0.965141
vn -0.000000 -0.104397 -0.994536
vn -1.000000 0.000000 -0.000001
vn -1.000000 0.000000 -0.000001
vn -0.990649 -0.136433 0.000551
vn -0.963807 -0.266599 0.001077
vn 0.000001 -0.006361 -0.999980
vn 0.000001 -0.006361 -0.999980
vn 0.000001 -0.296317 -0.955090
vn 0.000001 -0.146282 -0.989243
vn -1.000000 -0.000001 0.000000
vn -1.000000 -0.000001 0.000000
vn -0.994984 -0.100031 0.000239
vn -0.972009 -0.234941 0.000561
vn -0.000000 -0.009468 -0.999955
vn -0.000000 -0.009468 -0.999955
vn -0.000000 -0.317433 -0.948281
vn -0.000000 -0.317008 -0.948423
vn 0.972438 -0.233163 0.000556
vn 0.995102 -0.098851 0.000235
vn 1.000000 0.000000 -0.000000
vn 1.000000 0.000000 -0.000000
vn -0.000000 -0.146849 -0.989159
vn -0.000000 -0.295978 -0.955195
vn -0.000000 -0.006361 -0.999980
vn -0.000000 -0.006361 -0.999980
vn 0.964257 -0.264967 0.001070
vn 0.990827 -0.135133 0.000546
vn 1.000000 0.000002 -0.000000
vn 1.000000 0.000002 -0.000000
vn 0.000003 -0.104843 -0.994489
vn 0.000003 -0.261729 -0.965141
vn 0.000003 0.000000 -1.000000
vn 0.000003 0.000000 -1.000000
vn 0.956621 -0.291335 -0.000001
vn 0.972750 -0.231858 -0.000001
vn 1.000000 0.000001 -0.000001
vn 1.000000 0.000001 -0.000001
vn 0.000000 1.000000 0.000000
vn 0.000000 1.000000 0.000000
vn 0.000001 1.000000 -0.000000
vn 0.000001 1.000000 -0.000000
vn 0.000000 -1.000000 0.000000
vn 0.000000 -1.000000 0.000000
vn 0.000000 -1.000000 0.000000
vn 0.000000 -1.000000 0.000000
vn -0.000635 -0.999999 0.001110
vn 0.000000 -1.000000 0.000000
vn 0.000000 -1.000000 0.000000
vn -0.000687 -0.999999 0.001201
vn 0.000001 1.000000 -0.000000
vn 0.001093 0.999999 -0.001187
vn 0.001176 0.999999 -0.001278
vn 0.000001 1.000000 -0.000000
vn -0.000663 -0.999997 0.002348
vn -0.000635 -0.999999 0.001110
vn -0.000687 -0.999999 0.001201
vn -0.000556 -0.999997 0.002365
vn 0.001093 0.999999 -0.001187
vn 0.001126 0.999998 -0.001914
vn 0.000923 0.999998 -0.001825
vn 0.001176 0.999999 -0.001278
vn 0.000872 -0.999997 0.002077
vn -0.000663 -0.999997 0.002348
vn -0.000556 -0.999997 0.002365
vn 0.001186 -0.999997 0.001941
vn 0.001126 0.999998 -0.001914
vn -0.000141 0.999999 -0.001416
vn -0.000206 0.999999 -0.001416
vn 0.000923 0.999998 -0.001825
vn 0.000198 -0.999995 0.003223
vn 0.000872 -0.999997 0.002077
vn 0.001186 -0.999997 0.001941
vn 0.000108 -0.999995 0.003294
vn -0.000141 0.999999 -0.001416
vn -0.000033 0.999998 -0.001881
vn -0.000016 0.999998 -0.001900
vn -0.000206 0.999999 -0.001416
vn -0.000198 -0.999995 0.003223
vn 0.000198 -0.999995 0.003223
vn 0.000108 -0.999995 0.003294
vn -0.000110 -0.999995 0.003294
vn -0.000033 0.999998 -0.001881
vn 0.000033 0.999998 -0.001881
vn 0.000016 0.999998 -0.001900
vn -0.000016 0.999998 -0.001900
vn 0.000033 0.999998 -0.001881
vn 0.000141 0.999999 -0.001416
vn 0.000206 0.999999 -0.001414
vn 0.000016 0.999998 -0.001900
vn -0.000868 -0.999997 0.002077
vn -0.000198 -0.999995 0.003223
vn -0.000110 -0.999995 0.003294
vn -0.001183 -0.999997 0.001941
vn 0.000141 0.999999 -0.001416
vn -0.001129 0.999998 -0.001915
vn -0.000925 0.999998 -0.001825
vn 0.000206 0.999999 -0.001414
vn 0.000663 -0.999997 0.002348
vn -0.000868 -0.999997 0.002077
vn -0.001183 -0.999997 0.001941
vn 0.000556 -0.999997 0.002365
vn -0.001129 0.999998 -0.001915
vn -0.001079 0.999999 -0.001170
vn -0.001163 0.999999 -0.001262
vn -0.000925 0.999998 -0.001825
vn 0.000627 -0.999999 0.001095
vn 0.000663 -0.999997 0.002348
vn 0.000556 -0.999997 0.002365
vn 0.000679 -0.999999 0.001187
vn -0.001079 0.999999 -0.001170
vn 0.000000 1.000000 0.000000
vn 0.000000 1.000000 0.000000
vn -0.001163 0.999999 -0.001262
vn 0.000001 -1.000000 0.000001
vn 0.000627 -0.999999 0.001095
vn 0.000679 -0.999999 0.001187
vn 0.000001 -1.000000 0.000001
vn 0.000000 1.000000 0.000000
vn 0.000000 1.000000 0.000000
vn 0.000000 1.000000 0.000000
vn 0.000000 1.000000 0.000000
vn 0.000001 -1.000000 0.000001
vn 0.000000 -1.000000 0.000000
vn 0.000000 -1.000000 0.000000
vn 0.000001 -1.000000 0.000001
vn -0.931053 -0.364884 -0.000001
vn -1.000000 0.000001 -0.000001
vn -1.000000 0.000001 -0.000001
vn -0.962708 -0.270542 -0.000001
vn -0.000000 -0.380985 -0.924581
vn -0.000000 -0.163530 -0.986538
vn -0.000000 -0.000001 -1.000000
vn -0.000000 -0.000001 -1.000000
vn -0.976944 -0.213494 0.000862
vn -0.920573 -0.390568 0.001578
vn -1.000000 0.000000 -0.000001
vn -1.000000 0.000000 -0.000001
vn 0.000002 -0.424196 -0.905570
vn 0.000001 -0.222030 -0.975040
vn 0.000001 -0.006583 -0.999978
vn 0.000001 -0.006583 -0.999978
vn -0.986962 -0.160950 0.000384
vn -0.937170 -0.348872 0.000833
vn -1.000000 0.000003 0.000000
vn -1.000000 0.000003 0.000000
vn -0.000000 -0.276703 -0.960956
vn -0.000000 -0.275830 -0.961206
vn -0.000000 -0.009798 -0.999952
vn -0.000000 -0.009798 -0.999952
vn 1.000000 0.000000 -0.000000
vn 1.000000 0.000000 -0.000000
vn 0.938094 -0.346381 0.000825
vn 0.987266 -0.159080 0.000379
vn -0.000000 -0.006583 -0.999978
vn -0.000000 -0.006583 -0.999978
vn -0.000000 -0.222792 -0.974866
vn -0.000000 -0.423745 -0.905782
vn 1.000000 0.000000 -0.000000
vn 1.000000 0.000000 -0.000000
vn 0.921514 -0.388342 0.001569
vn 0.977380 -0.211490 0.000855
vn 0.000003 0.000000 -1.000000
vn 0.000003 0.000000 -1.000000
vn 0.000003 -0.163529 -0.986539
vn 0.000003 -0.380636 -0.924725
vn 1.000000 -0.000002 -0.000002
vn 1.000000 -0.000002 -0.000002
vn 0.931052 -0.364886 -0.000001
vn 0.962708 -0.270544 -0.000001
vn -0.972750 -0.231858 -0.000001
vn -0.931053 -0.364884 -0.000001
vn -0.962708 -0.270542 -0.000001
vn -0.956621 -0.291334 -0.000001
vn -0.000000 -0.104397 -0.994536
vn -0.000000 -0.261729 -0.965141
vn -0.000000 -0.163530 -0.986538
vn -0.000000 -0.380985 -0.924581
vn -0.963807 -0.266599 0.001077
vn -0.990649 -0.136433 0.000551
vn -0.920573 -0.390568 0.001578
vn -0.976944 -0.213494 0.000862
vn 0.000001 -0.146282 -0.989243
vn 0.000001 -0.296317 -0.955090
vn 0.000001 -0.222030 -0.975040
vn 0.000002 -0.424196 -0.905570
vn -0.972009 -0.234941 0.000561
vn -0.994984 -0.100031 0.000239
vn -0.937170 -0.348872 0.000833
vn -0.986962 -0.160950 0.000384
vn -0.000000 -0.317008 -0.948423
vn -0.000000 -0.317433 -0.948281
vn -0.000000 -0.275830 -0.961206
vn -0.000000 -0.276703 -0.960956
vn 0.987266 -0.159080 0.000379
vn 0.938094 -0.346381 0.000825
vn 0.995102 -0.098851 0.000235
vn 0.972438 -0.233163 0.000556
vn -0.000000 -0.423745 -0.905782
vn -0.000000 -0.222792 -0.974866
vn -0.000000 -0.295978 -0.955195
vn -0.000000 -0.146849 -0.989159
vn 0.977380 -0.211490 0.000855
vn 0.921514 -0.388342 0.001569
vn 0.990827 -0.135133 0.000546
vn 0.964257 -0.264967 0.001070
vn 0.000003 -0.380636 -0.924725
vn 0.000003 -0.163529 -0.986539
vn 0.000003 -0.261729 -0.965141
vn 0.000003 -0.104843 -0.994489
vn 0.962708 -0.270544 -0.000001
vn 0.931052 -0.364886 -0.000001
vn 0.972750 -0.231858 -0.000001
vn 0.956621 -0.291335 -0.000001
vn 1.000000 0.000000 -0.000000
vn 1.000000 0.000000 -0.000000
vn 1.000000 0.000000 -0.000000
vn 1.000000 0.000000 -0.000000
vn 1.000000 0.000000 -0.000000
vn 1.000000 0.000000 -0.000000
vn 1.000000 0.000000 -0.000000
vn 1.000000 0.000000 -0.000000
vn 1.000000 0.000000 -0.000000
vn 1.000000 0.000000 -0.000000
vn 1.000000 0.000000 -0.000000
vn 1.000000 0.000000 -0.000000
vn 1.000000 0.000000 -0.000000
vn 1.000000 0.000000 -0.000000
vn 1.000000 0.000000 -0.000000
vn 1.000000 0.000000 -0.000000
vn 1.000000 0.000000 -0.000000
vn 1.000000 0.000000 -0.000000
vn 1.000000 0.000000 -0.000000
vn 1.000000 0.000000 -0.000000
vn 1.000000 0.000000 0.000000
vn 1.000000 0.000000 0.000000
vn 1.000000 0.000000 -0.000000
vn 1.000000 0.000000 -0.000000
vn 0.000000 1.000000 0.000000
vn 0.000000 1.000000 0.000000
vn 0.000000 1.000000 0.000000
vn 0.000000 1.000000 0.000000
vn 0.000000 1.000000 0.000000
vn 0.000000 1.000000 0.000000
vn 0.000000 1.000000 0.000000
vn 0.000000 1.000000 0.000000
vn -1.000000 0.000000 0.000000
vn -1.000000 0.000000 0.000000
vn -1.000000 0.000000 0.000000
vn -1.000000 0.000000 0.000000
vn -1.000000 0.000000 0.000000
vn -1.000000 0.000000 0.000000
vn -1.000000 0.000000 0.000000
vn -1.000000 0.000000 0.000000
vn -1.000000 0.000000 0.000000
vn -1.000000 0.000000 0.000000
vn -1.000000 0.000000 0.000000
vn -1.000000 0.000000 0.000000
vn -1.000000 0.000000 0.000000
vn -1.000000 0.000000 0.000000
vn -1.000000 0.000000 0.000000
vn -1.000000 0.000000 0.000000
vn -1.000000 0.000000 0.000000
vn -1.000000 0.000000 0.000000
vn -1.000000 0.000000 0.000000
vn -1.000000 0.000000 0.000000
vn -1.000000 0.000000 0.000000
vn -1.000000 0.000000 0.000000
vn -1.000000 0.000000 0.000000
vn -1.000000 0.000000 0.000000
vn 1.000000 0.000000 0.000001
vn 1.000000 0.000000 -0.000000
vn 0.541434 0.393866 0.742778
vn 0.541434 0.393866 0.742778
vn 0.541434 0.393866 0.742778
vn 0.541434 0.393866 0.742778
s off
g column_tall4
usemtl piedra_caseta_riotutte
f 2056/3299/6676 2091/3300/6677 2092/3301/6678 2057/3302/6679
f 2059/3303/6680 2057/3302/6681 2092/3301/6682 2093/3304/6683
f 2061/3305/6684 2059/3303/6685 2093/3304/6686 2094/3306/6687
f 2063/3307/6688 2061/3305/6689 2094/3306/6690 2095/3308/6691
f 2065/3309/6692 2063/3307/6693 2095/3308/6694 2096/3310/6695
f 2067/3311/6696 2065/3309/6697 2096/3310/6698 2097/3312/6699
f 2097/3312/6700 2098/3313/6701 2070/3314/6702 2067/3311/6703
f 2098/3313/6704 2099/3315/6705 2072/3316/6706 2070/3314/6707
f 2099/3315/6708 2100/3317/6709 2074/3318/6710 2072/3316/6711
f 2100/3317/6712 2101/3319/6713 2076/3320/6714 2074/3318/6715
f 2101/3319/6716 2102/3321/6717 2078/3322/6718 2076/3320/6719
f 2055/3323/6720 2042/3324/6721 2041/3325/6722 2058/3326/6723
f 2056/3327/6724 2057/3328/6725 2044/3329/6726 2043/3330/6727
f 2045/3331/6728 2044/3329/6729 2057/3328/6730 2059/3332/6731
f 2041/3325/6732 2040/3333/6733 2060/3334/6734 2058/3326/6735
f 2046/3335/6736 2045/3331/6737 2059/3332/6738 2061/3336/6739
f 2040/3333/6740 2039/3337/6741 2062/3338/6742 2060/3334/6743
f 2047/3339/6744 2046/3335/6745 2061/3336/6746 2063/3340/6747
f 2039/3337/6748 2038/3341/6749 2064/3342/6750 2062/3338/6751
f 2048/3343/6752 2047/3339/6753 2063/3340/6754 2065/3344/6755
f 2038/3341/6756 2037/3345/6757 2066/3346/6758 2064/3342/6759
f 2049/3347/6760 2048/3343/6761 2065/3344/6762 2067/3348/6763
f 2037/3345/6764 2036/3349/6765 2068/3350/6766 2066/3346/6767
f 2036/3349/6768 2035/3351/6769 2069/3352/6770 2068/3350/6771
f 2050/3353/6772 2049/3347/6773 2067/3348/6774 2070/3354/6775
f 2035/3351/6776 2034/3355/6777 2071/3356/6778 2069/3352/6779
f 2051/3357/6780 2050/3353/6781 2070/3354/6782 2072/3358/6783
f 2034/3355/6784 2033/3359/6785 2073/3360/6786 2071/3356/6787
f 2052/3361/6788 2051/3357/6789 2072/3358/6790 2074/3362/6791
f 2033/3359/6792 2032/3363/6793 2075/3364/6794 2073/3360/6795
f 2053/3365/6796 2052/3361/6797 2074/3362/6798 2076/3366/6799
f 2075/3364/6800 2032/3363/6801 2031/3367/6802 2077/3368/6803
f 2076/3366/6804 2078/3369/6805 2054/3370/6806 2053/3365/6807
f 2079/3371/6808 2055/3372/6809 2058/3373/6810 2080/3374/6811
f 2081/3375/6812 2080/3374/6813 2058/3373/6814 2060/3376/6815
f 2082/3377/6816 2081/3375/6817 2060/3376/6818 2062/3378/6819
f 2083/3379/6820 2082/3377/6821 2062/3378/6822 2064/3380/6823
f 2084/3381/6824 2083/3379/6825 2064/3380/6826 2066/3382/6827
f 2085/3383/6828 2084/3381/6829 2066/3382/6830 2068/3384/6831
f 2068/3384/6832 2069/3385/6833 2086/3386/6834 2085/3383/6835
f 2069/3385/6836 2071/3387/6837 2087/3388/6838 2086/3386/6839
f 2071/3387/6840 2073/3389/6841 2088/3390/6842 2087/3388/6843
f 2073/3389/6844 2075/3391/6845 2089/3392/6846 2088/3390/6847
f 2075/3391/6848 2077/3393/6849 2090/3394/6850 2089/3392/6851
f 2091/3395/6852 2079/3396/6853 2080/3397/6854 2092/3398/6855
f 2093/3399/6856 2092/3398/6857 2080/3397/6858 2081/3400/6859
f 2094/3401/6860 2093/3399/6861 2081/3400/6862 2082/3402/6863
f 2095/3403/6864 2094/3401/6865 2082/3402/6866 2083/3404/6867
f 2096/3405/6868 2095/3403/6869 2083/3404/6870 2084/3406/6871
f 2097/3407/6872 2096/3405/6873 2084/3406/6874 2085/3408/6875
f 2085/3408/6876 2086/3409/6877 2098/3410/6878 2097/3407/6879
f 2086/3409/6880 2087/3411/6881 2099/3412/6882 2098/3410/6883
f 2087/3411/6884 2088/3413/6885 2100/3414/6886 2099/3412/6887
f 2088/3413/6888 2089/3415/6889 2101/3416/6890 2100/3414/6891
f 2089/3415/6892 2090/3417/6893 2102/3418/6894 2101/3416/6895
f 2128/3419/6896 2163/3420/6897 2164/3421/6898 2129/3422/6899
f 2131/3423/6900 2129/3422/6901 2164/3421/6902 2165/3424/6903
f 2133/3425/6904 2131/3423/6905 2165/3424/6906 2166/3426/6907
f 2135/3427/6908 2133/3425/6909 2166/3426/6910 2167/3428/6911
f 2137/3429/6912 2135/3427/6913 2167/3428/6914 2168/3430/6915
f 2139/3431/6916 2137/3429/6917 2168/3430/6918 2169/3432/6919
f 2169/3432/6920 2170/3433/6921 2142/3434/6922 2139/3431/6923
f 2170/3433/6924 2171/3435/6925 2144/3436/6926 2142/3434/6927
f 2171/3435/6928 2172/3437/6929 2146/3438/6930 2144/3436/6931
f 2172/3437/6932 2173/3439/6933 2148/3440/6934 2146/3438/6935
f 2173/3439/6936 2174/3441/6937 2150/3442/6938 2148/3440/6939
f 2127/3443/6940 2114/3444/6941 2113/3445/6942 2130/3446/6943
f 2128/3447/6944 2129/3448/6945 2116/3449/6946 2115/3450/6947
f 2117/3451/6948 2116/3449/6949 2129/3448/6950 2131/3452/6951
f 2113/3445/6952 2112/3453/6953 2132/3454/6954 2130/3446/6955
f 2118/3455/6956 2117/3451/6957 2131/3452/6958 2133/3456/6959
f 2112/3453/6960 2111/3457/6961 2134/3458/6962 2132/3454/6963
f 2119/3459/6964 2118/3455/6965 2133/3456/6966 2135/3460/6967
f 2111/3457/6968 2110/3461/6969 2136/3462/6970 2134/3458/6971
f 2120/3463/6972 2119/3459/6973 2135/3460/6974 2137/3464/6975
f 2110/3461/6976 2109/3465/6977 2138/3466/6978 2136/3462/6979
f 2121/3467/6980 2120/3463/6981 2137/3464/6982 2139/3468/6983
f 2109/3465/6984 2108/3469/6985 2140/3470/6986 2138/3466/6987
f 2108/3469/6988 2107/3471/6989 2141/3472/6990 2140/3470/6991
f 2122/3473/6992 2121/3467/6993 2139/3468/6994 2142/3474/6995
f 2107/3471/6996 2106/3475/6997 2143/3476/6998 2141/3472/6999
f 2123/3477/7000 2122/3473/7001 2142/3474/7002 2144/3478/7003
f 2106/3475/7004 2105/3479/7005 2145/3480/7006 2143/3476/7007
f 2124/3481/7008 2123/3477/7009 2144/3478/7010 2146/3482/7011
f 2105/3479/7012 2104/3483/7013 2147/3484/7014 2145/3480/7015
f 2125/3485/7016 2124/3481/7017 2146/3482/7018 2148/3486/7019
f 2147/3484/7020 2104/3483/7021 2103/3487/7022 2149/3488/7023
f 2148/3486/7024 2150/3489/7025 2126/3490/7026 2125/3485/7027
f 2151/3491/7028 2127/3492/7029 2130/3493/7030 2152/3494/7031
f 2153/3495/7032 2152/3494/7033 2130/3493/7034 2132/3496/7035
f 2154/3497/7036 2153/3495/7037 2132/3496/7038 2134/3498/7039
f 2155/3499/7040 2154/3497/7041 2134/3498/7042 2136/3500/7043
f 2156/3501/7044 2155/3499/7045 2136/3500/7046 2138/3502/7047
f 2157/3503/7048 2156/3501/7049 2138/3502/7050 2140/3504/7051
f 2140/3504/7052 2141/3505/7053 2158/3506/7054 2157/3503/7055
f 2141/3505/7056 2143/3507/7057 2159/3508/7058 2158/3506/7059
f 2143/3507/7060 2145/3509/7061 2160/3510/7062 2159/3508/7063
f 2145/3509/7064 2147/3511/7065 2161/3512/7066 2160/3510/7067
f 2147/3511/7068 2149/3513/7069 2162/3514/7070 2161/3512/7071
f 2163/3515/7072 2151/3516/7073 2152/3517/7074 2164/3518/7075
f 2165/3519/7076 2164/3518/7077 2152/3517/7078 2153/3520/7079
f 2166/3521/7080 2165/3519/7081 2153/3520/7082 2154/3522/7083
f 2167/3523/7084 2166/3521/7085 2154/3522/7086 2155/3524/7087
f 2168/3525/7088 2167/3523/7089 2155/3524/7090 2156/3526/7091
f 2169/3527/7092 2168/3525/7093 2156/3526/7094 2157/3528/7095
f 2157/3528/7096 2158/3529/7097 2170/3530/7098 2169/3527/7099
f 2158/3529/7100 2159/3531/7101 2171/3532/7102 2170/3530/7103
f 2159/3531/7104 2160/3533/7105 2172/3534/7106 2171/3532/7107
f 2160/3533/7108 2161/3535/7109 2173/3536/7110 2172/3534/7111
f 2161/3535/7112 2162/3537/7113 2174/3538/7114 2173/3536/7115
f 2176/3539/7116 2205/3540/7117 2206/3541/7118 2180/3542/7119
f 2175/3543/7120 2177/3544/7121 2182/3545/7122 2183/3546/7123
f 2179/3547/7124 2176/3539/7125 2180/3542/7126 2184/3548/7127
f 2178/3549/7128 2175/3543/7129 2183/3546/7130 2181/3550/7131
f 2177/3544/7132 2179/3547/7133 2184/3548/7134 2182/3545/7135
f 2180/3542/7136 2206/3541/7137 2207/3551/7138 2185/3552/7139
f 2183/3546/7140 2182/3545/7141 2187/3553/7142 2188/3554/7143
f 2184/3548/7144 2180/3542/7145 2185/3552/7146 2189/3555/7147
f 2181/3550/7148 2183/3546/7149 2188/3554/7150 2186/3556/7151
f 2182/3545/7152 2184/3548/7153 2189/3555/7154 2187/3553/7155
f 2185/3552/7156 2207/3551/7157 2208/3557/7158 2190/3558/7159
f 2188/3554/7160 2187/3553/7161 2192/3559/7162 2193/3560/7163
f 2189/3555/7164 2185/3552/7165 2190/3558/7166 2194/3561/7167
f 2186/3556/7168 2188/3554/7169 2193/3560/7170 2191/3562/7171
f 2187/3553/7172 2189/3555/7173 2194/3561/7174 2192/3559/7175
f 2190/3558/7176 2208/3557/7177 2209/3563/7178 2195/3564/7179
f 2193/3560/7180 2192/3559/7181 2197/3565/7182 2198/3566/7183
f 2194/3561/7184 2190/3558/7185 2195/3564/7186 2199/3567/7187
f 2191/3562/7188 2193/3560/7189 2198/3566/7190 2196/3568/7191
f 2192/3559/7192 2194/3561/7193 2199/3567/7194 2197/3565/7195
f 2201/3569/7196 2200/3570/7197 2178/3549/7198 2181/3550/7199
f 2202/3571/7200 2201/3569/7201 2181/3550/7202 2186/3556/7203
f 2203/3572/7204 2202/3571/7205 2186/3556/7206 2191/3562/7207
f 2204/3573/7208 2203/3572/7209 2191/3562/7210 2196/3568/7211
f 2200/3570/7212 2211/3574/7213 2210/3575/7214 2178/3549/7215
f 2175/3543/7216 2213/3576/7217 2212/3577/7218 2177/3544/7219
f 2179/3547/7220 2215/3578/7221 2214/3579/7222 2176/3539/7223
f 2178/3549/7224 2210/3575/7225 2213/3576/7226 2175/3543/7227
f 2177/3544/7228 2212/3577/7229 2215/3578/7230 2179/3547/7231
f 2176/3539/7232 2214/3579/7233 2216/3580/7234 2205/3540/7235
f 2224/3581/7236 2253/3582/7237 2264/3583/7238 2262/3584/7239
f 2223/3585/7240 2225/3586/7241 2260/3587/7242 2261/3588/7243
f 2227/3589/7244 2224/3581/7245 2262/3584/7246 2263/3590/7247
f 2226/3591/7248 2223/3585/7249 2261/3588/7250 2258/3592/7251
f 2225/3586/7252 2227/3589/7253 2263/3590/7254 2260/3587/7255
f 2224/3581/7256 2228/3593/7257 2254/3594/7258 2253/3582/7259
f 2223/3585/7260 2231/3595/7261 2230/3596/7262 2225/3586/7263
f 2227/3589/7264 2232/3597/7265 2228/3593/7266 2224/3581/7267
f 2226/3591/7268 2229/3598/7269 2231/3595/7270 2223/3585/7271
f 2225/3586/7272 2230/3596/7273 2232/3597/7274 2227/3589/7275
f 2228/3593/7276 2233/3599/7277 2255/3600/7278 2254/3594/7279
f 2231/3595/7280 2236/3601/7281 2235/3602/7282 2230/3596/7283
f 2232/3597/7284 2237/3603/7285 2233/3599/7286 2228/3593/7287
f 2229/3598/7288 2234/3604/7289 2236/3601/7290 2231/3595/7291
f 2230/3596/7292 2235/3602/7293 2237/3603/7294 2232/3597/7295
f 2233/3599/7296 2238/3605/7297 2256/3606/7298 2255/3600/7299
f 2236/3601/7300 2241/3607/7301 2240/3608/7302 2235/3602/7303
f 2237/3603/7304 2242/3609/7305 2238/3605/7306 2233/3599/7307
f 2234/3604/7308 2239/3610/7309 2241/3607/7310 2236/3601/7311
f 2235/3602/7312 2240/3608/7313 2242/3609/7314 2237/3603/7315
f 2238/3605/7316 2243/3611/7317 2257/3612/7318 2256/3606/7319
f 2241/3607/7320 2246/3613/7321 2245/3614/7322 2240/3608/7323
f 2242/3609/7324 2247/3615/7325 2243/3611/7326 2238/3605/7327
f 2239/3610/7328 2244/3616/7329 2246/3613/7330 2241/3607/7331
f 2240/3608/7332 2245/3614/7333 2247/3615/7334 2242/3609/7335
f 2259/3617/7336 2248/3618/7337 2226/3591/7338 2258/3592/7339
f 2249/3619/7340 2229/3598/7341 2226/3591/7342 2248/3618/7343
f 2250/3620/7344 2234/3604/7345 2229/3598/7346 2249/3619/7347
f 2251/3621/7348 2239/3610/7349 2234/3604/7350 2250/3620/7351
f 2252/3622/7352 2244/3616/7353 2239/3610/7354 2251/3621/7355
f 2204/3573/7356 2196/3568/7357 2244/3616/7358 2252/3622/7359
f 2196/3568/7360 2198/3566/7361 2246/3613/7362 2244/3616/7363
f 2198/3566/7364 2197/3565/7365 2245/3614/7366 2246/3613/7367
f 2197/3565/7368 2199/3567/7369 2247/3615/7370 2245/3614/7371
f 2199/3567/7372 2195/3564/7373 2243/3611/7374 2247/3615/7375
f 2195/3564/7376 2209/3563/7377 2257/3612/7378 2243/3611/7379
s 1
f 2222/3623/7380 2220/3624/7381 2357/3625/7382 2358/3626/7383
s 2
f 2220/3624/7384 2221/3627/7385 2356/3628/7386 2357/3625/7387
s 3
f 2342/3633/7388 2343/3634/7389 2217/3635/7390 2219/3636/7391
s 4
f 2343/3634/7392 2344/3637/7393 2218/3638/7394 2217/3635/7395
s off
f 2200/3645/7396 2201/3646/7397 2268/3647/7398 2267/3648/7399
f 2201/3646/7400 2202/3649/7401 2268/3647/7402
f 2202/3649/7403 2203/3650/7404 2267/3648/7405 2268/3647/7406
f 2203/3650/7407 2204/3651/7408 2267/3648/7409
f 2211/3652/7410 2200/3645/7411 2267/3648/7412
f 2248/3653/7413 2259/3654/7414 2267/3648/7415
f 2249/3655/7416 2248/3653/7417 2267/3648/7418 2269/3656/7419
f 2250/3657/7420 2249/3655/7421 2269/3656/7422
f 2251/3658/7423 2250/3657/7424 2269/3656/7425 2267/3648/7426
f 2252/3659/7427 2251/3658/7428 2267/3648/7429
f 2204/3651/7430 2252/3659/7431 2267/3648/7432
f 2259/3654/7433 2265/3660/7434 2267/3648/7435
f 2266/3661/7436 2359/3799/7437 2211/3652/7438 2267/3648/7439
f 2295/3662/7440 2330/3663/7441 2331/3664/7442 2296/3665/7443
f 2298/3666/7444 2296/3665/7445 2331/3664/7446 2332/3667/7447
f 2300/3668/7448 2298/3666/7449 2332/3667/7450 2333/3669/7451
f 2302/3670/7452 2300/3668/7453 2333/3669/7454 2334/3671/7455
f 2304/3672/7456 2302/3670/7457 2334/3671/7458 2335/3673/7459
f 2306/3674/7460 2304/3672/7461 2335/3673/7462 2336/3675/7463
f 2336/3675/7464 2337/3676/7465 2309/3677/7466 2306/3674/7467
f 2337/3676/7468 2338/3678/7469 2311/3679/7470 2309/3677/7471
f 2338/3678/7472 2339/3680/7473 2313/3681/7474 2311/3679/7475
f 2339/3680/7476 2340/3682/7477 2315/3683/7478 2313/3681/7479
f 2340/3682/7480 2341/3684/7481 2317/3685/7482 2315/3683/7483
f 2294/3686/7484 2281/3687/7485 2280/3688/7486 2297/3689/7487
f 2295/3690/7488 2296/3691/7489 2283/3692/7490 2282/3693/7491
f 2284/3694/7492 2283/3692/7493 2296/3691/7494 2298/3695/7495
f 2280/3688/7496 2279/3696/7497 2299/3697/7498 2297/3689/7499
f 2285/3698/7500 2284/3694/7501 2298/3695/7502 2300/3699/7503
f 2279/3696/7504 2278/3700/7505 2301/3701/7506 2299/3697/7507
f 2286/3702/7508 2285/3698/7509 2300/3699/7510 2302/3703/7511
f 2278/3700/7512 2277/3704/7513 2303/3705/7514 2301/3701/7515
f 2287/3706/7516 2286/3702/7517 2302/3703/7518 2304/3707/7519
f 2277/3704/7520 2276/3708/7521 2305/3709/7522 2303/3705/7523
f 2288/3710/7524 2287/3706/7525 2304/3707/7526 2306/3711/7527
f 2276/3708/7528 2275/3712/7529 2307/3713/7530 2305/3709/7531
f 2275/3712/7532 2274/3714/7533 2308/3715/7534 2307/3713/7535
f 2289/3716/7536 2288/3710/7537 2306/3711/7538 2309/3717/7539
f 2274/3714/7540 2273/3718/7541 2310/3719/7542 2308/3715/7543
f 2290/3720/7544 2289/3716/7545 2309/3717/7546 2311/3721/7547
f 2273/3718/7548 2272/3722/7549 2312/3723/7550 2310/3719/7551
f 2291/3724/7552 2290/3720/7553 2311/3721/7554 2313/3725/7555
f 2272/3722/7556 2271/3726/7557 2314/3727/7558 2312/3723/7559
f 2292/3728/7560 2291/3724/7561 2313/3725/7562 2315/3729/7563
f 2314/3727/7564 2271/3726/7565 2270/3730/7566 2316/3731/7567
f 2315/3729/7568 2317/3732/7569 2293/3733/7570 2292/3728/7571
f 2318/3734/7572 2294/3735/7573 2297/3736/7574 2319/3737/7575
f 2320/3738/7576 2319/3737/7577 2297/3736/7578 2299/3739/7579
f 2321/3740/7580 2320/3738/7581 2299/3739/7582 2301/3741/7583
f 2322/3742/7584 2321/3740/7585 2301/3741/7586 2303/3743/7587
f 2323/3744/7588 2322/3742/7589 2303/3743/7590 2305/3745/7591
f 2324/3746/7592 2323/3744/7593 2305/3745/7594 2307/3747/7595
f 2307/3747/7596 2308/3748/7597 2325/3749/7598 2324/3746/7599
f 2308/3748/7600 2310/3750/7601 2326/3751/7602 2325/3749/7603
f 2310/3750/7604 2312/3752/7605 2327/3753/7606 2326/3751/7607
f 2312/3752/7608 2314/3754/7609 2328/3755/7610 2327/3753/7611
f 2314/3754/7612 2316/3756/7613 2329/3757/7614 2328/3755/7615
f 2330/3758/7616 2318/3759/7617 2319/3760/7618 2331/3761/7619
f 2332/3762/7620 2331/3761/7621 2319/3760/7622 2320/3763/7623
f 2333/3764/7624 2332/3762/7625 2320/3763/7626 2321/3765/7627
f 2334/3766/7628 2333/3764/7629 2321/3765/7630 2322/3767/7631
f 2335/3768/7632 2334/3766/7633 2322/3767/7634 2323/3769/7635
f 2336/3770/7636 2335/3768/7637 2323/3769/7638 2324/3771/7639
f 2324/3771/7640 2325/3772/7641 2337/3773/7642 2336/3770/7643
f 2325/3772/7644 2326/3774/7645 2338/3775/7646 2337/3773/7647
f 2326/3774/7648 2327/3776/7649 2339/3777/7650 2338/3775/7651
f 2327/3776/7652 2328/3778/7653 2340/3779/7654 2339/3777/7655
f 2328/3778/7656 2329/3780/7657 2341/3781/7658 2340/3779/7659
s 3
f 2216/3639/7660 2214/3640/7661 2343/3634/7389 2342/3633/7388
s 4
f 2214/3640/7662 2215/3641/7663 2344/3637/7393 2343/3634/7392
s off
f 2215/3641/7664 2212/3642/7665 2345/3644/7666 2344/3637/7667
f 2212/3642/7668 2213/3782/7669 2346/3783/7670 2345/3644/7671
f 2213/3782/7672 2210/3784/7673 2347/3785/7674 2346/3783/7675
f 2210/3784/7676 2211/3786/7677 2348/3787/7678 2347/3785/7679
s 5
f 2359/3788/7680 2360/3789/7681 2348/3787/7682 2211/3786/7683
s off
f 2350/3801/7684 2349/3802/7685 2266/3803/7686 2267/3804/7687
f 2351/3805/7688 2350/3801/7689 2267/3804/7690 2265/3806/7691
f 2259/3629/7692 2352/3630/7693 2351/3631/7694 2265/3632/7695
f 2353/3643/7696 2352/3630/7697 2259/3629/7698 2258/3790/7699
f 2354/3791/7700 2353/3643/7701 2258/3790/7702 2261/3792/7703
f 2355/3793/7704 2354/3791/7705 2261/3792/7706 2260/3794/7707
f 2356/3628/7708 2355/3793/7709 2260/3794/7710 2263/3795/7711
s 2
f 2357/3625/7387 2356/3628/7386 2263/3795/7712 2262/3796/7713
s 1
f 2358/3626/7383 2357/3625/7382 2262/3796/7714 2264/3797/7715
s 5
f 2349/3798/7716 2360/3789/7681 2359/3788/7680 2266/3800/7717
s off
f 2349/3807/7718 2350/3808/7719 2361/3809/7720 2360/3810/7721
g default
v -1.466824 4.475574 6.390271
v -1.334818 4.475574 6.390271
v -1.466824 4.471246 6.526365
v -1.334818 4.471246 6.526365
v -1.466824 5.223538 6.574755
v -1.334818 5.223538 6.574755
v -1.466824 5.227868 6.438666
v -1.334818 5.227868 6.438666
vt 0.878530 0.176014
vt 0.882826 0.098801
vt 0.896790 0.099124
vt 0.892495 0.176338
vt 0.874562 0.098063
vt 0.870266 0.020850
vt 0.884230 0.020527
vt 0.888526 0.097740
vt 0.961173 0.020527
vt 0.974725 0.020527
vt 0.974725 0.097800
vt 0.961173 0.097800
vt 0.955270 0.172459
vt 0.968822 0.172459
vt 0.968822 0.249732
vt 0.955270 0.249732
vt 0.961173 0.153932
vt 0.974716 0.153932
vt 0.974716 0.167899
vt 0.961173 0.167899
vt 0.828945 0.221048
vt 0.842488 0.221048
vt 0.842488 0.235014
vt 0.828945 0.235014
vn 0.000000 -0.999494 -0.031790
vn 0.000000 -0.999494 -0.031790
vn 0.000000 -0.999494 -0.031790
vn 0.000000 -0.999494 -0.031790
vn 0.000000 -0.064191 0.997938
vn 0.000000 -0.064191 0.997938
vn 0.000000 -0.064191 0.997938
vn 0.000000 -0.064191 0.997938
vn 0.000000 0.999494 0.031797
vn 0.000000 0.999494 0.031797
vn 0.000000 0.999494 0.031797
vn 0.000000 0.999494 0.031797
vn 0.000000 0.064197 -0.997937
vn 0.000000 0.064197 -0.997937
vn 0.000000 0.064197 -0.997937
vn 0.000000 0.064197 -0.997937
vn 1.000000 -0.000000 0.000000
vn 1.000000 -0.000000 0.000000
vn 1.000000 -0.000000 0.000000
vn 1.000000 -0.000000 0.000000
vn -1.000000 0.000000 -0.000000
vn -1.000000 0.000000 -0.000000
vn -1.000000 0.000000 -0.000000
vn -1.000000 0.000000 -0.000000
s off
g pCube5
usemtl vigas_caseta_riotutte
f 2362/3827/7722 2363/3828/7723 2365/3829/7724 2364/3830/7725
f 2364/3819/7726 2365/3820/7727 2367/3821/7728 2366/3822/7729
f 2366/3831/7730 2367/3832/7731 2369/3833/7732 2368/3834/7733
f 2368/3823/7734 2369/3824/7735 2363/3825/7736 2362/3826/7737
f 2363/3811/7738 2369/3812/7739 2367/3813/7740 2365/3814/7741
f 2368/3815/7742 2362/3816/7743 2364/3817/7744 2366/3818/7745
g default
v -1.493458 4.266346 6.415105
v -0.727744 4.266346 6.415105
v -1.493458 4.421102 6.415105
v -0.727744 4.421102 6.415105
v -1.493458 4.421102 6.260349
v -0.727744 4.421102 6.260349
v -1.493458 4.266346 6.260349
v -0.727744 4.266346 6.260349
vt 0.572640 0.016328
vt 0.589921 0.016328
vt 0.572640 0.033609
vt 0.589921 0.033609
vt 0.572640 0.050889
vt 0.589921 0.050889
vt 0.572640 0.068170
vt 0.589921 0.068170
vt 0.572640 0.085451
vt 0.589921 0.085451
vt 0.607202 0.016328
vt 0.607202 0.033609
vt 0.555359 0.016328
vt 0.555359 0.033609
vn 0.000000 0.000000 1.000000
vn 0.000000 0.000000 1.000000
vn 0.000000 0.000000 1.000000
vn 0.000000 0.000000 1.000000
vn 0.000000 1.000000 0.000000
vn 0.000000 1.000000 0.000000
vn 0.000000 1.000000 0.000000
vn 0.000000 1.000000 0.000000
vn 0.000000 0.000000 -1.000000
vn 0.000000 0.000000 -1.000000
vn 0.000000 0.000000 -1.000000
vn 0.000000 0.000000 -1.000000
vn 0.000000 -1.000000 0.000000
vn 0.000000 -1.000000 0.000000
vn 0.000000 -1.000000 0.000000
vn 0.000000 -1.000000 0.000000
vn 1.000000 0.000000 0.000000
vn 1.000000 0.000000 0.000000
vn 1.000000 0.000000 0.000000
vn 1.000000 0.000000 0.000000
vn -1.000000 0.000000 0.000000
vn -1.000000 0.000000 0.000000
vn -1.000000 0.000000 0.000000
vn -1.000000 0.000000 0.000000
s off
g pCube11
usemtl vigas_caseta_riotutte
f 2370/3835/7746 2371/3836/7747 2373/3838/7748 2372/3837/7749
f 2372/3837/7750 2373/3838/7751 2375/3840/7752 2374/3839/7753
f 2374/3839/7754 2375/3840/7755 2377/3842/7756 2376/3841/7757
f 2376/3841/7758 2377/3842/7759 2371/3844/7760 2370/3843/7761
f 2371/3836/7762 2377/3845/7763 2375/3846/7764 2373/3838/7765
f 2376/3847/7766 2370/3835/7767 2372/3837/7768 2374/3848/7769
g default
v -1.478370 4.536243 7.602085
v -1.323272 4.536243 7.602085
v -1.478370 4.675438 7.681588
v -1.323272 4.675438 7.681588
v -1.478370 5.519322 6.056666
v -1.323272 5.519322 6.056666
v -1.478370 5.380126 5.977163
v -1.323272 5.380126 5.977163
vt 0.719148 0.208309
vt 0.723314 0.020526
vt 0.739727 0.021547
vt 0.735560 0.209331
vt 0.745746 0.209331
vt 0.741580 0.021548
vt 0.757992 0.020526
vt 0.762158 0.208310
vt 0.764011 0.020527
vt 0.779924 0.020527
vt 0.779924 0.208333
vt 0.764011 0.208333
vt 0.781720 0.020527
vt 0.797633 0.020527
vt 0.797633 0.208333
vt 0.781720 0.208333
vt 0.844293 0.217183
vt 0.860218 0.217183
vt 0.860218 0.233611
vt 0.844293 0.233611
vt 0.719148 0.210216
vt 0.735074 0.210216
vt 0.735074 0.226644
vt 0.719148 0.226644
vn 0.000000 -0.495969 0.868341
vn 0.000000 -0.495969 0.868341
vn 0.000000 -0.495969 0.868341
vn 0.000000 -0.495969 0.868341
vn 0.000000 0.887457 0.460890
vn 0.000000 0.887457 0.460890
vn 0.000000 0.887457 0.460890
vn 0.000000 0.887457 0.460890
vn 0.000000 0.495969 -0.868341
vn 0.000000 0.495969 -0.868341
vn 0.000000 0.495969 -0.868341
vn 0.000000 0.495969 -0.868341
vn 0.000000 -0.887457 -0.460890
vn 0.000000 -0.887457 -0.460890
vn 0.000000 -0.887457 -0.460890
vn 0.000000 -0.887457 -0.460890
vn 1.000000 0.000000 0.000000
vn 1.000000 0.000000 0.000000
vn 1.000000 0.000000 0.000000
vn 1.000000 0.000000 0.000000
vn -1.000000 -0.000000 -0.000000
vn -1.000000 -0.000000 -0.000000
vn -1.000000 -0.000000 -0.000000
vn -1.000000 -0.000000 -0.000000
s off
g pCube4
usemtl vigas_caseta_riotutte
f 2378/3865/7770 2379/3866/7771 2381/3867/7772 2380/3868/7773
f 2380/3857/7774 2381/3858/7775 2383/3859/7776 2382/3860/7777
f 2382/3869/7778 2383/3870/7779 2385/3871/7780 2384/3872/7781
f 2384/3861/7782 2385/3862/7783 2379/3863/7784 2378/3864/7785
f 2379/3849/7786 2385/3850/7787 2383/3851/7788 2381/3852/7789
f 2384/3853/7790 2378/3854/7791 2380/3855/7792 2382/3856/7793
g default
v -1.248843 -0.012801 5.740679
v -1.263009 -0.012801 5.687811
v -1.301712 -0.012801 5.649108
v -1.354581 -0.012801 5.634941
v -1.407450 -0.012801 5.649108
v -1.446152 -0.012801 5.687811
v -1.460319 -0.012801 5.740679
v -1.263009 5.593827 5.687811
v -1.301712 5.588042 5.649108
v -1.354581 5.587543 5.634941
v -1.407450 5.592463 5.649108
v -1.446152 5.601484 5.687811
v -1.460319 5.612190 5.740679
v -1.248843 5.603346 5.740678
v -1.354581 5.597655 5.687811
v -1.354581 5.607768 5.740679
vt 0.478652 0.155103
vt 0.481859 0.155103
vt 0.485066 0.155102
vt 0.488273 0.155102
vt 0.491480 0.155101
vt 0.494687 0.155101
vt 0.497894 0.155100
vt 0.483206 0.484236
vt 0.485116 0.478384
vt 0.488323 0.478354
vt 0.491531 0.478642
vt 0.493943 0.484164
vt 0.497945 0.479797
vt 0.482422 0.487395
vt 0.488529 0.481047
vt 0.488575 0.484200
vt 0.488621 0.487353
vt 0.494820 0.487311
vt 0.494738 0.479170
vt 0.491641 0.481871
vt 0.485442 0.481913
vt 0.481909 0.478723
vt 0.478702 0.479281
vn 0.965924 -0.000000 -0.258826
vn 0.866113 -0.000000 -0.499848
vn 0.877461 -0.000000 -0.479649
vn 0.965924 -0.000000 -0.258826
vn 0.500068 0.000000 -0.865986
vn 0.508245 0.000000 -0.861213
vn -0.000054 0.000000 -1.000000
vn -0.006714 0.000000 -0.999977
vn -0.500146 0.000000 -0.865941
vn -0.518287 0.000000 -0.855207
vn -0.866139 0.000000 -0.499802
vn -0.880793 0.000000 -0.473502
vn -0.965924 0.000000 -0.258826
vn -0.965924 0.000000 -0.258827
vn 0.041036 0.981366 -0.187713
vn 0.041036 0.981366 -0.187713
vn 0.041036 0.981366 -0.187716
vn 0.041036 0.981366 -0.187716
vn 0.041033 0.981364 -0.187723
vn 0.041033 0.981364 -0.187723
vn 0.041032 0.981367 -0.187709
vn 0.041032 0.981367 -0.187709
vn 0.041030 0.981370 -0.187696
vn 0.041030 0.981370 -0.187696
vn 0.041035 0.981365 -0.187720
vn 0.041035 0.981365 -0.187720
s 1
g column_detail5
usemtl piedra_caseta_riotutte
f 2386/3873/7794 2387/3874/7795 2393/3894/7796 2399/3895/7797
f 2387/3874/7795 2388/3875/7798 2394/3881/7799 2393/3894/7796
f 2388/3875/7798 2389/3876/7800 2395/3882/7801 2394/3881/7799
f 2389/3876/7800 2390/3877/7802 2396/3883/7803 2395/3882/7801
f 2390/3877/7802 2391/3878/7804 2397/3891/7805 2396/3883/7803
f 2391/3878/7804 2392/3879/7806 2398/3885/7807 2397/3891/7805
s 2
f 2399/3886/7808 2393/3880/7809 2400/3888/7810 2401/3889/7811
s 3
f 2393/3880/7812 2394/3893/7813 2395/3887/7814 2400/3888/7815
f 2400/3888/7815 2395/3887/7814 2396/3892/7816 2397/3884/7817
s 2
f 2401/3889/7811 2400/3888/7810 2397/3884/7818 2398/3890/7819
g default
v -3.274480 4.608100 6.549516
v -3.182700 4.369295 6.549516
v -2.744911 4.608100 7.011449
v -2.744911 4.369295 7.011449
v -3.246635 4.608100 6.105760
v -3.182700 4.369295 6.105760
v -2.616848 4.608100 7.374490
v -2.616848 4.369295 7.374490
v -1.505728 4.608100 6.549516
v -1.505728 4.369295 6.549516
v -1.505728 4.608100 7.011449
v -1.505728 4.369295 7.011449
v -1.505728 4.608100 6.105760
v -1.505728 4.369295 6.105760
v -1.505728 4.608100 7.374490
v -1.505728 4.369295 7.374490
vt 0.618509 0.117225
vt 0.489072 0.112113
vt 0.591285 0.086334
vt 0.516221 0.086550
vt 0.644501 0.115462
vt 0.541266 0.097535
vt 0.561554 0.012669
vt 0.537517 0.079115
vt 0.617982 0.013589
vt 0.489390 0.013854
vt 0.590916 0.013726
vt 0.516456 0.013941
vt 0.643983 0.013457
vt 0.463388 0.013770
vt 0.569644 0.013835
vt 0.537728 0.014010
vt 0.547593 0.012746
vt 0.547717 0.035253
vt 0.569975 0.078938
vt 0.561679 0.035175
vt 0.547923 0.072460
vt 0.562391 0.076254
vt 0.463071 0.112029
vt 0.555235 0.101244
vn 0.000000 1.000000 0.000000
vn 0.000000 1.000000 0.000000
vn 0.000000 1.000000 0.000000
vn 0.000000 1.000000 0.000000
vn -0.852625 -0.215579 0.475979
vn -0.879990 -0.232029 0.414463
vn -0.950323 -0.309833 -0.029816
vn -0.950323 -0.309833 -0.029816
vn 0.000000 1.000000 0.000000
vn 0.000000 1.000000 0.000000
vn -0.800271 -0.086109 0.593424
vn -0.800271 -0.086109 0.593424
vn 0.000000 1.000000 0.000000
vn 0.000000 1.000000 0.000000
vn -0.943047 0.000000 0.332660
vn -0.943047 0.000000 0.332660
vn 0.000000 -1.000000 0.000000
vn 0.000000 -1.000000 0.000000
vn 0.000000 -1.000000 0.000000
vn 0.000000 -1.000000 0.000000
vn 0.000000 -1.000000 0.000000
vn 0.000000 -1.000000 0.000000
vn 0.000000 -1.000000 0.000000
vn 0.000000 -1.000000 0.000000
s 1
g pCube1
usemtl piedra_caseta_riotutte
f 2402/3896/7820 2410/3904/7821 2414/3908/7822 2406/3900/7823
s 2
f 2403/3916/7824 2402/3917/7825 2406/3919/7826 2407/3901/7827
s 1
f 2404/3898/7828 2412/3906/7829 2410/3904/7821 2402/3896/7820
s 2
f 2405/3913/7830 2404/3915/7831 2402/3917/7825 2403/3916/7824
s 1
f 2408/3914/7832 2416/3910/7833 2412/3906/7829 2404/3898/7828
s 2
f 2409/3912/7834 2408/3902/7835 2404/3915/7831 2405/3913/7830
s 3
f 2415/3909/7836 2411/3905/7837 2403/3897/7838 2407/3918/7839
f 2411/3905/7837 2413/3907/7840 2405/3899/7841 2403/3897/7838
f 2413/3907/7840 2417/3911/7842 2409/3903/7843 2405/3899/7841
g default
v -1.988994 4.584341 7.636225
v -1.833896 4.584341 7.636225
v -1.988994 4.659080 7.684049
v -1.833896 4.659080 7.684049
v -1.988994 4.943064 7.122128
v -1.833896 4.979577 7.049880
v -1.988994 4.865345 7.080198
v -1.833896 4.901859 7.007949
vt 0.961173 0.152290
vt 0.962255 0.098685
vt 0.974449 0.098940
vt 0.973357 0.153048
vt 0.783066 0.257161
vt 0.770872 0.257417
vt 0.769914 0.209975
vt 0.782098 0.209217
vt 0.937561 0.020527
vt 0.953472 0.020527
vt 0.953472 0.093416
vt 0.937561 0.085112
vt 0.937561 0.195015
vt 0.953472 0.186711
vt 0.953472 0.258923
vt 0.937561 0.258923
vt 0.913948 0.114620
vt 0.925797 0.114620
vt 0.925797 0.126843
vt 0.913948 0.126843
vt 0.905684 0.221351
vt 0.918233 0.221219
vt 0.918233 0.234174
vt 0.905684 0.234307
vn 0.000000 -0.538982 0.842317
vn 0.000000 -0.538982 0.842317
vn 0.000000 -0.538982 0.842317
vn 0.000000 -0.538982 0.842317
vn -0.000002 0.892498 0.451051
vn -0.000002 0.892498 0.451051
vn -0.000002 0.892498 0.451051
vn -0.000002 0.892498 0.451051
vn 1.000000 0.000000 0.000000
vn 1.000000 0.000000 0.000000
vn 1.000000 0.000000 0.000000
vn 1.000000 0.000000 0.000000
vn 0.000001 -0.892498 -0.451051
vn 0.000001 -0.892498 -0.451051
vn 0.000001 -0.892498 -0.451051
vn 0.000001 -0.892498 -0.451051
vn -1.000000 0.000000 0.000000
vn -1.000000 0.000000 0.000000
vn -1.000000 0.000000 0.000000
vn -1.000000 0.000000 0.000000
vn -0.462569 0.420966 -0.780268
vn -0.462569 0.420965 -0.780268
vn -0.462569 0.420966 -0.780268
vn -0.462569 0.420966 -0.780268
s off
g pCube10
usemtl vigas_caseta_riotutte
f 2418/3936/7844 2419/3937/7845 2421/3938/7846 2420/3939/7847
f 2420/3928/7848 2421/3929/7849 2423/3930/7850 2422/3931/7851
f 2419/3920/7852 2425/3921/7853 2423/3922/7854 2421/3923/7855
f 2424/3932/7856 2425/3933/7857 2419/3934/7858 2418/3935/7859
f 2422/3924/7860 2424/3925/7861 2418/3926/7862 2420/3927/7863
f 2422/3940/7864 2423/3941/7865 2425/3942/7866 2424/3943/7867
g default
v -2.889727 1.012695 7.804869
v -1.572301 0.951795 7.767405
v -2.881288 1.194782 7.805635
v -1.563862 1.133882 7.768171
v -2.883146 1.195145 7.739733
v -1.565720 1.134245 7.702269
v -2.891585 1.013059 7.738967
v -1.574159 0.952158 7.701503
vt 0.177784 0.023473
vt 0.254565 0.024872
vt 0.177591 0.034081
vt 0.254372 0.035480
vt 0.177521 0.037917
vt 0.254302 0.039317
vt 0.177328 0.048525
vt 0.254109 0.049925
vt 0.177258 0.052362
vt 0.254039 0.053762
vt 0.258402 0.024942
vt 0.258209 0.035550
vt 0.173948 0.023403
vt 0.173754 0.034011
vn 0.028171 -0.005511 0.999588
vn 0.028171 -0.005511 0.999588
vn 0.028171 -0.005511 0.999588
vn 0.028171 -0.005511 0.999588
vn 0.046296 0.998919 0.004202
vn 0.046296 0.998919 0.004202
vn 0.046296 0.998919 0.004202
vn 0.046296 0.998919 0.004202
vn -0.028171 0.005511 -0.999588
vn -0.028171 0.005511 -0.999588
vn -0.028171 0.005511 -0.999588
vn -0.028171 0.005511 -0.999588
vn -0.046296 -0.998919 -0.004202
vn -0.046296 -0.998919 -0.004202
vn -0.046296 -0.998919 -0.004202
vn -0.046296 -0.998919 -0.004202
vn 0.998531 -0.046159 -0.028395
vn 0.998531 -0.046159 -0.028395
vn 0.998531 -0.046159 -0.028395
vn 0.998531 -0.046159 -0.028395
vn -0.998531 0.046159 0.028395
vn -0.998531 0.046159 0.028395
vn -0.998531 0.046159 0.028395
vn -0.998531 0.046159 0.028395
s off
g pCube33
usemtl vigas_caseta_riotutte
f 2426/3944/7868 2427/3945/7869 2429/3947/7870 2428/3946/7871
f 2428/3946/7872 2429/3947/7873 2431/3949/7874 2430/3948/7875
f 2430/3948/7876 2431/3949/7877 2433/3951/7878 2432/3950/7879
f 2432/3950/7880 2433/3951/7881 2427/3953/7882 2426/3952/7883
f 2427/3945/7884 2433/3954/7885 2431/3955/7886 2429/3947/7887
f 2432/3956/7888 2426/3944/7889 2428/3946/7890 2430/3957/7891
g default
v -2.889727 1.241212 7.804869
v -1.572301 1.180312 7.767405
v -2.881288 1.423299 7.805635
v -1.563862 1.362398 7.768171
v -2.883146 1.423662 7.739733
v -1.565720 1.362762 7.702269
v -2.891585 1.241575 7.738967
v -1.574159 1.180675 7.701503
vt 0.179945 0.082751
vt 0.256726 0.084150
vt 0.179751 0.093359
vt 0.256532 0.094758
vt 0.179681 0.097195
vt 0.256462 0.098595
vt 0.179488 0.107804
vt 0.256269 0.109203
vt 0.179418 0.111640
vt 0.256199 0.113040
vt 0.260562 0.084220
vt 0.260369 0.094828
vt 0.176108 0.082681
vt 0.175915 0.093289
vn 0.028171 -0.005511 0.999588
vn 0.028171 -0.005511 0.999588
vn 0.028171 -0.005511 0.999588
vn 0.028171 -0.005511 0.999588
vn 0.046296 0.998919 0.004202
vn 0.046296 0.998919 0.004202
vn 0.046296 0.998919 0.004202
vn 0.046296 0.998919 0.004202
vn -0.028171 0.005511 -0.999588
vn -0.028171 0.005511 -0.999588
vn -0.028171 0.005511 -0.999588
vn -0.028171 0.005511 -0.999588
vn -0.046296 -0.998919 -0.004202
vn -0.046296 -0.998919 -0.004202
vn -0.046296 -0.998919 -0.004202
vn -0.046296 -0.998919 -0.004202
vn 0.998531 -0.046159 -0.028395
vn 0.998531 -0.046159 -0.028395
vn 0.998531 -0.046159 -0.028395
vn 0.998531 -0.046159 -0.028395
vn -0.998531 0.046159 0.028395
vn -0.998531 0.046159 0.028395
vn -0.998531 0.046159 0.028395
vn -0.998531 0.046159 0.028395
s off
g pCube32
usemtl vigas_caseta_riotutte
f 2434/3958/7892 2435/3959/7893 2437/3961/7894 2436/3960/7895
f 2436/3960/7896 2437/3961/7897 2439/3963/7898 2438/3962/7899
f 2438/3962/7900 2439/3963/7901 2441/3965/7902 2440/3964/7903
f 2440/3964/7904 2441/3965/7905 2435/3967/7906 2434/3966/7907
f 2435/3959/7908 2441/3968/7909 2439/3969/7910 2437/3961/7911
f 2440/3970/7912 2434/3958/7913 2436/3960/7914 2438/3971/7915
g default
v -2.870959 0.587529 7.803748
v -1.561238 0.742628 7.767692
v -2.892351 0.768546 7.805349
v -1.582631 0.923646 7.769293
v -2.894209 0.768909 7.739447
v -1.584488 0.924009 7.703391
v -2.872816 0.587892 7.737846
v -1.563096 0.742992 7.701790
vt 0.276810 0.178206
vt 0.353591 0.179605
vt 0.276617 0.188814
vt 0.353398 0.190213
vt 0.276547 0.192651
vt 0.353328 0.194050
vt 0.276353 0.203259
vt 0.353134 0.204658
vt 0.276283 0.207095
vt 0.353064 0.208495
vt 0.357428 0.179675
vt 0.357234 0.190283
vt 0.272973 0.178136
vt 0.272780 0.188744
vn 0.028171 -0.005511 0.999588
vn 0.028171 -0.005511 0.999588
vn 0.028171 -0.005511 0.999588
vn 0.028171 -0.005511 0.999588
vn -0.117357 0.993051 0.008782
vn -0.117357 0.993051 0.008782
vn -0.117357 0.993051 0.008782
vn -0.117357 0.993051 0.008782
vn -0.028171 0.005511 -0.999588
vn -0.028171 0.005511 -0.999588
vn -0.028171 0.005511 -0.999588
vn -0.028171 0.005511 -0.999588
vn 0.117357 -0.993051 -0.008782
vn 0.117357 -0.993051 -0.008782
vn 0.117357 -0.993051 -0.008782
vn 0.117357 -0.993051 -0.008782
vn 0.992690 0.117556 -0.027328
vn 0.992690 0.117556 -0.027328
vn 0.992690 0.117556 -0.027328
vn 0.992690 0.117556 -0.027328
vn -0.992690 -0.117556 0.027328
vn -0.992690 -0.117556 0.027328
vn -0.992690 -0.117556 0.027328
vn -0.992690 -0.117556 0.027328
s off
g pCube34
usemtl vigas_caseta_riotutte
f 2442/3972/7916 2443/3973/7917 2445/3975/7918 2444/3974/7919
f 2444/3974/7920 2445/3975/7921 2447/3977/7922 2446/3976/7923
f 2446/3976/7924 2447/3977/7925 2449/3979/7926 2448/3978/7927
f 2448/3978/7928 2449/3979/7929 2443/3981/7930 2442/3980/7931
f 2443/3973/7932 2449/3982/7933 2447/3983/7934 2445/3975/7935
f 2448/3984/7936 2442/3972/7937 2444/3974/7938 2446/3985/7939
g default
v -2.865574 2.322181 7.764053
v -1.564501 2.536274 7.809832
v -2.895164 2.502047 7.763845
v -1.594091 2.716140 7.809623
v -2.892895 2.502344 7.697955
v -1.591821 2.716437 7.743734
v -2.863305 2.322478 7.698164
v -1.562231 2.536571 7.743942
vt 0.274650 0.118928
vt 0.351431 0.120327
vt 0.274456 0.129536
vt 0.351237 0.130936
vt 0.274386 0.133373
vt 0.351167 0.134772
vt 0.274193 0.143981
vt 0.350974 0.145380
vt 0.274123 0.147817
vt 0.350904 0.149217
vt 0.355267 0.120397
vt 0.355074 0.131005
vt 0.270813 0.118858
vt 0.270620 0.129466
vn -0.034423 -0.004504 0.999397
vn -0.034423 -0.004504 0.999397
vn -0.034423 -0.004504 0.999397
vn -0.034423 -0.004504 0.999397
vn -0.162328 0.986736 -0.001144
vn -0.162328 0.986736 -0.001144
vn -0.162328 0.986736 -0.001144
vn -0.162328 0.986736 -0.001144
vn 0.034423 0.004504 -0.999397
vn 0.034423 0.004504 -0.999397
vn 0.034423 0.004504 -0.999397
vn 0.034423 0.004504 -0.999397
vn 0.162328 -0.986736 0.001144
vn 0.162328 -0.986736 0.001144
vn 0.162328 -0.986736 0.001144
vn 0.162328 -0.986736 0.001144
vn 0.986136 0.162270 0.034697
vn 0.986136 0.162270 0.034697
vn 0.986136 0.162270 0.034697
vn 0.986136 0.162270 0.034697
vn -0.986136 -0.162270 -0.034697
vn -0.986136 -0.162270 -0.034697
vn -0.986136 -0.162270 -0.034697
vn -0.986136 -0.162270 -0.034697
s off
g pCube27
usemtl vigas_caseta_riotutte
f 2450/3986/7940 2451/3987/7941 2453/3989/7942 2452/3988/7943
f 2452/3988/7944 2453/3989/7945 2455/3991/7946 2454/3990/7947
f 2454/3990/7948 2455/3991/7949 2457/3993/7950 2456/3992/7951
f 2456/3992/7952 2457/3993/7953 2451/3995/7954 2450/3994/7955
f 2451/3987/7956 2457/3996/7957 2455/3997/7958 2453/3989/7959
f 2456/3998/7960 2450/3986/7961 2452/3988/7962 2454/3999/7963
g default
v -2.828343 3.423172 7.782184
v -1.593682 2.959815 7.822622
v -2.764390 3.593843 7.785156
v -1.529728 3.130486 7.825594
v -2.762120 3.594140 7.719267
v -1.527459 3.130783 7.759705
v -2.826074 3.423469 7.716295
v -1.591412 2.960112 7.756733
vt 0.273486 0.024566
vt 0.350780 0.025975
vt 0.273291 0.035245
vt 0.350585 0.036654
vt 0.273221 0.039108
vt 0.350515 0.040517
vt 0.273026 0.049787
vt 0.350320 0.051196
vt 0.272956 0.053649
vt 0.350249 0.055058
vt 0.354642 0.026046
vt 0.354447 0.036725
vt 0.269624 0.024496
vt 0.269429 0.035175
vn -0.034423 -0.004504 0.999397
vn -0.034423 -0.004504 0.999397
vn -0.034423 -0.004504 0.999397
vn -0.034423 -0.004504 0.999397
vn 0.350847 0.936291 0.016304
vn 0.350847 0.936291 0.016304
vn 0.350847 0.936291 0.016304
vn 0.350847 0.936291 0.016304
vn 0.034423 0.004504 -0.999397
vn 0.034423 0.004504 -0.999397
vn 0.034423 0.004504 -0.999397
vn 0.034423 0.004504 -0.999397
vn -0.350847 -0.936291 -0.016304
vn -0.350847 -0.936291 -0.016304
vn -0.350847 -0.936291 -0.016304
vn -0.350847 -0.936291 -0.016304
vn 0.935800 -0.351197 0.030649
vn 0.935800 -0.351197 0.030649
vn 0.935800 -0.351197 0.030649
vn 0.935800 -0.351197 0.030649
vn -0.935800 0.351197 -0.030649
vn -0.935800 0.351197 -0.030649
vn -0.935800 0.351197 -0.030649
vn -0.935800 0.351197 -0.030649
s off
g pCube35
usemtl vigas_caseta_riotutte
f 2458/4000/7964 2459/4001/7965 2461/4003/7966 2460/4002/7967
f 2460/4002/7968 2461/4003/7969 2463/4005/7970 2462/4004/7971
f 2462/4004/7972 2463/4005/7973 2465/4007/7974 2464/4006/7975
f 2464/4006/7976 2465/4007/7977 2459/4009/7978 2458/4008/7979
f 2459/4001/7980 2465/4010/7981 2463/4011/7982 2461/4003/7983
f 2464/4012/7984 2458/4000/7985 2460/4002/7986 2462/4013/7987
g default
v -2.886581 1.804919 7.803357
v -1.570147 1.725435 7.765819
v -2.875575 1.986869 7.804050
v -1.559142 1.907385 7.766511
v -2.877432 1.987233 7.738148
v -1.560999 1.907749 7.700609
v -2.888438 1.805283 7.737455
v -1.572005 1.725799 7.699917
vt 0.275730 0.148567
vt 0.352511 0.149966
vt 0.275536 0.159175
vt 0.352317 0.160574
vt 0.275467 0.163012
vt 0.352247 0.164411
vt 0.275273 0.173620
vt 0.352054 0.175019
vt 0.275203 0.177456
vt 0.351984 0.178856
vt 0.356348 0.150036
vt 0.356154 0.160644
vt 0.271893 0.148497
vt 0.271700 0.159105
vn 0.028171 -0.005511 0.999588
vn 0.028171 -0.005511 0.999588
vn 0.028171 -0.005511 0.999588
vn 0.028171 -0.005511 0.999588
vn 0.060376 0.998168 0.003801
vn 0.060376 0.998168 0.003801
vn 0.060376 0.998168 0.003801
vn 0.060376 0.998168 0.003801
vn -0.028171 0.005511 -0.999588
vn -0.028171 0.005511 -0.999588
vn -0.028171 0.005511 -0.999588
vn -0.028171 0.005511 -0.999588
vn -0.060376 -0.998168 -0.003801
vn -0.060376 -0.998168 -0.003801
vn -0.060376 -0.998168 -0.003801
vn -0.060376 -0.998168 -0.003801
vn 0.997778 -0.060244 -0.028452
vn 0.997778 -0.060244 -0.028452
vn 0.997778 -0.060244 -0.028452
vn 0.997778 -0.060244 -0.028452
vn -0.997778 0.060244 0.028452
vn -0.997778 0.060244 0.028452
vn -0.997778 0.060244 0.028452
vn -0.997778 0.060244 0.028452
s off
g pCube30
usemtl vigas_caseta_riotutte
f 2466/4014/7988 2467/4015/7989 2469/4017/7990 2468/4016/7991
f 2468/4016/7992 2469/4017/7993 2471/4019/7994 2470/4018/7995
f 2470/4018/7996 2471/4019/7997 2473/4021/7998 2472/4020/7999
f 2472/4020/8000 2473/4021/8001 2467/4023/8002 2466/4022/8003
f 2467/4015/8004 2473/4024/8005 2471/4025/8006 2469/4017/8007
f 2472/4026/8008 2466/4014/8009 2468/4016/8010 2470/4027/8011
