# This file uses centimeters as units for non-parametric coordinates.

mtllib broken columns bits.mtl
g default
v -1.584379 -0.010140 -4.584589
v -1.584379 -0.010140 -4.554581
v -1.627005 -0.010140 -4.554581
v -1.627005 -0.010140 -4.523222
v -1.649073 -0.010140 -4.523222
v -1.509352 -0.010139 -4.584590
v -1.212266 -0.010140 -4.584589
v -1.211757 -0.010140 -4.554581
v -1.173553 -0.010140 -4.554581
v -1.173829 -0.010140 -4.525352
v -1.142246 -0.010140 -4.525352
v -1.304848 -0.010139 -4.584590
v -1.212266 -0.010140 -4.209507
v -1.211757 -0.010140 -4.239515
v -1.173829 -0.010140 -4.239515
v -1.173553 -0.010140 -4.268744
v -1.142246 -0.010140 -4.268744
v -1.304848 -0.010139 -4.209507
v -1.584379 -0.010140 -4.209507
v -1.584379 -0.010140 -4.239515
v -1.627005 -0.010140 -4.239515
v -1.627005 -0.010140 -4.271555
v -1.649073 -0.010140 -4.271555
v -1.509352 -0.010139 -4.209507
v -1.211757 0.721070 -4.271555
v -1.304848 0.835516 -4.265629
v -1.496502 0.233333 -4.264959
v -1.142246 0.205532 -4.525352
v -1.173829 0.206105 -4.239515
v -1.627005 0.062163 -4.523222
v -1.509352 0.046773 -4.584590
v -1.211757 0.206764 -4.554581
v -1.584379 0.045347 -4.209507
v -1.142246 0.205532 -4.268744
v -1.627005 0.062163 -4.239515
v -1.584379 0.045347 -4.584589
v -1.304848 0.208190 -4.584590
v -1.173829 0.206105 -4.525352
v -1.211757 0.206764 -4.239515
v -1.627005 0.062163 -4.554581
v -1.649073 0.044115 -4.271555
v -1.212266 0.206764 -4.584589
v -1.173553 0.206105 -4.268744
v -1.304848 0.208190 -4.209507
v -1.584379 0.045347 -4.239515
v -1.649073 0.044115 -4.523222
v -1.173553 0.206105 -4.554581
v -1.584379 0.045347 -4.554581
v -1.212266 0.206764 -4.209507
v -1.509352 0.046773 -4.209507
v -1.627005 0.062163 -4.271555
v -1.117160 0.599625 -4.531455
v -1.194190 0.630882 -4.239515
v -1.615831 0.077804 -4.523222
v -1.509352 0.241938 -4.584589
v -1.212266 0.796104 -4.554581
v -1.584379 0.098980 -4.209507
v -1.142246 0.723601 -4.268744
v -1.615831 0.077804 -4.239515
v -1.584379 0.098980 -4.584589
v -1.304848 0.835556 -4.584589
v -1.173553 0.755216 -4.525352
v -1.212266 0.721070 -4.239515
v -1.615831 0.077804 -4.554581
v -1.210166 0.768655 -4.572162
v -1.173553 0.728028 -4.268744
v -1.304848 0.698158 -4.209507
v -1.584379 0.098980 -4.239515
v -1.173553 0.672533 -4.554581
v -1.584379 0.098980 -4.554581
v -1.204385 0.709473 -4.208350
v -1.496502 0.233372 -4.208837
v -1.615831 0.077804 -4.271555
v -1.496502 0.233372 -4.232247
v -1.509352 0.241552 -4.554581
v -1.304848 0.835556 -4.232917
v -1.304848 0.835169 -4.554581
v -1.584379 0.098980 -4.271555
v -1.509352 0.241590 -4.522566
v -1.304848 0.835207 -4.522566
v -1.584379 0.098980 -4.523222
v -1.211757 0.818096 -4.523222
v -1.442988 -0.010139 -4.584590
v -1.442988 0.451086 -4.265629
v -1.442988 -0.010139 -4.209507
v -1.442988 0.451125 -4.209507
v -1.442988 0.483220 -4.584589
v -1.442988 0.208190 -4.584590
v -1.442988 0.208190 -4.209507
v -1.442988 0.451125 -4.232917
v -1.442988 0.482833 -4.554581
v -1.442988 0.482872 -4.522566
v -1.390678 -0.010139 -4.584590
v -1.390678 0.721915 -4.584589
v -1.390678 0.208190 -4.584590
v -1.390678 0.785298 -4.232917
v -1.390678 0.774646 -4.554581
v -1.390678 0.841416 -4.265629
v -1.390678 -0.010139 -4.209507
v -1.390678 0.761313 -4.209507
v -1.390678 0.208190 -4.209507
v -1.390678 0.788254 -4.522566
v -1.361905 -0.010139 -4.584590
v -1.354527 0.757811 -4.579610
v -1.361905 0.208190 -4.584590
v -1.361905 0.805867 -4.232917
v -1.361905 0.841069 -4.554581
v -1.361905 0.841416 -4.265629
v -1.361905 -0.010139 -4.209507
v -1.361905 0.805867 -4.209507
v -1.361905 0.208190 -4.209507
v -1.361905 0.841107 -4.522566
v -1.258995 -0.010140 -4.584590
v -1.258995 -0.010140 -4.209507
v -1.258995 0.719120 -4.268640
v -1.267848 0.733237 -4.584205
v -1.258995 0.675772 -4.209507
v -1.258995 0.207465 -4.209507
v -1.258995 0.207465 -4.584590
v -1.258995 0.675772 -4.236269
v -1.258995 0.816162 -4.554581
v -1.267848 0.757227 -4.522515
v -1.237613 -0.010140 -4.584590
v -1.237613 0.750230 -4.270098
v -1.237613 0.661933 -4.209507
v -1.237613 0.207115 -4.209507
v -1.237613 0.725892 -4.237892
v -1.237613 0.823009 -4.554581
v -1.237613 0.847180 -4.523061
v -1.237613 -0.010140 -4.209507
v -1.246466 0.739989 -4.584205
v -1.237613 0.207115 -4.584590
v -1.223840 -0.010140 -4.584590
v -1.223840 0.747830 -4.270827
v -1.223840 0.612401 -4.209507
v -1.223840 0.206940 -4.209507
v -1.223840 0.727404 -4.238704
v -1.223840 0.825106 -4.554581
v -1.223840 0.844819 -4.523142
v -1.223840 -0.010140 -4.209507
v -1.232693 0.737585 -4.584205
v -1.223840 0.206939 -4.584590
v -1.649073 -0.010140 -4.397389
v -1.142246 -0.010140 -4.397048
v -1.142246 0.705352 -4.397048
v -1.649073 0.044115 -4.397389
v -1.142246 0.205532 -4.397048
v -1.627005 0.062163 -4.397389
v -1.615831 0.077804 -4.397389
v -1.584379 0.098980 -4.397389
v -1.496502 0.233178 -4.393427
v -1.304848 0.835362 -4.394097
v -1.211757 0.726275 -4.397389
v -1.173553 0.735216 -4.397048
v -1.442988 0.483026 -4.394097
v -1.390678 0.814835 -4.394097
v -1.361905 0.841262 -4.394097
v -1.258995 0.791905 -4.395770
v -1.237613 0.798705 -4.396579
v -1.223840 0.753016 -4.396984
v -1.584379 0.077963 -4.239515
v -1.222412 0.525724 -4.211123
v -1.224801 0.519529 -4.239515
v -1.620209 0.071675 -4.239515
v -1.620209 0.071675 -4.523222
v -1.620209 0.071675 -4.554581
v -1.173661 0.571426 -4.525352
v -1.142246 0.498389 -4.525352
v -1.584379 0.077963 -4.209507
v -1.584379 0.077963 -4.554581
v -1.509352 0.165459 -4.584590
v -1.304848 0.589709 -4.584590
v -1.189812 0.611226 -4.554659
v -1.509352 0.165459 -4.209507
v -1.584379 0.077963 -4.584589
v -1.304848 0.506154 -4.209507
v -1.212066 0.565159 -4.554581
v -1.212266 0.563840 -4.584589
v -1.159288 0.520585 -4.268744
v -1.186288 0.523502 -4.268744
v -1.201542 0.528708 -4.237688
v -1.620209 0.071675 -4.271555
v -1.442988 0.375444 -4.584590
v -1.442988 0.375444 -4.209507
v -1.390678 0.520601 -4.584590
v -1.390678 0.544560 -4.209507
v -1.361905 0.573589 -4.584590
v -1.361905 0.571655 -4.209507
v -1.276381 0.514937 -4.206434
v -1.258995 0.577747 -4.584590
v -1.237613 0.581716 -4.584590
v -1.254443 0.520389 -4.209639
v -1.223840 0.580186 -4.584590
v -1.238381 0.510121 -4.214876
v -1.620209 0.071675 -4.397389
v -1.159288 0.509487 -4.397048
v -1.207925 0.483634 -4.208870
v -1.620851 0.070778 -4.239515
v -1.620851 0.070778 -4.554581
v -1.142246 0.391373 -4.460336
v -1.584379 0.074886 -4.554581
v -1.304848 0.553715 -4.584590
v -1.584379 0.074886 -4.584589
v -1.173553 0.493558 -4.268744
v -1.173475 0.440054 -4.239515
v -1.620851 0.070778 -4.271555
v -1.584379 0.074886 -4.239515
v -1.212037 0.490021 -4.239515
v -1.620851 0.070778 -4.523222
v -1.173677 0.392223 -4.510422
v -1.584379 0.074886 -4.209507
v -1.509352 0.154261 -4.584590
v -1.173553 0.527974 -4.554581
v -1.509352 0.154261 -4.209507
v -1.304848 0.478043 -4.209507
v -1.211776 0.393921 -4.530379
v -1.212004 0.392726 -4.560388
v -1.157423 0.375324 -4.268744
v -1.442988 0.359664 -4.584590
v -1.442988 0.359664 -4.209507
v -1.390678 0.491127 -4.584590
v -1.390678 0.512826 -4.209507
v -1.361905 0.539116 -4.584590
v -1.361905 0.537364 -4.209507
v -1.270235 0.471424 -4.200003
v -1.258995 0.542814 -4.584590
v -1.237613 0.546375 -4.584590
v -1.248852 0.463645 -4.200003
v -1.223579 0.407546 -4.560388
v -1.235080 0.436286 -4.200003
v -1.620851 0.070778 -4.397389
v -1.142246 0.480811 -4.397048
v -2.540867 -0.000485 -4.603835
v -2.540867 -0.000485 -4.573826
v -2.576333 -0.000485 -4.573826
v -2.576333 -0.000485 -4.542468
v -2.605561 -0.000485 -4.542468
v -2.465840 -0.000484 -4.603835
v -2.168753 -0.000485 -4.603835
v -2.168245 -0.000485 -4.573826
v -2.130041 -0.000485 -4.573826
v -2.130317 -0.000485 -4.544597
v -2.098733 -0.000485 -4.544597
v -2.261335 -0.000484 -4.603835
v -2.168753 -0.000485 -4.228752
v -2.168245 -0.000485 -4.258760
v -2.130317 -0.000485 -4.258760
v -2.130041 -0.000485 -4.287989
v -2.098733 -0.000485 -4.287989
v -2.261335 -0.000484 -4.228752
v -2.540867 -0.000485 -4.228752
v -2.540867 -0.000485 -4.258760
v -2.576333 -0.000485 -4.258760
v -2.576333 -0.000485 -4.290801
v -2.605561 -0.000485 -4.290801
v -2.465840 -0.000484 -4.228752
v -2.166264 0.868250 -4.284806
v -2.255494 0.812746 -4.267193
v -2.465840 0.847138 -4.284874
v -2.098733 0.665015 -4.544597
v -2.130317 0.791883 -4.258760
v -2.590652 0.800847 -4.542468
v -2.465840 0.792952 -4.603835
v -2.168245 0.792220 -4.573826
v -2.540866 0.792220 -4.228752
v -2.098733 0.665015 -4.287990
v -2.590652 0.800847 -4.258760
v -2.540866 0.792220 -4.603835
v -2.261335 0.792952 -4.603835
v -2.130317 0.791883 -4.544597
v -2.168044 0.789001 -4.258153
v -2.590652 0.800847 -4.573826
v -2.605561 0.791588 -4.290801
v -2.168753 0.792220 -4.603835
v -2.130041 0.791883 -4.287990
v -2.259450 0.559569 -4.223046
v -2.540866 0.792220 -4.258760
v -2.605561 0.791588 -4.542468
v -2.130041 0.791883 -4.573826
v -2.540866 0.792220 -4.573826
v -2.168463 0.787556 -4.227873
v -2.465840 0.792952 -4.228752
v -2.590652 0.800847 -4.290801
v -2.098733 0.764931 -4.544597
v -2.128967 0.834693 -4.256619
v -2.572319 0.808871 -4.542468
v -2.465840 0.847158 -4.603835
v -2.168753 0.900044 -4.573826
v -2.540866 0.819734 -4.228752
v -2.098733 0.764931 -4.287990
v -2.572319 0.808871 -4.258760
v -2.540866 0.819734 -4.603835
v -2.261335 0.906541 -4.603835
v -2.130041 0.893776 -4.544597
v -2.165805 0.852708 -4.249835
v -2.572319 0.808871 -4.573826
v -2.168753 0.858328 -4.603835
v -2.129673 0.840145 -4.286876
v -2.253387 0.778944 -4.213885
v -2.540866 0.819734 -4.258760
v -2.130041 0.893776 -4.573826
v -2.540866 0.819734 -4.573826
v -2.165473 0.847377 -4.218822
v -2.465840 0.847158 -4.228752
v -2.572319 0.808871 -4.290801
v -2.465840 0.847158 -4.252162
v -2.465840 0.846959 -4.573826
v -2.253815 0.785825 -4.229401
v -2.261335 0.906343 -4.573826
v -2.540866 0.819734 -4.290801
v -2.465840 0.846979 -4.541811
v -2.261335 0.906363 -4.541811
v -2.540866 0.819734 -4.542468
v -2.168245 0.900044 -4.542468
v -2.399476 -0.000484 -4.603835
v -2.399336 0.869464 -4.284451
v -2.399476 -0.000484 -4.228752
v -2.399035 0.864664 -4.227420
v -2.399476 0.871731 -4.603835
v -2.399476 0.792952 -4.603835
v -2.399476 0.792952 -4.228752
v -2.399100 0.865705 -4.251027
v -2.399476 0.871532 -4.573826
v -2.399476 0.871552 -4.541811
v -2.347166 -0.000484 -4.603835
v -2.347166 0.897953 -4.603835
v -2.347166 0.792952 -4.603835
v -2.343641 0.841372 -4.241494
v -2.347166 0.897754 -4.573826
v -2.344586 0.856517 -4.277065
v -2.347166 -0.000484 -4.228752
v -2.343418 0.837791 -4.217409
v -2.346723 0.785836 -4.227410
v -2.347166 0.897774 -4.541811
v -2.318392 -0.000484 -4.603835
v -2.318392 0.912028 -4.603835
v -2.318392 0.792952 -4.603835
v -2.312931 0.824362 -4.235633
v -2.318392 0.911829 -4.573826
v -2.314211 0.844892 -4.272220
v -2.318392 -0.000484 -4.228752
v -2.312628 0.819493 -4.211305
v -2.317280 0.775101 -4.225387
v -2.318392 0.911849 -4.541811
v -2.215483 -0.000484 -4.603835
v -2.215483 -0.000484 -4.228752
v -2.210917 0.833322 -4.274065
v -2.215483 0.870937 -4.603835
v -2.209016 0.802805 -4.209177
v -2.214142 0.646401 -4.224694
v -2.215483 0.792580 -4.603835
v -2.209450 0.809771 -4.237252
v -2.215483 0.906528 -4.573826
v -2.215483 0.906537 -4.542145
v -2.194101 -0.000484 -4.603835
v -2.190662 0.854873 -4.278933
v -2.189009 0.828346 -4.213339
v -2.193252 0.727691 -4.226182
v -2.189410 0.834793 -4.242940
v -2.194101 0.910040 -4.573826
v -2.194101 0.910045 -4.542306
v -2.194101 -0.000484 -4.228752
v -2.194101 0.910089 -4.603835
v -2.194101 0.792400 -4.603835
v -2.180328 -0.000485 -4.603835
v -2.177660 0.866035 -4.281998
v -2.176206 0.842686 -4.216276
v -2.179799 0.783822 -4.227152
v -2.176572 0.848556 -4.246579
v -2.180328 0.908831 -4.573826
v -2.180328 0.908834 -4.542387
v -2.180328 -0.000485 -4.228752
v -2.180328 0.908856 -4.603835
v -2.180328 0.792310 -4.603835
v -2.098733 0.495244 -4.544597
v -2.130317 0.495428 -4.258760
v -2.585295 0.501038 -4.542468
v -2.465840 0.496097 -4.603835
v -2.168245 0.495639 -4.573826
v -2.540866 0.495639 -4.228752
v -2.098733 0.495244 -4.287990
v -2.585295 0.501038 -4.258760
v -2.540866 0.495639 -4.603835
v -2.261335 0.496097 -4.603835
v -2.130317 0.495428 -4.544597
v -2.168245 0.495639 -4.258760
v -2.585295 0.501038 -4.573826
v -2.605561 0.495244 -4.290801
v -2.168753 0.495639 -4.603835
v -2.130041 0.495428 -4.287990
v -2.261335 0.496097 -4.228752
v -2.540866 0.495639 -4.258760
v -2.605561 0.495244 -4.542468
v -2.130041 0.495428 -4.573826
v -2.540866 0.495639 -4.573826
v -2.168753 0.495639 -4.228752
v -2.465840 0.496097 -4.228752
v -2.585295 0.501038 -4.290801
v -2.399476 0.496097 -4.228752
v -2.399476 0.496097 -4.603835
v -2.347166 0.496097 -4.228752
v -2.347166 0.496097 -4.603835
v -2.318392 0.496097 -4.228752
v -2.318392 0.496097 -4.603835
v -2.215483 0.495865 -4.228752
v -2.215483 0.495865 -4.603835
v -2.194101 0.495752 -4.603835
v -2.194101 0.495752 -4.228752
v -2.180328 0.495696 -4.228752
v -2.180328 0.495696 -4.603835
v -2.215483 0.504654 -4.603835
v -2.194101 0.504534 -4.603835
v -2.180328 0.504473 -4.603835
v -2.098733 0.503991 -4.544597
v -2.130317 0.504188 -4.258760
v -2.585900 0.510177 -4.542468
v -2.465840 0.504902 -4.603835
v -2.168245 0.504413 -4.573826
v -2.540866 0.504413 -4.228752
v -2.098733 0.503991 -4.287990
v -2.585900 0.510176 -4.258760
v -2.540866 0.504413 -4.603835
v -2.261335 0.504902 -4.603835
v -2.130317 0.504188 -4.544597
v -2.168245 0.504413 -4.258760
v -2.585900 0.510177 -4.573826
v -2.605561 0.503991 -4.290801
v -2.168753 0.504413 -4.603835
v -2.130041 0.504188 -4.287990
v -2.261335 0.504902 -4.228752
v -2.540866 0.504413 -4.258760
v -2.605561 0.503991 -4.542468
v -2.130041 0.504188 -4.573826
v -2.540866 0.504413 -4.573826
v -2.168753 0.504413 -4.228752
v -2.465840 0.504902 -4.228752
v -2.585900 0.510176 -4.290801
v -2.399476 0.504902 -4.228752
v -2.399476 0.504902 -4.603835
v -2.347166 0.504902 -4.228752
v -2.347166 0.504902 -4.603835
v -2.318392 0.504902 -4.228752
v -2.318392 0.504902 -4.603835
v -2.215483 0.504654 -4.228752
v -2.194101 0.504534 -4.228752
v -2.180328 0.504473 -4.228752
v -0.686620 -0.004340 -4.583349
v -0.686620 -0.004340 -4.553341
v -0.729246 -0.004340 -4.553341
v -0.729246 -0.004340 -4.521982
v -0.751315 -0.004340 -4.521982
v -0.611594 -0.004340 -4.583350
v -0.314507 -0.004340 -4.583349
v -0.313998 -0.004340 -4.553341
v -0.275794 -0.004340 -4.553341
v -0.276070 -0.004340 -4.524112
v -0.244487 -0.004340 -4.524112
v -0.407089 -0.004340 -4.583350
v -0.314507 -0.004340 -4.208267
v -0.313998 -0.004340 -4.238275
v -0.276070 -0.004340 -4.238275
v -0.275794 -0.004340 -4.267504
v -0.244487 -0.004340 -4.267504
v -0.407089 -0.004340 -4.208267
v -0.686620 -0.004340 -4.208267
v -0.686620 -0.004340 -4.238275
v -0.729246 -0.004340 -4.238275
v -0.729246 -0.004340 -4.270315
v -0.751315 -0.004340 -4.270315
v -0.611594 -0.004340 -4.208267
v -0.313998 0.402933 -4.270315
v -0.407089 0.466678 -4.264389
v -0.598743 0.131271 -4.263719
v -0.244487 0.115786 -4.524112
v -0.276070 0.116105 -4.238275
v -0.729246 0.035932 -4.521982
v -0.611594 0.027360 -4.583350
v -0.313998 0.116472 -4.553341
v -0.686620 0.026566 -4.208267
v -0.244487 0.115786 -4.267504
v -0.729246 0.035932 -4.238275
v -0.686620 0.026566 -4.583349
v -0.407089 0.117266 -4.583350
v -0.276070 0.116105 -4.524112
v -0.313998 0.116472 -4.238275
v -0.729246 0.035932 -4.553341
v -0.751315 0.025879 -4.270315
v -0.314507 0.116472 -4.583349
v -0.275794 0.116105 -4.267504
v -0.407089 0.117266 -4.208267
v -0.686620 0.026566 -4.238275
v -0.751315 0.025879 -4.521982
v -0.275794 0.116105 -4.553341
v -0.686620 0.026566 -4.553341
v -0.314507 0.116472 -4.208267
v -0.611594 0.027360 -4.208267
v -0.729246 0.035932 -4.270315
v -0.219401 0.335290 -4.530214
v -0.296431 0.352700 -4.238275
v -0.718072 0.044644 -4.521982
v -0.611594 0.136064 -4.583349
v -0.314507 0.444726 -4.553341
v -0.686620 0.056438 -4.208267
v -0.244487 0.404343 -4.267504
v -0.718072 0.044644 -4.238275
v -0.686620 0.056438 -4.583349
v -0.407089 0.466700 -4.583349
v -0.275794 0.421952 -4.524112
v -0.314507 0.402933 -4.238275
v -0.718072 0.044644 -4.553341
v -0.312407 0.429437 -4.570922
v -0.275794 0.406809 -4.267504
v -0.407089 0.390172 -4.208267
v -0.686620 0.056438 -4.238275
v -0.275794 0.375899 -4.553341
v -0.686620 0.056438 -4.553341
v -0.306626 0.396474 -4.207109
v -0.598743 0.131293 -4.207597
v -0.718072 0.044644 -4.270315
v -0.598743 0.131293 -4.231007
v -0.611594 0.135849 -4.553341
v -0.407089 0.466700 -4.231677
v -0.407089 0.466485 -4.553341
v -0.686620 0.056438 -4.270315
v -0.611594 0.135870 -4.521326
v -0.407089 0.466506 -4.521326
v -0.686620 0.056438 -4.521982
v -0.313998 0.456975 -4.521982
v -0.545229 -0.004340 -4.583350
v -0.545229 0.252556 -4.264389
v -0.545229 -0.004340 -4.208267
v -0.545229 0.252578 -4.208267
v -0.545229 0.270454 -4.583349
v -0.545229 0.117266 -4.583350
v -0.545229 0.117266 -4.208267
v -0.545229 0.252578 -4.231677
v -0.545229 0.270239 -4.553341
v -0.545229 0.270260 -4.521326
v -0.492920 -0.004340 -4.583350
v -0.492920 0.403404 -4.583349
v -0.492920 0.117266 -4.583350
v -0.492920 0.438707 -4.231677
v -0.492920 0.432774 -4.553341
v -0.492920 0.469964 -4.264389
v -0.492920 -0.004340 -4.208267
v -0.492920 0.425348 -4.208267
v -0.492920 0.117266 -4.208267
v -0.492920 0.440354 -4.521326
v -0.464146 -0.004340 -4.583350
v -0.456768 0.423397 -4.578370
v -0.464146 0.117266 -4.583350
v -0.464146 0.450164 -4.231677
v -0.464146 0.469771 -4.553341
v -0.464146 0.469964 -4.264389
v -0.464146 -0.004340 -4.208267
v -0.464146 0.450164 -4.208267
v -0.464146 0.117266 -4.208267
v -0.464146 0.469792 -4.521326
v -0.361237 -0.004340 -4.583350
v -0.361237 -0.004340 -4.208267
v -0.361237 0.401847 -4.267400
v -0.370089 0.409710 -4.582964
v -0.361237 0.377703 -4.208267
v -0.361237 0.116863 -4.208267
v -0.361237 0.116863 -4.583350
v -0.361237 0.377703 -4.235029
v -0.361237 0.455898 -4.553341
v -0.370089 0.423072 -4.521275
v -0.339854 -0.004340 -4.583350
v -0.339854 0.419175 -4.268857
v -0.339854 0.369995 -4.208267
v -0.339854 0.116668 -4.208267
v -0.339854 0.405619 -4.236652
v -0.339854 0.459712 -4.553341
v -0.339854 0.473175 -4.521821
v -0.339854 -0.004340 -4.208267
v -0.348707 0.413471 -4.582964
v -0.339854 0.116668 -4.583350
v -0.326081 -0.004340 -4.583350
v -0.326081 0.417838 -4.269587
v -0.326081 0.342406 -4.208267
v -0.326081 0.116570 -4.208267
v -0.326081 0.406461 -4.237463
v -0.326081 0.460880 -4.553341
v -0.326081 0.471860 -4.521902
v -0.326081 -0.004340 -4.208267
v -0.334934 0.412132 -4.582964
v -0.326081 0.116570 -4.583350
v -0.751315 -0.004340 -4.396149
v -0.244487 -0.004340 -4.395808
v -0.244487 0.394178 -4.395808
v -0.751315 0.025879 -4.396149
v -0.244487 0.115786 -4.395808
v -0.729246 0.035932 -4.396149
v -0.718072 0.044644 -4.396149
v -0.686620 0.056438 -4.396149
v -0.598743 0.131185 -4.392187
v -0.407089 0.466592 -4.392857
v -0.313998 0.405832 -4.396149
v -0.275794 0.410812 -4.395808
v -0.545229 0.270346 -4.392857
v -0.492920 0.455159 -4.392857
v -0.464146 0.469878 -4.392857
v -0.361237 0.442387 -4.394530
v -0.339854 0.446175 -4.395339
v -0.326081 0.420727 -4.395744
v -0.686620 0.044732 -4.238275
v -0.324653 0.294128 -4.209883
v -0.327043 0.290678 -4.238275
v -0.722451 0.041230 -4.238275
v -0.722451 0.041230 -4.521982
v -0.722451 0.041230 -4.553341
v -0.275903 0.319584 -4.524112
v -0.244487 0.278903 -4.524112
v -0.686620 0.044732 -4.208267
v -0.686620 0.044732 -4.553341
v -0.611594 0.093466 -4.583350
v -0.407089 0.329767 -4.583350
v -0.292053 0.341752 -4.553419
v -0.611594 0.093466 -4.208267
v -0.686620 0.044732 -4.583349
v -0.407089 0.283228 -4.208267
v -0.314308 0.316093 -4.553341
v -0.314507 0.315358 -4.583349
v -0.261529 0.291266 -4.267504
v -0.288530 0.292891 -4.267504
v -0.303784 0.295790 -4.236448
v -0.722451 0.041230 -4.270315
v -0.545229 0.210424 -4.583350
v -0.545229 0.210424 -4.208267
v -0.492920 0.291275 -4.583350
v -0.492920 0.304620 -4.208267
v -0.464146 0.320789 -4.583350
v -0.464146 0.319711 -4.208267
v -0.378622 0.288120 -4.205194
v -0.361237 0.323105 -4.583350
v -0.339854 0.325315 -4.583350
v -0.356684 0.291157 -4.208398
v -0.326081 0.324463 -4.583350
v -0.340622 0.285438 -4.213636
v -0.722451 0.041230 -4.396149
v -0.261529 0.285085 -4.395808
v -0.310166 0.270685 -4.207630
v -0.723092 0.040730 -4.238275
v -0.723092 0.040730 -4.553341
v -0.244487 0.219297 -4.459095
v -0.686620 0.043018 -4.553341
v -0.407089 0.309719 -4.583350
v -0.686620 0.043018 -4.583349
v -0.275794 0.276212 -4.267504
v -0.275716 0.246411 -4.238275
v -0.723092 0.040730 -4.270315
v -0.686620 0.043018 -4.238275
v -0.314278 0.274242 -4.238275
v -0.723092 0.040730 -4.521982
v -0.275919 0.219770 -4.509181
v -0.686620 0.043018 -4.208267
v -0.611594 0.087229 -4.583350
v -0.275794 0.295382 -4.553341
v -0.611594 0.087229 -4.208267
v -0.407089 0.267571 -4.208267
v -0.314017 0.220716 -4.529139
v -0.314245 0.220050 -4.559147
v -0.259664 0.210358 -4.267504
v -0.545229 0.201636 -4.583350
v -0.545229 0.201636 -4.208267
v -0.492920 0.274858 -4.583350
v -0.492920 0.286944 -4.208267
v -0.464146 0.301587 -4.583350
v -0.464146 0.300612 -4.208267
v -0.372476 0.263884 -4.198763
v -0.361237 0.303647 -4.583350
v -0.339854 0.305631 -4.583350
v -0.351094 0.259551 -4.198763
v -0.325820 0.228305 -4.559148
v -0.337321 0.244313 -4.198763
v -0.723092 0.040730 -4.396149
v -0.244487 0.269112 -4.395808
v -1.643111 3.357485 -6.203380
v -1.415513 2.714142 -6.203379
v -1.498504 3.128519 -6.203380
v -1.823070 3.540380 -6.203380
v -1.429982 2.931881 -6.203379
v -1.415513 2.714142 -6.170747
v -1.823070 3.540380 -6.170747
v -1.498504 3.128519 -6.170747
v -1.643111 3.357485 -6.170747
v -1.429982 2.931881 -6.170747
v -1.450406 2.712985 -6.170747
v -1.845209 3.513601 -6.170747
v -1.529764 3.113445 -6.170747
v -1.670328 3.335908 -6.170747
v -1.463901 2.924976 -6.170747
v -1.450406 2.712985 -6.138962
v -1.845209 3.513601 -6.138962
v -1.529764 3.113445 -6.138962
v -1.670328 3.335908 -6.138962
v -1.463901 2.924976 -6.138962
v -1.479161 2.711977 -6.138962
v -1.863761 3.491745 -6.138962
v -1.555517 3.101008 -6.138962
v -1.692752 3.318125 -6.138962
v -1.491851 2.919312 -6.138962
v -2.046122 3.689106 -6.203380
v -2.046122 3.689106 -6.170747
v -2.046122 3.655288 -6.170747
v -2.046122 3.655288 -6.138962
v -2.046122 3.623909 -6.138962
v -1.415514 0.000000 -6.203379
v -1.415514 0.000000 -6.170747
v -1.450406 0.000000 -6.170747
v -1.450406 0.000000 -6.138962
v -1.479161 0.000000 -6.138962
v -1.776135 3.597317 -6.203380
v -2.046122 3.777854 -6.203380
v -1.432105 3.160517 -6.203380
v -1.585302 3.403306 -6.203380
v -1.341366 2.716645 -6.203379
v -1.357937 2.946579 -6.203379
v -1.341366 0.000001 -6.203379
v -0.818906 3.357485 -6.203380
v -1.046503 2.714142 -6.203379
v -0.963513 3.128519 -6.203380
v -0.779082 3.625722 -6.232186
v -1.032035 2.931881 -6.203379
v -1.046503 2.714142 -6.170747
v -0.704727 3.540380 -6.170747
v -0.963513 3.128519 -6.170747
v -0.818906 3.357485 -6.170747
v -1.032035 2.931881 -6.170747
v -1.011611 2.712985 -6.170747
v -0.658643 3.513601 -6.170747
v -0.932253 3.113445 -6.170747
v -0.791690 3.335908 -6.170747
v -0.998115 2.924976 -6.170747
v -1.011611 2.712985 -6.138962
v -0.658643 3.513601 -6.138962
v -0.932253 3.113445 -6.138962
v -0.791690 3.335908 -6.138962
v -0.998115 2.924976 -6.138962
v -0.982856 2.711977 -6.138962
v -0.640090 3.491745 -6.138962
v -0.906500 3.101008 -6.138962
v -0.769265 3.318125 -6.138962
v -0.970166 2.919312 -6.138962
v -0.593737 3.689106 -6.203380
v -0.593737 3.689106 -6.170747
v -0.593737 3.655288 -6.170747
v -0.593737 3.655288 -6.138962
v -0.593737 3.623909 -6.138962
v -1.046503 0.000000 -6.203379
v -1.046503 0.000000 -6.170747
v -1.011611 0.000000 -6.170747
v -1.011611 0.000000 -6.138962
v -0.982856 0.000000 -6.138962
v -0.760237 3.682659 -6.232186
v -0.743111 3.860157 -6.255547
v -1.029912 3.160517 -6.203380
v -0.956894 3.421676 -6.232591
v -1.120651 2.716645 -6.203379
v -1.104079 2.946579 -6.203379
v -1.120651 0.000001 -6.203379
v -0.921841 3.393581 -5.799248
v -1.046503 2.714142 -5.795501
v -0.998803 3.132313 -5.790756
v -0.844374 3.568124 -5.799294
v -1.032035 2.931881 -5.795501
v -1.046503 2.714142 -5.828133
v -0.778811 3.540380 -5.828133
v -0.963513 3.128519 -5.828133
v -0.818906 3.357485 -5.828133
v -1.032035 2.931881 -5.828133
v -1.011611 2.712985 -5.828133
v -0.756673 3.513601 -5.828133
v -0.932253 3.113445 -5.828133
v -0.840234 3.352569 -5.829792
v -0.998115 2.924976 -5.828133
v -1.011611 2.712985 -5.859918
v -0.756673 3.513601 -5.859917
v -0.932253 3.113445 -5.859917
v -0.791690 3.335908 -5.859917
v -0.998115 2.924976 -5.859918
v -0.982856 2.650282 -5.870543
v -0.738120 3.491745 -5.859917
v -0.906500 3.101008 -5.859917
v -0.769265 3.318125 -5.859917
v -0.970166 2.919312 -5.859918
v -0.691342 3.665787 -5.783683
v -0.618349 3.689106 -5.828133
v -0.618349 3.655288 -5.828133
v -0.618349 3.655288 -5.859917
v -0.618349 3.623909 -5.859918
v -1.046503 0.000000 -5.795501
v -1.046503 0.000000 -5.828133
v -1.011611 0.000000 -5.828133
v -1.011611 0.000000 -5.859918
v -0.982856 0.000000 -5.859918
v -1.043828 3.621354 -5.787920
v -1.029912 3.160517 -5.795501
v -1.027500 3.414062 -5.788525
v -1.120651 2.716645 -5.795501
v -1.104079 2.946579 -5.795501
v -1.120651 0.000001 -5.795501
v -1.643111 3.357485 -5.795501
v -1.415513 2.714142 -5.795501
v -1.498504 3.128519 -5.795501
v -1.823070 3.540380 -5.795501
v -1.429982 2.931881 -5.795501
v -1.415513 2.714142 -5.828133
v -1.823070 3.540380 -5.828133
v -1.498504 3.128519 -5.828133
v -1.643111 3.357485 -5.828133
v -1.429982 2.931881 -5.828133
v -1.450406 2.712985 -5.828133
v -1.845209 3.513601 -5.828133
v -1.529764 3.113445 -5.828133
v -1.670328 3.335908 -5.828133
v -1.463902 2.924976 -5.828133
v -1.450406 2.712985 -5.859918
v -1.845209 3.513601 -5.859917
v -1.529764 3.113445 -5.859917
v -1.670328 3.335908 -5.859917
v -1.463902 2.924976 -5.859918
v -1.479161 2.711977 -5.859918
v -1.863761 3.491745 -5.859917
v -1.555517 3.101008 -5.859917
v -1.692752 3.318125 -5.859917
v -1.491851 2.919312 -5.859918
v -2.046122 3.689106 -5.795501
v -2.046122 3.689106 -5.828133
v -2.046122 3.655288 -5.828133
v -2.046122 3.655288 -5.859917
v -2.046122 3.623909 -5.859918
v -1.415514 0.000000 -5.795501
v -1.415514 0.000000 -5.828133
v -1.450406 0.000000 -5.828133
v -1.450406 0.000000 -5.859918
v -1.479161 0.000000 -5.859918
v -1.776135 3.597317 -5.795501
v -2.046122 3.777854 -5.795501
v -1.432105 3.160517 -5.795501
v -1.585302 3.403306 -5.795501
v -1.341366 2.716645 -5.795501
v -1.357937 2.946579 -5.795501
v -1.341366 0.000001 -5.795501
v -2.046122 4.292702 -5.795501
v -2.046122 4.392263 -6.203380
v -0.415896 4.392263 -6.203380
v -0.555606 4.392263 -5.999440
v -2.046123 4.392263 -5.999440
v -3.273337 3.357485 -6.203380
v -3.045739 2.714142 -6.203379
v -3.128730 3.128519 -6.203380
v -3.341841 3.557401 -6.204876
v -3.060208 2.931881 -6.203379
v -3.045739 2.714142 -6.170747
v -3.424685 3.551049 -6.176237
v -3.128730 3.128519 -6.170747
v -3.273337 3.357485 -6.170747
v -3.060208 2.931881 -6.170747
v -3.080632 2.712985 -6.170747
v -3.453197 3.517860 -6.175348
v -3.159990 3.113445 -6.170747
v -3.300554 3.335908 -6.170747
v -3.094127 2.924976 -6.170747
v -3.080632 2.712985 -6.138962
v -3.475435 3.513601 -6.138962
v -3.159990 3.113445 -6.138962
v -3.300554 3.335908 -6.138962
v -3.094127 2.924976 -6.138962
v -3.084863 2.711977 -6.138962
v -3.426099 3.416217 -6.126797
v -3.185743 3.101008 -6.138962
v -3.122077 2.919312 -6.138962
v -3.495195 3.666462 -6.219860
v -3.676347 3.689106 -6.170747
v -3.676347 3.655288 -6.170747
v -3.676347 3.655288 -6.138962
v -3.045740 0.000000 -6.203379
v -3.045740 0.000000 -6.170747
v -3.080632 0.000000 -6.170747
v -3.080632 0.000000 -6.138962
v -3.109387 0.000000 -6.138962
v -3.314292 3.614236 -6.200484
v -3.491958 3.787988 -6.210889
v -3.062331 3.160517 -6.203380
v -3.215528 3.403306 -6.203380
v -2.971592 2.716645 -6.203379
v -2.988163 2.946579 -6.203379
v -2.971592 0.000001 -6.203379
v -2.449132 3.357485 -6.203380
v -2.676729 2.714142 -6.203379
v -2.722362 3.168397 -6.174002
v -2.269173 3.540380 -6.203380
v -2.662261 2.931881 -6.203379
v -2.676729 2.714142 -6.170747
v -2.269173 3.540380 -6.170747
v -2.722362 3.168397 -6.141369
v -2.449132 3.357485 -6.170747
v -2.662261 2.931881 -6.170747
v -2.641837 2.712985 -6.170747
v -2.247035 3.513601 -6.170747
v -2.691102 3.153323 -6.141369
v -2.421916 3.335908 -6.170747
v -2.628341 2.924976 -6.170747
v -2.641837 2.712985 -6.138962
v -2.247035 3.513601 -6.138962
v -2.691102 3.153323 -6.109583
v -2.421916 3.335908 -6.138962
v -2.628341 2.924976 -6.138962
v -2.613082 2.711977 -6.138962
v -2.228482 3.491745 -6.138962
v -2.665349 3.140887 -6.109583
v -2.399491 3.318125 -6.138962
v -2.600392 2.919312 -6.138962
v -2.676729 0.000000 -6.203379
v -2.676729 0.000000 -6.170747
v -2.641837 0.000000 -6.170747
v -2.641837 0.000000 -6.138962
v -2.613082 0.000000 -6.138962
v -2.316108 3.597317 -6.203380
v -2.788761 3.200395 -6.174002
v -2.506941 3.403306 -6.203380
v -2.750877 2.716645 -6.203379
v -2.734305 2.946579 -6.203379
v -2.750877 0.000001 -6.203379
v -2.355264 3.511819 -5.809907
v -2.676729 2.714142 -5.795501
v -2.722362 3.168397 -5.766123
v -2.322012 3.627387 -5.776762
v -2.662261 2.931881 -5.795501
v -2.676729 2.714142 -5.828133
v -2.238642 3.525549 -5.863818
v -2.722362 3.168397 -5.798755
v -2.449132 3.357485 -5.828133
v -2.662261 2.931881 -5.828133
v -2.641837 2.712985 -5.828133
v -2.247708 3.513601 -5.894260
v -2.691102 3.153323 -5.798755
v -2.421916 3.335908 -5.828133
v -2.676729 1.704678 -6.170747
v -2.641837 2.712985 -5.859918
v -2.247708 3.513601 -5.926044
v -2.691102 3.153323 -5.830539
v -2.421916 3.335908 -5.859917
v -2.628341 2.924976 -5.859918
v -2.611144 2.716988 -5.860712
v -2.228482 3.491745 -5.971427
v -2.680113 3.141192 -5.856381
v -2.399491 3.318125 -5.859917
v -2.971592 1.706250 -6.203379
v -2.676729 0.000000 -5.795501
v -2.676729 0.000000 -5.828133
v -2.641837 0.000000 -5.828133
v -2.641837 0.000000 -5.859918
v -2.613082 0.000000 -5.859918
v -2.464870 3.727172 -5.765322
v -2.780185 3.197323 -5.768102
v -2.586075 3.411694 -5.782869
v -2.750877 2.716645 -5.795501
v -2.734305 2.946579 -5.795501
v -2.750877 0.000001 -5.795501
v -3.273337 3.357485 -5.795501
v -3.045739 2.714142 -5.795501
v -3.128730 3.128519 -5.795501
v -3.385408 3.464853 -5.783337
v -3.060208 2.931881 -5.795501
v -3.045739 2.714142 -5.828133
v -3.385408 3.464853 -5.815969
v -3.128730 3.128519 -5.828133
v -3.273337 3.357485 -5.828133
v -3.060208 2.931881 -5.828133
v -3.080632 2.712985 -5.828133
v -3.407547 3.438073 -5.815969
v -3.159990 3.113445 -5.828133
v -3.300554 3.335908 -5.828133
v -3.094128 2.924976 -5.828133
v -3.080632 2.712985 -5.859918
v -3.407547 3.438073 -5.847752
v -3.159990 3.113445 -5.859917
v -3.300554 3.335908 -5.859917
v -3.094128 2.924976 -5.859918
v -3.084863 2.711977 -5.859918
v -3.426099 3.416217 -5.847752
v -3.185743 3.101008 -5.859917
v -3.122077 2.919312 -5.859918
v -3.464715 3.554518 -5.763254
v -3.464715 3.554518 -5.795886
v -3.535330 3.537803 -5.806960
v -3.535330 3.537803 -5.838744
v -3.045740 0.000000 -5.795501
v -3.045740 0.000000 -5.828133
v -3.080632 0.000000 -5.828133
v -3.080632 0.000000 -5.859918
v -3.109387 0.000000 -5.859918
v -3.338473 3.521790 -5.783337
v -3.538381 3.725500 -5.766854
v -3.062331 3.160517 -5.795501
v -3.215528 3.403306 -5.795501
v -2.971592 2.716645 -5.795501
v -2.988163 2.946579 -5.795501
v -2.971592 0.000001 -5.795501
v -3.320119 3.949545 -5.786056
v -2.046122 3.970724 -5.795501
v -3.371048 3.785317 -5.760584
v -3.542007 4.072208 -6.216688
v -3.230431 4.392263 -6.203380
v -3.443934 4.246421 -6.194088
v -3.341138 4.338536 -6.203380
v -3.288633 4.378495 -6.203380
v -3.547889 4.022849 -6.004012
v -3.655328 3.986969 -6.115606
v -3.701918 3.886238 -6.120091
v -3.676347 3.855021 -6.070492
v -3.700053 3.711518 -6.027893
v -3.651810 3.768657 -5.921750
v -3.521645 3.942616 -5.899616
v -3.063816 1.715147 -6.167419
v -3.045740 1.704678 -5.795501
v -2.611865 1.706466 -5.860416
v -3.085130 1.712615 -5.838686
v -3.045740 1.704678 -6.203379
v -2.750877 1.706250 -6.203379
v -2.641837 1.703951 -6.138962
v -2.676729 1.704678 -5.828133
v -3.115270 1.700641 -5.861020
v -2.676729 1.704678 -6.203379
v -2.641837 1.703951 -5.859918
v -2.750877 1.706250 -5.795501
v -3.045740 1.704678 -5.828133
v -3.109387 1.703319 -6.138962
v -2.641837 1.703951 -6.170747
v -2.676729 1.704678 -5.795501
v -2.971592 1.706250 -5.795501
v -2.613082 1.703319 -6.138962
v -2.641837 1.703951 -5.828133
v -3.045740 1.975172 -6.170747
v -2.676729 1.975172 -5.828133
v -2.641837 1.974330 -6.138962
v -2.750877 1.976993 -6.203379
v -3.045740 1.975172 -6.203379
v -2.880327 1.975172 -5.828133
v -2.611672 1.977243 -5.860495
v -2.880327 1.975172 -5.795501
v -2.676729 1.975172 -6.170747
v -2.971592 1.976993 -6.203379
v -2.676729 1.975172 -6.203379
v -2.641837 1.974330 -5.859918
v -2.750877 1.976993 -5.795501
v -2.641837 1.974330 -6.170747
v -2.676729 1.975172 -5.795501
v -2.806179 1.976993 -5.795501
v -2.613082 1.973597 -6.138962
v -2.641837 1.974330 -5.828133
v -0.982856 1.355989 -6.138962
v -1.011611 1.356492 -5.828133
v -1.450406 1.356492 -6.138962
v -1.341366 1.358323 -6.203379
v -1.046503 1.357071 -6.170747
v -1.415514 1.357071 -5.795501
v -1.025653 1.326200 -5.913282
v -1.450406 1.356492 -5.828133
v -1.415514 1.357071 -6.203379
v -1.120651 1.358323 -6.203379
v -1.011611 1.356492 -6.138962
v -1.046503 1.357071 -5.828133
v -1.450406 1.356492 -6.170747
v -1.479161 1.355989 -5.859918
v -1.046503 1.357071 -6.203379
v -1.011611 1.356492 -5.859918
v -1.194572 1.358323 -5.795501
v -1.415514 1.357071 -5.828133
v -1.479161 1.355989 -6.138962
v -1.011611 1.356492 -6.170747
v -1.415514 1.357071 -6.170747
v -1.110313 1.357071 -5.795501
v -1.341366 1.358323 -5.795501
v -1.450406 1.356492 -5.859918
v -0.982856 1.448912 -6.138962
v -1.011611 1.449450 -5.828133
v -1.450406 1.449450 -6.138962
v -1.341366 1.451406 -6.203379
v -1.046503 1.450068 -6.170747
v -1.415514 1.450068 -5.795501
v -0.982856 1.448912 -5.915992
v -1.450406 1.449450 -5.828133
v -1.415514 1.450068 -6.203379
v -1.120651 1.451406 -6.203379
v -1.011611 1.449450 -6.138962
v -1.046503 1.450068 -5.828133
v -1.450406 1.449450 -6.170747
v -1.479161 1.448912 -5.859918
v -1.046503 1.450068 -6.203379
v -1.011611 1.449450 -5.859918
v -1.120651 1.451406 -5.795501
v -1.415514 1.450068 -5.828133
v -1.479161 1.448912 -6.138962
v -1.011611 1.449450 -6.170747
v -1.415514 1.450068 -6.170747
v -1.046503 1.450068 -5.795501
v -1.341366 1.451406 -5.795501
v -1.450406 1.449450 -5.859918
v -0.982856 1.402450 -6.138962
v -1.046771 1.407467 -5.838005
v -1.450406 1.402971 -6.138962
v -1.341366 1.404864 -6.203379
v -1.046503 1.403569 -6.170747
v -1.415514 1.403569 -5.795501
v -1.017661 1.402450 -5.914668
v -1.450406 1.402971 -5.828133
v -1.415514 1.403569 -6.203379
v -1.120651 1.404864 -6.203379
v -1.011611 1.402971 -6.138962
v -1.097191 1.403569 -5.828133
v -1.450406 1.402971 -6.170747
v -1.479161 1.402450 -5.859918
v -1.046503 1.403569 -6.203379
v -1.066095 1.402971 -5.871341
v -1.198299 1.404864 -5.795501
v -1.415514 1.403569 -5.828133
v -1.479161 1.402450 -6.138962
v -1.011611 1.402971 -6.170747
v -1.415514 1.403569 -6.170747
v -1.174838 1.403569 -5.795501
v -1.341366 1.404864 -5.795501
v -1.450406 1.402971 -5.859918
v -0.713430 4.033213 -5.846152
v -0.915628 3.838721 -5.778662
v -0.924245 3.721033 -5.780787
v -1.153193 4.249935 -5.838326
v -0.653248 4.330649 -5.959029
v -1.024956 4.236857 -5.875797
v -0.908752 4.247797 -5.902806
v -0.805066 4.266774 -5.922394
v -0.731535 4.297138 -5.937882
v -1.082073 4.024483 -5.805357
v -1.014619 4.027665 -5.807860
v -0.936279 4.030354 -5.813919
v -0.854724 4.032285 -5.822945
v -0.777935 4.033270 -5.834051
v -2.046122 3.689106 -6.203380
v -2.046122 3.689106 -6.203380
v -2.046122 3.689106 -6.203380
v -2.046122 3.689106 -6.203380
v -2.046122 3.689106 -6.203380
v -2.046122 3.689106 -6.170747
v -2.046122 3.689106 -6.170747
v -2.046122 3.689106 -6.170747
v -2.046122 3.689106 -6.170747
v -2.046122 3.689106 -6.170747
v -2.046122 3.655288 -6.170747
v -2.046122 3.655288 -6.170747
v -2.046122 3.655288 -6.170747
v -2.046122 3.655288 -6.170747
v -2.046122 3.655288 -6.170747
v -2.046122 3.655288 -6.138962
v -2.046122 3.655288 -6.138962
v -2.046122 3.655288 -6.138962
v -2.046122 3.655288 -6.138962
v -2.046122 3.655288 -6.138962
v -2.046122 3.623909 -6.138962
v -2.046122 3.623909 -6.138962
v -2.046122 3.623909 -6.138962
v -2.046122 3.623909 -6.138962
v -2.046122 3.623909 -6.138962
v -2.046122 3.777854 -6.203380
v -2.046122 3.777854 -6.203380
v -2.046122 3.777854 -6.203380
v -2.046122 3.777854 -6.203380
v -2.046122 3.777854 -6.203380
v -2.046122 3.777854 -6.203380
v -2.046122 3.777854 -6.203380
v -2.046122 3.689106 -5.795501
v -2.046122 3.689106 -5.795501
v -2.046122 3.689106 -5.795501
v -2.046122 3.689106 -5.795501
v -2.046122 3.689106 -5.795501
v -2.046122 3.689106 -5.828133
v -2.046122 3.689106 -5.828133
v -2.046122 3.689106 -5.828133
v -2.046122 3.689106 -5.828133
v -2.046122 3.689106 -5.828133
v -2.046122 3.655288 -5.828133
v -2.046122 3.655288 -5.828133
v -2.046122 3.655288 -5.828133
v -2.046122 3.655288 -5.828133
v -2.046122 3.655288 -5.828133
v -2.046122 3.655288 -5.859917
v -2.046122 3.655288 -5.859917
v -2.046122 3.655288 -5.859917
v -2.046122 3.655288 -5.859917
v -2.046122 3.655288 -5.859917
v -2.046122 3.623909 -5.859918
v -2.046122 3.623909 -5.859918
v -2.046122 3.623909 -5.859918
v -2.046122 3.623909 -5.859918
v -2.046122 3.623909 -5.859918
v -2.046122 3.777854 -5.795501
v -2.046122 3.777854 -5.795501
v -2.046122 3.777854 -5.795501
v -2.046122 3.777854 -5.795501
v -2.046122 3.777854 -5.795501
v -2.046122 3.777854 -5.795501
v -2.046122 3.777854 -5.795501
v -2.046122 4.292702 -5.795501
v -2.046122 4.292702 -5.795501
v -2.046122 4.292702 -5.795501
v -2.046122 4.292702 -5.795501
v -2.046122 4.392263 -6.203380
v -2.046122 4.392263 -6.203380
v -2.046122 4.392263 -6.203380
v -2.046122 4.392263 -6.203380
v -2.046123 4.392263 -5.999440
v -2.046123 4.392263 -5.999440
v -2.046123 4.392263 -5.999440
v -2.046123 4.392263 -5.999440
v -2.046123 4.392263 -5.999440
v -2.046123 4.392263 -5.999440
v -2.046123 4.392263 -5.999440
v -2.046123 4.392263 -5.999440
v -2.046123 4.392263 -5.999440
v -2.046123 4.392263 -5.999440
v -2.046123 4.392263 -5.999440
v -2.046123 4.392263 -5.999440
v -2.046123 4.392263 -5.999440
v -2.046123 4.392263 -5.999440
v -2.046123 4.392263 -5.999440
v -2.046123 4.392263 -5.999440
v -2.046122 3.970724 -5.795501
v -2.046122 3.970724 -5.795501
v -2.046122 3.970724 -5.795501
v -2.046122 3.970724 -5.795501
v -2.971592 0.351647 -6.203379
v -2.750877 0.308990 -6.203379
v -3.045740 0.365977 -6.203379
v -3.049581 0.364431 -6.170040
v -3.077007 0.369731 -6.170030
v -3.077024 0.368021 -6.145068
v -3.109387 0.373857 -6.138962
v -2.676729 0.294660 -6.203379
v -2.676729 0.292421 -6.170747
v -2.641837 0.285677 -6.170747
v -2.641837 0.283496 -6.138962
v -2.613082 0.277939 -6.138962
v -2.676729 0.266670 -5.795501
v -2.676729 0.268909 -5.828133
v -2.641837 0.262166 -5.828133
v -2.641837 0.264347 -5.859918
v -2.612898 0.258759 -5.859993
v -2.750877 0.281000 -5.795501
v -3.045740 0.337987 -5.795501
v -2.971592 0.323656 -5.795501
v -3.045740 0.340226 -5.828133
v -3.081544 0.347292 -5.830273
v -3.081549 0.349031 -5.855590
v -3.110615 0.354961 -5.860148
v -2.750877 1.156762 -6.203379
v -3.045740 1.156925 -6.203379
v -2.676729 1.156722 -6.203379
v -2.676729 1.170005 -6.170747
v -2.641837 1.169986 -6.170747
v -2.641837 1.182924 -6.138962
v -2.613082 1.182908 -6.138962
v -2.676729 1.322752 -5.795501
v -2.750877 1.322793 -5.795501
v -3.045740 1.322955 -5.795501
v -3.045740 1.309672 -5.828133
v -3.084063 1.306417 -5.836183
v -3.084055 1.303332 -5.843760
v -3.113872 1.296429 -5.860758
v -2.971592 1.156884 -6.203379
v -3.058083 1.171140 -6.168475
v -3.069150 1.171146 -6.168475
v -3.069110 1.175222 -6.158461
v -3.109387 1.183181 -6.138962
v -2.676729 1.309469 -5.828133
v -2.641837 1.309450 -5.828133
v -2.641837 1.296512 -5.859918
v -2.612158 1.296341 -5.860296
v -2.971592 1.322914 -5.795501
v -2.960275 0.373532 -6.178483
v -2.762556 0.332032 -6.178483
v -2.696134 0.318090 -6.178483
v -2.696134 0.316273 -6.149834
v -2.664877 0.309712 -6.149834
v -2.664877 0.307942 -6.121929
v -2.639118 0.302535 -6.121929
v -2.638935 0.286959 -5.877024
v -2.664877 0.292400 -5.876951
v -2.664877 0.290629 -5.849046
v -2.696134 0.297190 -5.849046
v -2.696134 0.295373 -5.820398
v -2.762556 0.309315 -5.820398
v -2.960275 0.350815 -5.820399
v -3.026697 0.364757 -5.820398
v -3.026697 0.366574 -5.849046
v -3.058832 0.373360 -5.851066
v -3.058836 0.374968 -5.872869
v -3.084892 0.380549 -5.877167
v -3.083713 0.395853 -6.121929
v -3.054529 0.389960 -6.127610
v -3.054516 0.391512 -6.149167
v -3.030345 0.386356 -6.149176
v -3.026697 0.387474 -6.178483
v -2.762556 1.128820 -6.178483
v -2.960275 1.130343 -6.178483
v -3.026697 1.130855 -6.178483
v -3.037503 1.144550 -6.147884
v -3.047900 1.144731 -6.147884
v -3.047866 1.148616 -6.138660
v -3.083713 1.156506 -6.121929
v -3.087634 1.265398 -5.877671
v -3.060946 1.271878 -5.863107
v -3.060953 1.274804 -5.855942
v -3.026697 1.277719 -5.849046
v -3.026698 1.290490 -5.820398
v -2.960275 1.289979 -5.820398
v -2.762556 1.288455 -5.820398
v -2.696133 1.287943 -5.820398
v -2.696134 1.275172 -5.849046
v -2.664877 1.274931 -5.849046
v -2.664877 1.262491 -5.876951
v -2.638312 1.262142 -5.877274
v -2.639118 1.153080 -6.121929
v -2.664877 1.153279 -6.121929
v -2.664877 1.140839 -6.149834
v -2.696134 1.141080 -6.149834
v -2.696133 1.128308 -6.178483
v -0.982856 1.968815 -6.138962
v -0.976506 2.040960 -5.874488
v -1.120651 2.008791 -5.795501
v -1.341366 2.022157 -5.795501
v -1.341366 1.984593 -6.203379
v -1.120651 1.971227 -6.203379
v -1.415514 1.989082 -6.203379
v -1.415514 1.992088 -6.170747
v -1.450406 1.994201 -6.170747
v -1.450406 1.997128 -6.138962
v -1.479161 1.998869 -6.138962
v -1.046503 1.966737 -6.203379
v -1.046503 1.969742 -6.170747
v -1.011611 1.967629 -6.170747
v -1.011611 1.970556 -6.138962
v -1.046503 2.004301 -5.795501
v -1.046503 2.001296 -5.828133
v -1.011611 1.999183 -5.828133
v -1.011611 1.996256 -5.859918
v -1.415514 2.026647 -5.795501
v -1.415514 2.023642 -5.828133
v -1.450406 2.025755 -5.828133
v -1.450406 2.022828 -5.859918
v -1.479161 2.024569 -5.859918
v -1.392205 2.673712 -6.165263
v -1.392205 2.029536 -6.165263
v -1.402124 2.032332 -6.141697
v -1.402124 2.673838 -6.141697
v -1.427553 2.034318 -6.135904
v -1.427553 2.672919 -6.135904
v -1.433332 2.037024 -6.112950
v -1.433332 2.673024 -6.112950
v -1.454288 2.038983 -6.085263
v -1.454288 2.672540 -6.085263
v -1.317996 2.675647 -6.168191
v -1.317996 2.025259 -6.168191
v -1.069774 2.672591 -6.165262
v -1.069774 2.008562 -6.165262
v -1.143704 2.012886 -6.168191
v -1.143704 2.675150 -6.168191
v -1.059884 2.672532 -6.141697
v -1.059884 2.011173 -6.141697
v -1.034455 2.671496 -6.135904
v -1.034455 2.009288 -6.135904
v -1.028679 2.671494 -6.112950
v -1.028679 2.011886 -6.112950
v -1.007723 2.671351 -6.086600
v -1.007723 2.011092 -6.086600
v -1.456903 2.062175 -5.909119
v -1.456903 2.672900 -5.909119
v -1.005114 2.085761 -5.929137
v -1.005114 2.581708 -5.911794
vt 0.607758 0.854768
vt 0.609582 0.854768
vt 0.609582 0.858142
vt 0.607758 0.858142
vt 0.609582 0.859938
vt 0.607758 0.859938
vt 0.609582 0.860125
vt 0.607758 0.860125
vt 0.609582 0.861403
vt 0.607758 0.861403
vt 0.609582 0.870073
vt 0.607758 0.870097
vt 0.611489 0.861403
vt 0.611529 0.870075
vt 0.607758 0.884769
vt 0.609582 0.884745
vt 0.609582 0.860116
vt 0.611489 0.860116
vt 0.619141 0.861403
vt 0.619382 0.869564
vt 0.611529 0.884748
vt 0.607758 0.899284
vt 0.609582 0.902490
vt 0.609582 0.859743
vt 0.611489 0.859743
vt 0.619141 0.860116
vt 0.626793 0.861403
vt 0.627194 0.869573
vt 0.619341 0.884757
vt 0.611529 0.903318
vt 0.609582 0.859688
vt 0.611489 0.859688
vt 0.619141 0.859743
vt 0.626793 0.860116
vt 0.628741 0.861403
vt 0.629183 0.869576
vt 0.627153 0.882815
vt 0.619341 0.904934
vt 0.611529 0.906532
vt 0.609582 0.906529
vt 0.609582 0.859164
vt 0.611489 0.859164
vt 0.619141 0.859688
vt 0.626793 0.859743
vt 0.628741 0.860116
vt 0.630607 0.869576
vt 0.630566 0.861403
vt 0.629143 0.882817
vt 0.627153 0.906551
vt 0.619341 0.906541
vt 0.609582 0.854768
vt 0.611489 0.854768
vt 0.619141 0.859164
vt 0.626793 0.859688
vt 0.628741 0.859743
vt 0.630566 0.882817
vt 0.628741 0.860125
vt 0.630566 0.860125
vt 0.629143 0.903138
vt 0.611489 0.858067
vt 0.619141 0.858067
vt 0.626793 0.859164
vt 0.628741 0.859688
vt 0.630566 0.901679
vt 0.628741 0.859938
vt 0.630566 0.859938
vt 0.611489 0.854768
vt 0.619141 0.854768
vt 0.626793 0.858067
vt 0.628741 0.859164
vt 0.629143 0.904389
vt 0.630566 0.904389
vt 0.628741 0.858142
vt 0.630566 0.858142
vt 0.626793 0.854768
vt 0.626793 0.854768
vt 0.628741 0.854768
vt 0.628741 0.854768
vt 0.630566 0.854768
vt 0.979412 0.461086
vt 0.981270 0.460775
vt 0.981270 0.473012
vt 0.979521 0.467200
vt 0.979521 0.455782
vt 0.981270 0.458983
vt 0.979521 0.441784
vt 0.981270 0.441784
vt 0.979521 0.428846
vt 0.981270 0.428846
vt 0.943242 0.460548
vt 0.950858 0.459889
vt 0.951220 0.465898
vt 0.943242 0.472173
vt 0.943242 0.458846
vt 0.946999 0.453538
vt 0.950858 0.475133
vt 0.943242 0.473946
vt 0.935627 0.461207
vt 0.935627 0.473257
vt 0.943242 0.442507
vt 0.950858 0.442507
vt 0.935627 0.452585
vt 0.950858 0.429707
vt 0.943242 0.429707
vt 0.950858 0.442541
vt 0.949972 0.453588
vt 0.935627 0.442507
vt 0.935627 0.429707
vt 0.952593 0.442541
vt 0.952593 0.461645
vt 0.950858 0.429707
vt 0.952593 0.429707
vt 0.749051 0.879239
vt 0.750810 0.879162
vt 0.750082 0.891165
vt 0.749051 0.892773
vt 0.747633 0.869205
vt 0.749392 0.869135
vt 0.749051 0.858237
vt 0.750810 0.858237
vt 0.749051 0.845526
vt 0.750810 0.845526
vt 0.529935 0.953739
vt 0.531825 0.956306
vt 0.531820 0.960260
vt 0.529935 0.965593
vt 0.528972 0.942182
vt 0.531820 0.950937
vt 0.531820 0.968230
vt 0.529797 0.969648
vt 0.531820 0.970100
vt 0.529792 0.971372
vt 0.521682 0.963726
vt 0.521660 0.964303
vt 0.521656 0.965451
vt 0.529787 0.971524
vt 0.521630 0.968398
vt 0.513519 0.965117
vt 0.513566 0.963391
vt 0.513472 0.965271
vt 0.511447 0.963799
vt 0.511500 0.963391
vt 0.859982 0.957219
vt 0.861654 0.956855
vt 0.861654 0.968721
vt 0.859819 0.968038
vt 0.859850 0.954741
vt 0.861654 0.955117
vt 0.859887 0.938440
vt 0.861654 0.938440
vt 0.859887 0.925669
vt 0.861654 0.925669
vt 0.237224 0.811743
vt 0.237234 0.820208
vt 0.229565 0.820009
vt 0.234360 0.811633
vt 0.237236 0.822363
vt 0.226709 0.822142
vt 0.237213 0.803279
vt 0.232076 0.803282
vt 0.228184 0.823905
vt 0.226709 0.823905
vt 0.237211 0.801170
vt 0.235959 0.801170
vt 0.230495 0.799218
vt 0.237236 0.799192
vt 0.078195 0.851635
vt 0.074326 0.849530
vt 0.080231 0.849566
vt 0.078644 0.851635
vt 0.076602 0.841210
vt 0.077049 0.841263
vt 0.071824 0.832864
vt 0.073867 0.832960
vt 0.068979 0.830739
vt 0.072269 0.830846
vt 0.704824 0.874956
vt 0.704824 0.845887
vt 0.706582 0.845887
vt 0.706582 0.874956
vt 0.704824 0.875470
vt 0.706582 0.875470
vt 0.704824 0.892333
vt 0.706582 0.892333
vt 0.706582 0.893945
vt 0.704824 0.893945
vt 0.771981 0.874790
vt 0.771981 0.845403
vt 0.773818 0.845403
vt 0.773818 0.874790
vt 0.771981 0.875325
vt 0.773818 0.875325
vt 0.771981 0.892357
vt 0.773818 0.892357
vt 0.394721 0.740458
vt 0.392954 0.740458
vt 0.392954 0.711238
vt 0.394721 0.711238
vt 0.394721 0.740975
vt 0.392954 0.740975
vt 0.394721 0.757925
vt 0.392954 0.757925
vt 0.394721 0.761819
vt 0.392954 0.764276
vt 0.394721 0.764795
vt 0.392954 0.764793
vt 0.391102 0.764793
vt 0.391107 0.764276
vt 0.416933 0.740048
vt 0.415220 0.740048
vt 0.415220 0.710991
vt 0.416933 0.710991
vt 0.416933 0.740561
vt 0.415220 0.740561
vt 0.416933 0.757418
vt 0.415220 0.757418
vt 0.416933 0.763388
vt 0.415220 0.763388
vt 0.577169 0.884823
vt 0.577169 0.855750
vt 0.578927 0.855750
vt 0.578927 0.884823
vt 0.577169 0.885337
vt 0.578927 0.885337
vt 0.577117 0.901930
vt 0.578891 0.902014
vt 0.578404 0.905748
vt 0.576587 0.905435
vt 0.469661 0.725857
vt 0.469661 0.696406
vt 0.471396 0.696406
vt 0.471397 0.725857
vt 0.469661 0.726377
vt 0.471397 0.726377
vt 0.469661 0.743463
vt 0.471397 0.743463
vt 0.471330 0.746329
vt 0.469533 0.746005
vt 0.471207 0.747998
vt 0.469131 0.747075
vt 0.727678 0.874955
vt 0.725920 0.874955
vt 0.725920 0.845887
vt 0.727678 0.845887
vt 0.727678 0.875470
vt 0.725920 0.875470
vt 0.727678 0.892332
vt 0.725920 0.892332
vt 0.727678 0.893944
vt 0.725920 0.893944
vt 0.793053 0.874790
vt 0.791176 0.874790
vt 0.791176 0.845402
vt 0.793053 0.845402
vt 0.793053 0.875326
vt 0.791176 0.875326
vt 0.793053 0.892358
vt 0.791176 0.892358
vt 0.815923 0.874479
vt 0.815923 0.845282
vt 0.830745 0.845282
vt 0.830745 0.874479
vt 0.815923 0.874994
vt 0.830745 0.874994
vt 0.815923 0.891933
vt 0.830745 0.891933
vt 0.830745 0.892478
vt 0.815923 0.892478
vt 0.455353 0.740559
vt 0.455353 0.750019
vt 0.440277 0.750019
vt 0.440277 0.740559
vt 0.455353 0.755890
vt 0.440277 0.755890
vt 0.455353 0.740045
vt 0.440277 0.740045
vt 0.455353 0.763460
vt 0.440211 0.760309
vt 0.455353 0.710920
vt 0.440277 0.710920
vt 0.650159 0.942354
vt 0.652048 0.942354
vt 0.652048 0.944299
vt 0.650159 0.944299
vt 0.652048 0.945335
vt 0.650159 0.945335
vt 0.652048 0.945443
vt 0.650159 0.945443
vt 0.652048 0.946180
vt 0.650159 0.946180
vt 0.652048 0.951178
vt 0.650159 0.951192
vt 0.654022 0.946180
vt 0.654063 0.951180
vt 0.650159 0.959651
vt 0.652048 0.959638
vt 0.661942 0.946180
vt 0.662192 0.950885
vt 0.654063 0.959639
vt 0.650159 0.968020
vt 0.652048 0.969869
vt 0.669863 0.946180
vt 0.670278 0.950890
vt 0.662150 0.959644
vt 0.654063 0.970346
vt 0.671880 0.946180
vt 0.672338 0.950891
vt 0.670236 0.958525
vt 0.662150 0.971278
vt 0.654063 0.972199
vt 0.652048 0.972197
vt 0.673811 0.950891
vt 0.673769 0.946180
vt 0.672295 0.958526
vt 0.670236 0.972210
vt 0.662150 0.972204
vt 0.673769 0.958526
vt 0.671880 0.945443
vt 0.673769 0.945443
vt 0.672295 0.970242
vt 0.673769 0.969401
vt 0.671880 0.945335
vt 0.673769 0.945335
vt 0.672295 0.970963
vt 0.673769 0.970963
vt 0.671880 0.944299
vt 0.673769 0.944299
vt 0.671880 0.942354
vt 0.673769 0.942354
vt 0.320586 0.816047
vt 0.322453 0.815873
vt 0.322453 0.822722
vt 0.320696 0.819469
vt 0.320696 0.813079
vt 0.322453 0.814870
vt 0.320696 0.805245
vt 0.322453 0.805245
vt 0.320696 0.798004
vt 0.322453 0.798004
vt 0.383040 0.820090
vt 0.390722 0.819720
vt 0.391087 0.823096
vt 0.383040 0.826622
vt 0.383040 0.819134
vt 0.386829 0.816151
vt 0.390722 0.828285
vt 0.383040 0.827618
vt 0.375358 0.820460
vt 0.375358 0.827231
vt 0.383040 0.809953
vt 0.390722 0.809953
vt 0.375358 0.815616
vt 0.390722 0.802761
vt 0.383040 0.802761
vt 0.390722 0.809972
vt 0.389828 0.816179
vt 0.375358 0.809953
vt 0.375358 0.802761
vt 0.392472 0.809972
vt 0.392472 0.820707
vt 0.390722 0.802761
vt 0.392472 0.802761
vt 0.447427 0.820390
vt 0.449186 0.820347
vt 0.448457 0.827032
vt 0.447427 0.827928
vt 0.446009 0.814801
vt 0.447767 0.814762
vt 0.447427 0.808692
vt 0.449186 0.808692
vt 0.447427 0.801612
vt 0.449186 0.801612
vt 0.043497 0.832544
vt 0.044964 0.830605
vt 0.047223 0.830610
vt 0.050270 0.832544
vt 0.036893 0.833532
vt 0.041895 0.830610
vt 0.051777 0.830610
vt 0.052587 0.832685
vt 0.052846 0.830610
vt 0.053572 0.832690
vt 0.050189 0.841038
vt 0.049203 0.841011
vt 0.053659 0.832696
vt 0.051873 0.841064
vt 0.049998 0.849385
vt 0.049012 0.849337
vt 0.050086 0.849433
vt 0.049245 0.851510
vt 0.049012 0.851457
vt 0.288782 0.818920
vt 0.290460 0.818716
vt 0.290460 0.825352
vt 0.288618 0.824970
vt 0.288648 0.817534
vt 0.290460 0.817744
vt 0.288686 0.808418
vt 0.290460 0.808418
vt 0.288686 0.801276
vt 0.290460 0.801276
vt 0.010008 0.886529
vt 0.010010 0.888860
vt 0.003670 0.888621
vt 0.005390 0.886315
vt 0.004558 0.890528
vt 0.003670 0.890528
vt 0.010002 0.877377
vt 0.008278 0.877258
vt 0.009996 0.868224
vt 0.006902 0.868228
vt 0.021008 0.851632
vt 0.021008 0.849517
vt 0.023723 0.849517
vt 0.023723 0.851632
vt 0.024047 0.849517
vt 0.024047 0.851632
vt 0.023723 0.841032
vt 0.024047 0.841032
vt 0.024080 0.849517
vt 0.024080 0.851632
vt 0.023723 0.832547
vt 0.024047 0.832547
vt 0.024080 0.841032
vt 0.024311 0.849517
vt 0.024311 0.851632
vt 0.023723 0.830386
vt 0.024047 0.830386
vt 0.024080 0.832547
vt 0.024311 0.841032
vt 0.021008 0.832547
vt 0.021008 0.830386
vt 0.024080 0.830386
vt 0.024311 0.832547
vt 0.024311 0.830386
vt 0.094977 0.868985
vt 0.094977 0.861612
vt 0.096747 0.861612
vt 0.096747 0.868985
vt 0.094977 0.876358
vt 0.096747 0.876358
vt 0.811035 0.174498
vt 0.811035 0.091645
vt 0.813027 0.091645
vt 0.813027 0.174498
vt 0.811035 0.177337
vt 0.813027 0.177337
vt 0.811035 0.180176
vt 0.813027 0.180176
vt 0.813027 0.213268
vt 0.811035 0.213084
vt 0.814801 0.215725
vt 0.813362 0.215554
vt 0.813362 0.254883
vt 0.814801 0.254891
vt 0.813027 0.257351
vt 0.811035 0.257351
vt 0.811035 0.270645
vt 0.813027 0.270645
vt 0.811035 0.282650
vt 0.813027 0.282650
vt 0.811035 0.296629
vt 0.813027 0.296629
vt 0.811035 0.307796
vt 0.813027 0.307796
vt 0.813027 0.316876
vt 0.811035 0.316876
vt 0.787417 0.592204
vt 0.787417 0.510441
vt 0.789333 0.510441
vt 0.789333 0.592204
vt 0.787417 0.595005
vt 0.789333 0.595005
vt 0.787417 0.597807
vt 0.789333 0.597807
vt 0.789333 0.630818
vt 0.787417 0.630642
vt 0.790900 0.633223
vt 0.789517 0.633060
vt 0.789517 0.671552
vt 0.790900 0.671558
vt 0.792569 0.633341
vt 0.792569 0.671529
vt 0.789333 0.673966
vt 0.787417 0.673966
vt 0.803186 0.634739
vt 0.803186 0.671550
vt 0.787417 0.686744
vt 0.789333 0.686744
vt 0.806152 0.632472
vt 0.806152 0.673906
vt 0.787417 0.698104
vt 0.789333 0.698104
vt 0.787417 0.711513
vt 0.789333 0.711513
vt 0.787417 0.722224
vt 0.789333 0.722224
vt 0.789333 0.730764
vt 0.787417 0.730764
vt 0.556010 0.600210
vt 0.554020 0.600210
vt 0.554020 0.517448
vt 0.556010 0.517448
vt 0.556010 0.603046
vt 0.554020 0.603046
vt 0.556010 0.605881
vt 0.554020 0.605881
vt 0.556010 0.637391
vt 0.554020 0.637574
vt 0.553686 0.639942
vt 0.552249 0.640101
vt 0.553686 0.680438
vt 0.552249 0.680434
vt 0.556010 0.682972
vt 0.554020 0.682972
vt 0.556010 0.696251
vt 0.554020 0.696251
vt 0.556010 0.708243
vt 0.554020 0.708243
vt 0.556010 0.722207
vt 0.554020 0.722207
vt 0.557767 0.738566
vt 0.554020 0.733361
vt 0.221396 0.191567
vt 0.219456 0.191567
vt 0.219456 0.108774
vt 0.221396 0.108774
vt 0.221396 0.194404
vt 0.219456 0.194404
vt 0.221396 0.197240
vt 0.219456 0.197240
vt 0.221396 0.228867
vt 0.219456 0.229046
vt 0.219270 0.231410
vt 0.217869 0.231568
vt 0.219270 0.271827
vt 0.217869 0.271827
vt 0.221396 0.274359
vt 0.219456 0.274359
vt 0.216260 0.271818
vt 0.216260 0.231520
vt 0.221396 0.287298
vt 0.219456 0.287298
vt 0.206650 0.236077
vt 0.205591 0.266347
vt 0.221396 0.298801
vt 0.219456 0.298801
vt 0.203314 0.233343
vt 0.219456 0.228939
vt 0.203074 0.270532
vt 0.221396 0.312379
vt 0.219456 0.312379
vt 0.219456 0.197208
vt 0.205848 0.197208
vt 0.221396 0.323224
vt 0.219456 0.323224
vt 0.202425 0.230614
vt 0.202425 0.197240
vt 0.219456 0.194372
vt 0.205767 0.194372
vt 0.219456 0.331872
vt 0.221396 0.331872
vt 0.200485 0.230793
vt 0.200485 0.197240
vt 0.203122 0.194404
vt 0.219456 0.191536
vt 0.205682 0.189718
vt 0.210941 0.376853
vt 0.200485 0.274359
vt 0.202425 0.274359
vt 0.201088 0.194678
vt 0.202425 0.191567
vt 0.219456 0.108774
vt 0.202425 0.108774
vt 0.221396 0.333936
vt 0.219456 0.329957
vt 0.200485 0.287298
vt 0.202425 0.287298
vt 0.200485 0.191567
vt 0.202425 0.108774
vt 0.223388 0.333936
vt 0.202425 0.329957
vt 0.200485 0.298801
vt 0.202425 0.298801
vt 0.200485 0.108774
vt 0.226572 0.344376
vt 0.219456 0.321890
vt 0.202425 0.321890
vt 0.202425 0.331872
vt 0.200586 0.313396
vt 0.202425 0.312379
vt 0.223388 0.376853
vt 0.219456 0.311294
vt 0.202425 0.311294
vt 0.200485 0.331872
vt 0.200485 0.323224
vt 0.202425 0.323224
vt 0.219456 0.298042
vt 0.202425 0.298042
vt 0.200485 0.333936
vt 0.219456 0.286952
vt 0.202425 0.286952
vt 0.265019 0.617711
vt 0.265019 0.604826
vt 0.266950 0.604826
vt 0.266950 0.617711
vt 0.265019 0.562821
vt 0.266950 0.562643
vt 0.264738 0.629572
vt 0.266950 0.629348
vt 0.265019 0.530023
vt 0.266950 0.530023
vt 0.902448 0.174757
vt 0.900473 0.174757
vt 0.900473 0.092623
vt 0.902448 0.092623
vt 0.902448 0.177571
vt 0.900473 0.177571
vt 0.902448 0.180385
vt 0.900473 0.180385
vt 0.902448 0.215281
vt 0.900473 0.215099
vt 0.902448 0.256891
vt 0.900473 0.256891
vt 0.902448 0.270069
vt 0.900473 0.270069
vt 0.902448 0.281970
vt 0.900473 0.281970
vt 0.902448 0.295828
vt 0.900473 0.295828
vt 0.902448 0.306897
vt 0.900473 0.306897
vt 0.900473 0.315898
vt 0.902448 0.315898
vt 0.772922 0.592147
vt 0.771002 0.592147
vt 0.771002 0.510222
vt 0.772922 0.510222
vt 0.772922 0.594954
vt 0.771002 0.594954
vt 0.772922 0.597761
vt 0.771002 0.597761
vt 0.772922 0.632568
vt 0.771002 0.632391
vt 0.772922 0.674073
vt 0.771002 0.674073
vt 0.772922 0.686876
vt 0.771002 0.686876
vt 0.772922 0.698259
vt 0.771002 0.698259
vt 0.772922 0.711694
vt 0.771002 0.711694
vt 0.772922 0.722426
vt 0.771002 0.722426
vt 0.771002 0.730983
vt 0.772922 0.730983
vt 0.129035 0.839631
vt 0.129035 0.851885
vt 0.112543 0.851885
vt 0.113171 0.835985
vt 0.115609 0.831932
vt 0.125940 0.837230
vt 0.309467 0.728659
vt 0.309467 0.716840
vt 0.327618 0.716840
vt 0.327618 0.728659
vt 0.309467 0.703354
vt 0.327618 0.703354
vt 0.309467 0.742782
vt 0.327618 0.742782
vt 0.312960 0.700788
vt 0.324418 0.700812
vt 0.309467 0.754076
vt 0.327618 0.754076
vt 0.309467 0.762673
vt 0.327618 0.762673
vt 0.481473 0.561342
vt 0.481473 0.481783
vt 0.497845 0.481783
vt 0.497845 0.561342
vt 0.481473 0.564068
vt 0.497845 0.564068
vt 0.481473 0.566794
vt 0.497845 0.566794
vt 0.497845 0.600569
vt 0.481473 0.599061
vt 0.494958 0.602776
vt 0.484624 0.601415
vt 0.835835 0.934698
vt 0.837746 0.934698
vt 0.847783 0.975895
vt 0.947322 0.519106
vt 0.947322 0.517124
vt 0.957361 0.560312
vt 0.922501 0.925921
vt 0.924363 0.925921
vt 0.932538 0.969102
vt 0.847620 0.840385
vt 0.847620 0.838547
vt 0.855791 0.883550
vt 0.807433 0.939896
vt 0.807433 0.934696
vt 0.819383 0.975898
vt 0.790982 0.934696
vt 0.790982 0.939896
vt 0.779032 0.975898
vt 0.760670 0.935235
vt 0.762582 0.935235
vt 0.750632 0.976436
vt 0.907718 0.925913
vt 0.907718 0.927895
vt 0.897677 0.969110
vt 0.881031 0.925919
vt 0.882894 0.925919
vt 0.872856 0.969104
vt 0.878805 0.838547
vt 0.878805 0.840385
vt 0.870633 0.883550
vt 0.897207 0.838538
vt 0.913557 0.838538
vt 0.905382 0.883559
vt 0.722232 0.970502
vt 0.722232 0.934502
vt 0.734181 0.970502
vt 0.426215 0.203308
vt 0.426215 0.168932
vt 0.428406 0.169824
vt 0.428472 0.203965
vt 0.427778 0.167296
vt 0.429698 0.168155
vt 0.426215 0.220284
vt 0.428263 0.220284
vt 0.427778 0.120642
vt 0.429617 0.120572
vt 0.449765 0.203308
vt 0.449765 0.220284
vt 0.426215 0.266661
vt 0.428263 0.266661
vt 0.426215 0.119293
vt 0.428308 0.119196
vt 0.451813 0.220284
vt 0.451813 0.203308
vt 0.430258 0.266525
vt 0.447770 0.266525
vt 0.426215 0.280326
vt 0.428263 0.280326
vt 0.426215 0.096324
vt 0.428263 0.096324
vt 0.451813 0.266661
vt 0.449765 0.266661
vt 0.449765 0.178518
vt 0.451813 0.179351
vt 0.430258 0.279537
vt 0.447770 0.279537
vt 0.426215 0.292667
vt 0.428263 0.292667
vt 0.451813 0.280326
vt 0.449765 0.280326
vt 0.448453 0.176513
vt 0.450251 0.177314
vt 0.430258 0.290940
vt 0.447770 0.290940
vt 0.426215 0.307036
vt 0.428263 0.307036
vt 0.451813 0.292667
vt 0.449765 0.292667
vt 0.448453 0.119330
vt 0.450251 0.119216
vt 0.430258 0.305682
vt 0.447770 0.305682
vt 0.426121 0.319583
vt 0.427919 0.319184
vt 0.451813 0.307036
vt 0.449765 0.307036
vt 0.449765 0.117677
vt 0.451813 0.117536
vt 0.431021 0.310722
vt 0.448534 0.310722
vt 0.452577 0.313775
vt 0.450529 0.313775
vt 0.449765 0.096324
vt 0.451813 0.096324
vt 0.443890 0.332841
vt 0.437228 0.329255
vt 0.451789 0.319402
vt 0.453837 0.319402
vt 0.449099 0.318353
vt 0.434555 0.338261
vt 0.430258 0.325726
vt 0.445279 0.343759
vt 0.451094 0.318353
vt 0.438727 0.348794
vt 0.428263 0.325726
vt 0.453611 0.330133
vt 0.431724 0.346542
vt 0.431442 0.340220
vt 0.427974 0.317101
vt 0.430258 0.316834
vt 0.428263 0.327849
vt 0.425181 0.326427
vt 0.428263 0.305682
vt 0.428263 0.291721
vt 0.430258 0.291721
vt 0.428263 0.279893
vt 0.430258 0.279893
vt 0.428263 0.266588
vt 0.430258 0.266588
vt 0.340570 0.632123
vt 0.340508 0.600075
vt 0.341098 0.600315
vt 0.341721 0.598519
vt 0.342265 0.598748
vt 0.341646 0.554145
vt 0.342916 0.554053
vt 0.340417 0.552862
vt 0.341887 0.552761
vt 0.340374 0.531080
vt 0.342247 0.531080
vt 0.905360 0.604134
vt 0.903356 0.604134
vt 0.903356 0.571293
vt 0.905360 0.570477
vt 0.905360 0.620748
vt 0.903356 0.620748
vt 0.902071 0.569517
vt 0.903831 0.568732
vt 0.905360 0.666136
vt 0.903356 0.666136
vt 0.902071 0.518856
vt 0.903831 0.518967
vt 0.905360 0.679510
vt 0.903356 0.679510
vt 0.903356 0.517391
vt 0.905360 0.517528
vt 0.903556 0.694037
vt 0.901551 0.694037
vt 0.903356 0.499430
vt 0.905360 0.499430
vt 0.905360 0.705651
vt 0.903356 0.705651
vt 0.905360 0.716885
vt 0.903356 0.716885
vt 0.903356 0.726020
vt 0.905360 0.726020
vt 0.691343 0.613014
vt 0.689393 0.613014
vt 0.689393 0.581048
vt 0.691343 0.580254
vt 0.691343 0.629602
vt 0.689393 0.629602
vt 0.688348 0.579229
vt 0.690060 0.578466
vt 0.691343 0.674919
vt 0.689393 0.674919
vt 0.688348 0.527367
vt 0.690060 0.527475
vt 0.691343 0.687925
vt 0.689393 0.687925
vt 0.689393 0.525867
vt 0.691343 0.526001
vt 0.689541 0.701935
vt 0.687591 0.701935
vt 0.689393 0.508474
vt 0.691343 0.508474
vt 0.691343 0.713137
vt 0.689393 0.713137
vt 0.691343 0.724038
vt 0.689393 0.724038
vt 0.689393 0.732731
vt 0.691343 0.732731
vt 0.538725 0.618631
vt 0.538725 0.595295
vt 0.540718 0.594484
vt 0.540718 0.618631
vt 0.540246 0.593168
vt 0.541996 0.592388
vt 0.538725 0.635158
vt 0.540718 0.635158
vt 0.540246 0.532522
vt 0.541996 0.532633
vt 0.538725 0.680310
vt 0.540718 0.680310
vt 0.538725 0.530768
vt 0.540718 0.530905
vt 0.538725 0.693614
vt 0.540718 0.693614
vt 0.538725 0.514475
vt 0.540718 0.514475
vt 0.536929 0.708065
vt 0.538923 0.708065
vt 0.539605 0.729048
vt 0.540718 0.719618
vt 0.576097 0.622102
vt 0.576097 0.598099
vt 0.578031 0.597312
vt 0.578031 0.622102
vt 0.577370 0.595999
vt 0.579068 0.595242
vt 0.576097 0.638552
vt 0.578031 0.638552
vt 0.577370 0.536112
vt 0.579068 0.536219
vt 0.576097 0.683494
vt 0.578031 0.683494
vt 0.576097 0.534380
vt 0.578031 0.534513
vt 0.576097 0.696812
vt 0.578031 0.696392
vt 0.576097 0.518429
vt 0.578031 0.518429
vt 0.574310 0.710285
vt 0.576244 0.710285
vt 0.577816 0.709547
vt 0.576097 0.721394
vt 0.578031 0.721394
vt 0.595009 0.696048
vt 0.593221 0.709529
vt 0.580121 0.732206
vt 0.582054 0.732206
vt 0.595009 0.720312
vt 0.578031 0.720312
vt 0.595009 0.683433
vt 0.578080 0.683738
vt 0.578268 0.732933
vt 0.576097 0.722707
vt 0.584816 0.730876
vt 0.578031 0.740826
vt 0.576097 0.740826
vt 0.595009 0.730876
vt 0.595009 0.638508
vt 0.578066 0.638730
vt 0.595009 0.622063
vt 0.578062 0.622255
vt 0.578054 0.597302
vt 0.595009 0.590400
vt 0.579087 0.595221
vt 0.593973 0.588585
vt 0.579072 0.535888
vt 0.593973 0.536836
vt 0.578036 0.534173
vt 0.595009 0.535340
vt 0.595009 0.518429
vt 0.578031 0.518429
vt 0.299574 0.632306
vt 0.299272 0.608005
vt 0.299722 0.608188
vt 0.298247 0.631595
vt 0.298263 0.607595
vt 0.298124 0.606138
vt 0.298549 0.606311
vt 0.281745 0.631754
vt 0.281745 0.600871
vt 0.297544 0.552883
vt 0.298838 0.552788
vt 0.282756 0.599287
vt 0.297259 0.605753
vt 0.298570 0.551343
vt 0.300073 0.551240
vt 0.282756 0.554123
vt 0.297289 0.553215
vt 0.298313 0.530619
vt 0.300200 0.530619
vt 0.281745 0.552817
vt 0.298299 0.551695
vt 0.281745 0.530619
vt 0.298313 0.530619
vt 0.104213 0.583806
vt 0.102220 0.583806
vt 0.102220 0.570511
vt 0.104213 0.570511
vt 0.104213 0.595626
vt 0.102220 0.595626
vt 0.104213 0.524240
vt 0.104213 0.609577
vt 0.102220 0.609577
vt 0.104976 0.615984
vt 0.102983 0.615984
vt 0.103548 0.622239
vt 0.105541 0.622239
vt 0.705781 0.976487
vt 0.693831 0.982321
vt 0.705781 0.946321
vt 0.705781 0.957622
vt 0.160045 0.833955
vt 0.174851 0.830519
vt 0.161618 0.846083
vt 0.160971 0.852495
vt 0.160971 0.855277
vt 0.213278 0.841239
vt 0.211375 0.841239
vt 0.211375 0.833439
vt 0.213278 0.833439
vt 0.209052 0.833610
vt 0.209052 0.841260
vt 0.097340 0.833643
vt 0.097340 0.841410
vt 0.093891 0.841410
vt 0.093891 0.833643
vt 0.097340 0.843345
vt 0.093891 0.843345
vt 0.097340 0.825877
vt 0.093891 0.825877
vt 0.092152 0.833643
vt 0.092152 0.825877
vt 0.097340 0.823899
vt 0.093891 0.823899
vt 0.092152 0.823899
vt 0.559580 0.971238
vt 0.557626 0.971238
vt 0.557626 0.970120
vt 0.559580 0.970120
vt 0.559580 0.968202
vt 0.557626 0.968202
vt 0.574926 0.971238
vt 0.574926 0.970120
vt 0.574926 0.968202
vt 0.557224 0.963627
vt 0.559218 0.963627
vt 0.576838 0.971238
vt 0.576838 0.970120
vt 0.576838 0.968202
vt 0.574886 0.963627
vt 0.555796 0.963627
vt 0.555796 0.968202
vt 0.557154 0.959557
vt 0.559193 0.959572
vt 0.576838 0.963627
vt 0.574886 0.959580
vt 0.555715 0.959554
vt 0.556573 0.956176
vt 0.558742 0.956233
vt 0.576838 0.959580
vt 0.578668 0.963627
vt 0.578668 0.968202
vt 0.574886 0.956391
vt 0.555104 0.956162
vt 0.556216 0.954303
vt 0.558447 0.954381
vt 0.576838 0.956391
vt 0.578668 0.959580
vt 0.574886 0.954636
vt 0.554732 0.954285
vt 0.555836 0.950698
vt 0.558140 0.950801
vt 0.576838 0.954636
vt 0.578668 0.956391
vt 0.574886 0.951157
vt 0.554890 0.950672
vt 0.556314 0.947993
vt 0.558559 0.948083
vt 0.576838 0.951157
vt 0.578668 0.954636
vt 0.574906 0.948361
vt 0.554603 0.947967
vt 0.556661 0.946771
vt 0.558856 0.946847
vt 0.576838 0.948361
vt 0.578668 0.951157
vt 0.574916 0.947057
vt 0.554856 0.946747
vt 0.556883 0.945988
vt 0.559043 0.946055
vt 0.576838 0.947057
vt 0.578668 0.948361
vt 0.574921 0.946217
vt 0.555035 0.945966
vt 0.557082 0.945332
vt 0.559214 0.945360
vt 0.576838 0.946217
vt 0.578668 0.947057
vt 0.574926 0.945480
vt 0.555191 0.945311
vt 0.578668 0.946217
vt 0.559340 0.943128
vt 0.575056 0.943151
vt 0.576838 0.945511
vt 0.576838 0.943151
vt 0.085149 0.876366
vt 0.085149 0.868637
vt 0.086504 0.868637
vt 0.086504 0.876366
vt 0.085149 0.884094
vt 0.086504 0.884094
vt 0.013164 0.833410
vt 0.011259 0.833410
vt 0.011259 0.831470
vt 0.013164 0.831470
vt 0.013164 0.841030
vt 0.011259 0.841030
vt 0.013164 0.848649
vt 0.011259 0.848649
vt 0.013164 0.850548
vt 0.011259 0.850548
vt 0.054161 0.878876
vt 0.052244 0.878876
vt 0.052244 0.871020
vt 0.054161 0.871020
vt 0.049905 0.871192
vt 0.049905 0.878896
vt 0.049874 0.869230
vt 0.050981 0.869230
vt 0.052244 0.886731
vt 0.049905 0.886601
vt 0.206992 0.805613
vt 0.206992 0.813898
vt 0.203313 0.813898
vt 0.203313 0.805613
vt 0.206992 0.815963
vt 0.203313 0.815963
vt 0.206992 0.797329
vt 0.203313 0.797329
vt 0.209378 0.813895
vt 0.209949 0.815963
vt 0.206992 0.817898
vt 0.203788 0.817577
vt 0.201457 0.805613
vt 0.201457 0.797329
vt 0.206992 0.795219
vt 0.203313 0.795219
vt 0.211328 0.813930
vt 0.211328 0.815963
vt 0.209378 0.817873
vt 0.201457 0.817898
vt 0.201457 0.815963
vt 0.201457 0.795219
vt 0.203313 0.793709
vt 0.206992 0.793709
vt 0.209949 0.805721
vt 0.211328 0.805773
vt 0.212216 0.813935
vt 0.212216 0.815963
vt 0.210757 0.817873
vt 0.209949 0.797523
vt 0.211328 0.797617
vt 0.211645 0.817873
vt 0.209949 0.795435
vt 0.211328 0.795540
vt 0.213098 0.817096
vt 0.212963 0.815963
vt 0.209949 0.793709
vt 0.211328 0.793709
vt 0.212216 0.795592
vt 0.212216 0.797664
vt 0.146934 0.852127
vt 0.145662 0.832505
vt 0.148013 0.831875
vt 0.144214 0.850428
vt 0.143863 0.833838
vt 0.118028 0.537371
vt 0.129978 0.529185
vt 0.129978 0.624706
vt 0.118028 0.624706
vt 0.151948 0.884714
vt 0.144778 0.878318
vt 0.151576 0.871258
vt 0.048266 0.522200
vt 0.061221 0.522200
vt 0.061512 0.617604
vt 0.054880 0.615937
vt 0.047666 0.603135
vt 0.225569 0.838816
vt 0.225569 0.847340
vt 0.223402 0.842183
vt 0.223402 0.838816
vt 0.550230 0.906308
vt 0.550230 0.893405
vt 0.553602 0.893405
vt 0.553602 0.906308
vt 0.548530 0.906308
vt 0.548530 0.893405
vt 0.550230 0.873848
vt 0.553602 0.872985
vt 0.556312 0.893448
vt 0.556312 0.906308
vt 0.545438 0.906308
vt 0.545438 0.893405
vt 0.548530 0.876684
vt 0.550230 0.871811
vt 0.553602 0.870858
vt 0.556312 0.873629
vt 0.557576 0.893469
vt 0.557576 0.906308
vt 0.541516 0.906308
vt 0.541516 0.902945
vt 0.545438 0.884453
vt 0.548530 0.874942
vt 0.550666 0.860923
vt 0.553602 0.856329
vt 0.556312 0.871565
vt 0.557576 0.873419
vt 0.558390 0.893479
vt 0.558390 0.906308
vt 0.537082 0.906308
vt 0.537082 0.903029
vt 0.541516 0.896592
vt 0.545438 0.883521
vt 0.548530 0.863045
vt 0.550230 0.856003
vt 0.553602 0.856352
vt 0.555789 0.862376
vt 0.557576 0.871330
vt 0.558405 0.881624
vt 0.559074 0.906308
vt 0.559074 0.893490
vt 0.537082 0.901284
vt 0.541516 0.895931
vt 0.545438 0.877151
vt 0.548530 0.859929
vt 0.557053 0.861977
vt 0.558390 0.871421
vt 0.559089 0.882500
vt 0.537082 0.901102
vt 0.541516 0.891411
vt 0.556312 0.857475
vt 0.557576 0.857070
vt 0.557867 0.862119
vt 0.559074 0.872387
vt 0.537082 0.899860
vt 0.558390 0.856946
vt 0.559198 0.860283
vt 0.557576 0.855642
vt 0.558390 0.855781
vt 0.559074 0.858660
vt 0.664495 0.855423
vt 0.664495 0.868287
vt 0.660585 0.858776
vt 0.660585 0.855423
vt 0.667578 0.855423
vt 0.667578 0.868287
vt 0.664495 0.877212
vt 0.660585 0.865110
vt 0.656164 0.855423
vt 0.656164 0.858692
vt 0.669273 0.855423
vt 0.669273 0.868287
vt 0.667578 0.886237
vt 0.664495 0.878142
vt 0.660585 0.865769
vt 0.656164 0.860433
vt 0.672635 0.855423
vt 0.672635 0.868287
vt 0.669273 0.887683
vt 0.667578 0.888107
vt 0.664495 0.882601
vt 0.661342 0.869771
vt 0.656164 0.860614
vt 0.675337 0.855423
vt 0.675337 0.868244
vt 0.672635 0.884188
vt 0.669273 0.889703
vt 0.667578 0.900878
vt 0.656164 0.861852
vt 0.676596 0.855423
vt 0.676596 0.868224
vt 0.674674 0.883798
vt 0.672635 0.885844
vt 0.669273 0.903504
vt 0.677408 0.855423
vt 0.677408 0.868213
vt 0.675934 0.883339
vt 0.674312 0.886361
vt 0.672635 0.897157
vt 0.678090 0.855423
vt 0.678090 0.868203
vt 0.676746 0.881727
vt 0.675605 0.886683
vt 0.675337 0.895838
vt 0.672635 0.905253
vt 0.669273 0.903504
vt 0.678346 0.884517
vt 0.676551 0.886078
vt 0.676596 0.895023
vt 0.677492 0.886997
vt 0.677408 0.892104
vt 0.676596 0.898791
vt 0.675337 0.895838
vt 0.678554 0.897824
vt 0.677408 0.898881
vt 0.678090 0.898507
vt 0.676596 0.900225
vt 0.677408 0.900084
vt 0.968087 0.460441
vt 0.969465 0.460984
vt 0.969900 0.467036
vt 0.968830 0.472378
vt 0.968843 0.458693
vt 0.971127 0.455733
vt 0.968860 0.472378
vt 0.971123 0.472790
vt 0.968860 0.441916
vt 0.971107 0.441877
vt 0.968860 0.429068
vt 0.971107 0.429068
vt 0.968896 0.545444
vt 0.970478 0.545273
vt 0.971476 0.557168
vt 0.969642 0.557428
vt 0.969642 0.543689
vt 0.970587 0.536762
vt 0.969642 0.526847
vt 0.971476 0.526813
vt 0.969642 0.514176
vt 0.971476 0.514176
vt 0.761980 0.856175
vt 0.760657 0.858914
vt 0.760645 0.845184
vt 0.762947 0.852530
vt 0.762947 0.861124
vt 0.760675 0.869094
vt 0.762947 0.880260
vt 0.760676 0.880220
vt 0.762947 0.893116
vt 0.760676 0.893116
vt 0.247378 0.840137
vt 0.245278 0.840506
vt 0.245535 0.840146
vt 0.247378 0.838906
vt 0.247378 0.840317
vt 0.245241 0.840558
vt 0.247378 0.842048
vt 0.244880 0.841063
vt 0.247378 0.845299
vt 0.244880 0.845299
vt 0.188435 0.809694
vt 0.186545 0.805300
vt 0.186552 0.794241
vt 0.189945 0.803603
vt 0.188435 0.816134
vt 0.186544 0.816082
vt 0.256785 0.843699
vt 0.258884 0.844068
vt 0.258884 0.845299
vt 0.257042 0.844058
vt 0.256747 0.843647
vt 0.258884 0.843887
vt 0.256387 0.843142
vt 0.258884 0.842157
vt 0.256387 0.838906
vt 0.258884 0.838906
vt 0.268661 0.842202
vt 0.267369 0.842202
vt 0.267369 0.839023
vt 0.268661 0.837966
vt 0.135218 0.882538
vt 0.133367 0.882538
vt 0.133367 0.869868
vt 0.135218 0.869901
vt 0.276957 0.837965
vt 0.278251 0.837965
vt 0.278251 0.842202
vt 0.276957 0.841145
vt 0.717835 0.864876
vt 0.717835 0.893946
vt 0.715757 0.893946
vt 0.715232 0.864560
vt 0.717835 0.864362
vt 0.715196 0.864024
vt 0.717835 0.847498
vt 0.714918 0.846992
vt 0.715992 0.846522
vt 0.717835 0.845886
vt 0.782703 0.862970
vt 0.783228 0.892359
vt 0.781515 0.892359
vt 0.781515 0.863310
vt 0.782667 0.862434
vt 0.781515 0.862797
vt 0.782389 0.845401
vt 0.781515 0.845944
vt 0.351099 0.735855
vt 0.355495 0.735828
vt 0.355495 0.764924
vt 0.351099 0.764924
vt 0.351099 0.735340
vt 0.355495 0.735312
vt 0.359384 0.735828
vt 0.359384 0.764924
vt 0.351099 0.718477
vt 0.355495 0.718434
vt 0.359384 0.735312
vt 0.362449 0.735828
vt 0.362449 0.764924
vt 0.351099 0.716865
vt 0.355495 0.715258
vt 0.359384 0.718434
vt 0.362449 0.735312
vt 0.364135 0.735828
vt 0.364135 0.764924
vt 0.359384 0.713818
vt 0.362449 0.718434
vt 0.364135 0.735312
vt 0.367478 0.735828
vt 0.367478 0.764924
vt 0.362449 0.712282
vt 0.364135 0.718434
vt 0.367478 0.735312
vt 0.370164 0.735841
vt 0.370164 0.764924
vt 0.364135 0.711457
vt 0.367478 0.718434
vt 0.370164 0.735326
vt 0.371417 0.735848
vt 0.371417 0.764924
vt 0.367478 0.711778
vt 0.370164 0.718456
vt 0.371417 0.735333
vt 0.372224 0.735851
vt 0.372224 0.764924
vt 0.370164 0.713865
vt 0.371417 0.718466
vt 0.372224 0.735337
vt 0.372903 0.735855
vt 0.372903 0.764924
vt 0.371417 0.711570
vt 0.372224 0.718472
vt 0.372903 0.735340
vt 0.372224 0.711643
vt 0.372903 0.718477
vt 0.372903 0.714603
vt 0.403985 0.734846
vt 0.406224 0.734859
vt 0.406224 0.763916
vt 0.403985 0.763916
vt 0.403985 0.734332
vt 0.406224 0.734346
vt 0.403985 0.717469
vt 0.406224 0.717489
vt 0.403956 0.711151
vt 0.406224 0.711519
vt 0.424869 0.734332
vt 0.426720 0.734342
vt 0.426720 0.763387
vt 0.424869 0.763387
vt 0.424869 0.733818
vt 0.426720 0.733830
vt 0.424869 0.716962
vt 0.426720 0.724396
vt 0.424885 0.710992
vt 0.426720 0.718541
vt 0.588076 0.884824
vt 0.588076 0.855748
vt 0.590299 0.855748
vt 0.590299 0.884811
vt 0.588076 0.885338
vt 0.590299 0.885325
vt 0.588088 0.902016
vt 0.590299 0.902185
vt 0.590378 0.904694
vt 0.588219 0.905750
vt 0.695269 0.875464
vt 0.695269 0.846408
vt 0.697103 0.846408
vt 0.697103 0.875453
vt 0.695269 0.875978
vt 0.697103 0.875966
vt 0.695269 0.892834
vt 0.697103 0.885400
vt 0.697103 0.891255
vt 0.695290 0.895662
vt 0.508339 0.805820
vt 0.505649 0.805833
vt 0.505649 0.776697
vt 0.508339 0.776697
vt 0.508339 0.806335
vt 0.505649 0.806350
vt 0.502301 0.805833
vt 0.502301 0.776697
vt 0.509594 0.805813
vt 0.509594 0.776697
vt 0.508418 0.814652
vt 0.505760 0.809557
vt 0.502301 0.806350
vt 0.509594 0.806328
vt 0.500613 0.805833
vt 0.500613 0.776697
vt 0.510402 0.805810
vt 0.510402 0.776697
vt 0.508719 0.823829
vt 0.506115 0.822429
vt 0.502366 0.822204
vt 0.509644 0.819422
vt 0.500613 0.806350
vt 0.510402 0.806325
vt 0.497544 0.805833
vt 0.497544 0.776697
vt 0.511081 0.805806
vt 0.511081 0.776697
vt 0.509893 0.825328
vt 0.502639 0.824808
vt 0.500639 0.822833
vt 0.510433 0.822715
vt 0.497544 0.806350
vt 0.511081 0.806321
vt 0.493650 0.805833
vt 0.493650 0.776697
vt 0.510644 0.826169
vt 0.500833 0.825882
vt 0.497544 0.823251
vt 0.511098 0.822934
vt 0.493650 0.806350
vt 0.489248 0.805806
vt 0.489248 0.776697
vt 0.511274 0.826444
vt 0.497570 0.827459
vt 0.493650 0.823251
vt 0.489248 0.806321
vt 0.493650 0.826432
vt 0.489248 0.823208
vt 0.489248 0.824822
vt 0.738931 0.874956
vt 0.736327 0.875272
vt 0.736853 0.845885
vt 0.738931 0.845885
vt 0.738931 0.875470
vt 0.736292 0.875808
vt 0.738931 0.892334
vt 0.736013 0.892840
vt 0.738931 0.893947
vt 0.737088 0.893310
vt 0.801880 0.874790
vt 0.800693 0.874450
vt 0.800693 0.845404
vt 0.802406 0.845404
vt 0.801845 0.875325
vt 0.800693 0.874963
vt 0.801567 0.892356
vt 0.800693 0.891814
vt 0.616912 0.971157
vt 0.616912 0.963993
vt 0.620273 0.963993
vt 0.620273 0.971157
vt 0.615217 0.971157
vt 0.615217 0.963993
vt 0.616912 0.953135
vt 0.620273 0.952655
vt 0.622974 0.964017
vt 0.622974 0.971157
vt 0.612135 0.971157
vt 0.612135 0.963993
vt 0.615217 0.954709
vt 0.616912 0.952003
vt 0.620273 0.951474
vt 0.622974 0.953013
vt 0.624234 0.964028
vt 0.624234 0.971157
vt 0.608226 0.971157
vt 0.608226 0.969289
vt 0.612135 0.959023
vt 0.615217 0.953742
vt 0.617346 0.945959
vt 0.620273 0.943408
vt 0.622974 0.951867
vt 0.624234 0.952896
vt 0.625045 0.964034
vt 0.625045 0.971157
vt 0.603806 0.971157
vt 0.603806 0.969336
vt 0.608226 0.965762
vt 0.612135 0.958505
vt 0.615217 0.947137
vt 0.622453 0.946765
vt 0.624234 0.951737
vt 0.625061 0.957452
vt 0.625727 0.971157
vt 0.625727 0.964040
vt 0.603806 0.968367
vt 0.608226 0.965395
vt 0.612135 0.954969
vt 0.623712 0.946544
vt 0.625045 0.951787
vt 0.625742 0.957938
vt 0.603806 0.968266
vt 0.608226 0.962885
vt 0.624524 0.946622
vt 0.625727 0.952323
vt 0.603806 0.967576
vt 0.625851 0.945603
vt 0.474580 0.864985
vt 0.474580 0.872142
vt 0.470674 0.866851
vt 0.470674 0.864985
vt 0.477659 0.864985
vt 0.477659 0.872142
vt 0.474580 0.877108
vt 0.470674 0.870374
vt 0.466259 0.864985
vt 0.466259 0.866804
vt 0.479353 0.864985
vt 0.479353 0.872142
vt 0.477659 0.882129
vt 0.474580 0.877625
vt 0.470674 0.870741
vt 0.466259 0.867772
vt 0.482711 0.864985
vt 0.482711 0.872142
vt 0.479353 0.882933
vt 0.477659 0.883169
vt 0.474580 0.880106
vt 0.471431 0.872968
vt 0.466259 0.867873
vt 0.485409 0.864985
vt 0.485409 0.872118
vt 0.482711 0.880988
vt 0.479353 0.884057
vt 0.477659 0.890274
vt 0.466259 0.868562
vt 0.486668 0.864985
vt 0.486668 0.872107
vt 0.484748 0.880771
vt 0.482711 0.881910
vt 0.479353 0.891735
vt 0.487478 0.864985
vt 0.487478 0.872101
vt 0.486006 0.880516
vt 0.484386 0.882198
vt 0.482711 0.888204
vt 0.488160 0.864985
vt 0.488160 0.872095
vt 0.486817 0.879620
vt 0.485677 0.882377
vt 0.485409 0.887470
vt 0.488415 0.881172
vt 0.486623 0.882040
vt 0.486668 0.887017
vt 0.487562 0.882551
vt 0.487478 0.885393
vt 0.488623 0.888575
vt 0.487478 0.889163
vt 0.486668 0.889113
vt 0.488160 0.888955
vt 0.298595 0.818669
vt 0.299958 0.818969
vt 0.300389 0.822304
vt 0.299330 0.825248
vt 0.299343 0.817706
vt 0.301603 0.816075
vt 0.299359 0.808460
vt 0.301582 0.808439
vt 0.299359 0.801380
vt 0.301582 0.801380
vt 0.310075 0.815734
vt 0.311657 0.815639
vt 0.312655 0.822265
vt 0.310821 0.822410
vt 0.310821 0.814757
vt 0.311766 0.810898
vt 0.310821 0.805375
vt 0.312655 0.805356
vt 0.310821 0.798317
vt 0.312655 0.798317
vt 0.436650 0.807534
vt 0.435325 0.809062
vt 0.435313 0.801405
vt 0.437617 0.805502
vt 0.437617 0.810295
vt 0.435342 0.814739
vt 0.437617 0.820966
vt 0.435343 0.820944
vt 0.437617 0.828135
vt 0.435343 0.828135
vt 0.289569 0.841809
vt 0.287469 0.842014
vt 0.287726 0.841814
vt 0.289569 0.841123
vt 0.289569 0.841910
vt 0.287432 0.842044
vt 0.289569 0.842874
vt 0.287071 0.842325
vt 0.289569 0.844684
vt 0.287071 0.844684
vt 0.164620 0.879979
vt 0.162705 0.877500
vt 0.162711 0.871260
vt 0.166149 0.876543
vt 0.164620 0.883612
vt 0.162704 0.883583
vt 0.298976 0.843794
vt 0.301076 0.843999
vt 0.301076 0.844685
vt 0.299232 0.843994
vt 0.298938 0.843764
vt 0.301076 0.843898
vt 0.298578 0.843483
vt 0.301076 0.842934
vt 0.298578 0.841123
vt 0.301076 0.841123
vt 0.310853 0.840222
vt 0.309559 0.840222
vt 0.309559 0.838450
vt 0.310853 0.837861
vt 0.236860 0.846174
vt 0.235009 0.846174
vt 0.235009 0.839117
vt 0.236860 0.839136
vt 0.319149 0.837862
vt 0.320441 0.837862
vt 0.320441 0.840221
vt 0.319149 0.839632
vt 0.082650 0.212360
vt 0.082650 0.255804
vt 0.080598 0.212428
vt 0.081799 0.199559
vt 0.079805 0.199965
vt 0.077771 0.187999
vt 0.075933 0.188885
vt 0.069269 0.174538
vt 0.067669 0.175806
vt 0.060372 0.163158
vt 0.058695 0.165109
vt 0.045576 0.157030
vt 0.045576 0.155042
vt 0.056226 0.156373
vt 0.065242 0.162785
vt 0.056417 0.149228
vt 0.066862 0.159443
vt 0.044073 0.143452
vt 0.046812 0.137530
vt 0.141417 0.149824
vt 0.125545 0.160438
vt 0.072668 0.171844
vt 0.069269 0.174538
vt 0.053474 0.132519
vt 0.114326 0.171844
vt 0.081674 0.186117
vt 0.077771 0.187999
vt 0.141417 0.149824
vt 0.059240 0.122277
vt 0.065283 0.116862
vt 0.068370 0.114513
vt 0.071792 0.113703
vt 0.141417 0.113703
vt 0.128304 0.163785
vt 0.117724 0.174538
vt 0.097757 0.183773
vt 0.086035 0.198695
vt 0.081799 0.199559
vt 0.101661 0.185654
vt 0.141417 0.149824
vt 0.141417 0.155042
vt 0.100959 0.198695
vt 0.087009 0.212213
vt 0.082650 0.212360
vt 0.105194 0.199559
vt 0.099985 0.212213
vt 0.087009 0.255697
vt 0.082650 0.255804
vt 0.104344 0.212360
vt 0.099985 0.255697
vt 0.087009 0.271614
vt 0.082650 0.271706
vt 0.104344 0.255804
vt 0.099985 0.271614
vt 0.087009 0.303911
vt 0.082650 0.303908
vt 0.104344 0.271706
vt 0.099985 0.303918
vt 0.087674 0.305471
vt 0.083769 0.305441
vt 0.104344 0.303920
vt 0.099298 0.305561
vt 0.087674 0.349964
vt 0.083769 0.349144
vt 0.103203 0.305591
vt 0.099298 0.352404
vt 0.087009 0.351251
vt 0.082650 0.350408
vt 0.103203 0.353223
vt 0.099985 0.353758
vt 0.087009 0.371924
vt 0.082650 0.371924
vt 0.104344 0.354601
vt 0.099985 0.371924
vt 0.104344 0.371924
vt 0.876433 0.232951
vt 0.876433 0.312821
vt 0.874379 0.312821
vt 0.874379 0.232985
vt 0.876433 0.230214
vt 0.874379 0.230249
vt 0.876433 0.227478
vt 0.874379 0.227514
vt 0.874379 0.195453
vt 0.876433 0.195577
vt 0.875724 0.193092
vt 0.877221 0.193209
vt 0.877221 0.155453
vt 0.875724 0.155507
vt 0.874379 0.153149
vt 0.876433 0.153081
vt 0.875581 0.140266
vt 0.873585 0.140673
vt 0.871548 0.128693
vt 0.869709 0.129580
vt 0.863038 0.115218
vt 0.861436 0.116487
vt 0.852446 0.104453
vt 0.851143 0.106029
vt 0.839319 0.097690
vt 0.839319 0.095700
vt 0.466154 0.538988
vt 0.466154 0.618930
vt 0.464459 0.618930
vt 0.464459 0.539018
vt 0.466154 0.536249
vt 0.464459 0.536279
vt 0.466154 0.533510
vt 0.464459 0.533541
vt 0.464459 0.501131
vt 0.466154 0.501234
vt 0.465925 0.498767
vt 0.467160 0.498882
vt 0.266157 0.722989
vt 0.274480 0.736162
vt 0.272955 0.736898
vt 0.264829 0.724042
vt 0.278380 0.747321
vt 0.276725 0.747656
vt 0.255802 0.712468
vt 0.254704 0.713762
vt 0.279179 0.759873
vt 0.277476 0.759933
vt 0.243906 0.705937
vt 0.243906 0.704079
vt 0.280190 0.762239
vt 0.278949 0.762268
vt 0.508916 0.110151
vt 0.508916 0.104930
vt 0.524800 0.115551
vt 0.522038 0.118901
vt 0.536027 0.126965
vt 0.532626 0.129661
vt 0.584567 0.110530
vt 0.572998 0.125884
vt 0.545040 0.141249
vt 0.541133 0.143132
vt 0.508916 0.104930
vt 0.585575 0.100087
vt 0.583459 0.113880
vt 0.581116 0.129661
vt 0.568702 0.141249
vt 0.549403 0.153836
vt 0.545165 0.154700
vt 0.594363 0.110151
vt 0.572608 0.143132
vt 0.564338 0.153836
vt 0.550378 0.167363
vt 0.546016 0.167510
vt 0.594363 0.110151
vt 0.587833 0.118901
vt 0.568577 0.154700
vt 0.563363 0.167363
vt 0.551753 0.169775
vt 0.547387 0.169889
vt 0.594363 0.112140
vt 0.590545 0.120476
vt 0.567726 0.167510
vt 0.562007 0.169804
vt 0.551753 0.208039
vt 0.547387 0.207788
vt 0.582717 0.130930
vt 0.581116 0.129661
vt 0.566357 0.169955
vt 0.562007 0.208767
vt 0.550378 0.210432
vt 0.546016 0.210168
vt 0.574447 0.144018
vt 0.572608 0.143132
vt 0.566357 0.209022
vt 0.563363 0.211218
vt 0.550378 0.241800
vt 0.546016 0.241879
vt 0.570572 0.155107
vt 0.568577 0.154700
vt 0.567726 0.211482
vt 0.563363 0.241800
vt 0.550378 0.244539
vt 0.546016 0.244615
vt 0.569779 0.167579
vt 0.567726 0.167510
vt 0.567726 0.241879
vt 0.563363 0.244539
vt 0.550378 0.247277
vt 0.546016 0.247350
vt 0.568435 0.170019
vt 0.566938 0.169958
vt 0.567726 0.244615
vt 0.563363 0.247277
vt 0.550378 0.327190
vt 0.546016 0.327190
vt 0.568435 0.208979
vt 0.566938 0.208868
vt 0.567726 0.247350
vt 0.563363 0.327190
vt 0.569779 0.211430
vt 0.567726 0.211305
vt 0.567726 0.327190
vt 0.569779 0.241916
vt 0.567726 0.241879
vt 0.569779 0.244650
vt 0.567726 0.244615
vt 0.569779 0.247384
vt 0.567726 0.247350
vt 0.569779 0.327190
vt 0.567726 0.327190
vt 0.454403 0.536697
vt 0.456098 0.536727
vt 0.456098 0.616664
vt 0.454403 0.616664
vt 0.454403 0.533957
vt 0.456098 0.533988
vt 0.454403 0.531218
vt 0.456098 0.531249
vt 0.454403 0.500498
vt 0.456098 0.500601
vt 0.453396 0.498061
vt 0.454632 0.498108
vt 0.197838 0.717134
vt 0.199167 0.718188
vt 0.191033 0.731056
vt 0.189507 0.730319
vt 0.205724 0.706602
vt 0.206823 0.707897
vt 0.187260 0.741825
vt 0.185603 0.741489
vt 0.209571 0.700064
vt 0.209571 0.698204
vt 0.186508 0.754114
vt 0.184803 0.754054
vt 0.185034 0.756522
vt 0.183792 0.756513
vt 0.348293 0.314777
vt 0.343668 0.299076
vt 0.345789 0.298848
vt 0.354479 0.312608
vt 0.341943 0.316008
vt 0.341798 0.300770
vt 0.352949 0.325267
vt 0.356889 0.323599
vt 0.340962 0.328466
vt 0.308421 0.315361
vt 0.317627 0.300770
vt 0.337341 0.287913
vt 0.341671 0.287030
vt 0.366532 0.332537
vt 0.362145 0.331136
vt 0.348148 0.334456
vt 0.296952 0.327021
vt 0.304947 0.312608
vt 0.313637 0.298848
vt 0.322085 0.287913
vt 0.336345 0.274095
vt 0.340801 0.273945
vt 0.370303 0.374795
vt 0.366532 0.330505
vt 0.358219 0.321990
vt 0.360818 0.353217
vt 0.348666 0.341529
vt 0.280727 0.337871
vt 0.294132 0.323599
vt 0.317755 0.287030
vt 0.323081 0.274095
vt 0.336345 0.231555
vt 0.340801 0.231285
vt 0.356941 0.353221
vt 0.280727 0.337871
vt 0.280727 0.332537
vt 0.318625 0.273945
vt 0.323081 0.232358
vt 0.336345 0.198058
vt 0.340801 0.197977
vt 0.364435 0.371092
vt 0.359730 0.369078
vt 0.352327 0.353161
vt 0.318625 0.232628
vt 0.323081 0.198058
vt 0.331679 0.195261
vt 0.333089 0.195183
vt 0.334389 0.366242
vt 0.342096 0.365456
vt 0.349080 0.366113
vt 0.355311 0.367254
vt 0.280727 0.374795
vt 0.280727 0.368812
vt 0.347425 0.353045
vt 0.318625 0.197977
vt 0.323081 0.195261
vt 0.331903 0.192464
vt 0.336966 0.192388
vt 0.342717 0.352884
vt 0.338663 0.352693
vt 0.318625 0.195183
vt 0.323081 0.192464
vt 0.336345 0.110832
vt 0.340801 0.110832
vt 0.340801 0.192388
vt 0.337755 0.195183
vt 0.280727 0.349462
vt 0.280727 0.368812
vt 0.318625 0.192388
vt 0.323081 0.110832
vt 0.340801 0.110832
vt 0.342898 0.192353
vt 0.340785 0.195417
vt 0.280727 0.337871
vt 0.280727 0.349462
vt 0.318625 0.110832
vt 0.342898 0.110832
vt 0.340801 0.197977
vt 0.342898 0.197940
vt 0.342898 0.230977
vt 0.340801 0.231104
vt 0.340801 0.273945
vt 0.342898 0.273875
vt 0.341671 0.287030
vt 0.343709 0.286615
vt 0.347667 0.297942
vt 0.419385 0.816041
vt 0.410887 0.802585
vt 0.412724 0.801700
vt 0.418132 0.815752
vt 0.421741 0.826788
vt 0.423042 0.825215
vt 0.237582 0.608908
vt 0.229211 0.595658
vt 0.230744 0.594918
vt 0.238918 0.607849
vt 0.225288 0.584433
vt 0.226953 0.584096
vt 0.239668 0.619491
vt 0.240773 0.618189
vt 0.224484 0.571808
vt 0.226197 0.568073
vt 0.247906 0.626061
vt 0.247906 0.627929
vt 0.224484 0.529121
vt 0.226575 0.531783
vt 0.965943 0.175697
vt 0.963899 0.175663
vt 0.963899 0.096180
vt 0.965943 0.096180
vt 0.965943 0.178421
vt 0.963899 0.178386
vt 0.965943 0.181146
vt 0.963899 0.181110
vt 0.965943 0.214754
vt 0.963899 0.214878
vt 0.965943 0.255213
vt 0.963899 0.255146
vt 0.965095 0.267972
vt 0.963108 0.267567
vt 0.961080 0.279493
vt 0.959249 0.278610
vt 0.952607 0.292910
vt 0.951012 0.291645
vt 0.942063 0.303626
vt 0.940765 0.302057
vt 0.928993 0.310359
vt 0.928993 0.312341
vt 0.748972 0.592996
vt 0.747288 0.592967
vt 0.747288 0.513515
vt 0.748972 0.513515
vt 0.748972 0.595720
vt 0.747288 0.595689
vt 0.748972 0.598443
vt 0.747288 0.598411
vt 0.748972 0.632039
vt 0.747288 0.632141
vt 0.748972 0.672477
vt 0.747288 0.672418
vt 0.748182 0.684899
vt 0.746544 0.684567
vt 0.744323 0.695942
vt 0.742814 0.695213
vt 0.736086 0.708976
vt 0.734773 0.707934
vt 0.725840 0.719388
vt 0.724753 0.718107
vt 0.714068 0.725851
vt 0.714068 0.727690
vt 0.188096 0.548337
vt 0.192922 0.624742
vt 0.156895 0.624742
vt 0.156895 0.529150
vt 0.352314 0.531114
vt 0.352652 0.563141
vt 0.352000 0.563141
vt 0.353863 0.564707
vt 0.353251 0.564696
vt 0.354285 0.609343
vt 0.352862 0.609040
vt 0.353152 0.610634
vt 0.351538 0.610322
vt 0.353378 0.632089
vt 0.351324 0.632089
vt 0.330778 0.529019
vt 0.330453 0.562125
vt 0.327984 0.561637
vt 0.327984 0.529744
vt 0.331756 0.563756
vt 0.329558 0.563272
vt 0.331347 0.610274
vt 0.329558 0.609912
vt 0.329968 0.611619
vt 0.327984 0.611261
vt 0.329747 0.634184
vt 0.327984 0.634184
vt 0.077698 0.697585
vt 0.085934 0.710620
vt 0.084425 0.711349
vt 0.089793 0.721663
vt 0.088155 0.721995
vt 0.090584 0.734085
vt 0.090336 0.734144
vt 0.092628 0.777318
vt 0.263205 0.810809
vt 0.273836 0.800345
vt 0.269031 0.807857
vt 0.254727 0.822830
vt 0.839761 0.620941
vt 0.841811 0.620984
vt 0.841811 0.652348
vt 0.839761 0.652346
vt 0.839761 0.605053
vt 0.841811 0.605102
vt 0.840457 0.654060
vt 0.838621 0.654045
vt 0.839761 0.561647
vt 0.841811 0.561715
vt 0.840457 0.702878
vt 0.838621 0.702493
vt 0.840611 0.548857
vt 0.842603 0.549263
vt 0.841811 0.704290
vt 0.839761 0.703894
vt 0.837081 0.534965
vt 0.838917 0.535850
vt 0.841811 0.721070
vt 0.839761 0.721070
vt 0.853130 0.523858
vt 0.854728 0.525126
vt 0.863700 0.513115
vt 0.865000 0.514688
vt 0.876802 0.506366
vt 0.876802 0.504380
vt 0.628674 0.636889
vt 0.630362 0.636926
vt 0.630362 0.667476
vt 0.628674 0.667475
vt 0.628674 0.621017
vt 0.630362 0.621060
vt 0.628833 0.669227
vt 0.627321 0.669215
vt 0.628674 0.577655
vt 0.630362 0.577714
vt 0.628833 0.719157
vt 0.627321 0.718839
vt 0.629466 0.565211
vt 0.631107 0.565543
vt 0.630362 0.720601
vt 0.628674 0.720274
vt 0.625782 0.551806
vt 0.627294 0.552536
vt 0.630362 0.736917
vt 0.628674 0.736917
vt 0.641584 0.541088
vt 0.642900 0.542131
vt 0.651850 0.530656
vt 0.652939 0.531939
vt 0.663644 0.524181
vt 0.663644 0.522339
vt 0.748374 0.311540
vt 0.746415 0.304731
vt 0.740885 0.295640
vt 0.753285 0.305540
vt 0.739958 0.317418
vt 0.732818 0.298833
vt 0.764627 0.315176
vt 0.764627 0.315176
vt 0.764627 0.315176
vt 0.764627 0.320404
vt 0.688494 0.305319
vt 0.695737 0.298339
vt 0.721383 0.286204
vt 0.724789 0.284500
vt 0.764627 0.320404
vt 0.676717 0.317320
vt 0.685729 0.301965
vt 0.692331 0.295640
vt 0.704762 0.284036
vt 0.724086 0.271433
vt 0.728330 0.270567
vt 0.681057 0.307247
vt 0.700850 0.282151
vt 0.709131 0.271433
vt 0.723109 0.257888
vt 0.727478 0.257740
vt 0.704887 0.270567
vt 0.710107 0.257888
vt 0.723109 0.214314
vt 0.727478 0.214207
vt 0.705739 0.257740
vt 0.719852 0.214314
vt 0.723109 0.198365
vt 0.727478 0.198272
vt 0.715483 0.214207
vt 0.710107 0.198365
vt 0.723109 0.175775
vt 0.727478 0.175773
vt 0.705739 0.198272
vt 0.710107 0.175782
vt 0.722421 0.173752
vt 0.726334 0.173722
vt 0.705739 0.175785
vt 0.710774 0.173842
vt 0.722421 0.116071
vt 0.726334 0.115250
vt 0.706861 0.173872
vt 0.710774 0.118516
vt 0.723109 0.114403
vt 0.727478 0.113559
vt 0.706861 0.119337
vt 0.710107 0.116916
vt 0.723109 0.097849
vt 0.727478 0.097849
vt 0.705739 0.117760
vt 0.710107 0.097849
vt 0.705739 0.097849
vt 0.525447 0.603987
vt 0.525447 0.580774
vt 0.527497 0.580773
vt 0.527497 0.603944
vt 0.524307 0.578759
vt 0.526143 0.578745
vt 0.525447 0.619875
vt 0.527497 0.619825
vt 0.524307 0.521316
vt 0.526143 0.520931
vt 0.525447 0.663279
vt 0.527497 0.663211
vt 0.525447 0.519655
vt 0.527497 0.519259
vt 0.526297 0.676068
vt 0.525447 0.503860
vt 0.527497 0.503860
vt 0.352963 0.827994
vt 0.336902 0.816879
vt 0.338739 0.815993
vt 0.354563 0.826726
vt 0.340435 0.802976
vt 0.513717 0.603759
vt 0.513717 0.579844
vt 0.515459 0.579833
vt 0.515476 0.603906
vt 0.512365 0.577847
vt 0.513924 0.577826
vt 0.513717 0.619629
vt 0.515488 0.619800
vt 0.512365 0.520906
vt 0.513888 0.520586
vt 0.513717 0.662985
vt 0.515519 0.663220
vt 0.513717 0.519259
vt 0.515416 0.518931
vt 0.514509 0.675429
vt 0.513717 0.503743
vt 0.515405 0.503743
vt 0.036228 0.870515
vt 0.024712 0.887493
vt 0.023947 0.886800
vt 0.035107 0.869101
vt 0.317858 0.631693
vt 0.315526 0.632163
vt 0.315589 0.608113
vt 0.317858 0.608306
vt 0.316957 0.606241
vt 0.318986 0.606414
vt 0.317083 0.552868
vt 0.318986 0.552467
vt 0.315738 0.551325
vt 0.317858 0.550907
vt 0.315792 0.530762
vt 0.317858 0.530762
vt 0.403469 0.614595
vt 0.401860 0.613320
vt 0.410168 0.600172
vt 0.412015 0.601063
vt 0.396845 0.620940
vt 0.395537 0.619358
vt 0.414060 0.589033
vt 0.416065 0.589441
vt 0.387985 0.625252
vt 0.392158 0.626240
vt 0.414858 0.576504
vt 0.416920 0.576572
vt 0.381100 0.638896
vt 0.426696 0.532898
vt 0.116440 0.784731
vt 0.123168 0.770967
vt 0.124677 0.771695
vt 0.126899 0.760320
vt 0.128536 0.760652
vt 0.129079 0.748171
vt 0.129327 0.748230
vt 0.141064 0.704996
vt 0.114935 0.876609
vt 0.113653 0.877698
vt 0.108941 0.870332
vt 0.120786 0.884106
vt 0.019857 0.772133
vt 0.030795 0.693972
vt 0.049790 0.693972
vt 0.029546 0.769129
vt 0.016329 0.782005
vt 0.029137 0.781017
vt 0.019417 0.693972
vt 0.030795 0.693972
vt 0.162717 0.723479
vt 0.160965 0.723836
vt 0.161039 0.702447
vt 0.162772 0.702447
vt 0.164085 0.725042
vt 0.162515 0.725378
vt 0.163958 0.779090
vt 0.162350 0.778700
vt 0.162566 0.780985
vt 0.160769 0.780569
vt 0.180943 0.869557
vt 0.180943 0.869557
vt 0.178174 0.884495
vt 0.175812 0.885198
vt 0.198415 0.833891
vt 0.198416 0.833891
vt 0.193523 0.848807
vt 0.190165 0.847384
vt 0.065713 0.867195
vt 0.075822 0.867195
vt 0.075822 0.888538
vt 0.065713 0.880009
vt 0.090578 0.602783
vt 0.077244 0.620122
vt 0.090578 0.598890
vt 0.076938 0.519683
vt 0.090578 0.519683
vn -1.000000 0.000000 0.000000
vn -1.000000 0.000000 0.000000
vn -1.000000 0.000000 0.000000
vn -1.000000 0.000000 0.000000
vn 0.000000 0.000000 -1.000000
vn 0.000000 0.000000 -1.000000
vn -0.000001 0.000000 -1.000000
vn -0.000002 0.000000 -1.000000
vn -0.000001 0.000000 1.000000
vn -0.000000 0.000000 1.000000
vn 0.000001 0.000000 1.000000
vn 0.000000 0.000000 1.000000
vn -0.813653 0.581351 0.000000
vn -0.813652 0.581353 0.000000
vn -0.606125 0.795370 0.000000
vn -0.606127 0.795368 0.000000
vn -0.036681 -0.006530 0.999306
vn -0.033910 -0.001509 0.999424
vn -0.028719 0.007892 0.999556
vn -0.028719 0.007892 0.999556
vn -0.000027 0.000008 -1.000000
vn -0.000033 0.000007 -1.000000
vn -0.000033 0.000010 -1.000000
vn -0.000038 0.000010 -1.000000
vn 0.892370 0.026572 0.450523
vn 0.890006 0.064694 0.451335
vn 0.893028 -0.055829 0.446525
vn 0.893028 -0.055829 0.446525
vn 0.003066 0.001189 -0.999995
vn -0.027603 0.006903 -0.999595
vn -0.038366 0.009095 -0.999222
vn -0.003236 0.025309 -0.999674
vn 0.994645 -0.040959 0.094887
vn 0.982210 -0.074483 0.172383
vn 0.967708 -0.132817 0.214244
vn 0.992405 -0.099972 0.071679
vn -0.000004 0.000000 1.000000
vn -0.000006 0.000000 1.000000
vn 0.000000 0.000000 1.000000
vn 0.000000 0.000000 1.000000
vn 0.999844 -0.002425 0.017493
vn 0.999838 -0.002466 0.017829
vn 0.999048 -0.005590 0.043268
vn 0.999048 -0.005590 0.043268
vn 0.084036 0.083438 0.992963
vn -0.076294 0.027976 0.996693
vn -0.075087 -0.019826 0.996980
vn 0.024303 -0.028777 0.999290
vn -0.017760 -0.017401 -0.999691
vn -0.083165 -0.085954 -0.992822
vn -0.000857 0.000314 -1.000000
vn -0.000857 0.000314 -1.000000
vn -0.000003 0.000000 1.000000
vn -0.032189 0.010307 0.999429
vn 0.103759 0.063763 0.992556
vn 0.089636 0.131099 0.987309
vn -1.000000 0.000000 0.000000
vn -1.000000 0.000000 0.000000
vn -0.873951 0.486014 0.001130
vn -0.909144 0.416474 0.002679
vn 0.004689 -0.005294 0.999975
vn 0.006413 -0.006290 0.999960
vn 0.029824 -0.007703 0.999525
vn 0.007650 -0.008639 0.999933
vn 0.993509 0.033055 -0.108843
vn 0.981410 -0.036233 -0.188472
vn 0.973124 -0.064912 -0.220944
vn 0.973124 -0.064912 -0.220944
vn -0.000034 0.000008 -1.000000
vn -0.000016 0.000006 -1.000000
vn 0.000014 0.000000 -1.000000
vn 0.000007 0.000000 -1.000000
vn 0.000017 0.000000 -1.000000
vn 0.000017 0.000000 -1.000000
vn -1.000000 0.000000 0.000000
vn -1.000000 0.000000 0.000000
vn -1.000000 0.000000 0.000000
vn -1.000000 0.000000 0.000000
vn -0.101271 -0.012347 -0.994782
vn -0.101271 -0.012347 -0.994782
vn -0.101271 -0.012347 -0.994782
vn -0.101271 -0.012347 -0.994782
vn -0.813655 0.581348 0.000000
vn -0.813652 0.581352 0.000000
vn -0.606126 0.795368 0.000000
vn -0.606126 0.795369 0.000000
vn -0.000014 0.000000 1.000000
vn -0.000014 0.000000 1.000000
vn -0.000013 0.000000 1.000000
vn -0.000013 0.000000 1.000000
vn 0.985598 -0.019317 -0.167997
vn 0.986458 0.008795 -0.163779
vn 0.981376 -0.076577 -0.176174
vn 0.981376 -0.076577 -0.176174
vn -0.633077 0.774089 0.000000
vn -0.633078 0.774088 0.000000
vn -0.695779 0.718256 0.000000
vn -0.686745 0.726898 0.000000
vn -0.813653 0.581351 0.000000
vn -0.606127 0.795368 0.000000
vn -0.794226 0.607622 -0.000274
vn -0.811832 0.583891 -0.000166
vn -0.970060 0.226972 -0.086413
vn -0.938685 0.344760 0.003269
vn -0.938345 0.345696 0.001425
vn -0.973987 0.220853 -0.050726
vn -0.926484 0.376335 -0.000172
vn -0.933106 0.359350 0.013451
vn -0.923844 0.382769 0.000000
vn -0.836951 0.547279 0.000000
vn -0.980736 0.184235 0.064919
vn -0.980162 0.192145 0.048610
vn -0.979965 0.198994 0.008379
vn -0.938224 0.342874 0.046628
vn 0.614611 0.417586 -0.669235
vn 0.614611 0.417586 -0.669235
vn 0.614611 0.417586 -0.669235
vn 0.614611 0.417586 -0.669235
vn 0.885609 0.459446 0.067862
vn 0.803336 0.565593 0.186429
vn 0.803336 0.565593 0.186429
vn 0.898670 0.436525 0.042869
vn 0.581995 0.278929 0.763859
vn 0.303855 0.311181 0.900466
vn 0.581995 0.278929 0.763859
vn 0.882070 0.438024 0.173460
vn 0.761147 0.603730 0.236993
vn -0.983145 0.180801 0.027142
vn -0.805536 0.592018 0.025021
vn -0.935245 0.352009 0.037504
vn -0.820965 0.569607 0.039560
vn 0.889155 0.377847 -0.258137
vn 0.889155 0.377847 -0.258137
vn 0.818261 0.345725 -0.459264
vn 0.781567 0.329402 -0.529761
vn -0.983240 0.181848 0.013035
vn 0.514986 0.374276 0.771172
vn 0.514986 0.374276 0.771172
vn 0.514986 0.374276 0.771172
vn 0.514986 0.374276 0.771172
vn 0.479997 0.876456 -0.037779
vn 0.479997 0.876456 -0.037779
vn 0.479997 0.876456 -0.037779
vn 0.479997 0.876456 -0.037779
vn 0.762856 0.321119 -0.561189
vn 0.762856 0.321119 -0.561189
vn 0.548272 0.765477 0.336812
vn 0.548272 0.765477 0.336812
vn 0.750777 0.578513 0.318836
vn -0.976760 0.213969 -0.012537
vn -0.976305 0.214764 -0.026558
vn -0.982738 0.144763 0.115192
vn -0.989577 0.143322 0.013983
vn -0.977244 0.202009 -0.064697
vn -0.983764 0.159728 0.081826
vn -0.967427 0.190783 -0.166396
vn 0.006439 0.001257 -0.999978
vn 0.053928 0.010467 -0.998490
vn 0.018816 -0.004375 0.999813
vn 0.000978 -0.000228 1.000000
vn 1.000000 0.000000 0.000000
vn 0.999757 0.009312 0.019980
vn 0.999161 0.017303 0.037123
vn 1.000000 0.000000 0.000000
vn 0.000000 0.000000 1.000000
vn -0.000002 0.000000 1.000000
vn -0.000007 0.000000 -1.000000
vn -0.000005 0.000000 -1.000000
vn -0.000000 0.000000 -1.000000
vn 0.000000 0.000000 -1.000000
vn 0.004955 0.010679 -0.999931
vn -0.041768 0.012451 -0.999050
vn -0.419815 0.362731 -0.831975
vn -0.435484 0.317312 -0.842418
vn -0.435484 0.317312 -0.842418
vn -0.388311 0.444054 -0.807484
vn -0.709641 0.627069 0.321239
vn -0.709641 0.627069 0.321239
vn -0.709641 0.627069 0.321239
vn -0.709641 0.627069 0.321239
vn -0.832786 0.549266 -0.069092
vn -0.896819 0.432681 -0.092211
vn -0.197919 0.717120 0.668256
vn -0.195289 0.750948 0.630824
vn -0.203306 0.568798 0.796954
vn -0.203306 0.568797 0.796954
vn -0.674368 0.734431 -0.076421
vn -0.000003 0.000000 1.000000
vn -0.000000 0.000000 1.000000
vn 0.000000 0.000000 1.000000
vn 0.000000 0.000000 1.000000
vn 0.102857 0.994695 -0.001196
vn 0.102857 0.994695 -0.001196
vn 0.102857 0.994696 -0.001196
vn 0.102857 0.994696 -0.001196
vn -0.180216 0.864502 0.469210
vn -0.180216 0.864502 0.469210
vn 0.102858 0.994695 -0.001181
vn 0.102858 0.994695 -0.001181
vn 0.215362 0.314978 0.924342
vn -0.367680 0.491543 -0.789428
vn -0.367680 0.491543 -0.789428
vn -0.000003 0.000000 -1.000000
vn 0.000000 0.000000 -1.000000
vn -0.000003 0.000000 1.000000
vn -0.025829 -0.004377 0.999657
vn 0.622104 0.531741 0.574663
vn 0.622105 0.531741 0.574663
vn 0.622104 0.531741 0.574663
vn 0.622104 0.531741 0.574663
vn 0.850437 0.524982 0.033920
vn 0.885547 0.436595 0.158719
vn 0.898337 0.405193 0.169731
vn 0.850936 0.523941 0.037338
vn -0.746969 0.454448 0.485298
vn -0.609416 0.527681 0.591748
vn -0.465040 0.578100 0.670476
vn -0.465040 0.578100 0.670476
vn 0.930763 0.304392 0.202551
vn 0.930763 0.304392 0.202551
vn -0.030327 0.150185 -0.988193
vn -0.109576 0.344570 -0.932343
vn -0.051925 0.336594 -0.940217
vn -0.018754 0.027784 0.999438
vn -0.013760 0.008546 0.999869
vn 0.046943 -0.017364 -0.998747
vn 0.208899 -0.007594 -0.977908
vn 0.192288 0.080800 -0.978007
vn 0.083991 0.336400 -0.937966
vn 0.489948 0.267013 0.829853
vn 0.489948 0.267013 0.829853
vn 0.489948 0.267013 0.829853
vn 0.489948 0.267013 0.829853
vn -0.874169 0.466897 0.133550
vn -0.880198 0.470346 0.063453
vn -0.879865 0.470149 0.069262
vn -0.874169 0.466897 0.133550
vn -0.803264 0.572651 0.163823
vn -0.703659 0.588654 0.397932
vn -0.650557 0.666527 0.364029
vn -0.815560 0.559185 0.148911
vn 0.109406 0.021830 0.993757
vn 0.077400 -0.002988 0.996996
vn -0.740829 0.250951 0.623054
vn -0.740829 0.250951 0.623054
vn -0.740829 0.250951 0.623054
vn -0.740829 0.250951 0.623054
vn 0.307839 0.214151 -0.927025
vn 0.293300 0.348320 -0.890308
vn 0.317562 0.039431 -0.947417
vn 0.006199 0.820363 -0.571810
vn 0.006199 0.820363 -0.571810
vn 0.006199 0.820363 -0.571810
vn 0.006199 0.820363 -0.571810
vn 0.850473 0.484794 0.204133
vn 0.864027 0.492459 0.104600
vn 0.058317 0.819426 0.570210
vn 0.058317 0.819426 0.570210
vn 0.058317 0.819426 0.570210
vn 0.058317 0.819426 0.570210
vn 0.000011 0.000000 -1.000000
vn 0.000011 0.000000 -1.000000
vn 0.000008 0.000000 -1.000000
vn 0.000009 0.000000 -1.000000
vn -1.000000 0.000000 0.000000
vn -1.000000 0.000000 0.000000
vn -1.000000 0.000000 0.000000
vn -1.000000 0.000000 0.000000
vn 0.000021 0.000000 -1.000000
vn 0.000021 0.000000 -1.000000
vn 0.000021 0.000000 -1.000000
vn 0.000021 0.000000 -1.000000
vn -0.000021 0.000000 -1.000000
vn -0.000016 0.000000 -1.000000
vn -0.000001 0.000000 -1.000000
vn -0.000002 0.000000 -1.000000
vn 0.999856 0.000000 -0.016961
vn 0.999856 0.000000 -0.016961
vn 0.999889 0.000416 -0.014906
vn 0.999892 0.000455 -0.014716
vn 0.000000 0.000000 -1.000000
vn 0.000000 0.000000 -1.000000
vn -0.213032 0.025338 -0.976717
vn -0.208967 0.024855 -0.977607
vn 0.999956 0.000000 0.009441
vn 0.999956 0.000000 0.009441
vn 0.999979 -0.000265 0.006522
vn 0.999979 -0.000271 0.006465
vn 0.000000 0.000000 -1.000000
vn 0.000000 0.000000 -1.000000
vn 0.000000 0.000000 -1.000000
vn 0.000000 0.000000 -1.000000
vn 0.999856 0.000000 0.016961
vn 0.999856 0.000000 0.016961
vn 0.999636 -0.004065 -0.026692
vn 0.999635 -0.004067 -0.026716
vn 0.000000 0.000000 1.000000
vn 0.000000 0.000000 1.000000
vn -0.000007 0.000000 1.000000
vn -0.000007 0.000000 1.000000
vn 0.999956 0.000000 0.009441
vn 0.999956 0.000000 0.009441
vn 0.999983 -0.000371 0.005792
vn 0.999983 -0.000371 0.005793
vn 0.000009 0.000000 1.000000
vn 0.000009 0.000000 1.000000
vn -0.000004 0.000000 1.000000
vn -0.000005 0.000000 1.000000
vn -0.000004 0.000000 1.000000
vn -0.041539 -0.013670 0.999043
vn 0.000004 0.000000 1.000000
vn 0.000004 0.000000 1.000000
vn -1.000000 0.000000 0.000000
vn -1.000000 0.000000 0.000000
vn -1.000000 0.000000 0.000000
vn -1.000000 0.000000 0.000000
vn 0.000000 0.000000 1.000000
vn 0.000000 0.000000 1.000000
vn 0.000000 0.000000 1.000000
vn 0.000000 0.000000 1.000000
vn -1.000000 0.000000 0.000000
vn -1.000000 0.000000 0.000000
vn -1.000000 0.000000 0.000000
vn -1.000000 0.000000 0.000000
vn 0.000000 0.000000 1.000000
vn 0.000000 0.000000 1.000000
vn 0.000000 0.000000 1.000000
vn 0.000000 0.000000 1.000000
vn -1.000000 0.000000 0.000000
vn -1.000000 0.000000 0.000000
vn -1.000000 0.000000 0.000000
vn -1.000000 0.000000 0.000000
vn 0.000000 0.000000 1.000000
vn -0.010602 -0.020331 0.999737
vn 0.000001 0.000000 -1.000000
vn 0.000001 0.000000 -1.000000
vn 0.023588 0.036373 -0.999060
vn 0.000042 0.000000 -1.000000
vn 0.000000 0.000000 1.000000
vn 0.084517 -0.015359 0.996304
vn 0.000000 0.000000 1.000000
vn 0.162958 -0.010878 0.986573
vn 0.000095 0.000000 -1.000000
vn 0.037783 0.058255 -0.997587
vn -1.000000 0.000000 0.000000
vn -1.000000 0.000000 0.000000
vn 0.837655 0.477527 0.265146
vn 0.852859 0.444707 0.273620
vn 0.820822 0.561431 -0.105101
vn 0.820822 0.561431 -0.105101
vn 0.102857 0.994695 -0.001192
vn 0.102857 0.994695 -0.001192
vn -0.415476 0.904720 -0.094139
vn -0.415476 0.904720 -0.094139
vn 1.000000 0.000000 0.000000
vn 1.000000 -0.000000 0.000000
vn -0.205371 0.977523 0.047669
vn -0.205371 0.977523 0.047669
vn -0.205371 0.977523 0.047669
vn -0.205371 0.977523 0.047669
vn 0.902030 0.428329 -0.053636
vn 0.902030 0.428329 -0.053636
vn 0.902030 0.428329 -0.053636
vn 0.902030 0.428329 -0.053636
vn -0.633076 0.774090 0.000000
vn -0.695598 0.718431 0.000000
vn 0.998916 -0.030869 0.034839
vn 0.996322 -0.085135 0.009736
vn 0.996114 0.043926 0.076344
vn 0.995701 0.073856 0.055896
vn -0.813664 0.581336 0.000000
vn -0.813665 0.581334 0.000000
vn 0.067341 0.017966 0.997568
vn 0.127898 -0.015842 0.991661
vn 0.028086 0.072955 -0.996940
vn -0.115722 -0.078511 -0.990174
vn -0.184848 -0.137304 -0.973128
vn -0.082981 -0.005176 0.996538
vn 0.076575 -0.031190 -0.996576
vn -0.000000 0.000000 -1.000000
vn -0.037136 -0.002694 0.999307
vn 0.000000 0.000000 1.000000
vn 0.000001 0.000000 1.000000
vn 0.000000 0.000000 -1.000000
vn 0.000000 0.000000 -1.000000
vn -0.000001 0.000000 1.000000
vn -0.000004 0.000000 -1.000000
vn 0.000004 0.000000 1.000000
vn -0.000009 0.000000 -1.000000
vn -0.813666 0.581333 0.000000
vn 0.997644 0.024582 -0.064043
vn 0.996656 0.047027 -0.066828
vn -0.000001 0.000000 1.000000
vn -0.000002 0.000000 1.000000
vn -0.813664 0.581336 0.000000
vn 0.556119 0.016677 -0.830936
vn 0.547552 -0.001810 -0.836770
vn 0.411330 -0.245229 -0.877878
vn 0.411330 -0.245229 -0.877878
vn -1.000000 0.000000 0.000000
vn -1.000000 0.000000 0.000000
vn -0.000001 0.000000 -1.000000
vn -0.000000 0.000000 -1.000000
vn 0.000003 0.000000 -1.000000
vn 0.999997 0.001550 0.001681
vn 0.997000 0.044924 -0.063037
vn 0.000004 0.000000 1.000000
vn -1.000000 0.000000 0.000000
vn -1.000000 0.000000 0.000000
vn -0.158201 -0.069842 -0.984934
vn -0.359702 0.037937 -0.932296
vn 0.061512 0.069893 0.995656
vn 0.999952 0.000776 -0.009764
vn 0.999951 0.000783 -0.009876
vn -0.000030 0.000000 1.000000
vn -0.000024 0.000000 1.000000
vn 0.999825 0.018537 0.002540
vn 0.849935 0.285594 0.442771
vn 0.849935 0.285594 0.442771
vn -0.000012 0.000000 -1.000000
vn -0.019862 -0.012826 0.999721
vn -0.001029 -0.000657 0.999999
vn -0.813666 0.581333 0.000000
vn -0.813718 0.581260 0.000000
vn 0.999996 -0.000679 0.002766
vn 0.999996 -0.000679 0.002766
vn 0.615950 0.165299 -0.770248
vn 0.615951 0.165299 -0.770248
vn -0.813712 0.581268 0.000000
vn 0.737117 0.029908 -0.675103
vn 0.737117 0.029908 -0.675103
vn 0.737117 0.029908 -0.675103
vn 0.737117 0.029908 -0.675103
vn -1.000000 0.000002 0.000000
vn -1.000000 0.000002 0.000000
vn -1.000000 0.000002 0.000000
vn -1.000000 0.000002 0.000000
vn 0.000002 0.000000 -1.000000
vn 0.000002 0.000000 -1.000000
vn 0.000002 0.000000 -1.000000
vn 0.000002 0.000000 -1.000000
vn -0.999825 -0.018731 0.000000
vn -0.999840 -0.017867 0.000000
vn -0.999840 -0.017867 0.000000
vn -0.999825 -0.018731 0.000000
vn 0.000009 0.000000 -1.000000
vn 0.000009 0.000000 -1.000000
vn 0.000009 0.000000 -1.000000
vn 0.000009 0.000000 -1.000000
vn 0.000006 0.000000 -1.000000
vn 0.000003 0.000000 -1.000000
vn 0.000003 0.000000 -1.000000
vn 0.000006 0.000000 -1.000000
vn -0.000005 0.000000 -1.000000
vn -0.000005 0.000000 -1.000000
vn -0.000000 0.000000 -1.000000
vn -0.000000 0.000000 -1.000000
vn 0.999857 0.000000 -0.016920
vn 0.999857 0.000000 -0.016920
vn 0.999857 0.000000 -0.016920
vn 0.999857 0.000000 -0.016920
vn 0.000000 0.000000 -1.000000
vn 0.000000 0.000000 -1.000000
vn 0.000000 0.000000 -1.000000
vn 0.000000 0.000000 -1.000000
vn 0.999955 0.000000 0.009445
vn 0.999955 0.000000 0.009445
vn 0.999955 0.000000 0.009445
vn 0.999955 0.000000 0.009445
vn 0.000000 0.000000 -1.000000
vn 0.000000 0.000000 -1.000000
vn 0.000000 0.000000 -1.000000
vn 0.000000 0.000000 -1.000000
vn 0.999857 0.000000 0.016921
vn 0.999857 0.000000 0.016921
vn 0.999857 0.000000 0.016921
vn 0.999857 0.000000 0.016921
vn 0.000000 0.000000 1.000000
vn 0.000000 0.000000 1.000000
vn 0.000000 0.000000 1.000000
vn 0.000000 0.000000 1.000000
vn 0.999955 0.000000 0.009445
vn 0.999955 0.000000 0.009445
vn 0.999955 0.000000 0.009445
vn 0.999955 0.000000 0.009445
vn -0.000011 0.000002 1.000000
vn -0.000011 0.000002 1.000000
vn -0.000011 0.000002 1.000000
vn -0.000011 0.000002 1.000000
vn -0.000000 0.000000 1.000000
vn -0.000000 0.000000 1.000000
vn 0.000000 0.000000 1.000000
vn 0.000000 0.000000 1.000000
vn -0.000003 0.000000 1.000000
vn -0.000003 0.000000 1.000000
vn -0.000001 0.000000 1.000000
vn -0.000001 0.000000 1.000000
vn -1.000000 0.000002 0.000000
vn -1.000000 0.000002 0.000000
vn -1.000000 0.000003 0.000000
vn -1.000000 0.000003 0.000000
vn 0.000000 0.000000 1.000000
vn 0.000000 0.000000 1.000000
vn 0.000000 0.000000 1.000000
vn 0.000000 0.000000 1.000000
vn -0.999825 -0.018731 0.000000
vn -0.999825 -0.018731 0.000000
vn -0.999840 -0.017866 0.000000
vn -0.999840 -0.017866 0.000000
vn -0.000000 0.000000 1.000000
vn -0.000000 0.000000 1.000000
vn 0.000000 0.000000 1.000000
vn 0.000000 0.000000 1.000000
vn -1.000000 0.000000 0.000000
vn -1.000000 0.000000 0.000000
vn -1.000000 0.000000 0.000000
vn -1.000000 0.000000 0.000000
vn 0.000000 0.000000 -1.000000
vn 0.000000 0.000000 -1.000000
vn -0.000000 0.000000 -1.000000
vn -0.000001 0.000000 -1.000000
vn -0.005511 -0.001000 0.999984
vn -0.017139 -0.009763 0.999806
vn -0.000754 -0.000924 0.999999
vn 0.000001 0.000000 1.000000
vn 1.000000 0.000000 0.000000
vn 1.000000 0.000000 0.000000
vn 1.000000 0.000000 0.000000
vn 1.000000 0.000000 0.000000
vn -0.457514 0.889203 0.000000
vn -0.400960 0.916096 0.000000
vn -0.354699 0.934981 0.000000
vn -0.354698 0.934981 0.000000
vn 0.018004 -0.015113 0.999724
vn 0.020181 -0.018191 0.999631
vn 0.078015 -0.100026 0.991922
vn 0.078015 -0.100026 0.991922
vn 0.000000 0.000000 -1.000000
vn 0.000000 0.000000 -1.000000
vn 0.000000 0.000000 -1.000000
vn 0.000000 0.000000 -1.000000
vn 0.999973 -0.002649 0.006820
vn 0.999973 -0.002547 0.006922
vn 0.999788 -0.018539 -0.008924
vn 0.999788 -0.018539 -0.008924
vn 0.000001 0.000000 -1.000000
vn 0.000002 0.000000 -1.000000
vn 0.000004 0.000000 -1.000000
vn 0.988193 0.152423 0.015536
vn 0.988093 0.153062 0.015601
vn -0.005162 -0.005987 0.999969
vn -0.000174 -0.000202 1.000000
vn -0.006468 -0.007501 0.999951
vn -0.006468 -0.007501 0.999951
vn 0.999881 0.000678 -0.015428
vn 0.999881 0.000678 -0.015428
vn 0.998897 0.034574 -0.031777
vn 0.968517 0.202647 -0.144598
vn 0.195919 -0.061285 0.978703
vn 0.075114 -0.045364 0.996143
vn 0.208604 -0.173175 0.962546
vn 0.334532 -0.166800 0.927505
vn 0.000000 0.000000 -1.000000
vn 0.000000 0.000000 -1.000000
vn 0.000000 0.000000 -1.000000
vn 0.000000 0.000000 -1.000000
vn -0.120831 -0.058103 0.990971
vn -0.030926 -0.039686 0.998734
vn -0.066198 -0.073902 0.995066
vn -0.187428 -0.113929 0.975649
vn -1.000000 0.000000 0.000000
vn -1.000000 0.000000 0.000000
vn -1.000000 0.000000 0.000000
vn -1.000000 0.000000 0.000000
vn 0.000002 0.000000 1.000000
vn -0.005793 -0.007087 0.999958
vn 0.000000 0.000000 1.000000
vn 0.999966 -0.000354 0.008210
vn 0.999966 -0.000354 0.008210
vn 0.999988 -0.001355 0.004723
vn 0.999988 -0.001355 0.004723
vn 0.000000 0.000000 -1.000000
vn 0.000000 0.000000 -1.000000
vn 0.000001 0.000000 -1.000000
vn 0.000001 0.000000 -1.000000
vn 0.000000 0.000000 -1.000000
vn 0.000000 0.000000 -1.000000
vn -1.000000 0.000000 0.000000
vn -1.000000 0.000000 0.000000
vn -1.000000 0.000000 0.000000
vn -1.000000 0.000000 0.000000
vn -0.000016 0.000000 -1.000000
vn 0.000005 0.000000 -1.000000
vn 0.000009 0.000000 -1.000000
vn 0.000009 0.000000 -1.000000
vn -0.400958 0.916097 0.000000
vn -0.457589 0.889164 0.000000
vn -0.354697 0.934981 0.000000
vn -0.354695 0.934982 0.000000
vn 0.000000 0.000000 1.000000
vn 0.000000 0.000000 1.000000
vn 0.000000 0.000000 1.000000
vn 0.000000 0.000000 1.000000
vn 0.999893 -0.008636 0.011846
vn 0.999894 -0.008275 0.012010
vn 0.999119 -0.041842 -0.003211
vn 0.999119 -0.041842 -0.003211
vn -0.527573 0.849510 0.000000
vn -0.527573 0.849510 0.000000
vn -0.337800 0.941218 -0.000210
vn -0.340164 0.940366 -0.000136
vn -0.393567 0.919276 0.006095
vn -0.344574 0.938748 0.004575
vn -0.344311 0.938854 0.001995
vn -0.393446 0.919344 0.002654
vn -0.339044 0.940770 0.001125
vn -0.342213 0.939617 0.003116
vn -0.314728 0.948995 0.018836
vn -0.335679 0.941966 0.004372
vn -0.307735 0.951425 0.009473
vn -0.343309 0.939222 0.000000
vn -0.280064 0.959094 0.041259
vn -0.260947 0.965109 0.021729
vn -0.261886 0.964494 0.034168
vn -0.338504 0.940964 0.001331
vn 0.315690 0.817332 -0.481983
vn 0.315690 0.817332 -0.481984
vn 0.315690 0.817332 -0.481983
vn 0.315690 0.817332 -0.481983
vn -0.133834 0.970287 0.201575
vn -0.504920 0.805816 0.309383
vn -0.209713 0.916194 0.341480
vn 0.388343 0.907677 0.159097
vn -0.484019 0.771457 0.413013
vn -0.373293 0.823504 0.427193
vn -0.447845 0.849558 0.278723
vn -0.580731 0.779162 0.235920
vn 0.326905 0.937829 0.116663
vn 0.379389 0.916117 0.129593
vn -0.219980 0.974131 0.051753
vn -0.337520 0.941318 -0.000208
vn 0.596362 0.802701 -0.004859
vn 0.291816 0.956472 -0.002405
vn 0.536432 0.806106 0.249868
vn 0.536432 0.806106 0.249868
vn 0.436179 0.885414 0.160595
vn 0.956109 0.291500 0.029712
vn 0.956109 0.291500 0.029712
vn 0.394925 0.909197 0.131893
vn 0.160825 0.986982 -0.001347
vn -0.046194 0.986622 0.156341
vn -0.142462 0.983309 0.113169
vn 0.357710 0.903485 0.236131
vn 0.323500 0.926564 0.191902
vn -0.445049 0.895502 0.002585
vn 0.404625 0.910450 0.085788
vn 0.434576 0.893520 0.112988
vn -0.445032 0.895495 0.005938
vn 0.000000 0.000000 -1.000000
vn 0.000000 0.000000 -1.000000
vn -0.059421 -0.042210 0.997340
vn -0.020445 -0.004338 0.999782
vn -0.047228 -0.028376 0.998481
vn 0.000000 0.000000 -1.000000
vn 0.000000 0.000000 -1.000000
vn -0.052962 -0.017817 0.998438
vn 0.000000 0.000000 -1.000000
vn -0.439399 0.898273 0.005956
vn -0.439401 0.898287 0.002595
vn 0.440343 0.815293 0.376026
vn 0.516164 0.831857 0.203932
vn 0.154236 0.962244 0.224271
vn 0.224499 0.933819 0.278537
vn -0.153308 -0.115469 0.981409
vn 0.000000 0.000000 -1.000000
vn 0.090061 0.937855 0.335137
vn 0.083507 0.962587 0.257783
vn 0.477000 0.798921 0.366328
vn 0.066769 0.997767 0.001898
vn 0.095712 0.995405 0.002864
vn 0.535810 0.812474 0.229769
vn 0.095715 0.995387 0.006584
vn 0.095715 0.995387 0.006584
vn -0.027236 -0.032403 0.999104
vn -0.271684 0.931177 0.243101
vn -0.054524 0.998512 -0.000381
vn -0.298649 0.903957 0.306057
vn -0.679912 0.666754 0.305219
vn -0.745604 0.647952 0.155668
vn -0.651357 0.652880 -0.386627
vn -0.651357 0.652880 -0.386627
vn -0.651357 0.652880 -0.386627
vn -0.651357 0.652880 -0.386627
vn 0.063470 -0.051883 0.996634
vn 0.216089 -0.089369 0.972275
vn 0.000003 0.000000 -1.000000
vn 0.000000 0.000000 -1.000000
vn 0.000000 0.000000 1.000000
vn 0.000000 0.000000 1.000000
vn -0.000013 0.000000 -1.000000
vn -0.000013 0.000000 -1.000000
vn -0.000004 0.000000 -1.000000
vn -0.000004 0.000000 -1.000000
vn 0.000000 0.000000 1.000000
vn 0.000000 0.000000 1.000000
vn 0.000002 0.000000 -1.000000
vn 0.000000 0.000000 -1.000000
vn 0.088306 0.996093 0.001228
vn 0.088306 0.996093 0.001228
vn -0.023757 0.999718 0.000201
vn 0.087902 0.996129 0.000535
vn -0.609714 0.776185 0.160579
vn -0.395078 0.900458 0.181905
vn -0.466345 0.853994 0.230685
vn 0.215638 -0.055247 0.974909
vn 0.486434 -0.136073 0.863056
vn -0.334337 0.926432 0.173038
vn 0.903205 0.352507 -0.244867
vn 0.903205 0.352507 -0.244867
vn 0.000003 0.000000 -1.000000
vn 0.000000 0.000000 -1.000000
vn 0.000000 0.000000 1.000000
vn 0.000000 0.000000 1.000000
vn 0.000004 0.000000 -1.000000
vn 0.000004 0.000000 -1.000000
vn -0.284900 0.944960 0.160880
vn 0.000003 0.000000 -1.000000
vn 0.000004 0.000000 -1.000000
vn 0.031193 -0.004316 0.999504
vn 0.041431 -0.006283 0.999122
vn 0.059778 -0.013210 0.998124
vn 0.000004 0.000000 -1.000000
vn -0.000000 0.000000 -1.000000
vn 0.063682 -0.033405 0.997411
vn 0.000000 0.000000 -1.000000
vn 0.000000 0.000000 -1.000000
vn 0.000000 0.000000 -1.000000
vn 0.000000 0.000000 -1.000000
vn 0.000000 0.000000 1.000000
vn 0.000000 0.000000 1.000000
vn 0.000000 0.000000 -1.000000
vn 0.000000 0.000000 -1.000000
vn 0.000000 0.000000 1.000000
vn 0.000000 0.000000 1.000000
vn 0.000000 0.000000 1.000000
vn 0.000000 0.000000 1.000000
vn 1.000000 0.000000 0.000000
vn 1.000000 0.000000 0.000000
vn 1.000000 0.000000 0.000000
vn 1.000000 0.000000 0.000000
vn -1.000000 0.000000 0.000000
vn -1.000000 0.000000 0.000000
vn -0.000024 0.000000 1.000000
vn -0.000024 0.000000 1.000000
vn -0.999840 -0.017866 0.000000
vn -0.999840 -0.017866 0.000000
vn 0.000000 0.000000 1.000000
vn 0.000000 0.000000 1.000000
vn -1.000000 0.000000 0.000000
vn -1.000000 0.000000 0.000000
vn 0.000002 0.000000 1.000000
vn -0.000000 0.000000 1.000000
vn -0.000000 0.000000 1.000000
vn 0.999955 0.000000 0.009445
vn 0.999955 0.000000 0.009445
vn 0.007829 -0.001032 0.999969
vn 0.007826 -0.001032 0.999969
vn 0.999881 -0.000878 0.015395
vn 0.999881 -0.000878 0.015395
vn -0.000016 0.000000 -1.000000
vn -0.000016 0.000000 -1.000000
vn 0.999955 0.000000 0.009445
vn 0.999955 0.000000 0.009445
vn 0.000000 0.000000 -1.000000
vn 0.000000 0.000000 -1.000000
vn 0.999857 0.000000 -0.016920
vn 0.999857 0.000000 -0.016920
vn 0.000000 0.000000 -1.000000
vn -0.000012 0.000000 -1.000000
vn -0.000012 0.000000 -1.000000
vn -0.999840 -0.017865 0.000000
vn -0.999840 -0.017865 0.000000
vn 0.000001 0.000000 -1.000000
vn 0.000001 0.000000 -1.000000
vn -1.000000 0.000000 0.000000
vn -1.000000 0.000000 0.000000
vn -0.999866 -0.016346 0.000000
vn -0.999866 -0.016346 0.000000
vn -0.000012 0.000000 -1.000000
vn -0.000012 0.000000 -1.000000
vn -0.999866 -0.016346 0.000000
vn -0.999866 -0.016346 0.000000
vn -0.000024 0.000000 1.000000
vn -0.000024 0.000000 1.000000
vn -1.000000 0.000000 0.000000
vn -1.000000 0.000000 0.000000
vn -1.000000 0.000000 0.000000
vn -1.000000 0.000000 0.000000
vn -1.000000 0.000000 0.000000
vn -1.000000 0.000000 0.000000
vn 0.000000 0.000000 -1.000000
vn 0.000000 0.000000 -1.000000
vn -0.000000 0.000000 -1.000000
vn -0.000001 0.000000 -1.000000
vn -0.000001 0.000000 1.000000
vn -0.000002 0.000000 1.000000
vn -0.000003 0.000000 1.000000
vn -0.000004 0.000000 1.000000
vn -0.614873 0.788626 0.000000
vn -0.614871 0.788628 0.000000
vn -0.390700 0.920518 0.000000
vn -0.390702 0.920517 0.000000
vn -0.034740 -0.005418 0.999382
vn -0.035076 -0.006509 0.999364
vn -0.028708 0.014172 0.999487
vn -0.028708 0.014172 0.999487
vn -0.000015 0.000014 -1.000000
vn -0.000021 0.000013 -1.000000
vn -0.000029 0.000018 -1.000000
vn -0.000027 0.000018 -1.000000
vn 0.889954 -0.099897 0.444975
vn 0.889954 -0.099897 0.444975
vn 0.889954 -0.099897 0.444975
vn 0.889954 -0.099897 0.444975
vn 0.003122 0.002212 -0.999993
vn -0.027023 0.012146 -0.999561
vn -0.036972 0.015883 -0.999190
vn 0.004773 0.002468 -0.999986
vn 0.992980 -0.073530 0.092646
vn 0.969909 -0.161282 0.182388
vn 0.949271 -0.233917 0.210163
vn 0.979541 -0.182933 0.083881
vn 0.000001 0.000000 1.000000
vn 0.000002 0.000000 1.000000
vn 0.000000 0.000000 1.000000
vn 0.000000 0.000000 1.000000
vn 0.999857 -0.004114 0.016431
vn 0.999814 -0.004624 0.018740
vn 0.999012 -0.010041 0.043288
vn 0.999012 -0.010041 0.043288
vn 0.081676 0.116709 0.989802
vn -0.076553 0.078323 0.993985
vn -0.075146 -0.035579 0.996538
vn 0.019773 -0.050903 0.998508
vn -0.026258 -0.047195 -0.998541
vn -0.074271 -0.137584 -0.987702
vn -0.000881 0.000567 -1.000000
vn -0.000881 0.000567 -1.000000
vn -0.000000 0.000000 1.000000
vn -0.028008 0.015919 0.999481
vn -0.009048 0.004392 0.999950
vn 0.000000 0.000000 1.000000
vn -1.000000 0.000000 0.000000
vn -1.000000 0.000000 0.000000
vn -1.000000 0.000000 0.000000
vn -1.000000 0.000000 0.000000
vn 0.005486 -0.011108 0.999923
vn 0.006892 -0.011215 0.999913
vn 0.028944 -0.013909 0.999484
vn 0.007662 -0.015520 0.999850
vn 0.991897 0.042071 -0.119880
vn 0.983792 -0.042685 -0.174158
vn 0.968601 -0.116005 -0.219897
vn 0.968601 -0.116005 -0.219897
vn -0.000019 0.000014 -1.000000
vn -0.000015 0.000012 -1.000000
vn -0.000005 0.000000 -1.000000
vn -0.000015 0.000000 -1.000000
vn 0.000000 0.000000 -1.000000
vn 0.000000 0.000000 -1.000000
vn -1.000000 0.000000 0.000000
vn -1.000000 0.000000 0.000000
vn -1.000000 0.000000 0.000000
vn -1.000000 0.000000 0.000000
vn -0.101251 -0.022159 -0.994614
vn -0.101251 -0.022159 -0.994614
vn -0.101251 -0.022159 -0.994614
vn -0.101251 -0.022159 -0.994614
vn -0.614876 0.788624 0.000000
vn -0.614875 0.788625 0.000000
vn -0.390702 0.920517 0.000000
vn -0.390701 0.920518 0.000000
vn 0.000005 0.000000 1.000000
vn -0.000001 0.000000 1.000000
vn -0.000004 0.000000 1.000000
vn -0.000004 0.000000 1.000000
vn 0.975037 -0.136600 -0.175051
vn 0.975037 -0.136600 -0.175051
vn 0.975037 -0.136600 -0.175051
vn 0.975037 -0.136600 -0.175051
vn -0.414543 0.910030 0.000000
vn -0.414543 0.910030 0.000000
vn -0.474831 0.880077 0.000000
vn -0.465668 0.884960 0.000000
vn -0.614874 0.788625 0.000000
vn -0.390702 0.920517 0.000000
vn -0.588860 0.808235 -0.000203
vn -0.612322 0.790608 -0.000128
vn -0.918801 0.386208 -0.081540
vn -0.834526 0.550961 0.002904
vn -0.834226 0.551422 0.001269
vn -0.925154 0.376503 -0.048329
vn -0.684534 0.728980 0.000945
vn -0.727352 0.686260 0.002458
vn -0.807999 0.589184 -0.000151
vn -0.822803 0.568202 0.011874
vn -0.802343 0.596863 0.000000
vn -0.648452 0.761255 0.000000
vn -0.945695 0.318974 0.062580
vn -0.942241 0.331665 0.046702
vn -0.939484 0.342498 0.008026
vn -0.832563 0.552378 0.041448
vn 0.521735 0.636432 -0.568109
vn 0.521735 0.636432 -0.568109
vn 0.521735 0.636432 -0.568109
vn 0.521735 0.636432 -0.568109
vn 0.728471 0.682638 0.057763
vn 0.614111 0.776247 0.142509
vn 0.614111 0.776247 0.142509
vn 0.753821 0.656127 0.035365
vn 0.537384 0.462383 0.705280
vn 0.300607 0.504472 0.809409
vn 0.435509 0.485286 0.758175
vn 0.537384 0.462383 0.705280
vn 0.735623 0.662047 0.143366
vn 0.568588 0.802215 0.182096
vn -0.950450 0.309836 0.025439
vn -0.603997 0.796763 0.018875
vn -0.829825 0.557036 0.033191
vn -0.625700 0.779481 0.030135
vn 0.774671 0.591020 -0.224899
vn 0.729036 0.658936 0.185227
vn 0.613015 0.786970 0.069934
vn 0.706260 0.534650 -0.464054
vn -0.948214 0.317366 0.012990
vn 0.449687 0.586778 0.673404
vn 0.449686 0.586778 0.673404
vn 0.449686 0.586778 0.673404
vn 0.449686 0.586778 0.673404
vn 0.291692 0.956237 -0.022962
vn 0.072590 0.997353 0.004135
vn 0.078767 0.996887 0.003380
vn 0.291692 0.956237 -0.022962
vn 0.688049 0.519992 -0.506159
vn 0.688049 0.519992 -0.506159
vn 0.361296 0.905650 0.221954
vn 0.361296 0.905650 0.221954
vn -0.964155 0.265284 -0.005498
vn -0.927980 0.371738 -0.025763
vn -0.960384 0.256079 0.109936
vn -0.967671 0.251587 0.017816
vn -0.932393 0.354058 -0.072703
vn -0.956998 0.278961 0.079596
vn -0.930510 0.329450 -0.160041
vn 0.010065 0.003518 -0.999943
vn 0.048798 0.017007 -0.998664
vn 0.016426 -0.006851 0.999842
vn 0.001743 -0.000722 0.999998
vn 1.000000 0.000000 0.000000
vn 0.999661 0.016717 0.019978
vn 0.998829 0.031054 0.037111
vn 1.000000 0.000000 0.000000
vn 0.000000 0.000000 1.000000
vn -0.000001 0.000000 1.000000
vn 0.000004 0.000000 -1.000000
vn -0.000000 0.000000 -1.000000
vn -0.000001 0.000000 -1.000000
vn 0.000005 0.000000 -1.000000
vn 0.000719 0.019177 -0.999816
vn -0.035738 0.022281 -0.999113
vn -0.357069 0.599303 -0.716476
vn -0.393630 0.514972 -0.761485
vn -0.393630 0.514972 -0.761485
vn -0.334345 0.644970 -0.687188
vn -0.518337 0.822357 0.234642
vn -0.518337 0.822357 0.234642
vn -0.518337 0.822356 0.234642
vn -0.518337 0.822357 0.234642
vn -0.644281 0.762918 -0.053458
vn -0.753579 0.652774 -0.077491
vn -0.131937 0.891567 0.433245
vn -0.066567 0.994801 0.077065
vn -0.155056 0.778813 0.607789
vn -0.155056 0.778813 0.607789
vn -0.131996 0.991054 -0.019696
vn -0.460767 0.886034 -0.051351
vn 0.000008 0.000000 1.000000
vn 0.000002 0.000000 1.000000
vn 0.000000 0.000000 1.000000
vn 0.000000 0.000000 1.000000
vn 0.057496 0.998346 -0.000668
vn 0.057496 0.998346 -0.000666
vn 0.057496 0.998346 -0.000666
vn -0.110463 0.951359 0.287600
vn 0.022293 0.997908 0.060691
vn 0.057497 0.998345 -0.000656
vn 0.057497 0.998345 -0.000656
vn 0.194931 0.511865 0.836658
vn 0.194931 0.511865 0.836658
vn -0.296562 0.711787 -0.636718
vn -0.296562 0.711787 -0.636718
vn 0.000000 0.000000 -1.000000
vn 0.000000 0.000000 -1.000000
vn 0.000000 0.000000 1.000000
vn -0.025715 -0.007824 0.999639
vn 0.487481 0.748062 0.450295
vn 0.487481 0.748062 0.450295
vn 0.487481 0.748062 0.450295
vn 0.487481 0.748062 0.450295
vn 0.669775 0.742072 0.027031
vn 0.742703 0.656226 0.133265
vn 0.755439 0.640295 0.139052
vn 0.669794 0.742053 0.027087
vn -0.592745 0.690304 0.414890
vn -0.506635 0.732963 0.453967
vn -0.352196 0.786160 0.507848
vn -0.352196 0.786160 0.507848
vn 0.847549 0.497636 0.184442
vn 0.847549 0.497636 0.184442
vn -0.062499 0.543452 -0.837110
vn -0.097459 0.550243 -0.829298
vn -0.097459 0.550243 -0.829298
vn -0.048290 0.540491 -0.839963
vn -0.021633 0.048648 0.998582
vn -0.004919 0.014044 0.999889
vn 0.049695 -0.033245 -0.998211
vn -0.000260 0.004384 -0.999990
vn 0.186933 -0.026872 -0.982005
vn 0.180362 0.162886 -0.970020
vn 0.102263 0.543292 -0.833293
vn 0.455151 0.445385 0.771018
vn 0.455151 0.445385 0.771018
vn 0.455151 0.445385 0.771018
vn 0.455151 0.445385 0.771018
vn -0.717426 0.687957 0.109617
vn -0.720562 0.691285 0.053994
vn -0.720416 0.691123 0.057872
vn -0.717426 0.687957 0.109617
vn -0.612561 0.780719 0.123480
vn -0.509670 0.810938 0.287428
vn -0.473203 0.840049 0.265323
vn -0.620374 0.775324 0.118355
vn 0.113915 0.053040 0.992074
vn 0.080183 -0.011763 0.996711
vn -0.693822 0.421990 0.583554
vn -0.693822 0.421990 0.583554
vn -0.693822 0.421990 0.583554
vn -0.693822 0.421990 0.583554
vn 0.299947 0.311797 -0.901563
vn 0.260277 0.554968 -0.790105
vn 0.317014 0.070681 -0.945783
vn 0.003915 0.932202 -0.361916
vn 0.003915 0.932202 -0.361916
vn 0.003915 0.932203 -0.361916
vn 0.003915 0.932203 -0.361916
vn 0.690069 0.706218 0.158309
vn 0.696434 0.712651 0.084312
vn 0.036958 0.931778 0.361142
vn 0.036958 0.931778 0.361142
vn 0.036958 0.931778 0.361142
vn 0.036958 0.931778 0.361142
vn 0.000010 0.000000 -1.000000
vn 0.000010 0.000000 -1.000000
vn 0.000006 0.000000 -1.000000
vn 0.000005 0.000000 -1.000000
vn -1.000000 0.000000 0.000000
vn -1.000000 0.000000 0.000000
vn -1.000000 0.000000 0.000000
vn -1.000000 0.000000 0.000000
vn 0.000000 0.000000 -1.000000
vn 0.000000 0.000000 -1.000000
vn 0.000000 0.000000 -1.000000
vn 0.000000 0.000000 -1.000000
vn -0.000013 0.000000 -1.000000
vn -0.000017 0.000000 -1.000000
vn -0.000002 0.000000 -1.000000
vn -0.000004 0.000000 -1.000000
vn 0.999856 0.000000 -0.016959
vn 0.999856 0.000000 -0.016959
vn 0.999887 0.000717 -0.014988
vn 0.999892 0.000840 -0.014649
vn 0.000000 0.000000 -1.000000
vn 0.000000 0.000000 -1.000000
vn -0.211992 0.045266 -0.976223
vn -0.209735 0.044784 -0.976732
vn 0.999955 0.000000 0.009442
vn 0.999955 0.000000 0.009442
vn 0.999979 -0.000474 0.006532
vn 0.999979 -0.000490 0.006434
vn 0.000000 0.000000 -1.000000
vn 0.000000 0.000000 -1.000000
vn 0.000000 0.000000 -1.000000
vn 0.000000 0.000000 -1.000000
vn 0.999856 0.000000 0.016960
vn 0.999856 0.000000 0.016960
vn 0.999617 -0.007297 -0.026692
vn 0.999616 -0.007305 -0.026736
vn 0.000000 0.000000 1.000000
vn 0.000000 0.000000 1.000000
vn 0.000006 0.000000 1.000000
vn 0.000006 0.000000 1.000000
vn 0.999955 0.000000 0.009442
vn 0.999955 0.000000 0.009442
vn 0.999983 -0.000666 0.005793
vn 0.999983 -0.000666 0.005793
vn 0.000000 0.000000 1.000000
vn 0.000000 0.000000 1.000000
vn 0.000000 0.000000 1.000000
vn 0.000000 0.000000 1.000000
vn 0.000000 0.000000 1.000000
vn -0.040992 -0.024613 0.998856
vn -0.000006 0.000000 1.000000
vn -0.000003 0.000000 1.000000
vn -1.000000 0.000000 0.000000
vn -1.000000 0.000000 0.000000
vn -1.000000 0.000000 0.000000
vn -1.000000 0.000000 0.000000
vn 0.000000 0.000000 1.000000
vn 0.000000 0.000000 1.000000
vn 0.000000 0.000000 1.000000
vn 0.000000 0.000000 1.000000
vn -1.000000 0.000000 0.000000
vn -1.000000 0.000000 0.000000
vn -1.000000 0.000000 0.000000
vn -1.000000 0.000000 0.000000
vn 0.000000 0.000000 1.000000
vn 0.000000 0.000000 1.000000
vn 0.000000 0.000000 1.000000
vn 0.000000 0.000000 1.000000
vn -1.000000 0.000000 0.000000
vn -1.000000 0.000000 0.000000
vn -1.000000 0.000000 0.000000
vn -1.000000 0.000000 0.000000
vn 0.000000 0.000000 1.000000
vn -0.010735 -0.036471 0.999277
vn -0.000000 0.000000 -1.000000
vn -0.000000 0.000000 -1.000000
vn 0.023505 0.064985 -0.997609
vn 0.000047 0.000000 -1.000000
vn 0.000000 0.000000 1.000000
vn 0.086284 -0.027358 0.995895
vn 0.000000 0.000000 1.000000
vn 0.163802 -0.019634 0.986298
vn 0.000085 0.000000 -1.000000
vn 0.037864 0.104707 -0.993782
vn -1.000000 0.000000 0.000000
vn -1.000000 0.000000 0.000000
vn 0.682354 0.698386 0.215987
vn 0.629398 0.772893 -0.080585
vn 0.629398 0.772893 -0.080585
vn -0.247403 0.967290 -0.056060
vn 1.000000 0.000000 0.000000
vn 1.000000 0.000000 0.000000
vn -0.116189 0.992861 0.026965
vn -0.116189 0.992861 0.026965
vn 0.760210 0.648103 -0.045202
vn 0.760210 0.648103 -0.045202
vn 0.760210 0.648103 -0.045202
vn 0.760210 0.648103 -0.045202
vn -0.414543 0.910030 0.000000
vn -0.474648 0.880176 0.000000
vn 0.998014 -0.051905 0.035697
vn 0.988390 -0.151633 0.009659
vn 0.993329 0.085438 0.077448
vn 0.992382 0.111299 0.052825
vn -0.614876 0.788624 0.000000
vn -0.614877 0.788623 0.000000
vn 0.060538 0.028231 0.997767
vn 0.123738 -0.016319 0.992181
vn -0.181041 -0.241514 -0.953360
vn -0.156452 -0.240276 -0.958014
vn -0.181041 -0.241514 -0.953360
vn -0.080685 -0.010821 0.996681
vn 0.071499 -0.052297 -0.996069
vn 0.000000 0.000000 -1.000000
vn -0.041019 -0.005923 0.999141
vn -0.000002 0.000000 1.000000
vn -0.000001 0.000000 1.000000
vn 0.000000 0.000000 -1.000000
vn 0.000001 0.000000 -1.000000
vn -0.000003 0.000000 1.000000
vn 0.000000 0.000000 -1.000000
vn 0.000000 0.000000 1.000000
vn 0.000002 0.000000 -1.000000
vn -0.614877 0.788623 0.000000
vn 0.824655 0.558460 -0.089810
vn 0.824656 0.558460 -0.089810
vn 0.824655 0.558460 -0.089810
vn 0.824656 0.558460 -0.089810
vn 0.000000 0.000000 1.000000
vn 0.000002 0.000000 1.000000
vn -0.614876 0.788624 0.000000
vn 0.386278 -0.413519 -0.824494
vn 0.386278 -0.413519 -0.824494
vn 0.386278 -0.413519 -0.824494
vn 0.386278 -0.413519 -0.824494
vn -1.000000 0.000000 0.000000
vn -1.000000 0.000000 0.000000
vn -0.000019 0.000000 -1.000000
vn -0.000018 0.000000 -1.000000
vn -0.000008 0.000000 -1.000000
vn 0.999984 0.005555 -0.000603
vn 0.996276 0.068242 -0.052697
vn 0.000000 0.000000 1.000000
vn -1.000000 0.000000 0.000000
vn -1.000000 0.000000 0.000000
vn -0.194454 -0.090917 -0.976689
vn -0.350573 0.059336 -0.934654
vn 0.113817 0.080998 0.990194
vn 0.999951 0.001400 -0.009796
vn 0.999951 0.001405 -0.009837
vn 0.000007 0.000000 1.000000
vn 0.000000 0.000000 1.000000
vn 0.998875 0.047293 0.003609
vn 0.781973 0.471766 0.407376
vn 0.781973 0.471766 0.407376
vn 0.781973 0.471766 0.407376
vn 0.781973 0.471766 0.407376
vn -0.000019 0.000000 -1.000000
vn -0.015505 -0.017991 0.999718
vn -0.001389 -0.001623 0.999998
vn -0.614878 0.788623 0.000000
vn -0.614863 0.788634 0.000000
vn 0.999995 -0.001219 0.002766
vn 0.999996 -0.001219 0.002766
vn 0.598035 0.288166 -0.747874
vn 0.598035 0.288166 -0.747874
vn 0.598035 0.288166 -0.747874
vn 0.598035 0.288166 -0.747874
vn -0.614859 0.788637 0.000000
vn 0.998113 -0.012869 -0.060046
vn 0.998113 -0.012869 -0.060046
vn 0.736378 0.053645 -0.674440
vn 0.736378 0.053645 -0.674440
vn 0.736378 0.053645 -0.674440
vn 0.736378 0.053645 -0.674440
vn 0.078908 0.218470 -0.972648
vn 0.078908 0.218470 -0.972648
vn -0.000010 0.000000 -1.000000
vn -0.000025 0.000000 -1.000000
vn -0.000010 0.000000 -1.000000
vn -0.270134 0.962816 -0.003646
vn -0.061074 0.998106 0.007338
vn 0.192327 0.981127 0.020026
vn -1.000000 0.000000 0.000000
vn -1.000000 0.000000 0.000000
vn -1.000000 0.000000 0.000000
vn -1.000000 0.000000 0.000000
vn -0.785429 -0.618952 0.000000
vn -0.894152 -0.447763 0.000000
vn -0.894152 -0.447763 0.000000
vn -0.785429 -0.618952 0.000000
vn -0.980528 -0.196380 0.000000
vn -0.993834 -0.109936 -0.014403
vn -0.986480 -0.160872 -0.031278
vn -0.980528 -0.196380 0.000000
vn -0.635402 -0.772182 0.000000
vn -0.635402 -0.772182 0.000000
vn 0.000008 -0.000000 -1.000000
vn 0.000008 -0.000000 -1.000000
vn 0.000008 -0.000000 -1.000000
vn 0.000008 -0.000000 -1.000000
vn 0.000007 0.000000 -1.000000
vn 0.000005 0.000000 -1.000000
vn 0.000005 0.000000 -1.000000
vn 0.000007 0.000000 -1.000000
vn 0.000009 0.000000 -1.000000
vn 0.000017 0.000000 -1.000000
vn 0.000017 0.000000 -1.000000
vn 0.000009 0.000000 -1.000000
vn -0.000001 0.000000 -1.000000
vn -0.000001 0.000000 -1.000000
vn -1.000000 0.000000 0.000000
vn -1.000000 0.000000 0.000000
vn -1.000000 0.000000 0.000000
vn -1.000000 0.000000 0.000000
vn -0.785332 -0.619075 0.000000
vn -0.893591 -0.448882 0.000000
vn -0.893591 -0.448882 0.000000
vn -0.785332 -0.619075 0.000000
vn -0.980925 -0.194386 0.000000
vn -0.994111 -0.107985 -0.009072
vn -0.987879 -0.154115 -0.018515
vn -0.980925 -0.194386 0.000000
vn -0.647597 -0.761983 0.000000
vn -0.647597 -0.761983 0.000000
vn 0.000008 0.000000 -1.000000
vn 0.000007 0.000000 -1.000000
vn 0.000007 0.000000 -1.000000
vn 0.000008 0.000000 -1.000000
vn -0.000000 0.000000 -1.000000
vn 0.000003 0.000000 -1.000000
vn 0.000003 0.000000 -1.000000
vn -0.000000 0.000000 -1.000000
vn 0.000005 0.000000 -1.000000
vn 0.000012 0.000000 -1.000000
vn 0.000012 0.000000 -1.000000
vn 0.000005 0.000000 -1.000000
vn -0.000004 0.000000 -1.000000
vn -0.000004 0.000000 -1.000000
vn -0.554765 -0.832007 0.000000
vn -0.554765 -0.832007 0.000000
vn -0.000007 0.000000 -1.000000
vn -0.000007 0.000000 -1.000000
vn -0.576316 -0.817227 0.000000
vn -0.576316 -0.817227 0.000000
vn 0.000000 0.000000 -1.000000
vn 0.000000 0.000000 -1.000000
vn 0.000000 0.000000 -1.000000
vn 0.000000 0.000000 -1.000000
vn -0.027819 -0.059942 -0.997814
vn 0.000003 0.000000 -1.000000
vn 0.000000 0.000000 -1.000000
vn -0.030306 -0.012500 -0.999463
vn -0.018102 -0.041411 -0.998978
vn -0.000003 -0.000002 -1.000000
vn 0.000000 -0.000002 -1.000000
vn 0.000000 -0.000003 -1.000000
vn 0.000000 0.000000 -1.000000
vn 0.000000 0.000000 -1.000000
vn -0.000009 0.000000 -1.000000
vn -0.000002 0.000000 -1.000000
vn -0.000002 0.000000 -1.000000
vn -0.000009 0.000000 -1.000000
vn 0.000005 0.000000 -1.000000
vn 0.000005 0.000000 -1.000000
vn 0.000001 0.000000 -1.000000
vn 0.000001 0.000000 -1.000000
vn 0.108165 -0.104750 -0.988599
vn 0.062079 -0.066504 -0.995853
vn -0.003739 -0.050411 -0.998722
vn -0.017058 -0.026596 -0.999501
vn 0.000001 -0.000002 -1.000000
vn 0.000001 0.000000 -1.000000
vn 0.000000 0.000000 -1.000000
vn 0.000000 -0.000003 -1.000000
vn 0.138680 -0.113474 -0.983815
vn -0.009294 -0.066901 -0.997716
vn 1.000000 0.000000 0.000000
vn 1.000000 0.000000 0.000000
vn 1.000000 0.000000 0.000000
vn 1.000000 0.000000 0.000000
vn 0.845494 -0.533985 0.000000
vn 0.845494 -0.533985 0.000000
vn 0.894152 -0.447763 0.000000
vn 0.894152 -0.447763 0.000000
vn 0.980528 -0.196377 0.000000
vn 0.980528 -0.196377 0.000000
vn 0.986682 -0.159464 -0.032079
vn 0.993813 -0.110047 -0.015035
vn 0.526148 -0.380112 -0.760712
vn 0.553289 -0.350762 -0.755538
vn 0.627874 -0.261153 -0.733194
vn 0.627874 -0.261153 -0.733194
vn 0.000000 -0.000000 -1.000000
vn 0.000000 -0.000000 -1.000000
vn 0.000000 -0.000000 -1.000000
vn 0.000000 -0.000000 -1.000000
vn -0.000006 0.000000 -1.000000
vn -0.000007 0.000000 -1.000000
vn -0.000007 0.000000 -1.000000
vn -0.000007 0.000000 -1.000000
vn -0.000008 0.000000 -1.000000
vn -0.000008 0.000000 -1.000000
vn -0.000016 0.000000 -1.000000
vn -0.000016 0.000000 -1.000000
vn 0.000003 0.000000 -1.000000
vn 0.000003 0.000000 -1.000000
vn 1.000000 -0.000000 0.000000
vn 1.000000 -0.000000 0.000000
vn 1.000000 -0.000000 0.000000
vn 1.000000 -0.000000 0.000000
vn 0.825484 -0.564426 0.000000
vn 0.825484 -0.564426 0.000000
vn 0.893593 -0.448879 0.000000
vn 0.893593 -0.448879 0.000000
vn 0.980925 -0.194385 0.000000
vn 0.980925 -0.194385 0.000000
vn 0.988095 -0.152652 -0.019146
vn 0.994085 -0.108186 -0.009579
vn 0.849978 -0.526818 0.000000
vn 0.849978 -0.526818 0.000000
vn -0.000001 0.000000 -1.000000
vn -0.000001 0.000000 -1.000000
vn 0.000000 0.000000 -1.000000
vn 0.000000 0.000000 -1.000000
vn 0.000000 0.000000 -1.000000
vn 0.000000 0.000000 -1.000000
vn 0.000000 0.000000 -1.000000
vn 0.000000 0.000000 -1.000000
vn -0.000010 0.000000 -1.000000
vn -0.000010 0.000000 -1.000000
vn -0.000020 0.000000 -1.000000
vn -0.000020 0.000000 -1.000000
vn 0.000002 0.000000 -1.000000
vn 0.000001 0.000000 -1.000000
vn -0.018650 -0.087199 -0.996016
vn 0.173818 -0.124021 -0.976937
vn 0.419767 -0.482006 -0.769068
vn 0.419767 -0.482006 -0.769068
vn 0.000007 0.000000 -1.000000
vn 0.000007 0.000000 -1.000000
vn 0.990826 -0.125061 -0.051221
vn 0.985395 -0.170166 -0.006326
vn 0.000005 0.000000 -1.000000
vn 0.000005 0.000000 -1.000000
vn 0.714921 0.016808 0.699003
vn 0.714921 0.016808 0.699003
vn 0.714921 0.016808 0.699003
vn 0.714921 0.016808 0.699003
vn 0.181407 -0.061061 0.981511
vn 0.388777 -0.159998 0.907333
vn 0.299602 -0.123596 0.946025
vn 0.327095 -0.123986 0.936823
vn 0.956276 -0.156885 0.246826
vn 0.999879 -0.015571 0.000000
vn 0.999879 -0.015571 0.000000
vn 0.956810 -0.156280 0.245134
vn 0.083077 -0.081379 0.993215
vn 0.219093 -0.072164 0.973032
vn 0.864668 -0.226938 0.448161
vn 0.864668 -0.226938 0.448161
vn 0.007125 0.012954 0.999891
vn -0.000002 0.000000 1.000000
vn -0.000002 0.000000 1.000000
vn 0.002885 0.005248 0.999982
vn 0.019704 -0.009151 0.999764
vn 0.091539 -0.041294 0.994945
vn 0.000004 0.000000 1.000000
vn -0.000000 0.000000 1.000000
vn -0.000000 0.000000 1.000000
vn 0.000004 0.000000 1.000000
vn 0.023107 -0.009215 0.999691
vn 1.000000 0.000000 0.000000
vn 1.000000 0.000000 0.000000
vn 0.992792 0.009604 0.119464
vn 0.994945 0.044610 0.089970
vn 0.705089 -0.311954 0.636816
vn 0.834710 -0.360199 0.416551
vn 0.834398 -0.360194 0.417181
vn 0.706473 -0.308491 0.636969
vn 0.980925 -0.194387 0.000000
vn 0.999894 -0.014553 0.000000
vn 0.999894 -0.014553 0.000000
vn 0.980925 -0.194387 0.000000
vn 0.725654 -0.257156 0.638198
vn 0.725654 -0.257156 0.638198
vn 0.994566 0.017909 0.102556
vn 0.994069 0.017479 0.107338
vn 0.000001 0.000000 1.000000
vn 0.000005 -0.000001 1.000000
vn 0.000005 -0.000001 1.000000
vn 0.000003 0.000000 1.000000
vn 0.085172 -0.017107 0.996219
vn 0.149110 -0.029949 0.988367
vn 0.149110 -0.029949 0.988367
vn 0.085508 -0.017175 0.996189
vn 0.000007 -0.000008 1.000000
vn 0.000003 -0.000005 1.000000
vn 0.381982 -0.533825 0.754401
vn 0.381982 -0.533825 0.754401
vn 0.381982 -0.533825 0.754401
vn 0.381982 -0.533825 0.754401
vn 0.000000 0.000000 1.000000
vn 0.000000 0.000000 1.000000
vn 0.715546 -0.698566 0.000000
vn 0.715546 -0.698566 0.000000
vn 0.715546 -0.698566 0.000000
vn 0.715546 -0.698566 0.000000
vn 0.000013 -0.000012 1.000000
vn 0.000013 -0.000012 1.000000
vn 0.003123 -0.011233 0.999932
vn -0.000516 -0.009662 0.999953
vn -0.005993 -0.001390 0.999981
vn -0.017968 0.000167 0.999839
vn -0.003045 0.000028 0.999995
vn 0.000002 0.000000 1.000000
vn 0.000009 0.000000 1.000000
vn -0.007884 -0.024159 0.999677
vn -0.000004 0.000000 1.000000
vn -0.000001 0.000000 1.000000
vn -0.000001 0.000000 1.000000
vn -0.000004 0.000000 1.000000
vn 0.000004 0.000000 1.000000
vn 0.000004 0.000000 1.000000
vn 0.000001 0.000000 1.000000
vn 0.000001 0.000000 1.000000
vn 0.000000 0.000000 1.000000
vn 0.000000 0.000000 1.000000
vn -0.004577 -0.010471 0.999935
vn -0.008750 -0.008629 0.999925
vn -0.000004 0.000000 1.000000
vn -0.000006 0.000000 1.000000
vn -0.000001 0.000000 1.000000
vn -0.000001 0.000000 1.000000
vn 0.000000 0.000000 1.000000
vn -0.011538 -0.021311 0.999706
vn -1.000000 0.000000 0.000000
vn -1.000000 0.000000 0.000000
vn -1.000000 0.000000 0.000000
vn -1.000000 0.000000 0.000000
vn -0.785426 -0.618956 0.000000
vn -0.785426 -0.618956 0.000000
vn -0.894152 -0.447765 0.000000
vn -0.894152 -0.447765 0.000000
vn -0.980528 -0.196379 0.000000
vn -0.980528 -0.196379 0.000000
vn -0.999873 -0.015954 -0.000000
vn -0.999873 -0.015954 -0.000000
vn -0.635397 -0.772185 0.000000
vn -0.635397 -0.772185 0.000000
vn -0.000001 0.000000 1.000000
vn -0.000001 0.000000 1.000000
vn 0.000000 0.000000 1.000000
vn 0.000000 0.000000 1.000000
vn -0.000007 0.000000 1.000000
vn -0.000007 0.000000 1.000000
vn -0.000007 0.000000 1.000000
vn -0.000007 0.000000 1.000000
vn 0.000000 0.000000 1.000000
vn 0.000000 0.000000 1.000000
vn 0.000015 0.000000 1.000000
vn 0.000015 0.000000 1.000000
vn -0.000001 0.000000 1.000000
vn -0.000001 0.000000 1.000000
vn -1.000000 0.000000 0.000000
vn -1.000000 0.000000 0.000000
vn -1.000000 0.000000 0.000000
vn -1.000000 0.000000 0.000000
vn -0.785330 -0.619078 0.000000
vn -0.785330 -0.619078 0.000000
vn -0.893592 -0.448880 0.000000
vn -0.893592 -0.448880 0.000000
vn -0.980925 -0.194387 0.000000
vn -0.980925 -0.194387 0.000000
vn -0.999888 -0.014982 0.000000
vn -0.999888 -0.014982 0.000000
vn -0.647595 -0.761985 0.000000
vn -0.647595 -0.761985 0.000000
vn -0.000001 0.000000 1.000000
vn -0.000001 0.000000 1.000000
vn 0.000000 0.000000 1.000000
vn 0.000000 0.000000 1.000000
vn 0.000000 0.000000 1.000000
vn 0.000000 0.000000 1.000000
vn 0.000000 -0.000001 1.000000
vn 0.000000 -0.000001 1.000000
vn 0.000000 -0.000001 1.000000
vn 0.000000 -0.000001 1.000000
vn 0.000019 0.000000 1.000000
vn 0.000018 0.000000 1.000000
vn -0.000006 -0.000006 1.000000
vn -0.000006 -0.000006 1.000000
vn 0.000000 0.000000 1.000000
vn 0.000000 0.000000 1.000000
vn -0.554763 -0.832008 0.000000
vn -0.554763 -0.832008 0.000000
vn -0.000002 0.000000 1.000000
vn -0.000002 0.000000 1.000000
vn -0.576317 -0.817226 0.000000
vn -0.576317 -0.817226 0.000000
vn -0.000012 -0.000014 1.000000
vn -0.000012 -0.000014 1.000000
vn 0.999484 -0.031594 -0.005798
vn 0.999911 -0.005253 -0.012248
vn 0.955270 -0.007069 0.295650
vn 0.993770 -0.042448 0.103053
vn 0.997190 -0.073609 -0.013953
vn 0.983660 -0.180008 -0.003318
vn 0.983334 -0.181779 -0.003280
vn 0.993785 -0.107924 -0.027289
vn 0.893084 -0.449889 0.000000
vn 0.893084 -0.449889 0.000000
vn 0.871829 -0.485061 0.068046
vn 0.871829 -0.485061 0.068046
vn 0.866215 -0.469649 0.170589
vn 0.872406 -0.458969 0.168097
vn 0.969575 -0.213438 0.119869
vn 0.967752 -0.220011 0.122683
vn -0.586828 -0.809711 0.000000
vn -0.654356 -0.756187 0.000000
vn -0.654356 -0.756187 0.000000
vn -0.586828 -0.809711 0.000000
vn -0.785110 -0.619356 0.000000
vn -0.785110 -0.619356 0.000000
vn -0.893084 -0.449889 0.000000
vn -0.893084 -0.449889 0.000000
vn -0.981278 -0.192598 0.000000
vn -0.981278 -0.192598 0.000000
vn -0.995363 -0.096184 -0.000345
vn -0.995251 -0.097346 -0.000356
vn -1.000000 0.000000 0.000000
vn -1.000000 0.000000 0.000000
vn -1.000000 0.000000 0.000000
vn -1.000000 0.000000 0.000000
vn 0.000000 0.000000 1.000000
vn 0.000001 0.000000 1.000000
vn -0.000001 0.000000 1.000000
vn 0.000000 0.000000 1.000000
vn 0.000000 0.000000 -1.000000
vn 0.000000 0.000000 -1.000000
vn -0.000002 0.000000 -1.000000
vn -0.000001 0.000000 -1.000000
vn -0.028618 -0.085196 -0.995953
vn -0.019187 0.050909 -0.998519
vn -0.019187 0.050909 -0.998519
vn -0.019187 0.050909 -0.998519
vn -0.019187 0.050909 -0.998519
vn 0.527922 0.210044 -0.822909
vn 0.527922 0.210044 -0.822909
vn 0.527922 0.210044 -0.822909
vn 0.997213 -0.038509 -0.063895
vn 0.998533 -0.054148 0.000000
vn 0.994299 -0.065035 0.084496
vn 0.206218 0.097978 0.973588
vn 0.472835 0.168517 0.864887
vn 0.354412 0.232047 0.905840
vn 0.939004 0.000000 0.343906
vn 0.996574 -0.081216 0.015612
vn 0.992258 -0.064373 0.106208
vn 0.718964 -0.490411 0.492532
vn 0.718964 -0.490411 0.492532
vn 0.718964 -0.490411 0.492532
vn -1.000000 -0.000003 0.000000
vn -1.000000 -0.000003 0.000000
vn -1.000000 -0.000003 0.000000
vn -1.000000 0.000000 -0.000006
vn -1.000000 0.000000 -0.000006
vn -1.000000 0.000000 -0.000006
vn -1.000000 -0.000003 0.000000
vn -1.000000 -0.000003 0.000000
vn -1.000000 -0.000003 0.000000
vn -1.000000 0.000000 -0.000007
vn -1.000000 0.000000 -0.000007
vn -1.000000 0.000000 -0.000007
vn -1.000000 0.000000 -0.000005
vn -1.000000 0.000000 -0.000005
vn -1.000000 0.000000 -0.000005
vn -1.000000 0.000000 0.000005
vn -1.000000 0.000000 0.000005
vn -1.000000 0.000000 0.000005
vn -1.000000 -0.000003 0.000000
vn -1.000000 -0.000003 0.000000
vn -1.000000 -0.000003 0.000000
vn -1.000000 0.000000 0.000006
vn -1.000000 0.000000 0.000006
vn -1.000000 0.000000 0.000006
vn -1.000000 0.000000 0.000000
vn -1.000000 0.000000 0.000000
vn -1.000000 0.000000 0.000000
vn -1.000000 0.000000 0.000007
vn -1.000000 0.000000 0.000007
vn -1.000000 0.000000 0.000007
vn -1.000000 -0.000001 0.000000
vn -1.000000 -0.000001 0.000000
vn -1.000000 -0.000001 0.000000
vn 0.000000 0.000000 -1.000000
vn 0.000000 0.000000 -1.000000
vn -0.000001 0.000000 -1.000000
vn -0.000001 0.000000 -1.000000
vn -1.000000 0.000000 -0.000005
vn -1.000000 0.000000 -0.000005
vn -1.000000 0.000000 -0.000005
vn 0.000000 1.000000 0.000001
vn 0.000000 1.000000 0.000001
vn 0.000000 1.000000 0.000001
vn 0.000000 1.000000 0.000001
vn -0.932516 0.004289 -0.361103
vn -0.919469 -0.004449 -0.393137
vn -0.919469 -0.004449 -0.393137
vn -0.957025 0.260868 0.126694
vn -0.845494 -0.533985 0.000000
vn -0.894152 -0.447763 0.000000
vn -0.894153 -0.447763 0.000000
vn -0.845494 -0.533985 0.000000
vn -0.980528 -0.196380 0.000000
vn -0.999886 -0.015121 0.000000
vn -0.999886 -0.015121 0.000000
vn -0.980528 -0.196380 0.000000
vn -0.440038 -0.392031 -0.807885
vn -0.547478 -0.319632 -0.773371
vn -0.547478 -0.319632 -0.773371
vn -0.333354 -0.452864 -0.826916
vn 0.000000 0.001940 -0.999998
vn 0.000000 0.001940 -0.999998
vn 0.000000 0.001940 -0.999998
vn 0.003050 -0.011601 -0.999928
vn 0.000005 0.000000 -1.000000
vn 0.000005 0.000000 -1.000000
vn 0.002871 -0.010920 -0.999936
vn 0.000009 0.000000 -1.000000
vn 0.000009 0.000000 -1.000000
vn -0.009039 -0.012556 -0.999880
vn -0.009072 -0.012534 -0.999880
vn -0.999952 0.009803 0.000009
vn -0.999952 0.009803 0.000009
vn -0.999952 0.009803 0.000009
vn -0.786550 -0.601241 -0.140882
vn -0.893591 -0.448882 0.000000
vn -0.893591 -0.448882 0.000000
vn -0.786974 -0.600884 -0.140038
vn -0.980925 -0.194386 0.000000
vn -0.998584 -0.053190 0.000000
vn -0.998579 -0.053295 0.000000
vn -0.980925 -0.194386 0.000000
vn -0.646087 -0.719165 -0.255682
vn -0.608610 -0.754482 -0.245665
vn -0.487511 -0.004944 -0.873103
vn -0.487511 -0.004944 -0.873103
vn -0.487511 -0.004944 -0.873103
vn -0.487511 -0.004944 -0.873103
vn 0.000000 0.000000 -1.000000
vn -0.000002 0.000000 -1.000000
vn -0.000002 0.000000 -1.000000
vn 0.000007 0.000000 -1.000000
vn -0.002738 0.011343 -0.999932
vn -0.003559 0.014716 -0.999885
vn 0.000006 0.000000 -1.000000
vn -0.142151 -0.193281 -0.970791
vn -0.245568 -0.241662 -0.938774
vn -0.227306 -0.233250 -0.945477
vn -0.274747 -0.482263 -0.831827
vn -0.274747 -0.482263 -0.831827
vn -0.023216 -0.003391 -0.999725
vn -0.023216 -0.003391 -0.999725
vn -0.537272 -0.812558 -0.226026
vn -0.537272 -0.812558 -0.226026
vn -0.133338 -0.189077 -0.972867
vn 0.121532 0.053280 -0.991157
vn 0.010976 -0.023265 -0.999669
vn 0.006345 -0.015961 -0.999853
vn 0.071264 0.032594 -0.996925
vn 0.010143 0.005217 -0.999935
vn 0.007404 -0.010232 -0.999920
vn 0.032188 -0.026873 -0.999121
vn -0.000003 -0.000002 -1.000000
vn 0.000000 -0.000002 -1.000000
vn 0.024082 0.036921 -0.999028
vn 0.000000 0.000000 -1.000000
vn 0.000000 0.000000 -1.000000
vn 0.000000 0.000000 -1.000000
vn -0.000001 0.000000 -1.000000
vn -0.000001 0.000000 -1.000000
vn 0.000000 0.000000 -1.000000
vn 0.000005 0.000000 -1.000000
vn 0.000007 0.000000 -1.000000
vn 0.000000 0.000000 -1.000000
vn 0.000000 0.000000 -1.000000
vn -0.023567 -0.037614 -0.999014
vn -0.009982 0.009574 -0.999904
vn 0.032578 -0.032175 -0.998951
vn -0.000967 -0.009977 -0.999950
vn 0.016845 0.049942 -0.998610
vn 0.000003 0.000000 -1.000000
vn 0.000001 0.000000 -1.000000
vn 0.025324 0.047566 -0.998547
vn -0.000002 0.000000 -1.000000
vn 0.000838 -0.020402 -0.999792
vn 1.000000 0.000000 0.000005
vn 1.000000 0.000000 0.000005
vn 0.999508 -0.028856 0.012277
vn 0.999325 -0.033811 0.014384
vn 0.636533 -0.771250 0.000000
vn 0.632503 -0.774558 0.000000
vn 0.569063 -0.822294 0.000000
vn 0.569063 -0.822294 0.000000
vn 0.995601 0.093690 0.000000
vn 0.994395 0.105731 0.000000
vn 0.999886 -0.015121 0.000000
vn 0.999886 -0.015121 0.000000
vn 0.635403 -0.772181 0.000000
vn 0.635403 -0.772181 0.000000
vn 0.969198 0.246284 0.000000
vn 0.969198 0.246284 0.000000
vn 0.000000 0.000000 -1.000000
vn 0.000000 0.000000 -1.000000
vn 0.000000 0.000000 -1.000000
vn 0.000000 0.000000 -1.000000
vn -0.031130 -0.049674 -0.998280
vn -0.024477 -0.039057 -0.998937
vn -0.010409 0.010282 -0.999893
vn -0.016725 -0.003906 -0.999853
vn 0.026354 0.078184 -0.996591
vn 0.017501 0.051935 -0.998497
vn 0.000011 0.000000 -1.000000
vn 0.000011 0.000000 -1.000000
vn 0.000003 0.000000 -1.000000
vn 0.000003 0.000000 -1.000000
vn 1.000000 -0.000000 0.000003
vn 1.000000 -0.000000 0.000003
vn 1.000000 -0.000000 0.000004
vn 1.000000 -0.000000 0.000004
vn 0.632277 -0.774742 0.000000
vn 0.627942 -0.778261 0.000000
vn 0.561341 -0.827585 0.000000
vn 0.561341 -0.827584 0.000000
vn 0.994537 0.104383 0.000000
vn 0.993080 0.117440 0.000000
vn 0.999899 -0.014195 0.000000
vn 0.999899 -0.014195 0.000000
vn 0.647597 -0.761983 0.000000
vn 0.647597 -0.761983 0.000000
vn 0.964244 0.265016 0.000000
vn 0.964244 0.265016 0.000000
vn 0.000016 0.000000 -1.000000
vn 0.000016 0.000000 -1.000000
vn 0.000016 0.000000 -1.000000
vn 0.000016 0.000000 -1.000000
vn -0.031960 -0.050949 -0.998190
vn -0.025002 -0.039857 -0.998893
vn -0.010669 0.010815 -0.999885
vn -0.017579 -0.004746 -0.999834
vn 0.027344 0.081166 -0.996325
vn 0.017854 0.053017 -0.998434
vn -0.000004 0.000000 -1.000000
vn -0.000004 0.000000 -1.000000
vn 0.000001 0.000000 -1.000000
vn 0.000001 0.000000 -1.000000
vn 0.000000 0.000000 -1.000000
vn 0.000000 0.000000 -1.000000
vn 0.554767 -0.832006 0.000000
vn 0.554767 -0.832006 0.000000
vn 0.000006 0.000000 -1.000000
vn 0.000006 0.000000 -1.000000
vn 0.576316 -0.817227 0.000000
vn 0.576316 -0.817227 0.000000
vn 0.000002 0.000000 -1.000000
vn 0.000002 0.000000 -1.000000
vn 1.000000 -0.000000 -0.000002
vn 1.000000 -0.000001 -0.000004
vn 1.000000 -0.000001 -0.000004
vn 1.000000 -0.000000 -0.000002
vn 0.437789 -0.378979 0.815301
vn 0.521577 -0.535985 0.663836
vn 0.521577 -0.535985 0.663836
vn 0.515832 -0.497930 0.697124
vn 0.994395 0.105730 0.000000
vn 0.999886 -0.015121 0.000000
vn 0.999886 -0.015121 0.000000
vn 0.995602 0.093689 0.000000
vn 0.338285 -0.531083 0.776862
vn 0.353908 -0.511978 0.782705
vn 0.969198 0.246283 0.000000
vn 0.969198 0.246283 0.000000
vn -0.000001 0.000000 1.000000
vn -0.000002 0.000000 1.000000
vn -0.000002 0.000000 1.000000
vn -0.000001 0.000000 1.000000
vn 0.051499 0.082175 0.995287
vn 0.027012 0.036391 0.998973
vn 0.022686 0.028308 0.999342
vn 0.051499 0.082175 0.995287
vn 0.000000 0.000000 1.000000
vn -0.000001 0.000000 1.000000
vn -0.000001 0.000000 1.000000
vn 0.542926 -0.384170 0.746756
vn 0.465740 -0.440670 0.767396
vn -0.067436 -0.139841 0.987875
vn 1.000000 0.000000 0.000000
vn 1.000000 0.000000 0.000000
vn 1.000000 0.000000 0.000000
vn 1.000000 0.000000 0.000000
vn 0.621742 -0.783222 0.000000
vn 0.561340 -0.827585 0.000000
vn 0.561340 -0.827585 0.000000
vn 0.638743 -0.769420 0.000000
vn 0.883095 0.076699 0.462882
vn 0.992859 0.003605 0.119238
vn 0.992859 0.003605 0.119238
vn 0.985746 0.130891 0.105696
vn 0.647545 -0.762028 0.000000
vn 0.647657 -0.761932 0.000000
vn 0.881253 0.119744 0.457225
vn 0.892339 0.137184 0.430013
vn 0.015893 0.000141 0.999874
vn 0.014705 0.000142 0.999892
vn 0.014705 0.000142 0.999892
vn 0.016056 0.000141 0.999871
vn 0.462028 -0.319870 0.827172
vn 0.311612 -0.397522 0.863061
vn 0.311612 -0.397522 0.863061
vn 0.503207 -0.295475 0.812082
vn 0.026040 -0.001660 0.999660
vn 0.022889 -0.000049 0.999738
vn 0.023011 -0.000111 0.999735
vn 0.614636 -0.221091 0.757193
vn 0.614636 -0.221091 0.757193
vn 0.964218 0.249943 0.088389
vn 0.276013 -0.628595 0.727107
vn 0.276013 -0.628595 0.727107
vn 0.238518 -0.570176 0.786135
vn 0.238518 -0.570176 0.786135
vn 0.575028 -0.818133 0.000000
vn 0.575028 -0.818133 0.000000
vn 0.089456 -0.627252 0.773662
vn 0.089456 -0.627252 0.773662
vn 0.089456 -0.627252 0.773662
vn 0.089456 -0.627252 0.773662
vn 0.071295 -0.006498 0.997434
vn 0.071295 -0.006498 0.997434
vn 0.007883 0.005019 0.999956
vn 0.085909 -0.076216 0.993384
vn 0.099384 -0.133970 0.985989
vn 0.005230 -0.042020 0.999103
vn -0.033989 0.002589 0.999419
vn 0.030121 -0.032171 0.999028
vn -0.021635 -0.047697 0.998627
vn -0.025850 -0.044693 0.998666
vn 0.000001 0.000000 1.000000
vn 0.000002 0.000000 1.000000
vn 0.000000 0.000000 1.000000
vn 0.000000 0.000000 1.000000
vn 0.000000 0.000000 1.000000
vn 0.000000 0.000000 1.000000
vn -0.000005 0.000000 1.000000
vn -0.000006 0.000000 1.000000
vn -0.000002 0.000000 1.000000
vn -0.000001 0.000000 1.000000
vn 0.019498 -0.019874 0.999612
vn 0.000000 0.000000 1.000000
vn -0.038857 0.004059 0.999237
vn -0.014938 -0.043489 0.998942
vn -0.000004 0.000000 1.000000
vn 0.000001 0.000000 1.000000
vn 0.000000 0.000000 1.000000
vn -0.022392 -0.034332 0.999160
vn 0.109750 -0.008735 0.993921
vn 0.005464 0.009290 0.999942
vn -1.000000 0.000001 -0.000004
vn -1.000000 0.000001 -0.000004
vn -1.000000 0.000001 -0.000004
vn -1.000000 0.000001 -0.000004
vn -0.793264 -0.608878 0.000000
vn -0.796686 -0.604394 0.000000
vn -0.894152 -0.447764 0.000000
vn -0.894152 -0.447764 0.000000
vn -0.980528 -0.196380 0.000000
vn -0.980528 -0.196380 0.000000
vn -0.982779 -0.184783 0.000000
vn -0.982779 -0.184783 0.000000
vn -0.719486 -0.694507 0.000000
vn -0.715075 -0.699047 0.000000
vn -0.232653 0.002728 0.972556
vn -0.232653 0.002728 0.972556
vn -0.232653 0.002728 0.972556
vn -0.232653 0.002728 0.972556
vn 0.020081 -0.020506 0.999588
vn 0.020578 -0.021013 0.999567
vn -0.000007 0.000000 1.000000
vn -0.000007 0.000000 1.000000
vn 0.000000 0.000000 1.000000
vn 0.000000 0.000000 1.000000
vn 0.000000 0.000000 1.000000
vn 0.000000 0.000000 1.000000
vn 0.004199 -0.133614 0.991025
vn 0.007757 -0.128404 0.991692
vn -0.999997 -0.002626 -0.000001
vn -0.999997 -0.002626 -0.000001
vn -0.999997 -0.002626 -0.000001
vn -0.793406 -0.608693 0.000000
vn -0.796995 -0.603985 0.000000
vn -0.893592 -0.448881 0.000000
vn -0.893592 -0.448881 0.000000
vn -0.980925 -0.194387 0.000000
vn -0.980925 -0.194387 0.000000
vn -0.981633 -0.190781 0.000000
vn -0.981394 -0.192006 0.000000
vn -0.650348 -0.759637 0.000000
vn -0.653651 -0.756796 0.000000
vn -0.547065 -0.006615 0.837064
vn -0.547065 -0.006615 0.837064
vn -0.547065 -0.006615 0.837064
vn -0.547065 -0.006615 0.837064
vn 0.000000 0.000000 1.000000
vn 0.000000 -0.000001 1.000000
vn 0.000000 -0.000001 1.000000
vn 0.000000 -0.000001 1.000000
vn 0.000000 -0.000001 1.000000
vn -0.003194 0.013245 0.999907
vn -0.002991 0.012405 0.999919
vn 0.051940 -0.044098 0.997676
vn 0.051999 -0.044149 0.997671
vn 0.062577 -0.053125 0.996625
vn 0.006016 0.054191 0.998513
vn 0.165854 0.035019 0.985528
vn -0.749045 -0.662519 0.000000
vn -0.749045 -0.662519 0.000000
vn -0.030760 -0.184517 0.982348
vn -0.030760 -0.184517 0.982348
vn -0.712765 -0.594059 -0.372908
vn -0.736821 -0.676088 0.000000
vn 0.042324 -0.035938 0.998457
vn 0.999984 -0.000358 -0.005656
vn 0.999984 0.002040 0.005304
vn 0.999981 0.002131 0.005735
vn 0.999984 -0.000358 -0.005665
vn 0.990062 0.127020 0.060366
vn 0.964932 0.251671 0.074614
vn 0.544459 -0.838643 0.015584
vn 0.615204 -0.788312 0.009398
vn 0.599943 -0.799970 0.010774
vn 0.544459 -0.838643 0.015584
vn 0.654357 -0.756186 0.000000
vn 0.653880 -0.756598 0.000000
vn 0.586830 -0.809710 0.000000
vn 0.586830 -0.809710 0.000000
vn -0.702332 -0.702700 0.113768
vn -0.538864 -0.842393 0.000000
vn -0.538864 -0.842393 0.000000
vn -0.704053 -0.701297 0.111770
vn -0.898428 -0.439120 0.000000
vn -0.919196 -0.393800 0.000000
vn -0.919196 -0.393800 0.000000
vn -0.898428 -0.439120 0.000000
vn -0.967985 -0.251009 0.000000
vn -0.967985 -0.251009 0.000000
vn -0.964987 -0.162252 0.206092
vn -0.964995 -0.162255 0.206056
vn -0.999831 -0.001518 -0.018337
vn -0.999831 -0.001518 -0.018337
vn -0.999831 -0.001518 -0.018337
vn -0.999831 -0.001518 -0.018337
vn 0.000000 0.000000 1.000000
vn 0.000001 0.000000 1.000000
vn -0.001511 0.055059 0.998482
vn 0.000000 0.000000 -1.000000
vn 0.000001 0.000000 -1.000000
vn 0.001558 -0.029760 -0.999556
vn 0.006546 0.051633 0.998645
vn 0.006546 0.051633 0.998645
vn 0.006546 0.051633 0.998645
vn 0.006546 0.051633 0.998645
vn -1.000000 0.000000 0.000005
vn -1.000000 0.000000 0.000005
vn -1.000000 0.000000 0.000005
vn -1.000000 0.000000 0.000005
vn 0.026085 -0.042058 0.998775
vn 0.026085 -0.042058 0.998775
vn 0.026085 -0.042058 0.998775
vn 0.026085 -0.042058 0.998775
vn -0.734975 0.321256 0.597165
vn -0.734975 0.321256 0.597165
vn -0.776023 0.403357 0.484862
vn -0.760218 0.436828 0.480885
vn -0.479420 0.857692 0.185801
vn -0.479420 0.857692 0.185801
vn -0.479420 0.857692 0.185801
vn -0.872879 0.480068 0.087274
vn -0.160610 0.776368 0.609473
vn -0.686292 0.629238 0.364776
vn -0.523989 0.672915 0.522131
vn -0.187527 0.580772 0.792173
vn -0.107763 0.772058 0.626350
vn -0.107487 0.773838 0.624196
vn -0.107487 0.773838 0.624196
vn -0.607484 -0.122985 -0.784754
vn -0.393198 0.087637 -0.915268
vn -0.482683 0.005844 -0.875775
vn 0.003358 0.007170 -0.999969
vn 0.003358 0.007170 -0.999969
vn 0.003358 0.007170 -0.999969
vn 0.003358 0.007170 -0.999969
vn 0.003358 0.007170 -0.999969
vn 0.003358 0.007170 -0.999969
vn 0.003358 0.007170 -0.999969
vn 0.003358 0.007170 -0.999969
vn -0.539671 0.142598 0.829712
vn -0.539671 0.142598 0.829712
vn -0.709547 0.362113 0.604498
vn -0.685461 0.283343 0.670716
vn -0.223895 0.341017 0.913005
vn -0.223895 0.341017 0.913005
vn -0.223895 0.341017 0.913005
vn -1.000000 0.000000 0.000000
vn -1.000000 0.000000 0.000000
vn -1.000000 0.000000 0.000000
vn -1.000000 0.000000 0.000000
vn -0.717658 -0.322193 -0.617381
vn -0.717658 -0.322193 -0.617381
vn -0.717658 -0.322193 -0.617381
vn -0.412437 0.137581 -0.900537
vn -0.535786 0.144278 -0.831936
vn -0.535786 0.144278 -0.831936
vn -0.399865 0.136774 -0.906312
vn -0.224911 0.850696 0.475112
vn -0.224911 0.850696 0.475112
vn -0.224911 0.850696 0.475112
vn -0.224911 0.850696 0.475112
vn -0.224911 0.850696 0.475112
vn -0.348097 0.411312 0.842408
vn -0.348097 0.411312 0.842408
vn -0.348097 0.411312 0.842408
vn -0.348097 0.411312 0.842408
vn -0.776032 -0.605368 0.176929
vn -0.862707 -0.500910 0.069461
vn -0.801138 -0.578036 0.155087
vn -0.862707 -0.500911 0.069461
vn 0.000001 0.000000 1.000000
vn 0.000001 0.000000 1.000000
vn 0.000000 0.000000 1.000000
vn 0.000000 0.000000 1.000000
vn 1.000000 -0.000343 -0.000342
vn 1.000000 -0.000343 -0.000342
vn 1.000000 -0.000343 -0.000342
vn 1.000000 -0.000343 -0.000342
vn -0.853126 0.521704 0.000000
vn -0.967743 -0.006280 0.251863
vn -0.912799 0.338683 0.228235
vn -0.853126 0.521704 0.000000
vn 0.000002 0.000000 1.000000
vn 0.000000 0.000000 1.000000
vn 0.021174 0.000139 0.999776
vn 0.021397 0.000139 0.999771
vn 1.000000 0.000000 0.000000
vn 1.000000 0.000000 0.000000
vn -0.000001 0.000000 1.000000
vn -0.000001 0.000000 1.000000
vn 1.000000 0.000000 0.000000
vn 1.000000 0.000000 0.000000
vn 0.000004 0.000000 -1.000000
vn 0.000004 0.000000 -1.000000
vn 1.000000 0.000000 0.000000
vn 1.000000 0.000000 0.000000
vn 0.000014 0.000000 -1.000000
vn 0.000013 0.000000 -1.000000
vn 1.000000 0.000000 0.000000
vn 1.000000 0.000000 0.000000
vn 0.000004 0.000000 -1.000000
vn 0.000000 0.000000 -1.000000
vn -0.997264 0.008855 -0.073392
vn -0.973147 -0.014909 0.229703
vn -0.998884 -0.047240 0.000000
vn -0.010332 0.042560 -0.999041
vn -0.975851 -0.218435 0.000000
vn -0.975851 -0.218435 0.000000
vn 0.000000 0.000000 1.000000
vn -0.965066 -0.262007 0.000000
vn -0.009747 0.040428 0.999135
vn 0.999992 -0.000331 -0.004117
vn 0.999991 -0.000331 -0.004124
vn -0.300292 0.953833 -0.005271
vn -0.300292 0.953833 -0.005271
vn -1.000000 0.000000 0.000000
vn -1.000000 0.000000 0.000000
vn 0.996182 0.017596 0.085508
vn 0.995912 0.013894 0.089253
vn 0.000000 0.000000 1.000000
vn -0.000000 0.000000 1.000000
vn -1.000000 0.000000 0.000000
vn -1.000000 0.000000 0.000000
vn -0.000009 0.000000 1.000000
vn -0.000009 0.000000 1.000000
vn -1.000000 0.000000 0.000000
vn -1.000000 0.000000 0.000000
vn -0.000004 0.000000 1.000000
vn -0.000001 0.000000 1.000000
vn 0.000006 0.000000 1.000000
vn 0.000001 0.000000 1.000000
vn 0.873616 0.486181 0.020570
vn 0.957592 -0.208732 0.198618
vn 0.738124 0.621734 -0.261955
vn 0.738124 0.621734 -0.261955
vn 0.105466 0.191702 0.975770
vn 0.105466 0.191702 0.975770
vn 0.371822 0.460660 0.805941
vn 0.371822 0.460660 0.805941
vn 0.371822 0.460660 0.805941
vn 0.371822 0.460660 0.805941
vn -0.000022 0.000000 -1.000000
vn -0.000022 0.000000 -1.000000
vn 1.000000 0.000000 0.000000
vn 1.000000 0.000000 0.000000
vn 0.000000 0.000000 -1.000000
vn 0.000000 0.000000 -1.000000
vn 1.000000 0.000000 0.000000
vn 1.000000 0.000000 0.000000
vn -0.000001 0.000000 -1.000000
vn -0.000000 0.000000 -1.000000
vn 0.000000 0.000000 -1.000000
vn 0.000000 0.000000 -1.000000
vn 0.000013 0.000000 -1.000000
vn 0.000013 0.000000 -1.000000
vn -1.000000 0.000000 0.000000
vn -1.000000 0.000000 0.000000
vn -0.000005 0.000000 -1.000000
vn -0.000005 0.000000 -1.000000
vn -1.000000 0.000000 0.000000
vn -1.000000 0.000000 0.000000
vn -0.921682 0.000001 -0.387947
vn -0.921682 0.000001 -0.387947
vn -0.921682 0.000001 -0.387947
vn -0.921682 0.000001 -0.387947
vn -0.222137 0.000000 -0.975015
vn -0.222137 0.000000 -0.975015
vn -0.222137 0.000000 -0.975015
vn -0.222137 0.000000 -0.975015
vn -0.969740 0.000000 -0.244139
vn -0.969740 0.000000 -0.244139
vn -0.889373 0.000000 -0.457182
vn -0.884787 0.000000 -0.465995
vn -0.991820 0.000000 -0.127641
vn -0.993102 0.000000 -0.117257
vn -0.039439 0.000000 -0.999222
vn -0.011552 0.000000 -0.999933
vn -0.011017 0.000000 -0.999939
vn -0.039439 0.000000 -0.999222
vn 0.039596 0.000000 -0.999216
vn 0.039596 0.000000 -0.999216
vn 0.012584 0.000000 -0.999921
vn 0.011685 0.000000 -0.999932
vn 0.922083 0.000000 -0.386992
vn 0.922083 0.000000 -0.386992
vn 0.922083 0.000000 -0.386992
vn 0.922083 0.000000 -0.386992
vn 0.222098 0.000000 -0.975024
vn 0.222098 0.000000 -0.975024
vn 0.222098 0.000000 -0.975025
vn 0.222098 0.000000 -0.975024
vn 0.971560 -0.048741 -0.231723
vn 0.883241 -0.012322 -0.468758
vn 0.881781 0.000000 -0.471659
vn 0.969769 0.000000 -0.244025
vn 0.984786 0.000184 -0.173770
vn 0.985742 0.000186 -0.168262
vn 1.000000 0.000000 0.000000
vn 1.000000 0.000000 0.000000
vn -0.000006 0.000000 1.000000
vn -0.000006 0.000000 1.000000
vn 1.000000 0.000000 0.000000
vn 0.895143 -0.014372 0.445547
vn 0.366757 -0.001012 0.930316
vn 0.366757 -0.001012 0.930316
vn 0.000005 0.000000 1.000000
vn -0.000003 0.000000 1.000000
vn -1.000000 0.000001 -0.000000
vn -1.000000 0.000001 -0.000000
vn 0.000011 0.000000 1.000000
vn 0.000010 0.000000 1.000000
vn -1.000000 0.000000 0.000000
vn -1.000000 0.000000 0.000000
vn 0.000014 0.000000 1.000000
vn 0.000013 0.000000 1.000000
vn -0.991174 0.000000 -0.132570
vn -0.990114 0.000000 -0.140267
vn 0.973418 -0.191283 0.125970
vn -1.000000 0.000001 -0.000000
vn -1.000000 0.000001 -0.000000
vn -0.000001 0.000000 -1.000000
vn -0.000001 0.000000 -1.000000
vn -1.000000 0.000000 0.000000
vn -1.000000 0.000000 0.000000
vn 0.000001 0.000000 -1.000000
vn 0.000001 0.000000 -1.000000
vn 0.000006 0.000000 -1.000000
vn 0.000000 0.000000 -1.000000
vn 1.000000 0.000000 0.000000
vn 1.000000 0.000000 0.000000
vn 0.000012 0.000000 -1.000000
vn 0.000012 0.000000 -1.000000
vn 1.000000 0.000000 0.000000
vn 1.000000 0.000000 0.000000
vn 0.000013 0.000000 -1.000000
vn 0.000013 0.000000 -1.000000
vn 0.404186 -0.778066 0.480882
vn 0.404186 -0.778066 0.480882
vn 0.404186 -0.778066 0.480882
vn 0.404186 -0.778066 0.480882
vn 0.015464 -0.028862 0.999464
vn 0.120542 -0.224822 0.966915
vn 0.120542 -0.224822 0.966915
vn 0.006494 -0.012133 0.999905
vn 0.712354 -0.682325 -0.164271
vn 0.712354 -0.682325 -0.164271
vn 0.670813 -0.681401 0.292750
vn 0.675560 -0.684430 0.274179
vn 0.000000 0.000000 1.000000
vn 0.000000 0.000000 1.000000
vn -1.000000 0.000001 -0.000000
vn -1.000000 0.000001 -0.000000
vn 0.000000 0.000000 1.000000
vn 0.000000 0.000000 1.000000
vn -1.000000 0.000000 0.000000
vn -1.000000 0.000000 0.000000
vn 0.000002 0.000000 1.000000
vn 0.000002 0.000000 1.000000
vn -1.000000 0.000000 0.000000
vn -1.000000 0.000000 0.000000
vn 0.303626 0.199378 0.931697
vn 0.168682 0.322278 0.931495
vn 0.124157 0.341968 0.931473
vn 0.126052 0.301802 0.945001
vn 0.093471 0.363886 0.926742
vn 0.104379 0.317629 0.942453
vn 0.114714 0.355643 0.927555
vn 0.111441 0.309529 0.944337
vn 0.170001 0.298465 0.939158
vn 0.141113 0.269092 0.952721
vn 0.037440 0.074143 0.996545
vn 0.017620 0.075906 0.996959
vn 0.019021 0.037953 0.999099
vn 0.008790 -0.013330 0.999873
vn -0.013058 -0.027044 0.999549
vn -0.007008 0.067264 0.997711
vn -0.007008 0.067264 0.997711
vn 0.027924 0.063706 0.997578
vn 0.027924 0.063706 0.997578
vn 0.042955 0.772214 0.633909
vn 0.042955 0.772214 0.633909
vn 0.042955 0.772214 0.633909
vn 0.042955 0.772214 0.633909
vn 0.042955 0.772214 0.633909
vn 0.042955 0.772214 0.633909
vn 0.042955 0.772214 0.633909
vn 0.042955 0.772214 0.633909
vn 0.042955 0.772214 0.633909
vn -0.925960 0.239603 0.291871
vn 0.150350 0.747540 -0.646977
vn 0.145778 0.724821 -0.673338
vn 0.146401 0.727918 -0.669853
vn 0.148826 0.739970 -0.655969
vn -0.998289 -0.005193 -0.058238
vn -0.998289 -0.005193 -0.058238
vn -0.998289 -0.005193 -0.058238
vn -0.998289 -0.005193 -0.058238
vn 0.000021 0.001940 -0.999998
vn 0.000021 0.001940 -0.999998
vn 0.000021 0.001940 -0.999998
vn 0.000021 0.001940 -0.999998
vn -0.999952 0.009804 0.000001
vn -0.999952 0.009804 0.000001
vn -0.999952 0.009804 0.000001
vn -0.999952 0.009804 0.000001
vn -0.100129 -0.007702 -0.994945
vn -0.100129 -0.007702 -0.994945
vn -0.100129 -0.007702 -0.994945
vn -0.100129 -0.007702 -0.994945
vn 0.000000 0.000000 -1.000000
vn 0.000000 0.000000 -1.000000
vn -0.000005 0.000000 -1.000000
vn -0.000005 0.000000 -1.000000
vn 1.000000 0.000000 0.000000
vn 1.000000 0.000000 0.000000
vn 1.000000 0.000000 0.000000
vn 1.000000 0.000000 0.000000
vn 0.000000 0.000000 -1.000000
vn 0.000000 0.000000 -1.000000
vn 0.000000 0.000000 -1.000000
vn 0.000000 0.000000 -1.000000
vn 1.000000 0.000000 0.000000
vn 1.000000 0.000000 0.000000
vn 1.000000 0.000000 0.000000
vn 1.000000 0.000000 0.000000
vn -0.000015 0.000000 -1.000000
vn -0.000015 0.000000 -1.000000
vn -0.000015 0.000000 -1.000000
vn -0.000015 0.000000 -1.000000
vn 1.000000 0.000001 -0.000004
vn 1.000000 0.000001 -0.000004
vn 1.000000 0.000001 -0.000004
vn 1.000000 0.000001 -0.000004
vn 0.000000 0.000000 1.000000
vn 0.000000 0.000000 1.000000
vn 0.000000 0.000000 1.000000
vn 0.000000 0.000000 1.000000
vn 1.000000 -0.000001 0.000004
vn 1.000000 -0.000001 0.000004
vn 1.000000 -0.000001 0.000004
vn 1.000000 -0.000001 0.000004
vn 0.001327 0.000144 0.999999
vn 0.001327 0.000144 0.999999
vn 0.001327 0.000144 0.999999
vn 0.001327 0.000144 0.999999
vn 0.000006 0.000000 1.000000
vn 0.000006 0.000000 1.000000
vn 0.000000 0.000000 1.000000
vn 0.000000 0.000000 1.000000
vn -1.000000 0.000000 0.000000
vn -1.000000 0.000000 0.000000
vn -1.000000 0.000000 0.000000
vn -1.000000 0.000000 0.000000
vn -0.029961 0.003072 0.999546
vn -0.029961 0.003072 0.999546
vn -0.029961 0.003072 0.999546
vn -0.029961 0.003072 0.999546
vn -0.999997 -0.002626 0.000004
vn -0.999997 -0.002626 0.000004
vn -0.999997 -0.002626 0.000004
vn -0.999997 -0.002626 0.000004
vn -0.079197 -0.006042 0.996841
vn -0.079197 -0.006042 0.996841
vn -0.079197 -0.006042 0.996841
vn -0.079197 -0.006042 0.996841
vn -0.999996 -0.001685 -0.002258
vn -0.999996 -0.001685 -0.002258
vn -0.999996 -0.001685 -0.002258
vn -0.999996 -0.001685 -0.002258
vn 0.131499 0.653834 0.745124
vn 0.135534 0.673892 0.726292
vn 0.134197 0.667252 0.732643
vn 0.131928 0.655970 0.743168
vn 0.711215 0.701466 0.046039
vn 0.711215 0.701466 0.046039
vn 0.711215 0.701466 0.046039
vn 0.711215 0.701466 0.046039
vn -0.718693 0.693033 -0.056445
vn -0.718693 0.693033 -0.056445
vn -0.718693 0.693033 -0.056445
vn -0.718693 0.693033 -0.056445
vn 0.125333 0.619882 -0.774622
vn 0.125333 0.619882 -0.774622
vn 0.125333 0.619882 -0.774622
vn 0.125333 0.619882 -0.774621
vn -0.716988 0.695410 0.048305
vn -0.716988 0.695410 0.048305
vn -0.716988 0.695410 0.048305
vn -0.716988 0.695410 0.048305
vn -0.026767 0.635263 -0.771832
vn -0.026767 0.635263 -0.771832
vn -0.026767 0.635263 -0.771832
vn -0.026767 0.635263 -0.771832
vn 0.141221 0.702166 -0.697868
vn 0.141221 0.702166 -0.697868
vn 0.154583 0.768574 -0.620805
vn 0.154583 0.768574 -0.620805
vn 0.791177 0.610252 0.040398
vn 0.791177 0.610252 0.040398
vn 0.791177 0.610252 0.040398
vn 0.791177 0.610252 0.040398
vn 0.144942 0.720650 -0.677978
vn 0.144942 0.720651 -0.677978
vn 0.144942 0.720650 -0.677978
vn 0.144942 0.720650 -0.677978
vn 0.741212 0.669805 0.044344
vn 0.741212 0.669805 0.044344
vn 0.741212 0.669805 0.044344
vn 0.741212 0.669805 0.044344
vn 0.130842 0.650571 -0.748089
vn 0.130842 0.650571 -0.748089
vn 0.130842 0.650571 -0.748089
vn 0.130842 0.650571 -0.748089
vn 0.811187 0.583510 0.038616
vn 0.811187 0.583510 0.038616
vn 0.811187 0.583510 0.038616
vn 0.811187 0.583510 0.038616
vn 0.130675 0.649720 0.748857
vn 0.130675 0.649720 0.748857
vn 0.130675 0.649720 0.748857
vn 0.130675 0.649720 0.748857
vn 0.760006 0.648497 0.042936
vn 0.760006 0.648497 0.042936
vn 0.760006 0.648497 0.042936
vn 0.760006 0.648497 0.042936
vn 0.120532 0.589034 0.799069
vn 0.120532 0.589034 0.799069
vn 0.120532 0.589034 0.799069
vn 0.120532 0.589034 0.799069
vn 0.139460 0.693394 0.706934
vn 0.139460 0.693394 0.706934
vn 0.127354 0.633210 0.763430
vn 0.127354 0.633210 0.763430
vn -0.795369 0.604802 0.040036
vn -0.795369 0.604802 0.040036
vn -0.795369 0.604802 0.040036
vn -0.795369 0.604802 0.040036
vn 0.070131 0.586286 0.807063
vn 0.070131 0.586286 0.807063
vn 0.070131 0.586286 0.807063
vn 0.070131 0.586286 0.807063
vn -0.734530 0.676862 0.048192
vn -0.734530 0.676862 0.048192
vn -0.734530 0.676862 0.048192
vn -0.734530 0.676862 0.048192
vn -0.014950 0.563749 0.825811
vn -0.014950 0.563749 0.825811
vn -0.014950 0.563749 0.825811
vn -0.014950 0.563749 0.825811
vn -0.678698 0.733052 0.044763
vn -0.678698 0.733052 0.044763
vn -0.678698 0.733052 0.044763
vn -0.678698 0.733052 0.044763
vn 0.999993 -0.000315 -0.003777
vn 0.999993 -0.000315 -0.003777
vn -0.002641 -0.672105 -0.740451
vn -0.002662 -0.677093 -0.735893
vn -0.002670 -0.679083 -0.734057
vn -0.002633 -0.670166 -0.742207
vn -0.002596 -0.661314 -0.750105
vn -0.002596 -0.661314 -0.750105
vn 0.999508 -0.028869 0.012284
vn 0.999704 -0.022386 0.009527
vn -0.002300 -0.583329 -0.812232
vn -0.002300 -0.583329 -0.812233
vn -0.002300 -0.583329 -0.812233
vn -0.002300 -0.583329 -0.812233
vn 0.831426 -0.511338 0.217404
vn 0.831426 -0.511338 0.217404
vn 0.831426 -0.511338 0.217404
vn 0.831426 -0.511338 0.217404
vn -0.001942 -0.495813 -0.868427
vn -0.001942 -0.495813 -0.868427
vn -0.001942 -0.495813 -0.868427
vn -0.001942 -0.495813 -0.868427
vn 0.749179 -0.610450 0.257063
vn 0.749179 -0.610450 0.257063
vn 0.749179 -0.610450 0.257063
vn 0.749179 -0.610450 0.257063
vn 0.007000 -0.450200 0.892900
vn 0.007000 -0.450200 0.892900
vn 0.007000 -0.450200 0.892900
vn 0.007000 -0.450200 0.892900
vn 0.723017 -0.635753 0.270305
vn 0.723017 -0.635753 0.270305
vn 0.723017 -0.635753 0.270305
vn 0.723017 -0.635753 0.270305
vn -0.002033 -0.518466 0.855096
vn -0.002033 -0.518466 0.855096
vn -0.002033 -0.518466 0.855096
vn -0.002033 -0.518466 0.855096
vn 0.762051 -0.595898 0.253348
vn 0.762051 -0.595898 0.253348
vn 0.762051 -0.595898 0.253348
vn 0.762051 -0.595898 0.253348
vn -0.002301 -0.583690 0.811973
vn -0.002325 -0.591277 0.806465
vn -0.002330 -0.592729 0.805399
vn -0.002301 -0.583691 0.811973
vn -0.002346 -0.597109 0.802157
vn -0.002352 -0.598606 0.801040
vn -0.002386 -0.606475 0.795099
vn -0.002386 -0.606475 0.795099
vn -0.735620 -0.623392 0.265041
vn -0.735620 -0.623392 0.265041
vn -0.735620 -0.623392 0.265041
vn -0.735620 -0.623392 0.265041
vn -0.114811 -0.588300 0.800451
vn -0.114811 -0.588300 0.800451
vn -0.114811 -0.588300 0.800451
vn -0.114811 -0.588300 0.800451
vn -0.686997 -0.673148 0.273691
vn -0.686997 -0.673148 0.273691
vn -0.686997 -0.673148 0.273691
vn -0.686997 -0.673148 0.273691
vn -0.259676 -0.629867 0.732008
vn -0.259676 -0.629867 0.732008
vn -0.259676 -0.629867 0.732008
vn -0.259676 -0.629867 0.732008
vn -0.717616 -0.644995 0.262694
vn -0.717616 -0.644995 0.262694
vn -0.717616 -0.644995 0.262694
vn -0.717616 -0.644995 0.262694
vn -0.410137 -0.734711 -0.540358
vn -0.410137 -0.734711 -0.540358
vn -0.410137 -0.734711 -0.540358
vn -0.410137 -0.734711 -0.540358
vn -0.835196 -0.507003 0.213062
vn -0.835196 -0.507003 0.213062
vn -0.835196 -0.507003 0.213062
vn -0.835196 -0.507003 0.213062
vn -0.005318 -0.616147 -0.787613
vn -0.005318 -0.616147 -0.787613
vn -0.005318 -0.616147 -0.787613
vn -0.005318 -0.616147 -0.787613
vn -0.790993 -0.611531 -0.018957
vn -0.790993 -0.611531 -0.018957
vn -0.790993 -0.611531 -0.018957
vn -0.790994 -0.611531 -0.018957
vn -0.002708 -0.688213 -0.725504
vn -0.002708 -0.688213 -0.725504
vn 0.000000 0.000000 -1.000000
vn 0.000002 0.000000 -1.000000
vn 0.000002 0.000000 -1.000000
vn 0.000000 0.000000 -1.000000
vn 0.000010 0.000000 -1.000000
vn 0.000010 0.000000 -1.000000
vn -0.972310 -0.004434 -0.233652
vn -0.972310 -0.004434 -0.233652
vn -0.972310 -0.004434 -0.233652
vn -0.972310 -0.004434 -0.233652
vn 0.000000 0.001703 -0.999999
vn 0.000000 0.001703 -0.999999
vn 0.000000 0.001703 -0.999999
vn 0.000000 0.001703 -0.999999
vn -0.999961 0.008783 0.000016
vn -0.999961 0.008783 0.000016
vn -0.999961 0.008783 0.000016
vn -0.999961 0.008783 0.000016
vn -0.326833 -0.005440 -0.945066
vn -0.326833 -0.005440 -0.945066
vn -0.326833 -0.005440 -0.945066
vn -0.326833 -0.005440 -0.945066
vn -0.999947 -0.001669 -0.010110
vn -0.999947 -0.001669 -0.010110
vn -0.999948 -0.001669 -0.010110
vn -0.999948 -0.001669 -0.010110
vn -0.336627 -0.005810 0.941620
vn -0.336627 -0.005810 0.941620
vn -0.336627 -0.005810 0.941620
vn -0.336627 -0.005810 0.941620
vn -0.999997 -0.002353 0.000016
vn -0.999997 -0.002353 0.000016
vn -0.999997 -0.002353 0.000016
vn -0.999997 -0.002353 0.000016
vn -0.132955 0.002511 0.991119
vn -0.132955 0.002511 0.991119
vn -0.132955 0.002511 0.991119
vn -0.132955 0.002511 0.991119
vn -1.000000 -0.000000 -0.000004
vn -1.000000 -0.000000 -0.000004
vn -1.000000 -0.000000 -0.000004
vn -1.000000 -0.000000 -0.000004
vn -0.000002 -0.000000 1.000000
vn -0.000008 -0.000000 1.000000
vn -0.000008 -0.000000 1.000000
vn -0.000002 -0.000000 1.000000
vn -0.000002 -0.000000 1.000000
vn -0.000002 -0.000000 1.000000
vn -0.000007 0.000000 1.000000
vn -0.000007 0.000000 1.000000
vn 1.000000 -0.000000 -0.000017
vn 1.000000 -0.000000 -0.000017
vn 1.000000 -0.000000 -0.000017
vn 1.000000 -0.000000 -0.000017
vn -0.000016 0.000000 1.000000
vn -0.000016 0.000000 1.000000
vn -0.000016 0.000000 1.000000
vn -0.000016 0.000000 1.000000
vn 1.000000 0.000000 0.000004
vn 1.000000 0.000000 0.000004
vn 1.000000 0.000000 0.000004
vn 1.000000 0.000000 0.000004
vn 0.007562 0.000126 0.999971
vn 0.007562 0.000126 0.999971
vn 0.007562 0.000126 0.999971
vn 0.007562 0.000126 0.999971
vn 0.999998 -0.000342 -0.001956
vn 0.999998 -0.000342 -0.001956
vn 0.999998 -0.000342 -0.001956
vn 0.999998 -0.000342 -0.001956
vn 0.000022 0.000000 -1.000000
vn 0.000022 0.000000 -1.000000
vn 0.000022 0.000000 -1.000000
vn 0.000022 0.000000 -1.000000
vn 1.000000 0.000000 0.000009
vn 1.000000 0.000000 0.000009
vn 1.000000 0.000000 0.000009
vn 1.000000 0.000000 0.000009
vn -0.000018 -0.000001 -1.000000
vn -0.000018 -0.000001 -1.000000
vn -0.000018 -0.000001 -1.000000
vn -0.000018 -0.000001 -1.000000
vn 1.000000 0.000000 0.000008
vn 1.000000 0.000000 0.000008
vn 0.000000 0.000000 -1.000000
vn 0.000000 0.000000 -1.000000
vn 0.991339 0.003759 -0.131274
vn 0.988851 0.004295 -0.148849
vn -1.000000 0.000001 -0.000000
vn -1.000000 0.000001 -0.000000
vn 0.000000 0.000000 -1.000000
vn 0.000000 0.000000 -1.000000
vn -1.000000 0.000000 0.000000
vn -1.000000 0.000000 0.000000
vn 0.000000 0.000000 -1.000000
vn 0.000000 0.000000 -1.000000
vn 0.000006 0.000000 -1.000000
vn 0.000000 0.000000 -1.000000
vn 1.000000 0.000000 0.000000
vn 1.000000 0.000000 0.000000
vn 0.000013 0.000000 -1.000000
vn 0.000013 0.000000 -1.000000
vn 1.000000 0.000000 0.000000
vn 1.000000 0.000000 0.000000
vn 0.000016 0.000000 -1.000000
vn 0.000016 0.000000 -1.000000
vn 1.000000 0.000000 0.000000
vn 1.000000 0.000000 0.000000
vn 1.000000 0.000000 0.000000
vn 0.902136 -0.018439 0.431057
vn -1.000000 0.000000 0.000000
vn -1.000000 0.000000 0.000000
vn -0.818400 0.538700 -0.200060
vn -0.818400 0.538700 -0.200060
vn -0.818400 0.538700 -0.200060
vn -0.818400 0.538700 -0.200060
vn -0.847881 -0.508959 -0.148518
vn -0.847881 -0.508959 -0.148518
vn -0.031599 0.630724 -0.775364
vn -0.031599 0.630724 -0.775364
vn -0.031599 0.630724 -0.775364
vn -0.031599 0.630724 -0.775364
vn -0.052101 -0.635741 -0.770142
vn -0.052101 -0.635741 -0.770142
vn -0.052101 -0.635741 -0.770142
vn -0.052101 -0.635741 -0.770142
vn -0.838005 0.526682 -0.142667
vn -0.838005 0.526682 -0.142667
vn -0.838005 0.526682 -0.142667
vn -0.838005 0.526682 -0.142667
vn -0.862130 -0.498620 -0.090057
vn -0.862130 -0.498620 -0.090057
vn -0.280057 0.747238 -0.602663
vn -0.280057 0.747238 -0.602663
vn -0.280057 0.747238 -0.602663
vn -0.280057 0.747238 -0.602663
vn -0.304442 -0.750158 -0.587007
vn -0.304442 -0.750158 -0.587008
vn -0.304442 -0.750158 -0.587007
vn -0.304442 -0.750158 -0.587007
vn 0.005267 -0.667384 -0.744695
vn 0.001571 -0.656287 -0.754510
vn 0.000337 -0.652547 -0.757748
vn 0.005267 -0.667384 -0.744695
vn 0.035421 0.654293 -0.755412
vn 0.024363 0.662504 -0.748662
vn 0.024363 0.662504 -0.748662
vn 0.038737 0.651799 -0.757402
vn 0.054771 0.675804 -0.735044
vn 0.047357 0.660036 -0.749740
vn 0.044519 0.653923 -0.755250
vn 0.054771 0.675804 -0.735044
vn -0.003508 -0.653094 -0.757269
vn -0.007659 -0.659338 -0.751808
vn -0.007659 -0.659338 -0.751808
vn -0.002151 -0.651041 -0.759040
vn 0.853887 -0.498135 -0.150793
vn 0.853887 -0.498135 -0.150793
vn 0.828087 0.524412 -0.198150
vn 0.828087 0.524412 -0.198150
vn 0.828087 0.524412 -0.198150
vn 0.828087 0.524412 -0.198150
vn 0.052315 -0.622939 -0.780519
vn 0.052315 -0.622939 -0.780519
vn 0.052315 -0.622939 -0.780519
vn 0.052315 -0.622939 -0.780519
vn 0.115446 0.636638 -0.762472
vn 0.115446 0.636638 -0.762472
vn 0.115446 0.636638 -0.762472
vn 0.115446 0.636638 -0.762472
vn 0.847815 0.511185 -0.141065
vn 0.847815 0.511185 -0.141065
vn 0.847815 0.511185 -0.141065
vn 0.847815 0.511185 -0.141065
vn 0.304504 -0.734415 -0.606557
vn 0.304504 -0.734415 -0.606557
vn 0.304504 -0.734415 -0.606557
vn 0.304504 -0.734415 -0.606557
vn 0.349672 0.728076 -0.589606
vn 0.349672 0.728076 -0.589606
vn 0.349672 0.728076 -0.589606
vn 0.349672 0.728076 -0.589606
vn -0.851913 0.520146 -0.060762
vn -0.851913 0.520146 -0.060762
vn -0.851913 0.520146 -0.060762
vn -0.851913 0.520146 -0.060762
vn -0.911103 0.000000 -0.412178
vn -0.911103 0.000000 -0.412178
vn -0.857258 -0.514867 -0.004518
vn -0.857258 -0.514867 -0.004518
vn 0.838050 0.509524 -0.195082
vn 0.838050 0.509524 -0.195082
vn 0.838050 0.509524 -0.195082
vn 0.838050 0.509524 -0.195082
vn 0.903271 -0.404400 -0.143398
vn 0.903271 -0.404400 -0.143398
vn 0.881877 0.014143 -0.471267
vn 0.881877 0.014143 -0.471267
s 1
g Break_Columns__3_:Mesh
usemtl broken_columns_stone
f 1/1/1 2/2/2 48/3/3 36/4/4
s 2
f 103/1165/5 105/1166/6 37/1167/7 12/1168/8
s 3
f 85/1224/9 89/1225/10 50/1226/11 24/1227/12
s 1
f 182/44/13 164/55/14 59/45/15 73/34/16
s 5
f 163/1282/17 181/1283/18 53/1284/19 63/1285/20
s 2
f 171/1206/21 175/1212/22 60/1218/23 55/1213/24
s 7
f 181/80/25 180/81/26 66/82/27 53/83/28
s 2
f 190/1189/29 172/1179/30 61/1188/31 116/1200/32
s 9
f 196/90/33 168/91/34 52/92/35 145/93/36
s 10
f 180/1294/37 179/1295/38 58/1296/39 66/1297/40
s 11
f 177/113/41 178/114/42 65/115/43 56/116/44
s 3
f 194/1271/45 162/1273/46 71/1277/47 135/1274/48
s 13
f 173/1304/49 177/1305/50 56/1306/51 69/1307/52
s 3
f 188/1250/53 176/1256/54 67/1262/55 110/1257/56
s 1
f 175/8/57 170/7/58 70/9/59 60/10/60
s 3
f 169/1246/61 174/1238/62 72/1245/63 57/1252/64
s 17
f 167/123/65 173/124/66 69/125/67 62/126/68
s 2
f 183/1196/69 171/1206/21 55/1213/24 87/1207/70
s 18
f 170/1314/71 166/1315/72 64/1316/73 70/1317/74
s 19
f 161/57/75 169/58/76 57/47/77 68/35/78
s off
f 168/1324/79 167/1325/80 62/1326/81 52/1327/82
s 1
f 166/24/83 165/25/84 54/18/85 64/17/86
s 21
f 164/1330/87 161/1331/88 68/1332/89 59/1333/90
s 22
f 162/143/91 163/144/92 63/145/93 71/146/94
s 1
f 146/61/95 41/69/96 51/62/97 148/53/98
f 195/33/99 182/44/13 73/34/16 149/26/100
f 78/27/101 73/34/16 59/45/15 68/35/102
f 87/15/103 55/12/104 75/11/105 91/16/106
f 70/9/59 75/11/105 55/12/104 60/10/60
f 78/27/101 68/35/102 74/36/107 27/28/108
f 72/46/109 74/36/107 68/35/102 57/47/110
f 90/48/111 74/36/107 72/46/109 86/56/112
f 92/21/113 91/16/106 75/11/105 79/14/114
s off
f 116/165/115 61/166/116 77/163/117 121/164/118
s 24
f 134/138/119 137/141/120 63/142/121 25/139/122
s 3
f 120/158/123 76/157/124 67/161/55 117/162/125
s 24
f 160/135/126 134/138/119 25/139/122 153/133/127
s 1
f 90/48/111 84/37/128 27/28/108 74/36/107
f 150/19/129 78/27/101 27/28/108 151/20/130
f 150/19/129 149/26/100 73/34/16 78/27/101
f 70/9/59 64/17/86 54/18/85 81/13/131
f 70/9/59 81/13/131 79/14/114 75/11/105
s 25
f 138/131/132 139/132/133 82/130/134 56/129/135
s 1
f 155/29/136 92/21/113 79/14/114 151/20/130
s off
f 25/1288/137 63/1285/138 53/1284/139 66/1289/140
f 145/989/141 154/990/142 66/991/143 58/992/144
s 25
f 56/129/135 82/130/134 62/126/145 69/125/146
s 24
f 153/133/127 154/134/147 62/126/148 82/130/149
s 1
f 156/38/150 102/30/151 92/21/113 155/29/136
f 96/59/152 98/49/153 84/37/128 90/48/111
f 102/30/151 97/23/154 91/16/106 92/21/113
f 96/59/152 90/48/111 86/56/112 100/64/155
f 94/22/156 87/15/103 91/16/106 97/23/154
s 2
f 185/1186/157 183/1196/69 87/1207/70 94/1197/158
s 3
f 174/1238/62 184/1237/159 86/1244/160 72/1245/63
s 9
f 144/104/161 147/100/162 34/107/163 17/108/164
s 3
f 99/1228/165 101/1229/166 89/1225/10 85/1224/9
s 2
f 6/1183/167 31/1184/168 88/1176/169 83/1175/170
f 187/1178/171 185/1186/157 94/1197/158 104/1187/172
s 28
f 104/1187/173 94/1197/174 97/1208/175 107/1198/176
s off
f 106/71/177 96/59/178 100/64/179 110/72/180
s 1
f 112/39/181 107/40/182 97/23/154 102/30/151
s 29
f 106/1006/183 108/1002/184 98/1004/185 96/1007/186
s 1
f 157/50/187 112/39/181 102/30/151 156/38/150
s 3
f 184/1237/159 186/1243/188 100/1251/189 86/1244/160
f 109/1234/190 111/1235/191 101/1229/166 99/1228/165
s 30
f 152/995/192 80/996/193 112/997/194 157/998/195
s 29
f 76/1005/196 26/1001/197 108/1002/184 106/1006/183
s 30
f 80/996/193 77/999/198 107/1000/199 112/997/194
s 3
f 76/1268/124 106/1269/200 110/1257/56 67/1262/55
s 28
f 61/1188/201 104/1187/173 107/1198/176 77/1199/202
s 2
f 172/1179/30 187/1178/171 104/1187/172 61/1188/31
f 83/1175/170 88/1176/169 95/1170/203 93/1169/204
s 3
f 186/1243/188 188/1250/53 110/1257/56 100/1251/189
f 18/1240/205 44/1241/206 111/1235/191 109/1234/190
s off
f 77/163/207 80/159/208 122/160/209 121/164/210
s 31
f 152/153/211 26/154/212 115/155/213 158/156/214
s 32
f 127/1275/215 120/1276/216 117/1267/217 125/1272/218
s 31
f 26/154/212 76/157/219 120/158/220 115/155/213
s 2
f 131/1209/221 116/1200/32 121/1214/222 128/1215/223
s 3
f 176/1256/54 189/1261/224 117/1267/225 67/1262/55
s 2
f 191/1201/226 190/1189/29 116/1200/32 131/1209/221
f 193/1210/227 191/1201/226 131/1209/221 141/1216/228
f 141/1216/228 131/1209/221 128/1215/223 138/1219/229
s off
f 137/1278/230 127/1275/231 125/1272/232 135/1274/233
s 32
f 121/167/234 122/168/235 129/169/236 128/170/237
f 158/171/238 115/173/239 124/174/240 159/172/241
f 115/173/239 120/175/216 127/176/215 124/174/240
s 3
f 189/1261/224 192/1266/242 125/1272/243 117/1267/225
s off
f 63/1279/244 137/1278/245 135/1274/246 71/1277/247
s 2
f 65/1220/248 141/1216/228 138/1219/229 56/1223/249
f 178/1217/250 193/1210/227 141/1216/228 65/1220/248
s off
f 128/1215/251 129/1221/252 139/1222/253 138/1219/254
s 24
f 159/137/255 124/140/256 134/138/119 160/135/126
s off
f 124/1280/257 127/1275/258 137/1278/259 134/1281/260
s 3
f 192/1266/242 194/1271/45 135/1274/48 125/1272/243
s 18
f 2/1322/261 3/1323/262 40/1321/263 48/1320/264
s off
f 3/51/265 4/52/266 30/42/267 40/41/268
f 4/1340/269 5/1341/270 46/1342/271 30/1343/272
s 2
f 6/1183/167 1/1193/273 36/1194/274 31/1184/168
f 119/1173/275 113/1174/276 12/1168/8 37/1167/7
s 11
f 8/121/277 7/122/278 42/120/279 32/119/280
s 13
f 9/1312/281 8/1313/282 32/1311/283 47/1310/284
s 17
f 10/111/285 9/112/286 47/109/287 38/105/288
s off
f 11/1344/289 10/1345/290 38/1346/291 28/1347/292
s 22
f 13/151/293 14/152/294 39/150/295 49/149/296
s 5
f 14/1292/297 15/1293/298 29/1291/299 39/1290/300
s 40
f 15/88/301 16/89/302 43/87/303 29/86/304
s 10
f 16/1302/305 17/1303/306 34/1301/307 43/1300/308
s 3
f 18/1240/205 114/1247/309 118/1248/310 44/1241/206
f 19/1232/311 24/1227/12 50/1226/11 33/1233/312
s 19
f 20/78/313 19/79/314 33/74/315 45/73/316
s 21
f 21/1338/317 20/1339/318 45/1337/319 35/1336/320
s off
f 22/76/321 21/77/322 35/70/323 51/62/324
f 23/1348/325 22/1349/326 51/1350/327 41/1351/328
s 44
f 143/68/329 23/75/330 41/69/331 146/61/332
s 3
f 114/1247/309 130/1253/333 126/1254/334 118/1248/310
s 2
f 132/1181/335 123/1182/336 113/1174/276 119/1173/275
f 142/1191/337 133/1192/338 123/1182/336 132/1181/335
s 3
f 130/1253/333 140/1258/339 136/1259/340 126/1254/334
f 140/1258/339 13/1263/341 49/1264/342 136/1259/340
s 2
f 7/1203/343 133/1192/338 142/1191/337 42/1204/344
f 93/1169/204 95/1170/203 105/1166/6 103/1165/5
s 44
f 5/67/345 143/68/329 146/61/332 46/60/346
s 24
f 129/136/347 159/137/255 160/135/126 139/132/348
s 32
f 122/168/235 158/171/238 159/172/241 129/169/236
s 31
f 80/159/349 152/153/211 158/156/214 122/160/350
s 30
f 26/1001/351 152/995/192 157/998/195 108/1002/352
s 1
f 108/1002/353 157/998/187 156/1003/150 98/1004/354
s 9
f 11/103/355 28/101/356 147/100/162 144/104/161
s 1
f 98/49/153 156/38/150 155/29/136 84/37/128
s off
f 25/993/357 66/991/358 154/990/359 153/994/360
f 52/92/361 62/96/362 154/97/363 145/93/364
s 1
f 84/37/128 155/29/136 151/20/130 27/28/108
f 81/13/131 54/18/85 149/26/100 150/19/129
f 81/13/131 150/19/129 151/20/130 79/14/114
s 24
f 139/132/348 160/135/126 153/133/127 82/130/149
s 1
f 165/25/84 195/33/99 149/26/100 54/18/85
f 46/60/365 146/61/95 148/53/98 30/42/366
s 9
f 179/98/367 196/90/33 145/93/36 58/99/368
f 218/102/369 232/94/370 196/90/33 179/98/367
s 1
f 209/32/371 231/43/372 195/33/99 165/25/84
s 3
f 228/1260/373 230/1265/374 194/1271/45 192/1266/242
s 2
f 217/1211/375 229/1202/376 193/1210/227 178/1217/377
s 3
f 225/1255/378 228/1260/373 192/1266/242 189/1261/224
s 2
f 229/1202/376 227/1190/379 191/1201/226 193/1210/227
f 227/1190/379 226/1180/380 190/1189/29 191/1201/226
s 3
f 215/1249/381 225/1255/378 189/1261/224 176/1256/54
f 222/1236/382 224/1242/383 188/1250/53 186/1243/188
s 2
f 202/1172/384 223/1171/385 187/1178/171 172/1179/30
s 3
f 220/1230/386 222/1236/382 186/1243/188 184/1237/159
s 2
f 223/1171/385 221/1177/387 185/1186/157 187/1178/171
s 3
f 214/1231/388 220/1230/386 184/1237/159 174/1238/62
s 2
f 221/1177/387 219/1185/389 183/1196/69 185/1186/157
s 1
f 231/43/372 206/54/390 182/44/13 195/33/99
s 22
f 197/147/391 208/148/392 163/144/92 162/143/91
s 21
f 198/1334/393 207/1335/394 161/1331/88 164/1330/87
s 1
f 199/31/395 209/32/371 165/25/84 166/24/83
s 45
f 200/1328/396 210/1329/397 167/1325/398 168/1324/399
s 19
f 207/65/400 211/66/401 169/58/76 161/57/75
s 18
f 201/1318/402 199/1319/403 166/1315/72 170/1314/71
s 2
f 219/1185/389 212/1195/404 171/1206/21 183/1196/69
s 17
f 210/127/405 213/128/406 173/124/66 167/123/65
s 3
f 211/1239/407 214/1231/388 174/1238/62 169/1246/61
s 1
f 203/6/408 201/5/409 170/7/58 175/8/57
s 3
f 224/1242/383 215/1249/381 176/1256/54 188/1250/53
s 13
f 213/1308/410 216/1309/411 177/1305/50 173/1304/49
s 3
f 230/1265/374 197/1270/412 162/1273/46 194/1271/45
s 11
f 216/117/413 217/118/414 178/114/42 177/113/41
s 10
f 204/1298/415 218/1299/416 179/1295/38 180/1294/37
s 9
f 232/94/370 200/95/417 168/91/34 196/90/33
s 2
f 226/1180/380 202/1172/384 172/1179/30 190/1189/29
s 7
f 205/84/418 204/85/419 180/81/26 181/80/25
s 2
f 212/1195/404 203/1205/420 175/1212/22 171/1206/21
s 5
f 208/1286/421 205/1287/422 181/1283/18 163/1282/17
s 1
f 206/54/390 198/63/423 164/55/14 182/44/13
f 51/62/97 35/70/424 198/63/423 206/54/390
s 5
f 39/1290/300 29/1291/299 205/1287/422 208/1286/421
s 2
f 31/1184/168 36/1194/274 203/1205/420 212/1195/404
s 40
f 29/86/304 43/87/303 204/85/425 205/84/426
s 2
f 119/1173/275 37/1167/7 202/1172/384 226/1180/380
s 9
f 147/100/162 28/101/356 200/95/417 232/94/370
s 10
f 43/1300/308 34/1301/307 218/1299/416 204/1298/415
s 11
f 32/119/280 42/120/279 217/118/414 216/117/413
s 3
f 136/1259/340 49/1264/342 197/1270/412 230/1265/374
s 13
f 47/1310/284 32/1311/283 216/1309/411 213/1308/410
s 3
f 111/1235/191 44/1241/206 215/1249/381 224/1242/383
s 1
f 36/4/4 48/3/3 201/5/409 203/6/408
s 3
f 33/1233/312 50/1226/11 214/1231/388 211/1239/407
s 17
f 38/105/288 47/109/287 213/110/406 210/106/405
s 2
f 88/1176/169 31/1184/168 212/1195/404 219/1185/389
s 18
f 48/1320/264 40/1321/263 199/1319/403 201/1318/402
s 19
f 45/73/316 33/74/315 211/66/401 207/65/400
s 45
f 28/101/427 38/105/428 210/106/397 200/95/396
s 1
f 40/41/429 30/42/366 209/32/371 199/31/395
s 21
f 35/1336/320 45/1337/319 207/1335/394 198/1334/393
s 22
f 49/149/296 39/150/295 208/148/392 197/147/391
s 1
f 148/53/98 51/62/97 206/54/390 231/43/372
s 2
f 95/1170/203 88/1176/169 219/1185/389 221/1177/387
s 3
f 50/1226/11 89/1225/10 220/1230/386 214/1231/388
s 2
f 105/1166/6 95/1170/203 221/1177/387 223/1171/385
s 3
f 89/1225/10 101/1229/166 222/1236/382 220/1230/386
s 2
f 37/1167/7 105/1166/6 223/1171/385 202/1172/384
s 3
f 101/1229/166 111/1235/191 224/1242/383 222/1236/382
f 44/1241/206 118/1248/310 225/1255/378 215/1249/381
s 2
f 132/1181/335 119/1173/275 226/1180/380 227/1190/379
s off
f 142/1191/430 132/1181/431 227/1190/432 229/1202/433
s 3
f 118/1248/310 126/1254/334 228/1260/373 225/1255/378
s 2
f 42/1204/344 142/1191/337 229/1202/376 217/1211/375
s 3
f 126/1254/334 136/1259/340 230/1265/374 228/1260/373
s 1
f 30/42/366 148/53/98 231/43/372 209/32/371
s 9
f 34/107/163 147/100/162 232/94/370 218/102/369
s 46
f 383/177/434 233/178/435 234/179/436 395/180/437
s 47
f 395/1352/438 234/1353/439 235/1354/440 387/1355/441
s 48
f 387/187/442 235/188/443 236/189/444 377/190/445
s 49
f 377/1362/446 236/1363/447 237/1364/448 393/1365/449
s 50
f 383/1370/450 378/1371/451 238/1372/452 233/1373/453
f 406/1397/454 345/1398/455 244/1393/456 384/1392/457
s 52
f 389/195/458 379/196/459 240/197/460 239/198/461
s 53
f 379/1420/462 394/1421/463 241/1422/464 240/1423/465
s 54
f 394/209/466 385/210/467 242/211/468 241/212/469
s 55
f 385/1430/470 375/1431/471 243/1432/472 242/1433/473
s 56
f 396/219/474 245/220/475 246/221/476 386/222/477
s 57
f 386/1440/478 246/1441/479 247/1442/480 376/1443/481
s 58
f 376/229/482 247/230/483 248/231/484 390/232/485
s 59
f 390/1450/486 248/1451/487 249/1452/488 381/1453/489
s 60
f 405/1460/490 391/1461/491 250/1462/492 346/1463/493
f 380/1501/494 251/1502/495 256/1495/496 397/1494/497
s 62
f 380/241/498 392/242/499 252/243/500 251/244/501
s 63
f 392/1510/502 382/1511/503 253/1512/504 252/1513/505
s 64
f 382/251/506 398/252/507 254/253/508 253/254/509
s 65
f 398/1520/510 388/1521/511 255/1522/512 254/1523/513
s 66
f 393/259/514 237/260/515 255/261/516 388/262/517
s 50
f 443/1391/518 337/1395/519 269/1400/520 423/1396/521
s 60
f 438/1492/522 321/1498/523 282/1505/524 436/1500/525
s 69
f 414/269/526 260/270/527 266/271/528 420/272/529
s 70
f 283/1008/530 267/1009/531 291/1010/532 305/1011/533
s 57
f 271/1446/534 261/1447/535 285/1448/536 295/1449/537
s 50
f 263/1379/538 268/1378/539 292/1383/540 287/1384/541
s 58
f 261/235/542 275/236/543 298/237/544 285/238/545
s 50
f 351/1405/546 269/1400/520 293/1404/547 348/1409/548
s 69
f 266/271/528 260/270/527 284/273/549 290/274/550
s 59
f 275/1456/551 266/1457/552 290/1458/553 298/1459/554
s 52
f 264/202/555 274/201/556 297/203/557 288/204/558
s 60
f 368/1491/559 281/1499/560 303/1503/561 367/1496/562
s 53
f 279/1427/563 264/1426/564 288/1428/565 301/1429/566
s 60
f 343/1480/567 276/1471/568 299/1479/569 342/1489/570
s 46
f 268/183/571 280/184/572 302/185/573 292/186/574
s 60
f 265/1508/575 282/1505/524 304/1507/576 289/1509/577
s 54
f 270/216/578 279/215/579 301/217/580 294/218/581
s 50
f 320/1385/582 263/1379/538 287/1384/541 319/1389/583
s 47
f 280/1358/584 272/1359/585 296/1360/586 302/1361/587
s 62
f 277/248/588 265/247/589 289/249/590 300/250/591
s 55
f 260/1437/592 270/1436/593 294/1438/594 284/1439/595
s 70
f 272/1019/596 262/1014/597 286/1015/598 296/1020/599
s 63
f 267/1517/600 277/1516/601 300/1518/602 291/1519/603
s 56
f 281/225/604 271/226/605 295/227/606 303/228/607
s 70
f 278/265/608 273/266/609 283/267/530 262/268/597
f 262/1014/597 283/1008/530 305/1011/533 286/1015/598
f 310/1012/610 305/1011/533 291/1010/532 300/1013/611
f 319/1040/612 287/1033/613 307/1027/614 323/1032/615
f 302/1021/616 307/1027/614 287/1033/613 292/1034/617
f 310/1012/610 300/1013/611 306/1017/618 259/1018/619
f 304/1023/620 306/1017/618 300/1013/611 289/1024/621
f 322/1025/622 306/1017/618 304/1023/620 318/1029/623
f 324/1028/624 323/1032/615 307/1027/614 311/1022/625
s off
f 348/1064/626 293/1058/627 309/1051/628 353/1057/629
s 70
f 366/1062/630 369/1061/631 295/1067/632 257/1068/633
f 352/1049/634 308/1043/635 299/1048/636 349/1054/637
f 371/1065/638 366/1062/630 257/1068/633 314/1071/639
f 322/1025/622 316/1026/640 259/1018/619 306/1017/618
f 313/1016/641 310/1012/610 259/1018/619 311/1022/625
f 313/1016/641 286/1015/598 305/1011/533 310/1012/610
f 302/1021/616 296/1020/599 286/1015/598 313/1016/641
f 302/1021/616 313/1016/641 311/1022/625 307/1027/614
f 370/206/642 371/207/638 314/208/639 288/204/643
f 316/1026/640 324/1028/624 311/1022/625 259/1018/619
f 257/239/633 295/240/644 285/238/645 298/237/646
s 69
f 284/273/549 294/277/647 298/278/648 290/274/550
s 70
f 288/1076/643 314/1071/639 294/1075/649 301/1077/650
f 257/1068/633 298/1074/646 294/1075/649 314/1071/639
f 330/1031/651 334/1035/652 324/1028/624 316/1026/640
f 328/1030/653 330/1031/651 316/1026/640 322/1025/654
f 334/1035/652 329/1039/655 323/1032/615 324/1028/624
f 328/1030/653 322/1025/654 318/1029/656 332/1036/657
f 326/1046/658 319/1040/612 323/1032/615 329/1039/655
s 50
f 327/1390/659 320/1385/582 319/1389/583 326/1394/660
s 60
f 282/1505/524 321/1498/523 318/1504/661 304/1507/576
f 440/1482/662 333/1490/663 321/1498/523 438/1492/522
s 50
f 417/1375/664 263/1379/538 320/1385/582 439/1380/665
s 60
f 442/1472/666 343/1480/567 333/1490/663 440/1482/662
s 50
f 337/1395/519 327/1390/659 326/1394/660 336/1399/667
s 70
f 336/1052/668 326/1046/658 329/1039/655 339/1045/669
f 338/1037/670 328/1030/653 332/1036/657 342/1042/671
f 344/1041/672 339/1045/669 329/1039/655 334/1035/652
f 338/1037/670 340/1038/673 330/1031/651 328/1030/653
f 340/1038/673 344/1041/672 334/1035/652 330/1031/651
s 60
f 321/1498/523 333/1490/663 332/1497/674 318/1504/661
s 50
f 439/1380/665 320/1385/582 327/1390/659 441/1386/675
s 70
f 258/1044/676 312/1047/677 344/1041/672 340/1038/673
f 308/1043/678 258/1044/676 340/1038/673 338/1037/670
f 312/1047/677 309/1051/679 339/1045/680 344/1041/672
f 308/1043/678 338/1037/670 342/1042/671 299/1048/681
f 293/1058/682 336/1052/683 339/1045/680 309/1051/679
s 50
f 269/1400/520 337/1395/519 336/1399/667 293/1404/547
s 60
f 430/1465/684 276/1471/568 343/1480/567 442/1472/666
f 333/1490/663 343/1480/567 342/1489/570 332/1497/674
s 50
f 441/1386/675 327/1390/659 337/1395/519 443/1391/518
s 70
f 309/1051/679 312/1047/677 354/1053/685 353/1057/686
f 312/1047/677 258/1044/676 347/1050/687 354/1053/685
f 359/1055/688 352/1049/634 349/1054/637 357/1060/689
f 258/1044/676 308/1043/635 352/1049/634 347/1050/687
s off
f 363/1070/690 348/1064/691 353/1057/692 360/1063/693
s 60
f 276/1471/568 350/1470/694 349/1478/695 299/1479/569
s 50
f 364/1410/696 351/1405/546 348/1409/548 363/1414/697
s 60
f 408/1468/698 405/1460/490 346/1463/493 362/1469/699
s 50
f 407/1402/700 355/1403/701 345/1398/455 406/1397/454
f 410/1407/702 365/1408/703 355/1403/701 407/1402/700
s 60
f 409/1476/704 408/1468/698 362/1469/699 372/1477/705
s 50
f 374/1415/706 364/1410/696 363/1414/697 373/1417/707
s 70
f 373/1073/708 363/1070/709 360/1063/710 370/1069/711
f 369/1061/631 359/1055/688 357/1060/689 367/1066/712
f 353/1057/686 354/1053/685 361/1059/713 360/1063/710
f 354/1053/685 347/1050/687 356/1056/714 361/1059/713
f 347/1050/687 352/1049/634 359/1055/688 356/1056/714
s 60
f 350/1470/694 358/1481/715 357/1488/716 349/1478/695
s 70
f 295/1067/632 369/1061/631 367/1066/712 303/1072/717
s 52
f 297/203/557 373/205/718 370/206/719 288/204/558
s 50
f 274/1418/720 374/1415/706 373/1417/707 297/1419/721
s 60
f 396/1486/722 409/1476/704 372/1477/705 245/1487/723
s 50
f 389/1412/724 239/1413/725 365/1408/703 410/1407/702
s 70
f 360/1063/710 361/1059/713 371/1065/726 370/1069/711
f 361/1059/713 356/1056/714 366/1062/630 371/1065/726
f 356/1056/714 359/1055/688 369/1061/631 366/1062/630
s 60
f 358/1481/715 368/1491/559 367/1496/562 357/1488/716
s 50
f 428/1416/727 389/1412/724 410/1407/702 413/1411/728
s 60
f 435/1493/729 446/1483/730 409/1476/704 396/1486/722
f 446/1483/730 445/1473/731 408/1468/698 409/1476/704
s 50
f 413/1411/728 410/1407/702 407/1402/700 412/1406/732
f 412/1406/732 407/1402/700 406/1397/454 411/1401/733
s 60
f 445/1473/731 444/1464/734 405/1460/490 408/1468/698
s 50
f 325/1382/735 402/1381/736 404/1387/737 335/1388/738
s 60
f 250/1462/492 391/1461/491 403/1466/739 341/1467/740
s 50
f 315/1377/741 400/1376/742 402/1381/736 325/1382/735
s 60
f 341/1467/740 403/1466/739 401/1474/743 331/1475/744
s 50
f 238/1372/452 378/1371/451 400/1376/742 315/1377/741
s 60
f 331/1475/744 401/1474/743 399/1484/745 317/1485/746
s 69
f 243/279/747 375/275/748 381/276/749 249/280/750
s 60
f 317/1485/746 399/1484/745 397/1494/497 256/1495/496
s 50
f 335/1388/738 404/1387/737 384/1392/457 244/1393/456
s 66
f 432/263/751 393/259/514 388/262/517 427/264/752
s 65
f 437/1524/753 427/1525/754 388/1521/511 398/1520/510
s 64
f 421/255/755 437/256/756 398/252/507 382/251/506
s 63
f 431/1514/757 421/1515/758 382/1511/503 392/1510/502
s 62
f 419/245/759 431/246/760 392/242/499 380/241/498
s 60
f 419/1506/761 380/1501/494 397/1494/497 436/1500/525
f 444/1464/734 430/1465/684 391/1461/491 405/1460/490
s 59
f 429/1454/762 390/1450/486 381/1453/489 420/1455/763
s 58
f 415/233/764 376/229/482 390/232/485 429/234/765
s 57
f 425/1444/766 386/1440/478 376/1443/481 415/1445/767
s 56
f 435/223/768 396/219/474 386/222/477 425/224/769
s 55
f 424/1434/770 414/1435/771 375/1431/471 385/1430/470
s 54
f 433/213/772 424/214/773 385/210/467 394/209/466
s 53
f 418/1424/774 433/1425/775 394/1421/463 379/1420/462
s 52
f 428/199/776 418/200/777 379/196/459 389/195/458
s 50
f 411/1401/733 406/1397/454 384/1392/457 423/1396/521
f 422/1374/778 417/1375/664 378/1371/451 383/1370/450
s 49
f 416/1366/779 377/1362/446 393/1365/449 432/1367/780
s 48
f 426/191/781 387/187/442 377/190/445 416/192/782
s 47
f 434/1356/783 395/1352/438 387/1355/441 426/1357/784
s 46
f 422/181/785 383/177/434 395/180/437 434/182/786
f 268/183/571 422/181/785 434/182/786 280/184/572
s 47
f 280/1358/584 434/1356/783 426/1357/784 272/1359/585
s 48
f 272/193/787 426/191/781 416/192/782 262/194/788
s 49
f 262/1368/789 416/1366/779 432/1367/780 278/1369/790
s 50
f 268/1378/539 263/1379/538 417/1375/664 422/1374/778
f 351/1405/546 411/1401/733 423/1396/521 269/1400/520
s 52
f 274/201/556 264/202/555 418/200/777 428/199/776
s 53
f 264/1426/564 279/1427/563 433/1425/775 418/1424/774
s 54
f 279/215/579 270/216/578 424/214/773 433/213/772
s 55
f 270/1436/593 260/1437/592 414/1435/771 424/1434/770
s 56
f 281/225/604 435/223/768 425/224/769 271/226/605
s 57
f 271/1446/534 425/1444/766 415/1445/767 261/1447/535
s 58
f 261/235/542 415/233/764 429/234/765 275/236/543
s 59
f 275/1456/551 429/1454/762 420/1455/763 266/1457/552
s 60
f 350/1470/694 276/1471/568 430/1465/684 444/1464/734
f 265/1508/575 419/1506/761 436/1500/525 282/1505/524
s 62
f 265/247/589 277/248/588 431/246/760 419/245/759
s 63
f 277/1516/601 267/1517/600 421/1515/758 431/1514/757
s 64
f 267/257/791 283/258/792 437/256/756 421/255/755
s 65
f 283/1526/793 273/1527/794 427/1525/754 437/1524/753
s 66
f 278/265/795 432/263/751 427/264/752 273/266/796
s 60
f 358/1481/715 350/1470/694 444/1464/734 445/1473/731
s 50
f 364/1410/696 412/1406/732 411/1401/733 351/1405/546
f 374/1415/706 413/1411/728 412/1406/732 364/1410/696
s 60
f 368/1491/559 358/1481/715 445/1473/731 446/1483/730
f 281/1499/560 368/1491/559 446/1483/730 435/1493/729
s 50
f 274/1418/720 428/1416/727 413/1411/728 374/1415/706
f 402/1381/736 441/1386/675 443/1391/518 404/1387/737
s 60
f 391/1461/491 430/1465/684 442/1472/666 403/1466/739
s 50
f 400/1376/742 439/1380/665 441/1386/675 402/1381/736
s 60
f 403/1466/739 442/1472/666 440/1482/662 401/1474/743
s 50
f 378/1371/451 417/1375/664 439/1380/665 400/1376/742
s 60
f 401/1474/743 440/1482/662 438/1492/522 399/1484/745
s 69
f 375/275/748 414/269/526 420/272/529 381/276/749
s 60
f 399/1484/745 438/1492/522 436/1500/525 397/1494/497
s 50
f 404/1387/737 443/1391/518 423/1396/521 384/1392/457
s 91
f 447/281/797 448/282/798 494/283/799 482/284/800
s 92
f 549/1528/801 551/1529/802 483/1530/803 458/1531/804
s 93
f 531/1578/805 535/1579/806 496/1580/807 470/1581/808
s 94
f 628/429/809 610/433/810 505/435/811 519/434/812
s 95
f 609/1631/813 627/1632/814 499/1633/815 509/1634/816
s 92
f 617/1567/817 621/1572/818 506/1576/819 501/1573/820
s off
f 627/330/821 626/331/822 512/332/823 499/333/824
s 92
f 636/1552/825 618/1542/826 507/1551/827 562/1561/828
s 98
f 642/340/829 614/341/830 498/342/831 591/343/832
s 99
f 626/1641/833 625/1642/834 504/1643/835 512/1644/836
s 100
f 623/363/837 624/364/838 511/365/839 502/366/840
s 93
f 640/1623/841 608/1625/842 517/1627/843 581/1626/844
s 102
f 619/1651/845 623/1652/846 502/1653/847 515/1654/848
s 93
f 634/1604/849 622/1610/850 513/1616/851 556/1611/852
s 91
f 621/288/853 616/287/854 516/289/855 506/290/856
s 93
f 615/1600/857 620/1592/858 518/1599/859 503/1606/860
s 106
f 613/373/861 619/374/862 515/375/863 508/376/864
s 92
f 629/1559/865 617/1567/817 501/1573/820 533/1568/866
s 107
f 616/1661/867 612/1662/868 510/1663/869 516/1664/870
s 108
f 607/318/871 615/319/872 503/313/873 514/306/874
s off
f 614/1671/875 613/1672/876 508/1673/877 498/1674/878
s 94
f 612/421/879 611/420/880 500/425/881 510/426/882
s 110
f 610/1677/883 607/1678/884 514/1679/885 505/1680/886
s off
f 608/392/887 609/393/888 509/394/889 517/395/890
s 94
f 592/1078/891 487/1079/892 497/1080/893 594/1081/894
f 641/424/895 628/429/809 519/434/812 595/430/896
f 524/1084/897 519/1085/812 505/1086/811 514/1087/898
f 533/295/899 501/292/900 521/291/901 537/296/902
f 516/289/903 521/291/901 501/292/900 506/290/904
f 524/302/897 514/306/898 520/307/905 473/303/906
f 518/312/907 520/307/905 514/306/898 503/313/908
f 536/314/909 520/307/905 518/312/907 532/317/910
f 538/299/911 537/296/902 521/291/901 525/294/912
s off
f 562/1122/913 507/1114/914 523/1108/915 567/1113/916
s 113
f 580/387/917 583/390/918 509/391/919 471/388/920
s 114
f 566/404/921 522/403/922 513/406/923 563/407/924
s 113
f 606/383/925 580/387/917 471/388/920 599/384/926
s 94
f 536/314/909 530/308/927 473/303/906 520/307/905
f 596/297/928 524/302/897 473/303/906 597/298/929
f 596/1088/928 595/1089/896 519/1085/812 524/1084/897
f 516/1092/903 510/1093/882 500/1091/881 527/1090/930
f 516/289/903 527/293/930 525/294/912 521/291/901
s 113
f 584/381/931 585/382/932 528/380/933 502/379/934
s 94
f 601/304/935 538/299/911 525/294/912 597/298/929
s off
f 471/1098/936 509/1100/937 499/1101/938 512/1096/939
s 115
f 591/1094/940 600/1095/941 512/1096/942 504/1097/943
s 113
f 502/379/934 528/380/933 508/376/944 515/375/945
f 599/1099/926 600/1095/946 508/1102/947 528/1103/933
s 94
f 602/309/948 548/305/949 538/299/911 601/304/935
f 542/320/950 544/315/951 530/308/927 536/314/909
f 548/305/949 543/301/952 537/296/902 538/299/911
f 542/320/950 536/314/909 532/317/910 546/321/953
f 540/300/954 533/295/899 537/296/902 543/301/952
s 92
f 631/1549/955 629/1559/865 533/1568/866 540/1560/956
s 93
f 620/1592/858 630/1591/957 532/1598/958 518/1599/859
s 98
f 590/354/959 593/350/960 480/357/961 463/358/962
s 93
f 545/1582/963 547/1583/964 535/1579/806 531/1578/805
s 92
f 452/1546/965 477/1547/966 534/1539/967 529/1538/968
f 633/1541/969 631/1549/955 540/1560/956 550/1550/970
s 118
f 550/1115/971 540/1123/972 543/1124/973 553/1109/974
s off
f 552/324/975 542/320/976 546/321/977 556/325/978
s 94
f 558/310/979 553/311/980 543/301/952 548/305/949
f 552/1119/981 554/1111/982 544/1117/983 542/1125/984
f 603/316/985 558/310/979 548/305/949 602/309/986
s 93
f 630/1591/957 632/1597/987 546/1605/988 532/1598/958
f 555/1588/989 557/1589/990 547/1583/964 545/1582/963
s 94
f 598/1104/991 526/1105/992 558/1106/993 603/1107/985
f 522/1118/994 472/1110/995 554/1111/982 552/1119/981
f 526/1105/992 523/1108/996 553/1109/997 558/1106/993
s 114
f 522/1118/922 552/1119/998 556/1126/999 513/1127/923
s 118
f 507/1114/1000 550/1115/971 553/1109/974 523/1108/1001
s 92
f 618/1542/826 633/1541/969 550/1550/970 507/1551/827
f 529/1538/968 534/1539/967 541/1533/1002 539/1532/1003
s 93
f 632/1597/987 634/1604/849 556/1611/852 546/1605/988
f 464/1594/1004 490/1595/1005 557/1589/990 555/1588/989
s off
f 523/1108/1006 526/1105/1007 568/1112/1008 567/1113/1009
s 121
f 598/408/1010 472/402/1011 561/405/1012 604/409/1013
s 122
f 573/1137/1014 566/1136/1015 563/1140/1016 571/1141/1017
s 121
f 472/402/1011 522/403/1018 566/404/1019 561/405/1012
s 92
f 577/1132/1020 562/1122/1021 567/1113/1022 574/1121/1023
s 93
f 622/1610/850 635/1615/1024 563/1621/1025 513/1616/851
s 92
f 637/1562/1026 636/1552/825 562/1561/828 577/1569/1027
f 639/1570/1028 637/1562/1026 577/1569/1027 587/1574/1029
f 587/1135/1029 577/1132/1020 574/1121/1023 584/1131/1030
s off
f 583/1628/1031 573/1629/1032 571/1624/1033 581/1626/1034
s 122
f 567/1113/1035 568/1112/1036 575/1120/1037 574/1121/1038
f 604/1128/1039 561/1133/1040 570/1134/1041 605/1129/1042
f 561/1133/1040 566/1136/1015 573/1137/1014 570/1134/1041
s 93
f 635/1615/1024 638/1620/1043 571/1624/1044 563/1621/1025
s off
f 509/1630/1045 583/1628/1046 581/1626/1047 517/1627/1048
s 92
f 511/1138/1049 587/1135/1029 584/1131/1030 502/1139/1050
f 624/1575/1051 639/1570/1028 587/1574/1029 511/1577/1049
s off
f 574/1121/1052 575/1120/1053 585/1130/1054 584/1131/1055
s 113
f 605/386/1056 570/389/1057 580/387/917 606/383/925
s off
f 570/1134/1058 573/1137/1059 583/1142/1060 580/1143/1061
s 93
f 638/1620/1043 640/1623/841 581/1626/844 571/1624/1044
s 107
f 448/1669/1062 449/1670/1063 486/1668/1064 494/1667/1065
s off
f 449/412/1066 450/413/1067 476/414/1068 486/415/1069
f 450/1687/1070 451/1688/1071 492/1689/1072 476/1690/1073
s 92
f 452/1546/965 447/1556/1074 482/1557/1075 477/1547/966
f 565/1536/1076 559/1537/1077 458/1531/804 483/1530/803
s 100
f 454/371/1078 453/372/1079 488/370/1080 478/369/1081
s 102
f 455/1659/1082 454/1660/1083 478/1658/1084 493/1657/1085
s 106
f 456/361/1086 455/362/1087 493/359/1088 484/355/1089
s off
f 457/1691/1090 456/1692/1091 484/1693/1092 474/1694/1093
s 129
f 459/400/1094 460/401/1095 485/399/1096 495/398/1097
s 95
f 460/1639/1098 461/1640/1099 475/1638/1100 485/1637/1101
s 131
f 461/338/1102 462/339/1103 489/337/1104 475/336/1105
s 99
f 462/1649/1106 463/1650/1107 480/1648/1108 489/1647/1109
s 93
f 464/1594/1004 560/1601/1110 564/1602/1111 490/1595/1005
f 465/1586/1112 470/1581/808 496/1580/807 479/1587/1113
s 108
f 466/328/1114 465/329/1115 479/327/1116 491/326/1117
s 110
f 467/1685/1118 466/1686/1119 491/1684/1120 481/1683/1121
s off
f 468/431/1122 467/432/1123 481/427/1124 497/422/1125
f 469/1695/1126 468/1696/1127 497/1697/1128 487/1698/1129
s 135
f 589/436/1130 469/437/1131 487/438/1132 592/439/1133
s 93
f 560/1601/1110 576/1607/1134 572/1608/1135 564/1602/1111
s 92
f 578/1544/1136 569/1545/1137 559/1537/1077 565/1536/1076
f 588/1554/1138 579/1555/1139 569/1545/1137 578/1544/1136
s 93
f 576/1607/1134 586/1612/1140 582/1613/1141 572/1608/1135
f 586/1612/1140 459/1617/1142 495/1618/1143 582/1613/1141
s 92
f 453/1564/1144 579/1555/1139 588/1554/1138 488/1565/1145
f 539/1532/1003 541/1533/1002 551/1529/802 549/1528/801
s 135
f 451/440/1146 589/436/1130 592/439/1133 492/441/1147
s 113
f 575/385/1148 605/386/1056 606/383/925 585/382/932
s 122
f 568/1112/1036 604/1128/1039 605/1129/1042 575/1120/1037
s 121
f 526/410/1149 598/408/1010 604/409/1013 568/411/1150
s 94
f 472/1110/995 598/1104/991 603/1107/985 554/1111/982
f 554/1111/982 603/1107/985 602/1116/986 544/1117/1151
s 98
f 457/353/1152 474/351/1153 593/350/960 590/354/959
s 94
f 544/315/951 602/309/948 601/304/935 530/308/927
s 115
f 471/1098/1154 512/1096/942 600/1095/941 599/1099/1155
s off
f 498/342/1156 508/346/1157 600/347/1158 591/343/1159
s 94
f 530/308/927 601/304/935 597/298/929 473/303/906
f 527/1090/930 500/1091/881 595/1089/896 596/1088/928
f 527/293/930 596/297/928 597/298/929 525/294/912
s 113
f 585/382/932 606/383/925 599/384/926 528/380/933
s 94
f 611/420/880 641/424/895 595/430/896 500/425/881
f 492/1082/1160 592/1078/891 594/1081/894 476/1083/1161
s 98
f 625/348/1162 642/340/829 591/343/832 504/349/1163
f 664/352/1164 678/344/1165 642/340/829 625/348/1162
s 94
f 655/416/1166 677/419/1167 641/424/895 611/420/880
s 93
f 674/1614/1168 676/1619/1169 640/1623/841 638/1620/1043
s 92
f 663/1571/1170 675/1563/1171 639/1570/1028 624/1575/1172
s 93
f 671/1609/1173 674/1614/1168 638/1620/1043 635/1615/1024
s 92
f 675/1563/1171 673/1553/1174 637/1562/1026 639/1570/1028
f 673/1553/1174 672/1543/1175 636/1552/825 637/1562/1026
s 93
f 661/1603/1176 671/1609/1173 635/1615/1024 622/1610/850
f 668/1590/1177 670/1596/1178 634/1604/849 632/1597/987
s 92
f 648/1535/1179 669/1534/1180 633/1541/969 618/1542/826
s 93
f 666/1584/1181 668/1590/1177 632/1597/987 630/1591/957
s 92
f 669/1534/1180 667/1540/1182 631/1549/955 633/1541/969
s 93
f 660/1585/1183 666/1584/1181 630/1591/957 620/1592/858
s 92
f 667/1540/1182 665/1548/1184 629/1559/865 631/1549/955
s 94
f 677/419/1167 652/423/1185 628/429/809 641/424/895
s off
f 643/396/1186 654/397/1187 609/393/1188 608/392/1189
s 110
f 644/1681/1190 653/1682/1191 607/1678/884 610/1677/883
s 94
f 645/417/1192 655/416/1166 611/420/880 612/421/879
s off
f 646/1675/1193 656/1676/1194 613/1672/1195 614/1671/1196
s 108
f 653/322/1197 657/323/1198 615/319/872 607/318/871
s 107
f 647/1665/1199 645/1666/1200 612/1662/868 616/1661/867
s 92
f 665/1548/1184 658/1558/1201 617/1567/817 629/1559/865
s 106
f 656/377/1202 659/378/1203 619/374/862 613/373/861
s 93
f 657/1593/1204 660/1585/1183 620/1592/858 615/1600/857
s 91
f 649/286/1205 647/285/1206 616/287/854 621/288/853
s 93
f 670/1596/1178 661/1603/1176 622/1610/850 634/1604/849
s 102
f 659/1655/1207 662/1656/1208 623/1652/846 619/1651/845
s 93
f 676/1619/1169 643/1622/1209 608/1625/842 640/1623/841
s 100
f 662/367/1210 663/368/1211 624/364/838 623/363/837
s 99
f 650/1645/1212 664/1646/1213 625/1642/834 626/1641/833
s 98
f 678/344/1165 646/345/1214 614/341/830 642/340/829
s 92
f 672/1543/1175 648/1535/1179 618/1542/826 636/1552/825
s off
f 651/334/1215 650/335/1216 626/331/1217 627/330/1218
s 92
f 658/1558/1201 649/1566/1219 621/1572/818 617/1567/817
s 95
f 654/1635/1220 651/1636/1221 627/1632/814 609/1631/813
s 94
f 652/423/1185 644/428/1222 610/433/810 628/429/809
f 497/422/893 481/427/1223 644/428/1222 652/423/1185
s 95
f 485/1637/1101 475/1638/1100 651/1636/1221 654/1635/1220
s 92
f 477/1547/966 482/1557/1075 649/1566/1219 658/1558/1201
s 131
f 475/336/1105 489/337/1104 650/335/1224 651/334/1225
s 92
f 565/1536/1076 483/1530/803 648/1535/1179 672/1543/1175
s 98
f 593/350/960 474/351/1153 646/345/1214 678/344/1165
s 99
f 489/1647/1109 480/1648/1108 664/1646/1213 650/1645/1212
s 100
f 478/369/1081 488/370/1080 663/368/1211 662/367/1210
s 93
f 582/1613/1141 495/1618/1143 643/1622/1209 676/1619/1169
s 102
f 493/1657/1085 478/1658/1084 662/1656/1208 659/1655/1207
s 93
f 557/1589/990 490/1595/1005 661/1603/1176 670/1596/1178
s 91
f 482/284/800 494/283/799 647/285/1206 649/286/1205
s 93
f 479/1587/1113 496/1580/807 660/1585/1183 657/1593/1204
s 106
f 484/355/1089 493/359/1088 659/360/1203 656/356/1202
s 92
f 534/1539/967 477/1547/966 658/1558/1201 665/1548/1184
s 107
f 494/1667/1065 486/1668/1064 645/1666/1200 647/1665/1199
s 108
f 491/326/1117 479/327/1116 657/323/1198 653/322/1197
s off
f 474/351/1226 484/355/1227 656/356/1228 646/345/1229
s 94
f 486/415/1230 476/414/1161 655/416/1166 645/417/1192
s 110
f 481/1683/1121 491/1684/1120 653/1682/1191 644/1681/1190
s 129
f 495/398/1097 485/399/1096 654/397/1231 643/396/1232
s 94
f 594/418/894 497/422/893 652/423/1185 677/419/1167
s 92
f 541/1533/1002 534/1539/967 665/1548/1184 667/1540/1182
s 93
f 496/1580/807 535/1579/806 666/1584/1181 660/1585/1183
s 92
f 551/1529/802 541/1533/1002 667/1540/1182 669/1534/1180
s 93
f 535/1579/806 547/1583/964 668/1590/1177 666/1584/1181
s 92
f 483/1530/803 551/1529/802 669/1534/1180 648/1535/1179
s 93
f 547/1583/964 557/1589/990 670/1596/1178 668/1590/1177
f 490/1595/1005 564/1602/1111 671/1609/1173 661/1603/1176
s 92
f 578/1544/1136 565/1536/1076 672/1543/1175 673/1553/1174
s off
f 588/1554/1233 578/1544/1234 673/1553/1235 675/1563/1236
s 93
f 564/1602/1111 572/1608/1135 674/1614/1168 671/1609/1173
s 92
f 488/1565/1145 588/1554/1138 675/1563/1237 663/1571/1238
s 93
f 572/1608/1135 582/1613/1141 676/1619/1169 674/1614/1168
s 94
f 476/414/1161 594/418/894 677/419/1167 655/416/1166
s 98
f 480/357/961 593/350/960 678/344/1165 664/352/1164
s 136
f 856/1699/1239 1037/1700/1240 861/1701/1241
s 137
f 1018/1144/1242 1021/1145/1243 1030/1146/1244
s 138
f 1063/442/1245 709/443/1246 710/444/1247 1075/445/1248
s 139
f 679/462/1249 681/460/1250 686/461/1251 687/463/1252
f 683/458/1253 680/457/1254 684/456/1255 688/459/1256
f 682/464/1257 679/462/1249 687/463/1252 685/465/1258
f 681/460/1250 683/458/1253 688/459/1256 686/461/1251
s 141
f 1075/1774/1259 710/1775/1260 711/1776/1261 1067/1777/1262
s 142
f 687/1794/1263 686/1792/1264 691/1793/1265 692/1795/1266
f 688/1790/1267 684/1789/1268 689/1788/1269 693/1791/1270
f 685/1796/1271 687/1794/1263 692/1795/1266 690/1797/1272
f 686/1792/1264 688/1790/1267 693/1791/1270 691/1793/1265
s 143
f 1067/468/1273 711/469/1274 712/470/1275 1057/471/1276
s 144
f 692/494/1277 691/492/1278 696/493/1279 697/495/1280
f 693/488/1281 689/485/1282 694/484/1283 698/489/1284
f 690/496/1285 692/494/1277 697/495/1280 695/497/1286
f 691/492/1278 693/488/1281 698/489/1284 696/493/1279
s 146
f 1057/1800/1287 712/1801/1288 713/1802/1289 1073/1803/1290
s 147
f 697/1812/1291 696/1813/1292 701/1814/1293 702/1815/1294
f 698/1816/1295 694/1820/1296 699/1821/1297 703/1817/1298
f 695/1818/1299 697/1812/1291 702/1815/1294 700/1819/1300
f 696/1813/1292 698/1816/1295 703/1817/1298 701/1814/1293
s 139
f 1150/466/1301 1145/467/1302 682/464/1257 685/465/1258
s 142
f 1155/1798/1303 1149/1799/1304 685/1796/1271 690/1797/1272
s 144
f 1160/498/1305 1154/499/1306 690/496/1285 695/497/1286
s 147
f 1165/1822/1307 1159/1823/1308 695/1818/1299 700/1819/1300
s 148
f 1144/1826/1309 1172/1827/1310 714/1828/1311 682/1829/1312
f 679/1831/1313 717/1830/1314 716/1834/1315 681/1835/1316
f 683/1842/1317 719/1841/1318 718/1846/1319 680/1847/1320
f 682/1829/1312 714/1828/1311 717/1830/1314 679/1831/1313
f 681/1835/1316 716/1834/1315 719/1841/1318 683/1842/1317
s 149
f 1063/1883/1321 1058/1882/1322 720/1888/1323 709/1889/1324
f 1069/1892/1325 751/1896/1326 762/1893/1327 1064/1887/1328
s 148
f 721/1839/1329 723/1844/1330 758/1840/1331 759/1833/1332
f 725/1850/1333 722/1856/1334 760/1851/1335 761/1845/1336
f 724/1838/1337 721/1839/1329 759/1833/1332 756/1832/1338
f 723/1844/1330 725/1850/1333 761/1845/1336 758/1840/1331
s 151
f 1069/500/1339 1059/501/1340 752/502/1341 751/503/1342
s 152
f 721/520/1343 729/521/1344 728/519/1345 723/518/1346
f 725/516/1347 730/517/1348 726/515/1349 722/514/1350
s 153
f 724/522/1351 727/523/1352 729/521/1353 721/520/1354
s 152
f 723/518/1346 728/519/1345 730/517/1348 725/516/1347
s 154
f 1059/1902/1355 1074/1901/1356 753/1903/1357 752/1904/1358
s 155
f 729/1861/1359 734/1860/1360 733/1866/1361 728/1867/1362
f 730/1873/1363 735/1872/1364 731/1878/1365 726/1879/1366
f 727/1849/1367 732/1855/1368 734/1860/1360 729/1861/1359
f 728/1867/1362 733/1866/1361 735/1872/1364 730/1873/1363
s 156
f 1074/524/1369 1065/525/1370 754/526/1371 753/527/1372
s 157
f 734/551/1373 739/552/1374 738/547/1375 733/546/1376
f 735/542/1377 740/543/1378 736/539/1379 731/538/1380
f 732/555/1381 737/556/1382 739/552/1374 734/551/1373
f 733/546/1376 738/547/1375 740/543/1378 735/542/1377
s 158
f 1065/1905/1383 1055/1906/1384 755/1907/1385 754/1908/1386
s 159
f 739/1917/1387 744/1918/1388 743/1919/1389 738/1920/1390
f 740/1924/1391 745/1923/1392 741/1927/1393 736/1928/1394
f 737/1921/1395 742/1922/1396 744/1918/1388 739/1917/1387
f 738/1920/1390 743/1919/1389 745/1923/1392 740/1924/1391
s 148
f 757/1837/1397 746/1843/1398 724/1838/1337 756/1832/1338
s 153
f 747/1848/1399 727/1849/1352 724/1838/1351 746/1843/1400
s 155
f 748/1854/1401 732/1855/1368 727/1849/1367 747/1848/1402
s 157
f 749/561/1403 737/556/1382 732/555/1381 748/562/1404
s 159
f 750/1925/1405 742/1922/1396 737/1921/1395 749/1926/1406
s off
f 1076/1988/1407 793/1994/1408 794/2001/1409 1066/1995/1410
s 160
f 763/1931/1411 765/1932/1412 770/1933/1413 771/1934/1414
s 161
f 767/603/1415 764/604/1416 768/605/1417 772/606/1418
s 160
f 766/1937/1419 763/1931/1411 771/1934/1414 769/1938/1420
s 161
f 765/609/1421 767/603/1415 772/606/1418 770/610/1422
s 162
f 1066/1995/1423 794/2001/1424 795/2007/1425 1056/2002/1426
s 160
f 771/2017/1414 770/2018/1413 775/2019/1427 776/2020/1428
f 772/2014/1429 768/2012/1430 773/2013/1431 777/2015/1432
f 769/2021/1420 771/2017/1414 776/2020/1428 774/2022/1433
f 770/1933/1413 772/2014/1429 777/2015/1432 775/2016/1427
s 164
f 1056/579/1434 795/585/1435 796/580/1436 1070/572/1437
f 776/590/1438 775/583/1439 780/584/1440 781/591/1441
f 777/577/1442 773/569/1443 778/570/1444 782/578/1445
f 774/596/1446 776/590/1438 781/591/1441 779/597/1447
f 775/583/1439 777/577/1442 782/578/1445 780/584/1440
f 1070/572/1437 796/580/1436 797/574/1448 1061/567/1449
s 167
f 781/2023/1450 780/2024/1451 785/2025/1452 786/2026/1453
f 782/2027/1454 778/2031/1455 783/2032/1456 787/2028/1457
f 779/2029/1458 781/2023/1450 786/2026/1453 784/2030/1459
f 780/2024/1451 782/2027/1454 787/2028/1457 785/2025/1452
s off
f 789/1944/1460 788/1945/1461 766/1937/1462 769/1938/1463
s 160
f 790/1954/1464 789/1944/1465 769/1938/1420 774/1955/1433
s off
f 791/589/1466 790/595/1467 774/596/1468 779/597/1469
s 167
f 792/2033/1470 791/2034/1471 779/2029/1458 784/2030/1459
s 160
f 763/1931/1411 800/1935/1472 799/1936/1473 765/1932/1474
f 767/1943/1475 802/1942/1476 801/1951/1477 764/1952/1478
f 766/1937/1419 798/1939/1479 800/1935/1472 763/1931/1411
f 765/1932/1474 799/1936/1473 802/1942/1476 767/1943/1475
f 1076/1988/1480 1071/1987/1481 803/1993/1482 793/1994/1483
f 1060/1999/1484 834/2006/1485 845/2000/1486 1077/1992/1487
f 804/1948/1488 806/1949/1489 841/1941/1490 842/1940/1491
f 808/1960/1492 805/1967/1493 843/1961/1494 844/1950/1495
f 807/1959/1496 804/1948/1488 842/1940/1491 839/1947/1497
f 806/1949/1489 808/1960/1492 844/1950/1495 841/1941/1490
s 171
f 1060/613/1498 1072/614/1499 835/615/1500 834/616/1501
f 804/629/1502 812/630/1503 811/628/1504 806/627/1505
f 808/625/1506 813/626/1507 809/624/1508 805/623/1509
f 807/631/1510 810/632/1511 812/630/1503 804/629/1502
f 806/627/1505 811/628/1504 813/626/1507 808/625/1506
s 173
f 1072/2037/1512 1062/2038/1513 836/2039/1514 835/2040/1515
f 812/2053/1516 817/2054/1517 816/2052/1518 811/2051/1519
f 813/2049/1520 818/2050/1521 814/2048/1522 809/2047/1523
f 810/2055/1524 815/2056/1525 817/2054/1517 812/2053/1516
f 811/2051/1519 816/2052/1518 818/2050/1521 813/2049/1520
s 175
f 1062/635/1526 1078/636/1527 837/637/1528 836/638/1529
f 817/651/1530 822/652/1531 821/650/1532 816/649/1533
f 818/647/1534 823/648/1535 819/646/1536 814/645/1537
f 815/653/1538 820/654/1539 822/652/1531 817/651/1530
f 816/649/1533 821/650/1532 823/648/1535 818/647/1534
s 177
f 1078/2059/1540 1068/2060/1541 838/2061/1542 837/2062/1543
f 822/2075/1544 827/2076/1545 826/2074/1546 821/2073/1547
f 823/2071/1548 828/2072/1549 824/2070/1550 819/2069/1551
f 820/2077/1552 825/2078/1553 827/2076/1545 822/2075/1544
f 821/2073/1547 826/2074/1546 828/2072/1549 823/2071/1548
s 160
f 1204/1965/1554 1177/1966/1555 807/1959/1496 839/1947/1497
s 171
f 1182/633/1556 810/632/1511 807/631/1510 1176/634/1557
s 173
f 1187/2057/1558 815/2056/1525 810/2055/1524 1181/2058/1559
s 175
f 1192/655/1560 820/654/1539 815/653/1538 1186/656/1561
s 177
f 1197/2079/1562 825/2078/1553 820/2077/1552 1191/2080/1563
s 164
f 1079/553/1564 1329/549/1565 1330/548/1566 1085/554/1567
s 157
f 741/657/1568 745/658/1569 787/659/1570 783/660/1571
f 745/601/1569 743/598/1572 785/599/1573 787/602/1570
f 743/598/1572 744/593/1574 786/594/1575 785/599/1573
f 744/593/1574 742/587/1576 784/588/1577 786/594/1575
f 742/587/1576 750/576/1578 792/582/1579 784/588/1577
s 181
f 1164/675/1580 700/673/1581 825/674/1582 1196/676/1583
f 700/673/1581 702/669/1584 827/670/1585 825/674/1582
f 702/669/1584 701/663/1586 826/666/1587 827/670/1585
f 701/663/1586 703/664/1588 828/665/1589 826/666/1587
f 703/664/1588 699/667/1590 824/668/1591 828/665/1589
s 182
f 1073/677/1592 713/678/1593 838/679/1594 1068/680/1595
s 160
f 1095/1969/1596 1331/1962/1597 1332/1968/1598 1101/1975/1599
f 801/1951/1477 802/1942/1476 844/1950/1495 843/1961/1494
f 802/1942/1476 799/1936/1473 841/1941/1490 844/1950/1495
f 799/1936/1473 800/1935/1472 842/1940/1491 841/1941/1490
f 800/1935/1472 798/1939/1479 839/1947/1497 842/1940/1491
s 149
f 1082/1870/1600 1333/1864/1601 1334/1869/1602 1088/1875/1603
s 148
f 718/1846/1319 719/1841/1318 761/1845/1336 760/1851/1335
f 719/1841/1318 716/1834/1315 758/1840/1331 761/1845/1336
f 716/1834/1315 717/1830/1314 759/1833/1332 758/1840/1331
f 717/1830/1314 714/1828/1311 756/1832/1338 759/1833/1332
f 714/1828/1311 1171/1836/1604 757/1837/1397 756/1832/1338
s off
f 757/2081/1605 1170/2082/1606 1212/2083/1607 848/2084/1608
f 746/581/1609 757/586/1610 849/568/1611
s 157
f 747/575/1612 746/581/1613 849/568/1614
f 748/562/1404 747/575/1612 849/568/1614
f 749/561/1403 748/562/1404 849/568/1614
f 750/576/1578 749/561/1403 849/568/1614
s 160
f 788/1945/1615 789/1944/1616 849/1953/1617
s 157
f 789/600/1618 790/595/1619 849/568/1614
f 790/595/1619 791/589/1620 849/568/1614
f 791/589/1620 792/582/1579 849/568/1614
f 792/582/1579 750/576/1578 849/568/1614
s off
f 757/586/1621 848/592/1622 849/568/1623
f 1142/689/1624 1147/690/1625 1228/691/1626
f 1148/692/1627 1152/693/1628 1227/694/1629
f 1153/695/1630 1157/696/1631 1226/697/1632
f 1158/698/1633 1162/699/1634 1225/700/1635
f 1168/701/1636 1143/702/1637 1224/703/1638
f 1174/704/1639 1203/705/1640 1223/706/1641
f 1179/707/1642 1175/708/1643 1222/709/1644
f 1184/710/1645 1180/711/1646 1221/712/1647
f 1189/713/1648 1185/714/1649 1220/715/1650
f 1194/716/1651 1190/717/1652 1218/718/1653
f 1163/719/1654 1195/720/1655 1219/721/1656
s 188
f 890/1769/1657 1233/1765/1658 1234/1768/1659 926/1772/1660
s off
f 1210/722/1661 1169/723/1662 1217/724/1663
f 849/1149/1664 848/1150/1665 1211/1151/1666 1216/1152/1667
s 189
f 1022/725/1668 1258/726/1669 1272/727/1670 1018/728/1671
f 851/763/1672 853/755/1673 858/756/1674 859/764/1675
f 855/745/1676 852/737/1677 856/738/1678 860/746/1679
s 192
f 854/771/1680 851/763/1681 859/764/1682 857/772/1683
s 189
f 853/755/1673 855/745/1676 860/746/1679 858/756/1674
s off
f 1018/2085/1684 1272/2086/1685 1273/2087/1686
s 136
f 859/1706/1687 858/1704/1688 863/1705/1689 864/1707/1690
f 860/1702/1691 856/1699/1239 861/1701/1241 865/1703/1692
f 857/1708/1693 859/1706/1687 864/1707/1690 862/1709/1694
f 858/1704/1688 860/1702/1691 865/1703/1692 863/1705/1689
s off
f 1018/808/1695 1273/809/1696 1274/810/1697
s 194
f 864/801/1698 863/802/1699 868/803/1700 869/769/1701
f 865/804/1702 861/806/1703 866/807/1704 870/805/1705
f 862/797/1706 864/801/1698 869/769/1701 867/798/1707
f 863/802/1699 865/804/1702 870/805/1705 868/803/1700
s off
f 1018/2096/1708 1274/2097/1709 1275/2098/1710 1031/2099/1711
s 196
f 869/2108/1712 868/2109/1713 873/2110/1714
f 870/2111/1715 866/2113/1716 871/2114/1717 874/2112/1718
s 198
f 867/2116/1719 869/2117/1720 872/2118/1721
s 196
f 868/2109/1713 870/2111/1715 874/2112/1718 873/2110/1714
s 192
f 876/1711/1722 875/1712/1723 854/1713/1680 857/1708/1683
s 136
f 877/1710/1724 876/1711/1725 857/1708/1693 862/1709/1694
s 194
f 878/789/1726 877/793/1727 862/797/1706 867/798/1707
s 198
f 872/2118/1721 878/2119/1728 867/2116/1719
s 199
f 875/1712/1729 885/1714/1730 884/1715/1731 854/1713/1732
f 851/1721/1733 887/1720/1734 886/1724/1735 853/1725/1736
f 855/1736/1737 889/1735/1738 888/1741/1739 852/1742/1740
f 854/1713/1732 884/1715/1731 887/1720/1734 851/1721/1733
f 853/1725/1736 886/1724/1735 889/1735/1738 855/1736/1737
f 1022/1750/1741 951/1749/1742 1271/1753/1743 1258/1754/1744
f 1027/1755/1745 1259/1759/1746 1257/1756/1747 1023/1752/1748
f 891/1733/1749 893/1737/1750 922/1734/1751 923/1723/1752
f 895/1743/1753 892/1747/1754 924/1744/1755 925/1740/1756
f 894/1732/1757 891/1733/1749 923/1723/1752 921/1719/1758
f 893/1737/1750 895/1743/1753 925/1740/1756 922/1734/1751
s 203
f 1027/819/1759 941/820/1760 1260/821/1761 1259/822/1762
s 204
f 891/839/1763 899/840/1764 898/836/1765 893/835/1766
s 203
f 895/831/1767 900/832/1768 896/828/1769 892/827/1770
s 204
f 894/841/1771 897/842/1772 899/840/1764 891/839/1763
s 203
f 893/835/1773 898/836/1774 900/832/1768 895/831/1767
s 206
f 941/2120/1775 1032/2121/1776 1261/2122/1777 1260/2123/1778
f 899/2140/1779 904/2141/1780 903/2137/1781 898/2136/1782
f 900/2132/1783 905/2133/1784 901/2129/1785 896/2128/1786
f 897/2142/1787 902/2143/1788 904/2141/1780 899/2140/1779
f 898/2136/1782 903/2137/1781 905/2133/1784 900/2132/1783
s 208
f 1032/845/1789 1024/846/1790 1262/847/1791 1261/848/1792
s 209
f 904/865/1793 909/866/1794 908/862/1795 903/861/1796
s 208
f 905/857/1797 910/858/1798 906/854/1799 901/853/1800
s 209
f 902/867/1801 907/868/1802 909/866/1794 904/865/1793
s 208
f 903/861/1803 908/862/1804 910/858/1798 905/857/1797
s 211
f 1024/2146/1805 1035/2147/1806 1263/2148/1807 1262/2149/1808
f 909/2166/1809 914/2167/1810 913/2163/1811 908/2162/1812
f 910/2158/1813 915/2159/1814 911/2155/1815 906/2154/1816
f 907/2168/1817 912/2169/1818 914/2167/1810 909/2166/1809
f 908/2162/1812 913/2163/1811 915/2159/1814 910/2158/1813
s 199
f 1167/1738/1819 704/1739/1820 894/1732/1757 921/1719/1758
s 204
f 705/843/1821 897/842/1772 894/841/1771 1141/844/1822
s 206
f 706/2144/1823 902/2143/1788 897/2142/1787 1146/2145/1824
s 209
f 707/869/1825 907/868/1802 902/867/1801 1151/870/1826
s 211
f 708/2170/1827 912/2169/1818 907/2168/1817 1156/2171/1828
s 213
f 1033/871/1829 1264/872/1830 1276/873/1831 1025/874/1832
s 214
f 927/891/1833 929/889/1834 934/890/1835 935/892/1836
s 213
f 931/885/1837 928/881/1838 932/882/1839 936/886/1840
s 214
f 930/2172/1841 927/2173/1833 935/2174/1836 933/2175/1842
s 213
f 929/889/1843 931/885/1837 936/886/1840 934/890/1844
s 216
f 1025/2229/1845 1276/2230/1846 1277/2231/1847 1036/2232/1848
s 217
f 935/2246/1849 934/2247/1850 939/2248/1851 940/2249/1852
s 216
f 936/2243/1853 932/2239/1854 937/2240/1855
s 214
f 933/924/1842 935/925/1836 940/914/1856 938/918/1857
s 217
f 934/2247/1850 936/2250/1858 939/2248/1851
s 219
f 1036/893/1859 1277/894/1860 1278/895/1861 1028/896/1862
s 220
f 940/914/1863 939/911/1864 944/912/1865 945/915/1866
s 219
f 936/907/1867 937/903/1868 942/904/1869 946/908/1870
s 220
f 938/918/1871 940/914/1863 945/915/1866 943/919/1872
s 219
f 939/911/1873 936/907/1867 946/908/1870 944/912/1874
s 222
f 1028/2251/1875 1278/2252/1876 1279/2253/1877 1020/2254/1878
s 223
f 945/2268/1879 944/2269/1880 949/2270/1881 950/2271/1882
s 222
f 946/2265/1883 942/2261/1884 947/2262/1885
s 223
f 943/919/1886 945/915/1879 950/921/1882 948/926/1887
s 219
f 944/912/1874 946/908/1870 949/913/1888
s 214
f 830/2178/1889 829/2179/1890 930/2172/1841 933/2175/1842
f 831/2328/1891 1178/2329/1892 933/2330/1842 938/2331/1857
s 220
f 832/927/1893 1183/928/1894 938/918/1871 943/919/1872
s off
f 833/2332/1895 1188/2333/1896 943/2334/1897 948/2335/1898
s 225
f 1173/2180/1899 1202/2181/1900 957/2176/1901 930/2172/1902
f 927/2173/1903 959/2177/1904 958/2184/1905 929/2185/1906
f 931/2192/1907 961/2191/1908 960/2196/1909 928/2197/1910
f 930/2172/1902 957/2176/1901 959/2177/1904 927/2173/1903
f 929/2185/1906 958/2184/1905 961/2191/1908 931/2192/1907
f 1033/2205/1911 1029/2204/1912 1265/2208/1913 1264/2209/1914
f 1019/2210/1915 1266/2214/1916 1280/2211/1917 1034/2207/1918
f 963/2189/1919 965/2194/1920 998/2190/1921 999/2183/1922
f 967/2198/1923 964/2202/1924 1000/2199/1925 1001/2195/1926
f 966/2188/1927 963/2189/1919 999/2183/1922 996/2182/1928
f 965/2194/1920 967/2198/1923 1001/2195/1926 998/2190/1921
s off
f 1019/742/1929 1030/735/1930 1267/751/1931 1266/752/1932
s 229
f 963/773/1933 971/774/1934 970/766/1935 965/765/1936
f 967/757/1937 972/758/1938 968/750/1939 964/749/1940
f 966/779/1941 969/780/1942 971/774/1934 963/773/1933
f 965/765/1936 970/766/1935 972/758/1938 967/757/1937
s off
f 1030/2272/1943 1021/2273/1944 1268/2274/1945 1267/2275/1946
s 230
f 971/2284/1947 976/2285/1948 975/2286/1949 970/2287/1950
f 972/2291/1951 977/2290/1952 973/2294/1953 968/2295/1954
f 969/2288/1955 974/2289/1956 976/2285/1948 971/2284/1947
f 970/2287/1950 975/2286/1949 977/2290/1952 972/2291/1951
s off
f 1021/944/1957 1269/945/1958 1268/946/1959
s 231
f 976/974/1960 981/975/1961 980/972/1962 975/971/1963
f 977/967/1964 982/968/1965 978/969/1966 973/970/1967
f 974/976/1968 979/977/1969 981/975/1961 976/974/1960
f 975/971/1963 980/972/1962 982/968/1965 977/967/1964
s off
f 1021/944/1970 1026/947/1971 1270/948/1972 1269/945/1973
s 232
f 981/2298/1974 985/2299/1975 980/2300/1976
f 982/2302/1977 986/2301/1978 983/2303/1979 978/2304/1980
s 233
f 979/2306/1981 984/2307/1982 981/2308/1983
s 232
f 980/2300/1976 985/2299/1975 986/2301/1978 982/2302/1977
s 225
f 997/2187/1984 987/2193/1985 966/2188/1927 996/2182/1928
s 229
f 988/785/1986 969/780/1942 966/779/1941 987/786/1987
s 230
f 989/2292/1988 974/2289/1956 969/2288/1955 988/2293/1989
s 231
f 990/978/1990 979/977/1969 974/976/1968 989/979/1991
s 233
f 984/2307/1982 979/2306/1981 990/2309/1992
s 219
f 1053/930/1993 911/922/1994 947/923/1995 1043/931/1996
f 911/922/1994 915/916/1997 946/908/1870 947/923/1995
f 915/916/1997 913/917/1998 949/913/1888 946/908/1870
s 235
f 913/917/1999 914/920/2000 950/921/2001 949/913/2002
f 914/920/2000 912/929/2003 948/926/2004 950/921/2001
f 912/2336/2003 1161/2337/2005 1193/2338/2006 948/2339/2004
s 231
f 872/777/2007 869/769/2008 981/770/2009 984/778/2010
s 189
f 869/769/2011 873/761/2012 985/762/2013 981/770/2014
f 873/761/2012 874/753/2015 986/754/2016 985/762/2013
f 874/753/2015 871/743/2017 983/744/2018 986/754/2016
s off
f 1031/951/2019 1275/952/2020 1270/948/2021 1026/947/2022
s 225
f 1049/2200/2023 960/2196/1909 1000/2199/1925 1052/2203/2024
f 960/2196/1909 961/2191/1908 1001/2195/1926 1000/2199/1925
f 961/2191/1908 958/2184/1905 998/2190/1921 1001/2195/1926
f 958/2184/1905 959/2177/1904 999/2183/1922 998/2190/1921
f 959/2177/1904 957/2176/1901 996/2182/1928 999/2183/1922
f 957/2176/1901 1201/2186/2025 997/2187/1984 996/2182/1928
s 199
f 1046/1745/2026 888/1741/1739 924/1744/1755 1040/1748/2027
f 888/1741/1739 889/1735/1738 925/1740/1756 924/1744/1755
f 889/1735/1738 886/1724/1735 922/1734/1751 925/1740/1756
f 886/1724/1735 887/1720/1734 923/1723/1752 922/1734/1751
f 887/1720/1734 884/1715/1731 921/1719/1758 923/1723/1752
f 884/1715/1731 885/1714/1730 715/1718/2028 921/1719/1758
s off
f 1005/2310/2029 1232/2311/2030 1208/2312/2031 1003/2313/2032
f 1206/980/2033 1215/981/2034 1199/982/2035 1230/983/2036
f 997/2314/2037 1200/2316/2038 1231/2317/2039 1005/2310/2040
s 238
f 1012/795/2041 1013/796/2042 1014/788/2043 1011/792/2044
s off
f 1006/1153/2045 1012/1154/2046 1011/1155/2047
s 239
f 1006/984/2048 1011/985/2049 1008/986/2050
f 1008/986/2050 1011/985/2049 1009/987/2051
f 1009/987/2051 1011/985/2049 1010/988/2052
f 1010/2340/2052 1011/2341/2049 1007/2342/2053
f 850/2343/2054 847/2344/2055 1007/2342/2053 1011/2341/2049
s 240
f 1006/1722/2056 885/1714/2057 1012/1717/2058
s off
f 1166/1726/2059 885/1714/2060 1006/1722/2061 1008/1727/2062 1009/1728/2063 1010/1729/2064 1007/1730/2065 1209/1731/2066
s 238
f 988/785/2067 987/786/2068 1017/790/2069 1016/783/2070
s off
f 989/2292/2071 988/2293/2072 1016/2296/2073
s 241
f 876/799/2074 877/793/2075 1014/788/2076
f 877/793/2075 878/789/2077 1014/788/2076
s off
f 987/786/2078 997/794/2079 1017/790/2080
s 240
f 875/800/2081 876/799/2082 1014/788/2083 1013/796/2084
s off
f 1207/1156/2085 1213/1157/2086 1011/1158/2087 1017/1159/2088 1003/1160/2089
f 997/2314/2090 1005/2310/2091 1003/2313/2092 1017/2315/2093
s 231
f 990/787/1990 989/791/1991 1016/783/2094
f 984/778/2010 990/787/1990 1016/783/2094
f 878/789/2095 872/777/2007 1015/784/2096 1014/788/2097
s 240
f 885/1714/2057 875/1712/2081 1013/1716/2084 1012/1717/2058
s 231
f 872/777/2007 984/778/2010 1016/783/2094 1015/784/2096
s 242
f 962/2224/2098 1250/2220/2099 1252/2223/2100 1002/2227/2101
s off
f 920/942/2102 1244/941/2103 1249/940/2104 956/943/2105
s 189
f 1044/741/2106 1042/736/2107 1030/735/2108 1019/742/2109
s 225
f 1044/2206/2110 1019/2210/1915 1034/2207/1918 1052/2203/2024
f 1051/2201/2111 1049/2200/2023 1029/2204/1912 1033/2205/1911
s 222
f 1048/2257/2112 1028/2251/1875 1020/2254/1878 1043/2258/2113
s 219
f 1054/899/2114 1036/893/1859 1028/896/1862 1048/900/2115
s 216
f 1038/2235/2116 1025/2229/1845 1036/2232/1848 1054/2236/2117
s 213
f 1051/877/2118 1033/871/1829 1025/874/1832 1038/878/2119
s 211
f 1039/2150/2120 1053/2151/2121 1035/2147/1806 1024/2146/1805
s 208
f 1050/849/2122 1039/850/2123 1024/846/1790 1032/845/1789
s 206
f 1045/2124/2124 1050/2125/2125 1032/2121/1776 941/2120/1775
s 203
f 1047/823/2126 1045/824/2127 941/820/1760 1027/819/1759
s 199
f 1047/1751/2128 1027/1755/1745 1023/1752/1748 1040/1748/2027
f 1041/1746/2129 1046/1745/2026 951/1749/1742 1022/1750/1741
s 189
f 1041/731/2130 1022/725/1668 1018/728/1671 1037/732/2131
f 852/737/1677 1041/731/2130 1037/732/2131 856/738/1678
s 194
f 861/806/1703 1037/732/2132 866/807/1704
s 196
f 866/2113/1716 1037/2115/2133 871/2114/1717
s 199
f 852/1742/1740 888/1741/1739 1046/1745/2026 1041/1746/2129
f 892/1747/1754 1047/1751/2128 1040/1748/2027 924/1744/1755
s 203
f 892/827/1770 896/828/1769 1045/824/2127 1047/823/2126
s 206
f 896/2128/1786 901/2129/1785 1050/2125/2125 1045/2124/2124
s 208
f 901/853/1800 906/854/1799 1039/850/2123 1050/849/2122
s 211
f 906/2154/1816 911/2155/1815 1053/2151/2121 1039/2150/2120
s 213
f 928/881/1838 1051/877/2118 1038/878/2119 932/882/1839
s 216
f 932/2239/1854 1038/2235/2116 1054/2236/2117 937/2240/1855
s 219
f 937/903/1868 1054/899/2114 1048/900/2115 942/904/1869
s 222
f 942/2261/1884 1048/2257/2112 1043/2258/2113 947/2262/1885
s 225
f 928/2197/1910 960/2196/1909 1049/2200/2023 1051/2201/2111
f 964/2202/1924 1044/2206/2110 1052/2203/2024 1000/2199/1925
s 229
f 964/749/1940 968/750/1939 1042/736/2134 1044/741/2135
s 230
f 968/2295/1954 973/2294/1953 1042/2297/2136
s 231
f 973/970/1967 978/969/1966 1042/973/2137
s 232
f 978/2304/1980 983/2303/1979 1042/2305/2138
s 189
f 871/743/2017 1037/732/2131 1042/736/2107 983/744/2018
s 199
f 951/1749/1742 1046/1745/2026 1040/1748/2027 1023/1752/1748
s 225
f 1029/2204/1912 1049/2200/2023 1052/2203/2024 1034/2207/1918
s 219
f 1035/932/2139 1053/930/1993 1043/931/1996 1020/933/2140
s 189
f 1037/732/2131 1018/728/1671 1030/735/2108 1042/736/2107
s 137
f 1031/1147/2141 1026/1148/2142 1021/1145/1243 1018/1144/1242
s 149
f 720/1888/1323 1058/1882/1322 1064/1887/1328 762/1893/1327
s 160
f 803/1993/1482 1071/1987/1481 1077/1992/1487 845/2000/1486
s 182
f 1121/681/2143 1073/677/1592 1068/680/1595 1116/682/2144
s 164
f 755/573/2145 1055/566/2146 1061/567/1449 797/574/1448
s 177
f 1126/2063/2147 1116/2064/2148 1068/2060/1541 1078/2059/1540
s 175
f 1110/639/2149 1126/640/2150 1078/636/1527 1062/635/1526
s 173
f 1120/2041/2151 1110/2042/2152 1062/2038/1513 1072/2037/1512
s 171
f 1108/617/2153 1120/618/2154 1072/614/1499 1060/613/1498
s 160
f 1108/1991/2155 1060/1999/1484 1077/1992/1487 1125/1986/2156
f 1124/1977/2157 1119/1976/2158 1071/1987/1481 1076/1988/1480
s 164
f 1118/565/2159 1070/572/1437 1061/567/1449 1109/560/2160
f 1104/571/2161 1056/579/2162 1070/572/1437 1118/565/2159
s 162
f 1114/1996/2163 1066/1995/1423 1056/2002/1426 1104/2003/2164
s off
f 1124/1977/2165 1076/1988/2166 1066/1995/2167 1114/1996/2168
s 158
f 1113/1909/2169 1103/1910/2170 1055/1906/1384 1065/1905/1383
s 156
f 1122/528/2171 1113/529/2172 1065/525/1370 1074/524/1369
s 154
f 1107/1900/2173 1122/1899/2174 1074/1901/1356 1059/1902/1355
s 151
f 1117/504/2175 1107/505/2176 1059/501/1340 1069/500/1339
s 149
f 1117/1886/2177 1069/1892/1325 1064/1887/1328 1112/1881/2178
f 1111/1877/2179 1106/1876/2180 1058/1882/1322 1063/1883/1321
s 146
f 1105/1804/2181 1057/1800/1287 1073/1803/1290 1121/1805/2182
s 143
f 1115/472/2183 1067/468/1273 1057/471/1276 1105/473/2184
s 141
f 1123/1778/2185 1075/1774/1259 1067/1777/1262 1115/1779/2186
s 138
f 1111/446/2187 1063/442/1245 1075/445/1248 1123/447/2188
s off
f 1353/454/2189 1354/453/2190 1355/452/2191 1356/455/2192
f 1356/1786/2193 1355/1785/2194 1357/1784/2195 1358/1787/2196
s 244
f 1358/480/2197 1357/479/2198 1359/478/2199 1360/481/2200
f 1360/481/2200 1359/478/2199 1361/482/2201 1362/483/2202
s 245
f 1353/1853/2203 1363/1852/2204 1364/1858/2205 1354/1859/2206
f 1365/1862/2207 1366/1868/2208 1367/1863/2209 1368/1857/2210
s off
f 1365/512/2211 1369/513/2212 1370/511/2213 1366/510/2214
f 1369/1885/2215 1371/1884/2216 1372/1890/2217 1370/1891/2218
s 157
f 1371/536/2219 1373/537/2220 1374/535/2221 1372/534/2222
f 1373/537/2220 1375/540/2223 1376/541/2224 1374/535/2221
s 161
f 764/604/1416 1344/607/2225 1345/608/2226 768/605/1417
s 160
f 768/2012/1430 1345/2011/2227 1346/2010/2228 773/2013/1431
s 164
f 773/569/1443 1346/563/2229 1347/557/2230 778/570/1444
f 778/2031/2231 1347/2035/2230 1330/2036/1566 783/2032/2232
s 160
f 764/1952/1478 801/1951/1477 1331/1962/1597 1344/1963/2233
f 805/1967/1493 1348/1974/2234 1332/1968/1598 843/1961/1494
s 171
f 805/623/1509 809/624/1508 1349/622/2235 1348/621/2236
s 173
f 809/2047/1523 814/2048/1522 1350/2046/2237 1349/2045/2238
s 175
f 814/645/1537 819/646/1536 1351/644/2239 1350/643/2240
s 177
f 819/2069/1551 824/2070/1550 1352/2068/2241 1351/2067/2242
s 244
f 1362/483/2202 1361/482/2201 1377/486/2243 1378/487/2244
s 149
f 1106/1876/2180 1082/1870/1600 1088/1875/1603 1112/1881/2178
s 160
f 1119/1976/2158 1095/1969/1596 1101/1975/1599 1125/1986/2156
s 164
f 1103/559/2245 1079/553/1564 1085/554/1567 1109/560/2160
f 1055/566/2146 1103/559/2245 1109/560/2160 1061/567/1449
s 160
f 1071/1987/1481 1119/1976/2158 1125/1986/2156 1077/1992/1487
s 149
f 1058/1882/1322 1106/1876/2180 1112/1881/2178 1064/1887/1328
s 138
f 1087/448/2246 1111/446/2187 1123/447/2188 1099/449/2247
s 141
f 1099/1780/2248 1123/1778/2185 1115/1779/2186 1091/1781/2249
s 143
f 1091/474/2250 1115/472/2183 1105/473/2184 1081/475/2251
s 146
f 1081/1806/2252 1105/1804/2181 1121/1805/2182 1097/1807/2253
s 149
f 1087/1871/2254 1082/1870/1600 1106/1876/2180 1111/1877/2179
f 1093/1880/2255 1117/1886/2177 1112/1881/2178 1088/1875/1603
s 151
f 1093/506/2256 1083/507/2257 1107/505/2176 1117/504/2175
s 154
f 1083/1898/2258 1098/1897/2259 1122/1899/2174 1107/1900/2173
s 156
f 1098/530/2260 1089/531/2261 1113/529/2172 1122/528/2171
s 158
f 1089/1911/2262 1079/1912/2263 1103/1910/2170 1113/1909/2169
s off
f 1100/1161/2264 1124/1162/2265 1114/1163/2266 1090/1164/2267
s 160
f 1090/2008/2268 1114/1996/2269 1104/2003/2270 1080/2009/2271
s 164
f 1080/564/2272 1104/571/2273 1118/565/2274 1094/558/2275
f 1094/558/2275 1118/565/2274 1109/560/2160 1085/554/1567
s 160
f 1100/1970/2276 1095/1969/1596 1119/1976/2158 1124/1977/2157
f 1084/1985/2277 1108/1991/2155 1125/1986/2156 1101/1975/1599
s 171
f 1084/619/2278 1096/620/2279 1120/618/2154 1108/617/2153
s 173
f 1096/2043/2280 1086/2044/2281 1110/2042/2152 1120/2041/2151
s 175
f 1086/641/2282 1102/642/2283 1126/640/2150 1110/639/2149
s 177
f 1102/2065/2284 1092/2066/2285 1116/2064/2148 1126/2063/2147
s 182
f 1097/683/2286 1121/681/2143 1116/682/2144 1092/684/2287
s 160
f 1127/1956/2288 1131/1971/2289 1135/1972/2290 1140/1964/2291
f 1140/1964/2291 1135/1972/2290 1134/1981/2292 1139/1973/2293
f 1139/1973/2293 1134/1981/2292 1133/1980/2294 1138/1984/2295
f 1138/1984/2295 1133/1980/2294 1132/1979/2296 1137/1989/2297
f 1137/1989/2297 1132/1979/2296 1130/1978/2298 1136/1990/2299
f 1127/1956/2288 1140/1964/2291 1128/1957/2300
f 1128/1957/2300 1140/1964/2291 1139/1973/2293
f 1128/1957/2300 1139/1973/2293 1138/1984/2295
f 1128/1957/2300 1138/1984/2295 1137/1989/2297
f 1128/1957/2300 1137/1989/2297 1136/1990/2299
f 798/1939/1479 1129/1946/2301 1128/1957/2300 840/1958/2302 839/1947/1497
f 1131/1971/2289 1127/1956/2288 849/1953/1617
f 1127/1956/2288 788/1945/1615 849/1953/1617
f 1198/2004/2303 1128/1957/2300 1136/1990/2299 1004/2005/2304
f 788/1945/1615 1129/1946/2301 798/1939/1479 766/1937/1419
f 1229/1997/2305 1136/1990/2299 1130/1978/2298 846/1998/2306
s off
f 1130/1978/2307 1132/1979/2308 1133/1980/2309 1134/1981/2310 1135/1972/2311 1131/1971/2312 849/1953/2313 1214/1982/2314 1205/1983/2315
s 160
f 1127/1956/2288 1128/1957/2300 1129/1946/2301 788/1945/1615
s 238
f 1015/784/2316 1016/783/2070 1014/788/2043
f 1014/788/2043 1016/783/2070 1017/790/2069 1011/792/2044
s 247
f 1234/1768/2317 1233/1765/2318 1281/1761/2319 1282/1764/2320
s off
f 1236/740/2321 1235/739/2322 879/747/2323 880/748/2324
f 1237/2093/2325 1236/2092/2326 880/2094/2327 881/2095/2328
f 1238/816/2329 1237/815/2330 881/817/2331 882/818/2332
f 1239/2105/2333 1238/2104/2334 882/2106/2335 883/2107/2336
s 188
f 1235/1766/2337 1233/1765/1658 890/1769/1657 879/1770/2338
f 1234/1768/1659 1240/1771/2339 916/1773/2340 926/1772/1660
s off
f 1240/834/2341 1241/833/2342 917/837/2343 916/838/2344
f 1241/2135/2345 1242/2134/2346 918/2138/2347 917/2139/2348
f 1242/860/2349 1243/859/2350 919/863/2351 918/864/2352
f 1243/2161/2353 1244/2160/2354 920/2164/2355 919/2165/2356
f 1246/884/2357 1245/883/2358 952/887/2359 953/888/2360
f 1247/2242/2361 1246/2241/2362 953/2244/2363 954/2245/2364
f 1248/906/2365 1247/905/2366 954/909/2367 955/910/2368
f 1249/2264/2369 1248/2263/2370 955/2266/2371 956/2267/2372
s 242
f 1245/2221/2373 1250/2220/2099 962/2224/2098 952/2225/2374
f 1252/2223/2100 1251/2226/2375 991/2228/2376 1002/2227/2101
s off
f 1251/776/2377 1253/775/2378 992/781/2379 991/782/2380
f 1253/2281/2381 1254/2280/2382 993/2282/2383 992/2283/2384
f 1254/958/2385 1255/957/2386 994/961/2387 993/962/2388
f 1255/2318/2389 1256/2319/2390 995/2320/2391 994/2321/2392
f 1256/964/2393 1239/963/2394 883/965/2395 995/966/2396
s 248
f 1252/2223/2397 1250/2220/2398 1293/2216/2399 1294/2219/2400
s off
f 1249/940/2401 1244/941/2402 1287/939/2403 1288/938/2404
f 1303/734/2405 1304/733/2406 1235/739/2407 1236/740/2408
f 1302/2091/2409 1303/2090/2410 1236/2092/2411 1237/2093/2412
f 1301/814/2413 1302/813/2414 1237/815/2415 1238/816/2416
f 1300/2103/2417 1301/2102/2418 1238/2104/2419 1239/2105/2420
s 247
f 1304/1762/2421 1281/1761/2319 1233/1765/2318 1235/1766/2422
f 1282/1764/2320 1283/1767/2423 1240/1771/2424 1234/1768/2317
s off
f 1283/830/2425 1284/829/2426 1241/833/2427 1240/834/2428
f 1284/2131/2429 1285/2130/2430 1242/2134/2431 1241/2135/2432
f 1285/856/2433 1286/855/2434 1243/859/2435 1242/860/2436
f 1286/2157/2437 1287/2156/2438 1244/2160/2439 1243/2161/2440
f 1291/880/2441 1292/879/2442 1245/883/2443 1246/884/2444
f 1290/2238/2445 1291/2237/2446 1246/2241/2447 1247/2242/2448
f 1289/902/2449 1290/901/2450 1247/905/2451 1248/906/2452
f 1288/2260/2453 1289/2259/2454 1248/2263/2455 1249/2264/2456
s 248
f 1292/2217/2457 1293/2216/2399 1250/2220/2398 1245/2221/2458
f 1294/2219/2400 1295/2222/2459 1251/2226/2460 1252/2223/2397
s off
f 1295/768/2461 1296/767/2462 1253/775/2463 1251/776/2464
f 1296/2279/2465 1297/2278/2466 1254/2280/2467 1253/2281/2468
f 1297/954/2469 1298/953/2470 1255/957/2471 1254/958/2472
f 1298/2322/2473 1299/2323/2474 1256/2319/2475 1255/2318/2476
f 1299/960/2477 1300/959/2478 1239/963/2479 1256/964/2480
s 199
f 1257/1756/1747 1271/1753/1743 951/1749/1742 1023/1752/1748
s 225
f 1280/2211/1917 1265/2208/1913 1029/2204/1912 1034/2207/1918
s 219
f 1279/934/2481 1263/935/2482 1035/932/2139 1020/933/2140
s 249
f 1305/1760/2483 1306/1757/2484 1271/1753/2485 1257/1756/2486
f 1257/1756/2486 1259/1759/2487 1328/1763/2488 1305/1760/2483
s 203
f 1259/822/1762 1260/821/1761 1327/825/2489 1328/826/2490
s off
f 1260/2123/2491 1261/2122/2492 1326/2126/2493 1327/2127/2494
f 1261/848/2495 1262/847/2496 1325/851/2497 1326/852/2498
f 1262/2149/2499 1263/2148/2500 1324/2152/2501 1325/2153/2502
f 1323/936/2503 1324/937/2504 1263/935/2505 1279/934/2506
f 1279/2253/2507 1278/2252/2508 1322/2255/2509 1323/2256/2510
f 1278/895/2511 1277/894/2512 1321/897/2513 1322/898/2514
f 1277/2231/2515 1276/2230/2516 1320/2233/2517 1321/2234/2518
f 1276/873/2519 1264/872/2520 1319/875/2521 1320/876/2522
s 250
f 1264/2209/2523 1265/2208/2524 1318/2212/2525 1319/2213/2526
f 1317/2215/2527 1318/2212/2525 1265/2208/2524 1280/2211/2528
f 1280/2211/2528 1266/2214/2529 1316/2218/2530 1317/2215/2527
s off
f 1266/752/2531 1267/751/2532 1315/759/2533 1316/760/2534
f 1267/2275/2535 1268/2274/2536 1314/2276/2537 1315/2277/2538
f 1268/946/2539 1269/945/2540 1313/949/2541 1314/950/2542
f 1269/2326/2543 1270/2327/2544 1312/2325/2545 1313/2324/2546
f 1270/948/2547 1275/952/2548 1311/955/2549 1312/956/2550
f 1275/2098/2551 1274/2097/2552 1310/2100/2553 1311/2101/2554
f 1274/810/2555 1273/809/2556 1309/811/2557 1310/812/2558
f 1273/2087/2559 1272/2086/2560 1308/2088/2561 1309/2089/2562
f 1272/727/2563 1258/726/2564 1307/729/2565 1308/730/2566
s 249
f 1258/1754/2567 1271/1753/2485 1306/1757/2484 1307/1758/2568
s 251
f 1282/1764/2569 1281/1761/2570 1306/1757/2571 1305/1760/2572
f 1307/1758/2573 1306/1757/2571 1281/1761/2570 1304/1762/2574
s off
f 1308/730/2575 1307/729/2576 1304/733/2577 1303/734/2578
f 1309/2089/2579 1308/2088/2580 1303/2090/2581 1302/2091/2582
f 1310/812/2583 1309/811/2584 1302/813/2585 1301/814/2586
f 1311/2101/2587 1310/2100/2588 1301/2102/2589 1300/2103/2590
f 1312/956/2591 1311/955/2592 1300/959/2593 1299/960/2594
f 1313/2324/2595 1312/2325/2596 1299/2323/2597 1298/2322/2598
f 1314/950/2599 1313/949/2600 1298/953/2601 1297/954/2602
f 1315/2277/2603 1314/2276/2604 1297/2278/2605 1296/2279/2606
f 1316/760/2607 1315/759/2608 1296/767/2609 1295/768/2610
s 252
f 1317/2215/2611 1316/2218/2612 1295/2222/2613 1294/2219/2614
f 1294/2219/2614 1293/2216/2615 1318/2212/2616 1317/2215/2611
f 1319/2213/2617 1318/2212/2616 1293/2216/2615 1292/2217/2618
s off
f 1320/876/2619 1319/875/2620 1292/879/2621 1291/880/2622
f 1321/2234/2623 1320/2233/2624 1291/2237/2625 1290/2238/2626
f 1322/898/2627 1321/897/2628 1290/901/2629 1289/902/2630
f 1323/2256/2631 1322/2255/2632 1289/2259/2633 1288/2260/2634
f 1288/938/2635 1287/939/2636 1324/937/2637 1323/936/2638
f 1325/2153/2639 1324/2152/2640 1287/2156/2641 1286/2157/2642
f 1326/852/2643 1325/851/2644 1286/855/2645 1285/856/2646
f 1327/2127/2647 1326/2126/2648 1285/2130/2649 1284/2131/2650
s 203
f 1328/826/2490 1327/825/2489 1284/829/2651 1283/830/2652
s 251
f 1305/1760/2572 1328/1763/2653 1283/1767/2654 1282/1764/2569
s 157
f 1379/544/2655 1376/541/2224 1375/540/2223 1380/545/2656
s 160
f 1332/1968/1598 1331/1962/1597 801/1951/1477 843/1961/1494
s 245
f 1367/1863/2209 1364/1858/2205 1363/1852/2204 1368/1857/2210
s 138
f 1336/450/2657 1335/451/2658 1087/448/2246 1099/449/2247
s 141
f 1337/1782/2659 1336/1783/2660 1099/1780/2248 1091/1781/2249
s 143
f 1338/476/2661 1337/477/2662 1091/474/2250 1081/475/2251
s 146
f 1339/1808/2663 1338/1809/2664 1081/1806/2252 1097/1807/2253
s 149
f 1335/1865/2665 1333/1864/1601 1082/1870/1600 1087/1871/2254
f 1334/1869/1602 1340/1874/2666 1093/1880/2255 1088/1875/1603
s 151
f 1340/508/2667 1341/509/2668 1083/507/2257 1093/506/2256
s 154
f 1341/1895/2669 1342/1894/2670 1098/1897/2259 1083/1898/2258
s 156
f 1342/532/2671 1343/533/2672 1089/531/2261 1098/530/2260
s 158
f 1343/1913/2673 1329/1914/2674 1079/1912/2263 1089/1911/2262
s 161
f 1345/608/2226 1344/607/2225 1100/611/2675 1090/612/2676
s 160
f 1346/2010/2228 1345/2011/2227 1090/2008/2268 1080/2009/2271
s 164
f 1347/557/2230 1346/563/2229 1080/564/2677 1094/558/2678
f 1330/548/1566 1347/557/2230 1094/558/2678 1085/554/1567
s 160
f 1344/1963/2233 1331/1962/1597 1095/1969/1596 1100/1970/2276
f 1332/1968/1598 1348/1974/2234 1084/1985/2277 1101/1975/1599
s 171
f 1348/621/2236 1349/622/2235 1096/620/2279 1084/619/2278
s 173
f 1349/2045/2238 1350/2046/2237 1086/2044/2281 1096/2043/2280
s 175
f 1350/643/2240 1351/644/2239 1102/642/2283 1086/641/2282
s 177
f 1351/2067/2242 1352/2068/2241 1092/2066/2285 1102/2065/2284
s 182
f 1352/685/2679 1339/686/2680 1097/683/2286 1092/684/2287
s off
f 1335/451/2681 1336/450/2682 1355/452/2683 1354/453/2684
s 139
f 684/456/1255 680/457/1254 1353/454/2685 1356/455/2686
s off
f 1336/1783/2687 1337/1782/2688 1357/1784/2689 1355/1785/2690
f 689/1788/2691 684/1789/2692 1356/1786/2693 1358/1787/2694
f 1337/477/2695 1338/476/2696 1359/478/2697 1357/479/2698
s 144
f 694/484/1283 689/485/1282 1358/480/2699 1360/481/2700
s off
f 1338/1809/2701 1339/1808/2702 1361/1810/2703 1359/1811/2704
f 699/1821/2705 694/1820/2706 1360/1824/2707 1362/1825/2708
s 253
f 680/1847/2709 718/1846/2710 1363/1852/2711 1353/1853/2712
s 254
f 1333/1864/2713 1335/1865/2714 1354/1859/2715 1364/1858/2716
f 1340/1874/2717 1334/1869/2718 1367/1863/2719 1366/1868/2720
s 253
f 760/1851/2721 722/1856/2722 1365/1862/2723 1368/1857/2724
s 152
f 722/514/1350 726/515/1349 1369/513/2725 1365/512/2726
s off
f 1341/509/2727 1340/508/2728 1366/510/2729 1370/511/2730
f 726/1879/2731 731/1878/2732 1371/1884/2733 1369/1885/2734
f 1342/1894/2735 1341/1895/2736 1370/1891/2737 1372/1890/2738
s 157
f 731/538/1380 736/539/1379 1373/537/2220 1371/536/2219
s off
f 1343/533/2739 1342/532/2740 1372/534/2741 1374/535/2742
f 736/1928/2743 741/1927/2744 1375/1929/2745 1373/1930/2746
f 1329/1914/2747 1343/1913/2748 1374/1915/2749 1376/1916/2750
f 1339/686/2751 1352/685/2752 1377/687/2753 1361/688/2754
s 244
f 1352/490/2755 824/491/2756 1378/487/2244 1377/486/2243
s 181
f 824/668/1591 699/667/1590 1362/671/2757 1378/672/2758
s off
f 1330/548/2759 1329/549/2760 1376/541/2761 1379/544/2762
s 157
f 741/657/1568 783/660/1571 1380/661/2763 1375/662/2764
f 783/550/2765 1330/548/2766 1379/544/2655 1380/545/2656
s 254
f 1334/1869/2718 1333/1864/2713 1364/1858/2716 1367/1863/2719
s 253
f 718/1846/2710 760/1851/2721 1368/1857/2724 1363/1852/2711
