# This file uses centimeters as units for non-parametric coordinates.

mtllib riotutte shack v2.mtl
g default
v -1.466824 4.475574 6.390271
v -1.334818 4.475574 6.390271
v -1.466824 4.471246 6.526365
v -1.334818 4.471246 6.526365
v -1.466824 5.223538 6.574755
v -1.334818 5.223538 6.574755
v -1.466824 5.227868 6.438666
v -1.334818 5.227868 6.438666
v -3.060628 4.459102 6.390271
v -2.928622 4.459102 6.390271
v -3.060628 4.454773 6.526365
v -2.928622 4.454773 6.526365
v -3.060628 5.207066 6.574755
v -2.928622 5.207066 6.574755
v -3.060628 5.211395 6.438666
v -2.928622 5.211395 6.438666
v -2.828343 3.423172 7.782185
v -1.593682 2.959816 7.822622
v -2.764390 3.593843 7.785156
v -1.529728 3.130486 7.825594
v -2.762120 3.594140 7.719267
v -1.527459 3.130783 7.759705
v -2.826074 3.423469 7.716295
v -1.591412 2.960112 7.756733
v -2.865574 2.529801 7.764053
v -1.564501 2.743894 7.809832
v -2.895164 2.709667 7.763844
v -1.594090 2.923760 7.809623
v -2.892895 2.709964 7.697955
v -1.591821 2.924057 7.743734
v -2.863305 2.530098 7.698164
v -1.562231 2.744191 7.743942
v -2.889727 1.241212 7.804869
v -1.572301 1.180312 7.767405
v -2.881288 1.423299 7.805635
v -1.563862 1.362398 7.768171
v -2.883146 1.423662 7.739733
v -1.565719 1.362762 7.702269
v -2.891585 1.241575 7.738967
v -1.574158 1.180675 7.701503
v -2.870959 0.587529 7.803748
v -1.561238 0.742628 7.767692
v -2.892351 0.768546 7.805348
v -1.582631 0.923646 7.769292
v -2.894208 0.768909 7.739447
v -1.584488 0.924009 7.703391
v -2.872816 0.587892 7.737846
v -1.563096 0.742992 7.701790
v -2.863629 2.118021 7.777603
v -1.558980 2.313506 7.797601
v -2.890638 2.298293 7.777434
v -1.585989 2.493778 7.797432
v -2.889641 2.298381 7.711513
v -1.584992 2.493866 7.731510
v -2.862632 2.118109 7.711681
v -1.557983 2.313594 7.731679
v -2.889727 1.012695 7.804869
v -1.572301 0.951795 7.767405
v -2.881288 1.194782 7.805635
v -1.563862 1.133882 7.768171
v -2.883146 1.195145 7.739733
v -1.565719 1.134245 7.702269
v -2.891585 1.013059 7.738967
v -1.574158 0.952158 7.701503
v -1.988994 4.584341 7.636225
v -1.833896 4.584341 7.636225
v -1.988994 4.659080 7.684049
v -1.833896 4.659080 7.684049
v -1.988994 4.943064 7.122128
v -1.833896 4.979577 7.049881
v -1.988994 4.865345 7.080199
v -1.833896 4.901859 7.007950
v -2.892195 1.609261 7.805379
v -1.591597 1.390774 7.767521
v -2.861992 1.789025 7.805519
v -1.561395 1.570538 7.767661
v -2.863849 1.789389 7.739617
v -1.563252 1.570901 7.701759
v -2.894052 1.609624 7.739477
v -1.593455 1.391137 7.701619
v -1.813513 4.584341 7.636225
v -1.658415 4.584341 7.636225
v -1.813513 4.659080 7.684049
v -1.658415 4.659080 7.684049
v -1.813513 5.196345 6.620958
v -1.658415 5.180608 6.652097
v -1.813513 5.127818 6.560843
v -1.658415 5.112081 6.591982
v -2.887987 2.036977 7.803528
v -1.575259 1.910295 7.765834
v -2.870463 2.218415 7.804034
v -1.557735 2.091734 7.766340
v -2.872321 2.218779 7.738132
v -1.559593 2.092098 7.700438
v -2.889844 2.037340 7.737626
v -1.577116 1.910659 7.699932
v -2.865574 2.322181 7.764053
v -1.564501 2.536274 7.809832
v -2.895164 2.502047 7.763844
v -1.594090 2.716140 7.809623
v -2.892895 2.502344 7.697955
v -1.591821 2.716437 7.743734
v -2.863305 2.322478 7.698164
v -1.562231 2.536571 7.743942
v -2.869671 2.771213 7.791198
v -1.562247 2.942296 7.837001
v -2.893322 2.951956 7.791198
v -1.585898 3.123039 7.837001
v -2.891052 2.952253 7.725308
v -1.583629 3.123336 7.771111
v -2.867401 2.771509 7.725308
v -1.559978 2.942593 7.771111
v -1.478370 4.536242 7.602085
v -1.323272 4.536242 7.602085
v -1.478370 4.675437 7.681589
v -1.323272 4.675437 7.681589
v -1.478370 5.519321 6.056666
v -1.323272 5.519321 6.056666
v -1.478370 5.380126 5.977163
v -1.323272 5.380126 5.977163
v -1.644428 4.584341 7.636225
v -1.489329 4.584341 7.636225
v -1.644428 4.659080 7.684049
v -1.489329 4.659080 7.684049
v -1.644428 5.141932 6.728627
v -1.489329 5.185363 6.642689
v -1.644428 5.072573 6.670157
v -1.489329 5.116003 6.584220
v -2.886581 1.804919 7.803357
v -1.570147 1.725435 7.765819
v -2.875575 1.986870 7.804050
v -1.559142 1.907385 7.766511
v -2.877432 1.987233 7.738148
v -1.560999 1.907749 7.700609
v -2.888438 1.805283 7.737455
v -1.572005 1.725799 7.699916
v -3.072174 5.466657 6.087487
v -2.917076 5.466657 6.087487
v -3.072174 5.327463 6.007983
v -2.917076 5.327463 6.007983
v -3.072174 5.147914 6.730327
v -2.917076 5.148342 6.729500
v -3.072174 4.986181 6.694432
v -2.917076 4.986608 6.693607
vt 0.878530 0.176014
vt 0.882826 0.098801
vt 0.896790 0.099124
vt 0.892495 0.176338
vt 0.874562 0.098063
vt 0.870266 0.020850
vt 0.884230 0.020527
vt 0.888526 0.097740
vt 0.961173 0.020527
vt 0.974725 0.020527
vt 0.974725 0.097800
vt 0.961173 0.097800
vt 0.955270 0.172459
vt 0.968822 0.172459
vt 0.968822 0.249732
vt 0.955270 0.249732
vt 0.961173 0.153932
vt 0.974716 0.153932
vt 0.974716 0.167899
vt 0.961173 0.167899
vt 0.828945 0.221048
vt 0.842488 0.221048
vt 0.842488 0.235014
vt 0.828945 0.235014
vt 0.784082 0.209219
vt 0.797625 0.209219
vt 0.797625 0.223185
vt 0.784082 0.223185
vt 0.889156 0.195927
vt 0.902708 0.195927
vt 0.902708 0.273200
vt 0.889156 0.273200
vt 0.736857 0.210216
vt 0.750401 0.210216
vt 0.750401 0.224181
vt 0.736857 0.224181
vt 0.945825 0.094301
vt 0.959377 0.094301
vt 0.959377 0.171574
vt 0.945825 0.171574
vt 0.893878 0.194796
vt 0.898174 0.117582
vt 0.912138 0.117906
vt 0.907843 0.195119
vt 0.891091 0.098063
vt 0.886794 0.020850
vt 0.900759 0.020527
vt 0.905054 0.097740
vt 0.273486 0.024566
vt 0.350780 0.025975
vt 0.350585 0.036654
vt 0.273291 0.035245
vt 0.350515 0.040517
vt 0.273221 0.039108
vt 0.350320 0.051196
vt 0.273026 0.049787
vt 0.350249 0.055058
vt 0.272956 0.053649
vt 0.354642 0.026046
vt 0.354447 0.036725
vt 0.269624 0.024496
vt 0.269429 0.035175
vt 0.273570 0.089289
vt 0.350350 0.090688
vt 0.350157 0.101297
vt 0.273376 0.099897
vt 0.350087 0.105133
vt 0.273306 0.103734
vt 0.349894 0.115741
vt 0.273113 0.114342
vt 0.349824 0.119578
vt 0.273043 0.118178
vt 0.354187 0.090758
vt 0.353994 0.101366
vt 0.269733 0.089219
vt 0.269539 0.099827
vt 0.179945 0.082751
vt 0.256726 0.084150
vt 0.256532 0.094758
vt 0.179751 0.093359
vt 0.256462 0.098595
vt 0.179681 0.097195
vt 0.256269 0.109203
vt 0.179488 0.107804
vt 0.256199 0.113040
vt 0.179418 0.111640
vt 0.260562 0.084220
vt 0.260369 0.094828
vt 0.176108 0.082681
vt 0.175915 0.093289
vt 0.276810 0.178206
vt 0.353591 0.179605
vt 0.353398 0.190213
vt 0.276617 0.188814
vt 0.353328 0.194050
vt 0.276547 0.192651
vt 0.353134 0.204658
vt 0.276353 0.203259
vt 0.353064 0.208495
vt 0.276283 0.207095
vt 0.357428 0.179675
vt 0.357234 0.190283
vt 0.272973 0.178136
vt 0.272780 0.188744
vt 0.182105 0.142028
vt 0.258886 0.143428
vt 0.258693 0.154036
vt 0.181912 0.152636
vt 0.258623 0.157873
vt 0.181842 0.156473
vt 0.258429 0.168481
vt 0.181648 0.167081
vt 0.258359 0.172318
vt 0.181578 0.170918
vt 0.262723 0.143498
vt 0.262529 0.154106
vt 0.178268 0.141959
vt 0.178075 0.152567
vt 0.177784 0.023473
vt 0.254565 0.024872
vt 0.254372 0.035480
vt 0.177591 0.034081
vt 0.254302 0.039317
vt 0.177521 0.037917
vt 0.254109 0.049925
vt 0.177328 0.048525
vt 0.254039 0.053762
vt 0.177258 0.052362
vt 0.258402 0.024942
vt 0.258209 0.035550
vt 0.173948 0.023403
vt 0.173754 0.034011
vt 0.913948 0.114620
vt 0.925797 0.114620
vt 0.925797 0.126843
vt 0.913948 0.126843
vt 0.937561 0.020527
vt 0.953472 0.020527
vt 0.953472 0.093416
vt 0.937561 0.085112
vt 0.961173 0.152290
vt 0.962255 0.098685
vt 0.974449 0.098940
vt 0.973357 0.153048
vt 0.937561 0.195015
vt 0.953472 0.186711
vt 0.953472 0.258923
vt 0.937561 0.258923
vt 0.783066 0.257161
vt 0.770872 0.257417
vt 0.769914 0.209975
vt 0.782098 0.209217
vt 0.905684 0.221351
vt 0.918233 0.221219
vt 0.918233 0.234174
vt 0.905684 0.234307
vt 0.181025 0.112390
vt 0.257806 0.113789
vt 0.257612 0.124397
vt 0.180832 0.122998
vt 0.257542 0.128234
vt 0.180762 0.126834
vt 0.257349 0.138842
vt 0.180568 0.137442
vt 0.257279 0.142679
vt 0.180498 0.141279
vt 0.261643 0.113859
vt 0.261449 0.124467
vt 0.177188 0.112320
vt 0.176995 0.122928
vt 0.736857 0.225067
vt 0.748706 0.225067
vt 0.748706 0.237289
vt 0.736857 0.237289
vt 0.817139 0.020527
vt 0.833050 0.020527
vt 0.833050 0.139136
vt 0.817139 0.142715
vt 0.922213 0.109621
vt 0.924012 0.020524
vt 0.936175 0.022331
vt 0.934397 0.110379
vt 0.799429 0.020525
vt 0.815340 0.024104
vt 0.815340 0.144125
vt 0.799429 0.144125
vt 0.926783 0.218547
vt 0.914621 0.220354
vt 0.912768 0.128601
vt 0.924952 0.127843
vt 0.813597 0.221281
vt 0.825757 0.221337
vt 0.825757 0.233859
vt 0.813597 0.233804
vt 0.178865 0.053112
vt 0.255645 0.054511
vt 0.255452 0.065119
vt 0.178671 0.063720
vt 0.255382 0.068956
vt 0.178601 0.067556
vt 0.255189 0.079564
vt 0.178408 0.078165
vt 0.255119 0.083401
vt 0.178338 0.082001
vt 0.259482 0.054581
vt 0.259289 0.065189
vt 0.175028 0.053042
vt 0.174834 0.063650
vt 0.274650 0.118928
vt 0.351431 0.120327
vt 0.351237 0.130936
vt 0.274456 0.129536
vt 0.351167 0.134772
vt 0.274386 0.133373
vt 0.350974 0.145380
vt 0.274193 0.143981
vt 0.350904 0.149217
vt 0.274123 0.147817
vt 0.355267 0.120397
vt 0.355074 0.131005
vt 0.270813 0.118858
vt 0.270620 0.129466
vt 0.274122 0.055958
vt 0.351416 0.057367
vt 0.351221 0.068046
vt 0.273927 0.066637
vt 0.351151 0.071908
vt 0.273857 0.070499
vt 0.350956 0.082587
vt 0.273662 0.081178
vt 0.350885 0.086449
vt 0.273592 0.085040
vt 0.355278 0.057437
vt 0.355083 0.068116
vt 0.270259 0.055887
vt 0.270065 0.066566
vt 0.844293 0.217183
vt 0.860218 0.217183
vt 0.860218 0.233611
vt 0.844293 0.233611
vt 0.764011 0.020527
vt 0.779924 0.020527
vt 0.779924 0.208333
vt 0.764011 0.208333
vt 0.719148 0.210216
vt 0.735074 0.210216
vt 0.735074 0.226644
vt 0.719148 0.226644
vt 0.781720 0.020527
vt 0.797633 0.020527
vt 0.797633 0.208333
vt 0.781720 0.208333
vt 0.719148 0.208309
vt 0.723314 0.020526
vt 0.739727 0.021547
vt 0.735560 0.209331
vt 0.745746 0.209331
vt 0.741580 0.021548
vt 0.757992 0.020526
vt 0.762158 0.208310
vt 0.784082 0.224070
vt 0.795930 0.224070
vt 0.795930 0.236293
vt 0.784082 0.236293
vt 0.852557 0.020527
vt 0.868468 0.020527
vt 0.868468 0.140217
vt 0.852557 0.130340
vt 0.799429 0.234769
vt 0.801242 0.145010
vt 0.813408 0.146676
vt 0.811613 0.235527
vt 0.834848 0.030404
vt 0.850759 0.020526
vt 0.850759 0.141440
vt 0.834848 0.141440
vt 0.920035 0.105112
vt 0.907411 0.106840
vt 0.905684 0.021312
vt 0.918327 0.020526
vt 0.920188 0.112720
vt 0.907565 0.114449
vt 0.275730 0.148567
vt 0.352511 0.149966
vt 0.352317 0.160574
vt 0.275536 0.159175
vt 0.352247 0.164411
vt 0.275467 0.163012
vt 0.352054 0.175019
vt 0.275273 0.173620
vt 0.351984 0.178856
vt 0.275203 0.177456
vt 0.356348 0.150036
vt 0.356154 0.160644
vt 0.271893 0.148497
vt 0.271700 0.159105
vt 0.919851 0.220637
vt 0.935777 0.220637
vt 0.935777 0.237065
vt 0.919851 0.237065
vt 0.928116 0.111263
vt 0.944026 0.111263
vt 0.944026 0.189809
vt 0.928116 0.189904
vt 0.852916 0.216297
vt 0.852557 0.137657
vt 0.869071 0.141670
vt 0.869328 0.215276
vt 0.871447 0.177054
vt 0.887357 0.177149
vt 0.887357 0.250660
vt 0.871447 0.250660
vt 0.843098 0.216438
vt 0.826583 0.220452
vt 0.826941 0.141907
vt 0.843353 0.142928
vt 0.768346 0.226642
vt 0.752205 0.226640
vt 0.752205 0.209887
vt 0.768346 0.209889
vn 0.000000 -0.999495 -0.031791
vn 0.000000 -0.999495 -0.031791
vn 0.000000 -0.999495 -0.031791
vn 0.000000 -0.999495 -0.031791
vn 0.000000 -0.064191 0.997938
vn 0.000000 -0.064191 0.997938
vn 0.000000 -0.064191 0.997938
vn 0.000000 -0.064191 0.997938
vn 0.000000 0.999494 0.031796
vn 0.000000 0.999494 0.031796
vn 0.000000 0.999494 0.031796
vn 0.000000 0.999494 0.031796
vn 0.000000 0.064197 -0.997937
vn 0.000000 0.064197 -0.997937
vn 0.000000 0.064197 -0.997937
vn 0.000000 0.064197 -0.997937
vn 1.000000 0.000000 0.000000
vn 1.000000 0.000000 0.000000
vn 1.000000 0.000000 0.000000
vn 1.000000 0.000000 0.000000
vn -1.000000 0.000000 0.000000
vn -1.000000 0.000000 0.000000
vn -1.000000 0.000000 0.000000
vn -1.000000 0.000000 0.000000
vn 0.000000 -0.999495 -0.031791
vn 0.000000 -0.999495 -0.031791
vn 0.000000 -0.999495 -0.031791
vn 0.000000 -0.999495 -0.031791
vn 0.000000 -0.064191 0.997938
vn 0.000000 -0.064191 0.997938
vn 0.000000 -0.064191 0.997938
vn 0.000000 -0.064191 0.997938
vn 0.000000 0.999495 0.031793
vn 0.000000 0.999495 0.031793
vn 0.000000 0.999495 0.031793
vn 0.000000 0.999495 0.031793
vn 0.000000 0.064198 -0.997937
vn 0.000000 0.064198 -0.997937
vn 0.000000 0.064198 -0.997937
vn 0.000000 0.064198 -0.997937
vn 1.000000 0.000000 0.000000
vn 1.000000 0.000000 0.000000
vn 1.000000 0.000000 0.000000
vn 1.000000 0.000000 0.000000
vn -1.000000 -0.000000 0.000000
vn -1.000000 -0.000000 0.000000
vn -1.000000 -0.000000 0.000000
vn -1.000000 -0.000000 0.000000
vn -0.034422 -0.004504 0.999397
vn -0.034422 -0.004504 0.999397
vn -0.034422 -0.004504 0.999397
vn -0.034422 -0.004504 0.999397
vn 0.350845 0.936292 0.016302
vn 0.350845 0.936292 0.016302
vn 0.350845 0.936292 0.016302
vn 0.350845 0.936292 0.016302
vn 0.034423 0.004504 -0.999397
vn 0.034423 0.004504 -0.999397
vn 0.034423 0.004504 -0.999397
vn 0.034423 0.004504 -0.999397
vn -0.350845 -0.936292 -0.016302
vn -0.350845 -0.936292 -0.016302
vn -0.350845 -0.936292 -0.016302
vn -0.350845 -0.936292 -0.016302
vn 0.935799 -0.351200 0.030650
vn 0.935799 -0.351200 0.030650
vn 0.935799 -0.351200 0.030650
vn 0.935799 -0.351200 0.030650
vn -0.935800 0.351196 -0.030648
vn -0.935800 0.351196 -0.030648
vn -0.935800 0.351196 -0.030648
vn -0.935800 0.351196 -0.030648
vn -0.034423 -0.004505 0.999397
vn -0.034423 -0.004505 0.999397
vn -0.034423 -0.004505 0.999397
vn -0.034423 -0.004505 0.999397
vn -0.162328 0.986736 -0.001144
vn -0.162328 0.986736 -0.001144
vn -0.162328 0.986736 -0.001144
vn -0.162328 0.986736 -0.001144
vn 0.034424 0.004505 -0.999397
vn 0.034424 0.004505 -0.999397
vn 0.034424 0.004505 -0.999397
vn 0.034424 0.004505 -0.999397
vn 0.162328 -0.986736 0.001144
vn 0.162328 -0.986736 0.001144
vn 0.162328 -0.986736 0.001144
vn 0.162328 -0.986736 0.001144
vn 0.986136 0.162272 0.034699
vn 0.986136 0.162272 0.034699
vn 0.986136 0.162272 0.034699
vn 0.986136 0.162272 0.034699
vn -0.986136 -0.162270 -0.034698
vn -0.986136 -0.162270 -0.034698
vn -0.986136 -0.162270 -0.034698
vn -0.986136 -0.162270 -0.034698
vn 0.028171 -0.005511 0.999588
vn 0.028171 -0.005511 0.999588
vn 0.028171 -0.005511 0.999588
vn 0.028171 -0.005511 0.999588
vn 0.046296 0.998919 0.004201
vn 0.046296 0.998919 0.004201
vn 0.046296 0.998919 0.004201
vn 0.046296 0.998919 0.004201
vn -0.028171 0.005511 -0.999588
vn -0.028171 0.005511 -0.999588
vn -0.028171 0.005511 -0.999588
vn -0.028171 0.005511 -0.999588
vn -0.046296 -0.998919 -0.004201
vn -0.046296 -0.998919 -0.004201
vn -0.046296 -0.998919 -0.004201
vn -0.046296 -0.998919 -0.004201
vn 0.998531 -0.046158 -0.028395
vn 0.998531 -0.046158 -0.028395
vn 0.998531 -0.046158 -0.028395
vn 0.998531 -0.046158 -0.028395
vn -0.998531 0.046159 0.028396
vn -0.998530 0.046159 0.028396
vn -0.998531 0.046159 0.028396
vn -0.998531 0.046159 0.028396
vn 0.028171 -0.005510 0.999588
vn 0.028171 -0.005510 0.999588
vn 0.028171 -0.005510 0.999588
vn 0.028171 -0.005510 0.999588
vn -0.117357 0.993051 0.008782
vn -0.117357 0.993051 0.008782
vn -0.117357 0.993051 0.008782
vn -0.117357 0.993051 0.008782
vn -0.028171 0.005510 -0.999588
vn -0.028171 0.005510 -0.999588
vn -0.028171 0.005510 -0.999588
vn -0.028171 0.005510 -0.999588
vn 0.117358 -0.993051 -0.008781
vn 0.117358 -0.993051 -0.008781
vn 0.117358 -0.993051 -0.008781
vn 0.117358 -0.993051 -0.008781
vn 0.992690 0.117557 -0.027329
vn 0.992690 0.117557 -0.027329
vn 0.992690 0.117557 -0.027329
vn 0.992690 0.117557 -0.027329
vn -0.992690 -0.117556 0.027328
vn -0.992690 -0.117556 0.027328
vn -0.992690 -0.117556 0.027328
vn -0.992690 -0.117556 0.027328
vn -0.015127 -0.001330 0.999885
vn -0.015127 -0.001330 0.999885
vn -0.015127 -0.001330 0.999885
vn -0.015127 -0.001330 0.999885
vn -0.148169 0.988962 -0.000927
vn -0.148169 0.988962 -0.000927
vn -0.148169 0.988962 -0.000927
vn -0.148169 0.988962 -0.000927
vn 0.015127 0.001330 -0.999885
vn 0.015127 0.001330 -0.999885
vn 0.015127 0.001330 -0.999885
vn 0.015127 0.001330 -0.999885
vn 0.148170 -0.988962 0.000924
vn 0.148170 -0.988962 0.000924
vn 0.148170 -0.988962 0.000924
vn 0.148170 -0.988962 0.000924
vn 0.988846 0.148166 0.015157
vn 0.988846 0.148166 0.015157
vn 0.988846 0.148166 0.015157
vn 0.988846 0.148166 0.015157
vn -0.988846 -0.148166 -0.015155
vn -0.988846 -0.148166 -0.015155
vn -0.988846 -0.148166 -0.015155
vn -0.988846 -0.148166 -0.015155
vn 0.028171 -0.005511 0.999588
vn 0.028171 -0.005511 0.999588
vn 0.028171 -0.005511 0.999588
vn 0.028171 -0.005511 0.999588
vn 0.046296 0.998919 0.004202
vn 0.046296 0.998919 0.004202
vn 0.046296 0.998919 0.004202
vn 0.046296 0.998919 0.004202
vn -0.028171 0.005511 -0.999588
vn -0.028171 0.005511 -0.999588
vn -0.028171 0.005511 -0.999588
vn -0.028171 0.005511 -0.999588
vn -0.046296 -0.998919 -0.004201
vn -0.046296 -0.998919 -0.004201
vn -0.046296 -0.998919 -0.004201
vn -0.046296 -0.998919 -0.004201
vn 0.998530 -0.046158 -0.028396
vn 0.998531 -0.046158 -0.028396
vn 0.998531 -0.046158 -0.028396
vn 0.998530 -0.046158 -0.028396
vn -0.998531 0.046159 0.028396
vn -0.998530 0.046159 0.028396
vn -0.998531 0.046159 0.028396
vn -0.998531 0.046159 0.028396
vn 0.000000 -0.538980 0.842318
vn 0.000000 -0.538980 0.842318
vn 0.000000 -0.538980 0.842318
vn 0.000000 -0.538980 0.842318
vn 0.000000 0.892498 0.451051
vn 0.000000 0.892498 0.451051
vn 0.000000 0.892498 0.451051
vn 0.000000 0.892498 0.451051
vn 1.000000 0.000002 0.000000
vn 1.000000 0.000002 0.000000
vn 1.000000 0.000002 0.000000
vn 1.000000 0.000002 0.000000
vn 0.000002 -0.892498 -0.451050
vn 0.000002 -0.892498 -0.451050
vn 0.000002 -0.892498 -0.451050
vn 0.000002 -0.892498 -0.451050
vn -1.000000 0.000002 0.000000
vn -1.000000 0.000002 0.000000
vn -1.000000 0.000002 0.000000
vn -1.000000 0.000002 0.000000
vn -0.462572 0.420963 -0.780268
vn -0.462572 0.420963 -0.780268
vn -0.462572 0.420963 -0.780268
vn -0.462572 0.420963 -0.780268
vn 0.028171 -0.005511 0.999588
vn 0.028171 -0.005511 0.999588
vn 0.028171 -0.005511 0.999588
vn 0.028171 -0.005511 0.999588
vn 0.165692 0.986177 0.000768
vn 0.165692 0.986177 0.000768
vn 0.165692 0.986177 0.000768
vn 0.165692 0.986177 0.000768
vn -0.028171 0.005511 -0.999588
vn -0.028171 0.005511 -0.999588
vn -0.028171 0.005511 -0.999588
vn -0.028171 0.005511 -0.999588
vn -0.165691 -0.986177 -0.000769
vn -0.165691 -0.986178 -0.000769
vn -0.165691 -0.986177 -0.000769
vn -0.165691 -0.986177 -0.000769
vn 0.985775 -0.165600 -0.028695
vn 0.985776 -0.165600 -0.028695
vn 0.985775 -0.165600 -0.028695
vn 0.985776 -0.165600 -0.028695
vn -0.985776 0.165599 0.028694
vn -0.985776 0.165599 0.028694
vn -0.985776 0.165599 0.028694
vn -0.985776 0.165599 0.028694
vn 0.000000 -0.538982 0.842318
vn 0.000000 -0.538982 0.842318
vn 0.000000 -0.538982 0.842318
vn 0.000000 -0.538982 0.842318
vn -0.000001 0.892498 0.451051
vn -0.000001 0.892498 0.451051
vn -0.000001 0.892498 0.451051
vn -0.000001 0.892498 0.451051
vn 1.000000 -0.000001 0.000000
vn 1.000000 -0.000001 0.000000
vn 1.000000 -0.000001 0.000000
vn 1.000000 -0.000001 0.000000
vn 0.000000 -0.892498 -0.451051
vn 0.000000 -0.892498 -0.451051
vn 0.000000 -0.892498 -0.451051
vn 0.000000 -0.892498 -0.451051
vn -1.000000 0.000000 0.000000
vn -1.000000 0.000000 0.000000
vn -1.000000 0.000000 0.000000
vn -1.000000 0.000000 0.000000
vn 0.212847 0.644348 -0.734515
vn 0.212847 0.644348 -0.734515
vn 0.212847 0.644348 -0.734515
vn 0.212847 0.644348 -0.734515
vn 0.028171 -0.005511 0.999588
vn 0.028171 -0.005511 0.999588
vn 0.028171 -0.005511 0.999588
vn 0.028171 -0.005511 0.999588
vn 0.096135 0.995364 0.002780
vn 0.096135 0.995364 0.002780
vn 0.096135 0.995364 0.002780
vn 0.096135 0.995364 0.002780
vn -0.028171 0.005511 -0.999588
vn -0.028171 0.005511 -0.999588
vn -0.028171 0.005511 -0.999588
vn -0.028171 0.005511 -0.999588
vn -0.096135 -0.995364 -0.002778
vn -0.096135 -0.995364 -0.002778
vn -0.096135 -0.995364 -0.002778
vn -0.096135 -0.995364 -0.002778
vn 0.994970 -0.096018 -0.028570
vn 0.994970 -0.096018 -0.028570
vn 0.994970 -0.096018 -0.028570
vn 0.994970 -0.096018 -0.028570
vn -0.994969 0.096018 0.028570
vn -0.994970 0.096018 0.028570
vn -0.994969 0.096018 0.028570
vn -0.994970 0.096018 0.028570
vn -0.034423 -0.004505 0.999397
vn -0.034423 -0.004505 0.999397
vn -0.034423 -0.004505 0.999397
vn -0.034423 -0.004505 0.999397
vn -0.162328 0.986736 -0.001142
vn -0.162328 0.986736 -0.001142
vn -0.162328 0.986736 -0.001142
vn -0.162328 0.986736 -0.001142
vn 0.034424 0.004505 -0.999397
vn 0.034424 0.004505 -0.999397
vn 0.034424 0.004505 -0.999397
vn 0.034424 0.004505 -0.999397
vn 0.162328 -0.986736 0.001142
vn 0.162328 -0.986736 0.001142
vn 0.162328 -0.986736 0.001142
vn 0.162328 -0.986736 0.001142
vn 0.986136 0.162272 0.034698
vn 0.986136 0.162272 0.034698
vn 0.986136 0.162272 0.034698
vn 0.986136 0.162272 0.034698
vn -0.986136 -0.162270 -0.034699
vn -0.986136 -0.162270 -0.034699
vn -0.986136 -0.162270 -0.034699
vn -0.986136 -0.162270 -0.034699
vn -0.034423 -0.004504 0.999397
vn -0.034423 -0.004504 0.999397
vn -0.034423 -0.004504 0.999397
vn -0.034423 -0.004504 0.999397
vn -0.129748 0.991547 0.000000
vn -0.129748 0.991547 0.000000
vn -0.129748 0.991547 0.000000
vn -0.129748 0.991547 0.000000
vn 0.034423 0.004504 -0.999397
vn 0.034423 0.004504 -0.999397
vn 0.034423 0.004504 -0.999397
vn 0.034423 0.004504 -0.999397
vn 0.129749 -0.991547 -0.000002
vn 0.129749 -0.991547 -0.000002
vn 0.129749 -0.991547 -0.000002
vn 0.129749 -0.991547 -0.000002
vn 0.990949 0.129671 0.034717
vn 0.990949 0.129671 0.034717
vn 0.990949 0.129671 0.034717
vn 0.990949 0.129671 0.034717
vn -0.990949 -0.129669 -0.034718
vn -0.990949 -0.129669 -0.034718
vn -0.990949 -0.129669 -0.034718
vn -0.990949 -0.129669 -0.034718
vn 0.000000 -0.495970 0.868340
vn 0.000000 -0.495970 0.868340
vn 0.000000 -0.495970 0.868340
vn 0.000000 -0.495970 0.868340
vn 0.000000 0.887457 0.460890
vn 0.000000 0.887457 0.460890
vn 0.000000 0.887457 0.460890
vn 0.000000 0.887457 0.460890
vn 0.000000 0.495967 -0.868341
vn 0.000000 0.495967 -0.868341
vn 0.000000 0.495967 -0.868341
vn 0.000000 0.495967 -0.868341
vn 0.000000 -0.887457 -0.460890
vn 0.000000 -0.887457 -0.460890
vn 0.000000 -0.887457 -0.460890
vn 0.000000 -0.887457 -0.460890
vn 1.000000 0.000000 0.000000
vn 1.000000 0.000000 0.000000
vn 1.000000 0.000000 0.000000
vn 1.000000 0.000000 0.000000
vn -1.000000 -0.000000 0.000000
vn -1.000000 -0.000000 0.000000
vn -1.000000 -0.000000 0.000000
vn -1.000000 -0.000000 0.000000
vn 0.000000 -0.538980 0.842318
vn 0.000000 -0.538980 0.842318
vn 0.000000 -0.538980 0.842318
vn 0.000000 -0.538980 0.842318
vn 0.000000 0.892498 0.451051
vn 0.000000 0.892498 0.451051
vn 0.000000 0.892498 0.451051
vn 0.000000 0.892498 0.451051
vn 1.000000 -0.000000 0.000000
vn 1.000000 -0.000000 0.000000
vn 1.000000 -0.000000 0.000000
vn 1.000000 -0.000000 0.000000
vn -0.000001 -0.892498 -0.451051
vn -0.000001 -0.892498 -0.451051
vn -0.000001 -0.892498 -0.451051
vn -0.000001 -0.892498 -0.451051
vn -1.000000 0.000000 0.000000
vn -1.000000 0.000000 0.000000
vn -1.000000 0.000000 0.000000
vn -1.000000 0.000000 0.000000
vn -0.517088 0.551675 -0.654427
vn -0.517088 0.551675 -0.654427
vn -0.517088 0.551675 -0.654427
vn -0.517088 0.551675 -0.654427
vn 0.028172 -0.005510 0.999588
vn 0.028172 -0.005510 0.999588
vn 0.028172 -0.005510 0.999588
vn 0.028172 -0.005510 0.999588
vn 0.060376 0.998169 0.003799
vn 0.060376 0.998169 0.003799
vn 0.060376 0.998169 0.003799
vn 0.060376 0.998169 0.003799
vn -0.028170 0.005510 -0.999588
vn -0.028170 0.005510 -0.999588
vn -0.028170 0.005510 -0.999588
vn -0.028170 0.005510 -0.999588
vn -0.060377 -0.998168 -0.003800
vn -0.060377 -0.998168 -0.003800
vn -0.060377 -0.998168 -0.003800
vn -0.060377 -0.998168 -0.003800
vn 0.997778 -0.060245 -0.028452
vn 0.997778 -0.060245 -0.028452
vn 0.997778 -0.060245 -0.028452
vn 0.997778 -0.060245 -0.028452
vn -0.997778 0.060246 0.028452
vn -0.997778 0.060246 0.028452
vn -0.997778 0.060246 0.028452
vn -0.997778 0.060246 0.028452
vn 0.000000 0.495969 -0.868340
vn 0.000000 0.495969 -0.868340
vn 0.000000 0.495969 -0.868340
vn 0.000000 0.495969 -0.868340
vn 0.000046 -0.895443 -0.445176
vn 0.000046 -0.895443 -0.445176
vn 0.000046 -0.895443 -0.445176
vn 0.000046 -0.895443 -0.445176
vn -1.000000 -0.000001 -0.000000
vn -1.000000 -0.000001 -0.000000
vn -1.000000 -0.000001 -0.000000
vn -1.000000 -0.000001 -0.000000
vn -0.000049 0.895919 0.444218
vn -0.000049 0.895919 0.444218
vn -0.000049 0.895919 0.444218
vn -0.000049 0.895919 0.444218
vn 1.000000 0.000003 0.000000
vn 1.000000 0.000003 0.000000
vn 1.000000 0.000003 0.000000
vn 1.000000 0.000003 0.000000
vn 0.005795 -0.216656 0.976231
vn 0.005795 -0.216656 0.976231
vn 0.005795 -0.216656 0.976231
vn 0.005795 -0.216656 0.976231
s off
g pCube36
usemtl vigas_caseta_riotutte
f 1/17/1 2/18/2 4/19/3 3/20/4
f 3/9/5 4/10/6 6/11/7 5/12/8
f 5/21/9 6/22/10 8/23/11 7/24/12
f 7/13/13 8/14/14 2/15/15 1/16/16
f 2/1/17 8/2/18 6/3/19 4/4/20
f 7/5/21 1/6/22 3/7/23 5/8/24
f 9/25/25 10/26/26 12/27/27 11/28/28
f 11/29/29 12/30/30 14/31/31 13/32/32
f 13/33/33 14/34/34 16/35/35 15/36/36
f 15/37/37 16/38/38 10/39/39 9/40/40
f 10/41/41 16/42/42 14/43/43 12/44/44
f 15/45/45 9/46/46 11/47/47 13/48/48
f 17/49/49 18/50/50 20/51/51 19/52/52
f 19/52/53 20/51/54 22/53/55 21/54/56
f 21/54/57 22/53/58 24/55/59 23/56/60
f 23/56/61 24/55/62 18/57/63 17/58/64
f 18/50/65 24/59/66 22/60/67 20/51/68
f 23/61/69 17/49/70 19/52/71 21/62/72
f 25/63/73 26/64/74 28/65/75 27/66/76
f 27/66/77 28/65/78 30/67/79 29/68/80
f 29/68/81 30/67/82 32/69/83 31/70/84
f 31/70/85 32/69/86 26/71/87 25/72/88
f 26/64/89 32/73/90 30/74/91 28/65/92
f 31/75/93 25/63/94 27/66/95 29/76/96
f 33/77/97 34/78/98 36/79/99 35/80/100
f 35/80/101 36/79/102 38/81/103 37/82/104
f 37/82/105 38/81/106 40/83/107 39/84/108
f 39/84/109 40/83/110 34/85/111 33/86/112
f 34/78/113 40/87/114 38/88/115 36/79/116
f 39/89/117 33/77/118 35/80/119 37/90/120
f 41/91/121 42/92/122 44/93/123 43/94/124
f 43/94/125 44/93/126 46/95/127 45/96/128
f 45/96/129 46/95/130 48/97/131 47/98/132
f 47/98/133 48/97/134 42/99/135 41/100/136
f 42/92/137 48/101/138 46/102/139 44/93/140
f 47/103/141 41/91/142 43/94/143 45/104/144
f 49/105/145 50/106/146 52/107/147 51/108/148
f 51/108/149 52/107/150 54/109/151 53/110/152
f 53/110/153 54/109/154 56/111/155 55/112/156
f 55/112/157 56/111/158 50/113/159 49/114/160
f 50/106/161 56/115/162 54/116/163 52/107/164
f 55/117/165 49/105/166 51/108/167 53/118/168
f 57/119/169 58/120/170 60/121/171 59/122/172
f 59/122/173 60/121/174 62/123/175 61/124/176
f 61/124/177 62/123/178 64/125/179 63/126/180
f 63/126/181 64/125/182 58/127/183 57/128/184
f 58/120/185 64/129/186 62/130/187 60/121/188
f 63/131/189 57/119/190 59/122/191 61/132/192
f 65/133/193 66/134/194 68/135/195 67/136/196
f 67/137/197 68/138/198 70/139/199 69/140/200
f 66/141/201 72/142/202 70/143/203 68/144/204
f 71/145/205 72/146/206 66/147/207 65/148/208
f 69/149/209 71/150/210 65/151/211 67/152/212
f 69/153/213 70/154/214 72/155/215 71/156/216
f 73/157/217 74/158/218 76/159/219 75/160/220
f 75/160/221 76/159/222 78/161/223 77/162/224
f 77/162/225 78/161/226 80/163/227 79/164/228
f 79/164/229 80/163/230 74/165/231 73/166/232
f 74/158/233 80/167/234 78/168/235 76/159/236
f 79/169/237 73/157/238 75/160/239 77/170/240
f 81/171/241 82/172/242 84/173/243 83/174/244
f 83/175/245 84/176/246 86/177/247 85/178/248
f 82/179/249 88/180/250 86/181/251 84/182/252
f 87/183/253 88/184/254 82/185/255 81/186/256
f 85/187/257 87/188/258 81/189/259 83/190/260
f 85/191/261 86/192/262 88/193/263 87/194/264
f 89/195/265 90/196/266 92/197/267 91/198/268
f 91/198/269 92/197/270 94/199/271 93/200/272
f 93/200/273 94/199/274 96/201/275 95/202/276
f 95/202/277 96/201/278 90/203/279 89/204/280
f 90/196/281 96/205/282 94/206/283 92/197/284
f 95/207/285 89/195/286 91/198/287 93/208/288
f 97/209/289 98/210/290 100/211/291 99/212/292
f 99/212/293 100/211/294 102/213/295 101/214/296
f 101/214/297 102/213/298 104/215/299 103/216/300
f 103/216/301 104/215/302 98/217/303 97/218/304
f 98/210/305 104/219/306 102/220/307 100/211/308
f 103/221/309 97/209/310 99/212/311 101/222/312
f 105/223/313 106/224/314 108/225/315 107/226/316
f 107/226/317 108/225/318 110/227/319 109/228/320
f 109/228/321 110/227/322 112/229/323 111/230/324
f 111/230/325 112/229/326 106/231/327 105/232/328
f 106/224/329 112/233/330 110/234/331 108/225/332
f 111/235/333 105/223/334 107/226/335 109/236/336
f 113/237/337 114/238/338 116/239/339 115/240/340
f 115/241/341 116/242/342 118/243/343 117/244/344
f 117/245/345 118/246/346 120/247/347 119/248/348
f 119/249/349 120/250/350 114/251/351 113/252/352
f 114/253/353 120/254/354 118/255/355 116/256/356
f 119/257/357 113/258/358 115/259/359 117/260/360
f 121/261/361 122/262/362 124/263/363 123/264/364
f 123/265/365 124/266/366 126/267/367 125/268/368
f 122/269/369 128/270/370 126/271/371 124/272/372
f 127/273/373 128/274/374 122/275/375 121/276/376
f 125/277/377 127/278/378 121/279/379 123/280/380
f 125/277/381 126/281/382 128/282/383 127/278/384
f 129/283/385 130/284/386 132/285/387 131/286/388
f 131/286/389 132/285/390 134/287/391 133/288/392
f 133/288/393 134/287/394 136/289/395 135/290/396
f 135/290/397 136/289/398 130/291/399 129/292/400
f 130/284/401 136/293/402 134/294/403 132/285/404
f 135/295/405 129/283/406 131/286/407 133/296/408
f 137/297/409 138/298/410 140/299/411 139/300/412
f 139/301/413 140/302/414 144/303/415 143/304/416
f 139/305/417 143/306/418 141/307/419 137/308/420
f 141/309/421 142/310/422 138/311/423 137/312/424
f 142/313/425 144/314/426 140/315/427 138/316/428
f 142/317/429 141/318/430 143/319/431 144/320/432
g default
v -1.240917 2.587839 7.565396
v -1.240917 2.587839 7.439407
v -1.258403 2.587839 7.439407
v -1.258403 2.587839 7.415690
v -1.275435 2.587839 7.415690
v -1.275435 2.587839 7.396110
v -1.424960 2.587839 7.396110
v -1.424960 2.587839 7.415690
v -1.441990 2.587839 7.415690
v -1.441990 2.587839 7.439407
v -1.459476 2.587839 7.439407
v -1.459476 2.587839 7.565396
v -1.484185 2.532622 7.565396
v -1.484185 2.532622 7.410921
v -1.462745 2.532622 7.410921
v -1.462745 2.532622 7.382136
v -1.441863 2.532622 7.382136
v -1.441863 2.532622 7.358272
v -1.258531 2.532622 7.358272
v -1.258531 2.532622 7.382136
v -1.237649 2.532622 7.382136
v -1.237649 2.532622 7.410921
v -1.216210 2.532622 7.410921
v -1.216210 2.532622 7.565396
v -1.536858 2.587839 7.565396
v -1.527854 2.532622 7.565396
v -1.527854 2.532622 7.358540
v -1.536858 2.587839 7.351373
v -1.504012 2.532622 7.358540
v -1.511811 2.587839 7.351373
v -1.504012 2.532480 7.324160
v -1.511811 2.587695 7.315439
v -1.479070 2.532480 7.324160
v -1.485609 2.587695 7.315439
v -1.479070 2.532410 7.295656
v -1.485609 2.587626 7.285770
v -1.221324 2.532410 7.295656
v -1.214843 2.587626 7.285769
v -1.214843 2.587695 7.315439
v -1.221324 2.532480 7.324160
v -1.188642 2.587695 7.315439
v -1.196382 2.532480 7.324160
v -1.188642 2.587839 7.351373
v -1.196382 2.532622 7.358540
v -1.162381 2.587839 7.351373
v -1.171383 2.532622 7.358540
v -1.162380 2.587839 7.565396
v -1.171383 2.532622 7.565396
v -1.536858 2.570947 7.565396
v -1.536858 2.570947 7.351373
v -1.511811 2.570947 7.351373
v -1.511811 2.570804 7.315550
v -1.485609 2.570804 7.315550
v -1.485609 2.570735 7.285935
v -1.214843 2.570735 7.285935
v -1.214843 2.570804 7.315550
v -1.188642 2.570804 7.315550
v -1.188642 2.570947 7.351373
v -1.162381 2.570947 7.351373
v -1.162381 2.570947 7.565396
v -1.527854 2.565154 7.565396
v -1.527854 2.565154 7.358540
v -1.504012 2.565154 7.358540
v -1.504012 2.565012 7.323953
v -1.479070 2.565012 7.323953
v -1.479070 2.564941 7.295348
v -1.221324 2.564942 7.295348
v -1.221324 2.565012 7.323953
v -1.196382 2.565012 7.323953
v -1.196382 2.565154 7.358540
v -1.171383 2.565154 7.358540
v -1.171383 2.565154 7.565396
v -1.240917 2.696014 7.565396
v -1.240917 2.696014 7.439407
v -1.258403 2.696014 7.439407
v -1.258403 2.696014 7.415690
v -1.275435 2.696014 7.415690
v -1.275435 2.696014 7.396110
v -1.424960 2.696013 7.396110
v -1.424960 2.696014 7.415690
v -1.441990 2.696014 7.415690
v -1.441990 2.696014 7.439407
v -1.459476 2.696014 7.439407
v -1.459476 2.696014 7.565396
v -1.484185 2.640798 7.565396
v -1.484185 2.640798 7.410921
v -1.462745 2.640798 7.410921
v -1.462745 2.640798 7.382136
v -1.441863 2.640798 7.382136
v -1.441863 2.640798 7.358272
v -1.258531 2.640798 7.358272
v -1.258531 2.640798 7.382136
v -1.237649 2.640798 7.382136
v -1.237649 2.640798 7.410921
v -1.216210 2.640798 7.410921
v -1.216210 2.640798 7.565396
v -1.536858 2.696014 7.565396
v -1.527854 2.640798 7.565396
v -1.527854 2.640798 7.358540
v -1.536858 2.696014 7.351373
v -1.504012 2.640798 7.358540
v -1.511811 2.696014 7.351373
v -1.504012 2.640655 7.324160
v -1.511811 2.695871 7.315439
v -1.479070 2.640655 7.324160
v -1.485609 2.695871 7.315439
v -1.479070 2.640586 7.295656
v -1.485609 2.695802 7.285770
v -1.221324 2.640586 7.295656
v -1.214843 2.695802 7.285769
v -1.214843 2.695871 7.315439
v -1.221324 2.640655 7.324160
v -1.188642 2.695871 7.315439
v -1.196382 2.640655 7.324160
v -1.188642 2.696014 7.351373
v -1.196382 2.640798 7.358540
v -1.162381 2.696014 7.351373
v -1.171383 2.640798 7.358540
v -1.162380 2.696014 7.565396
v -1.171383 2.640798 7.565396
v -1.536858 2.679123 7.565396
v -1.536858 2.679123 7.351373
v -1.511811 2.679123 7.351373
v -1.511811 2.678980 7.315550
v -1.485609 2.678980 7.315550
v -1.485609 2.678911 7.285935
v -1.214843 2.678911 7.285935
v -1.214843 2.678980 7.315550
v -1.188642 2.678980 7.315550
v -1.188642 2.679123 7.351373
v -1.162381 2.679123 7.351373
v -1.162381 2.679123 7.565396
v -1.527854 2.673330 7.565396
v -1.527854 2.673330 7.358540
v -1.504012 2.673330 7.358540
v -1.504012 2.673186 7.323953
v -1.479070 2.673186 7.323953
v -1.479070 2.673118 7.295348
v -1.221324 2.673118 7.295348
v -1.221324 2.673186 7.323953
v -1.196382 2.673186 7.323953
v -1.196382 2.673330 7.358540
v -1.171383 2.673330 7.358540
v -1.171383 2.673330 7.565396
v -1.190162 3.357485 7.153294
v -1.190162 2.714142 7.380891
v -1.190162 3.128519 7.297901
v -1.190162 3.540381 6.973334
v -1.190162 2.931882 7.366423
v -1.215770 2.714142 7.380891
v -1.215770 3.540381 6.973334
v -1.215770 3.128519 7.297901
v -1.215770 3.357485 7.153294
v -1.215770 2.931882 7.366423
v -1.215770 2.712985 7.345999
v -1.215770 3.513601 6.951196
v -1.215770 3.113445 7.266641
v -1.215770 3.335909 7.126077
v -1.215770 2.924976 7.332503
v -1.240712 2.712985 7.345999
v -1.240712 3.513601 6.951196
v -1.240712 3.113445 7.266641
v -1.240712 3.335909 7.126077
v -1.240712 2.924976 7.332503
v -1.240712 2.711978 7.317244
v -1.240712 3.491745 6.932644
v -1.240712 3.101009 7.240888
v -1.240712 3.318126 7.103653
v -1.240712 2.919313 7.304554
v -1.190162 3.689106 6.750283
v -1.215770 3.689106 6.750283
v -1.215770 3.655289 6.750283
v -1.240712 3.655289 6.750283
v -1.240712 3.623910 6.750283
v -1.190162 -0.012801 7.380891
v -1.215770 -0.012801 7.380891
v -1.215770 -0.012801 7.345999
v -1.240712 -0.012801 7.345999
v -1.240712 -0.012801 7.317244
v -1.190162 3.597318 7.020270
v -1.190162 3.777855 6.750283
v -1.190162 3.160517 7.364300
v -1.190162 3.403306 7.211103
v -1.190162 2.716645 7.455039
v -1.190162 2.946579 7.438467
v -1.190162 -0.012801 7.455039
v -1.190162 2.716645 7.675754
v -1.190162 2.946579 7.692326
v -1.190162 -0.012801 7.675754
v -1.510231 2.716645 7.675754
v -1.510231 2.946579 7.692326
v -1.510231 -0.012801 7.675754
v -1.510231 3.357485 7.153294
v -1.510231 2.714142 7.380891
v -1.510231 3.128519 7.297901
v -1.510231 3.540381 6.973334
v -1.510231 2.931882 7.366423
v -1.484625 2.714142 7.380891
v -1.484625 3.540381 6.973334
v -1.484625 3.128519 7.297901
v -1.484625 3.357485 7.153294
v -1.484625 2.931882 7.366423
v -1.484625 2.712985 7.345999
v -1.484625 3.513601 6.951196
v -1.484625 3.113445 7.266641
v -1.484625 3.335909 7.126077
v -1.484625 2.924976 7.332503
v -1.459682 2.712985 7.345999
v -1.459683 3.513601 6.951196
v -1.459683 3.113445 7.266641
v -1.459683 3.335909 7.126077
v -1.459682 2.924976 7.332503
v -1.459682 2.711978 7.317244
v -1.459683 3.491745 6.932644
v -1.459683 3.101009 7.240888
v -1.459683 3.318126 7.103653
v -1.459682 2.919313 7.304554
v -1.510231 3.689106 6.750283
v -1.484625 3.689106 6.750283
v -1.484625 3.655289 6.750283
v -1.459683 3.655289 6.750283
v -1.459682 3.623910 6.750283
v -1.510231 -0.012801 7.380891
v -1.484625 -0.012801 7.380891
v -1.484625 -0.012801 7.345999
v -1.459682 -0.012801 7.345999
v -1.459682 -0.012801 7.317244
v -1.510231 3.597318 7.020270
v -1.510231 3.777855 6.750283
v -1.510231 3.160517 7.364300
v -1.510231 3.403306 7.211103
v -1.510231 2.716645 7.455039
v -1.510231 2.946579 7.438467
v -1.510231 -0.012801 7.455039
v -1.510231 4.608101 6.750283
v -1.190162 4.608101 6.750283
v -1.350197 4.608101 6.750283
v -1.350197 4.608101 6.750283
v -1.350197 4.608101 6.750283
v -1.240917 2.642421 7.565396
v -1.240917 2.642421 7.439407
v -1.258403 2.642421 7.439407
v -1.258403 2.642421 7.415690
v -1.275435 2.642421 7.415690
v -1.275435 2.642421 7.396110
v -1.424960 2.642421 7.396110
v -1.424960 2.642421 7.415690
v -1.441990 2.642421 7.415690
v -1.441990 2.642421 7.439407
v -1.459476 2.642421 7.439407
v -1.459476 2.642421 7.565396
v -1.484185 2.587205 7.565396
v -1.484185 2.587205 7.410921
v -1.462745 2.587205 7.410921
v -1.462745 2.587205 7.382136
v -1.441863 2.587205 7.382136
v -1.441863 2.587205 7.358272
v -1.258531 2.587205 7.358272
v -1.258531 2.587205 7.382136
v -1.237649 2.587205 7.382136
v -1.237649 2.587205 7.410921
v -1.216210 2.587205 7.410921
v -1.216210 2.587205 7.565396
v -1.536858 2.642421 7.565396
v -1.527854 2.587205 7.565396
v -1.527854 2.587205 7.358540
v -1.536858 2.642421 7.351373
v -1.504012 2.587205 7.358540
v -1.511811 2.642421 7.351373
v -1.504012 2.587062 7.324160
v -1.511811 2.642277 7.315439
v -1.479070 2.587062 7.324160
v -1.485609 2.642277 7.315439
v -1.479070 2.586993 7.295656
v -1.485609 2.642210 7.285770
v -1.221324 2.586993 7.295656
v -1.214843 2.642210 7.285769
v -1.214843 2.642277 7.315439
v -1.221324 2.587062 7.324160
v -1.188642 2.642277 7.315439
v -1.196382 2.587062 7.324160
v -1.188642 2.642421 7.351373
v -1.196382 2.587205 7.358540
v -1.162381 2.642421 7.351373
v -1.171383 2.587205 7.358540
v -1.162380 2.642421 7.565396
v -1.171383 2.587205 7.565396
v -1.536858 2.625530 7.565396
v -1.536858 2.625530 7.351373
v -1.511811 2.625530 7.351373
v -1.511811 2.625387 7.315550
v -1.485609 2.625387 7.315550
v -1.485609 2.625317 7.285935
v -1.214843 2.625318 7.285935
v -1.214843 2.625387 7.315550
v -1.188642 2.625387 7.315550
v -1.188642 2.625530 7.351373
v -1.162381 2.625530 7.351373
v -1.162381 2.625530 7.565396
v -1.527854 2.619736 7.565396
v -1.527854 2.619736 7.358540
v -1.504012 2.619736 7.358540
v -1.504012 2.619593 7.323953
v -1.479070 2.619593 7.323953
v -1.479070 2.619524 7.295348
v -1.221324 2.619524 7.295348
v -1.221324 2.619593 7.323953
v -1.196382 2.619593 7.323953
v -1.196382 2.619736 7.358540
v -1.171383 2.619736 7.358540
v -1.171383 2.619736 7.565396
v -1.190162 -0.012801 7.565396
v -1.190162 2.716645 7.565396
v -1.190162 2.946579 7.565396
v -1.190162 3.160517 7.565396
v -1.190162 3.403306 7.565396
v -1.190162 3.597318 7.565396
v -1.190162 3.777855 7.565396
v -1.190162 4.608101 7.273900
v -1.350197 4.608101 7.390492
v -1.510231 4.608101 7.390492
v -1.510231 3.777855 7.565396
v -1.510231 3.597318 7.565396
v -1.510231 3.403306 7.565396
v -1.510231 3.160517 7.565396
v -1.510231 2.946579 7.565396
v -1.510231 2.716645 7.565396
v -1.510231 -0.012801 7.565396
v -1.190162 4.276002 6.750283
v -1.190162 4.278371 7.448681
v -1.350197 4.278371 7.565396
v -3.136754 4.266346 6.415105
v -1.505423 4.266346 6.415105
v -3.136754 4.421102 6.415105
v -1.505423 4.421102 6.415105
v -3.136754 4.421102 6.260350
v -1.505423 4.421102 6.260350
v -3.136754 4.266346 6.260350
v -1.505423 4.266346 6.260350
v -1.223541 2.587839 5.796318
v -1.349530 2.587839 5.796318
v -1.475520 2.587839 5.796318
v -1.475520 2.587839 5.816477
v -1.499236 2.587839 5.816477
v -1.499236 2.587839 5.836113
v -1.518817 2.587839 5.836113
v -1.518817 2.587839 6.008501
v -1.499236 2.587839 6.008501
v -1.499236 2.587839 6.028136
v -1.475520 2.587839 6.028136
v -1.475520 2.587839 6.048296
v -1.349530 2.587839 6.048296
v -1.223541 2.587839 6.048296
v -1.223541 2.587839 6.028136
v -1.199825 2.587839 6.028136
v -1.199825 2.587839 6.008501
v -1.180244 2.587839 6.008501
v -1.180244 2.587839 5.836113
v -1.199825 2.587839 5.836113
v -1.199825 2.587839 5.816477
v -1.223541 2.587839 5.816477
v -1.195055 2.532622 6.076782
v -1.349530 2.532622 6.076782
v -1.504006 2.532622 6.076782
v -1.504006 2.532622 6.052065
v -1.532790 2.532622 6.052065
v -1.532790 2.532622 6.027989
v -1.556655 2.532622 6.027989
v -1.556655 2.532622 5.816625
v -1.532790 2.532622 5.816625
v -1.532790 2.532622 5.792549
v -1.504006 2.532622 5.792549
v -1.504006 2.532622 5.767832
v -1.349530 2.532622 5.767832
v -1.195055 2.532622 5.767832
v -1.195055 2.532622 5.792549
v -1.166270 2.532622 5.792549
v -1.166270 2.532622 5.816625
v -1.142405 2.532622 5.816625
v -1.142405 2.532622 6.027989
v -1.166270 2.532622 6.027989
v -1.166270 2.532622 6.052065
v -1.195055 2.532622 6.052065
v -1.135507 2.587839 6.137509
v -1.142674 2.532622 6.127130
v -1.349530 2.587839 6.137509
v -1.349530 2.532622 6.127130
v -1.556387 2.532622 6.127130
v -1.563554 2.587839 6.137509
v -1.556387 2.532622 6.099642
v -1.563554 2.587839 6.108633
v -1.590767 2.532480 6.099642
v -1.599488 2.587695 6.108633
v -1.590767 2.532480 6.070886
v -1.599488 2.587695 6.078424
v -1.619271 2.532410 6.070886
v -1.629157 2.587626 6.078424
v -1.619271 2.532410 5.773728
v -1.629157 2.587626 5.766256
v -1.599488 2.587695 5.766256
v -1.590767 2.532480 5.773728
v -1.599488 2.587695 5.736049
v -1.590767 2.532480 5.744972
v -1.563554 2.587839 5.736049
v -1.556387 2.532622 5.744972
v -1.563554 2.587839 5.705772
v -1.556387 2.532622 5.716151
v -1.349530 2.587839 5.705771
v -1.349530 2.532622 5.716151
v -1.142674 2.532622 5.716151
v -1.135507 2.587839 5.705772
v -1.142674 2.532622 5.744972
v -1.135507 2.587839 5.736049
v -1.108294 2.532480 5.744972
v -1.099573 2.587695 5.736049
v -1.108294 2.532480 5.773728
v -1.099573 2.587695 5.766256
v -1.079791 2.532410 5.773728
v -1.069904 2.587626 5.766256
v -1.079790 2.532410 6.070886
v -1.069904 2.587626 6.078424
v -1.099573 2.587695 6.078424
v -1.108294 2.532480 6.070886
v -1.099573 2.587695 6.108633
v -1.108294 2.532480 6.099642
v -1.135507 2.587839 6.108633
v -1.142674 2.532622 6.099642
v -1.349530 2.570947 6.137509
v -1.563554 2.570947 6.137509
v -1.563554 2.570947 6.108633
v -1.599377 2.570804 6.108633
v -1.599377 2.570804 6.078424
v -1.628991 2.570735 6.078424
v -1.628991 2.570735 5.766256
v -1.599377 2.570804 5.766256
v -1.599377 2.570804 5.736049
v -1.563554 2.570947 5.736049
v -1.563554 2.570947 5.705772
v -1.349530 2.570947 5.705772
v -1.135507 2.570947 5.705772
v -1.135507 2.570947 5.736049
v -1.099684 2.570804 5.736049
v -1.099684 2.570804 5.766256
v -1.070070 2.570735 5.766256
v -1.070070 2.570735 6.078424
v -1.099684 2.570804 6.078424
v -1.099684 2.570804 6.108633
v -1.135507 2.570947 6.108633
v -1.135507 2.570947 6.137509
v -1.349530 2.565154 6.127130
v -1.556387 2.565154 6.127130
v -1.556387 2.565154 6.099642
v -1.590974 2.565012 6.099642
v -1.590974 2.565012 6.070886
v -1.619578 2.564941 6.070886
v -1.619579 2.564942 5.773728
v -1.590974 2.565012 5.773728
v -1.590974 2.565012 5.744972
v -1.556387 2.565154 5.744972
v -1.556387 2.565154 5.716151
v -1.349530 2.565154 5.716151
v -1.142674 2.565154 5.716151
v -1.142674 2.565154 5.744972
v -1.108087 2.565012 5.744972
v -1.108087 2.565012 5.773728
v -1.079483 2.564942 5.773728
v -1.079482 2.564942 6.070886
v -1.108087 2.565012 6.070886
v -1.108087 2.565012 6.099642
v -1.142674 2.565154 6.099642
v -1.142674 2.565154 6.127130
v -1.223541 2.696014 5.796318
v -1.349530 2.696014 5.796318
v -1.475520 2.696014 5.796318
v -1.475520 2.696014 5.816477
v -1.499236 2.696014 5.816477
v -1.499236 2.696014 5.836113
v -1.518817 2.696014 5.836113
v -1.518817 2.696013 6.008501
v -1.499236 2.696014 6.008501
v -1.499236 2.696014 6.028136
v -1.475520 2.696014 6.028136
v -1.475520 2.696014 6.048296
v -1.349530 2.696014 6.048296
v -1.223541 2.696014 6.048296
v -1.223541 2.696014 6.028136
v -1.199825 2.696014 6.028136
v -1.199825 2.696014 6.008501
v -1.180244 2.696014 6.008501
v -1.180244 2.696014 5.836113
v -1.199825 2.696014 5.836113
v -1.199825 2.696014 5.816477
v -1.223541 2.696014 5.816477
v -1.195055 2.640798 6.076782
v -1.349530 2.640798 6.076782
v -1.504006 2.640798 6.076782
v -1.504006 2.640798 6.052065
v -1.532790 2.640798 6.052065
v -1.532790 2.640798 6.027989
v -1.556655 2.640798 6.027989
v -1.556655 2.640798 5.816625
v -1.532790 2.640798 5.816625
v -1.532790 2.640798 5.792549
v -1.504006 2.640798 5.792549
v -1.504006 2.640798 5.767832
v -1.349530 2.640798 5.767832
v -1.195055 2.640798 5.767832
v -1.195055 2.640798 5.792549
v -1.166270 2.640798 5.792549
v -1.166270 2.640798 5.816625
v -1.142405 2.640798 5.816625
v -1.142405 2.640798 6.027989
v -1.166270 2.640798 6.027989
v -1.166270 2.640798 6.052065
v -1.195055 2.640798 6.052065
v -1.135507 2.696014 6.137509
v -1.142674 2.640798 6.127130
v -1.349530 2.696014 6.137509
v -1.349530 2.640798 6.127130
v -1.556387 2.640798 6.127130
v -1.563554 2.696014 6.137509
v -1.556387 2.640798 6.099642
v -1.563554 2.696014 6.108633
v -1.590767 2.640655 6.099642
v -1.599488 2.695871 6.108633
v -1.590767 2.640655 6.070886
v -1.599488 2.695871 6.078424
v -1.619271 2.640586 6.070886
v -1.629157 2.695802 6.078424
v -1.619271 2.640586 5.773728
v -1.629157 2.695802 5.766256
v -1.599488 2.695871 5.766256
v -1.590767 2.640655 5.773728
v -1.599488 2.695871 5.736049
v -1.590767 2.640655 5.744972
v -1.563554 2.696014 5.736049
v -1.556387 2.640798 5.744972
v -1.563554 2.696014 5.705772
v -1.556387 2.640798 5.716151
v -1.349530 2.696014 5.705771
v -1.349530 2.640798 5.716151
v -1.142674 2.640798 5.716151
v -1.135507 2.696014 5.705772
v -1.142674 2.640798 5.744972
v -1.135507 2.696014 5.736049
v -1.108294 2.640655 5.744972
v -1.099573 2.695871 5.736049
v -1.108294 2.640655 5.773728
v -1.099573 2.695871 5.766256
v -1.079791 2.640586 5.773728
v -1.069904 2.695802 5.766256
v -1.079790 2.640586 6.070886
v -1.069904 2.695802 6.078424
v -1.099573 2.695871 6.078424
v -1.108294 2.640655 6.070886
v -1.099573 2.695871 6.108633
v -1.108294 2.640655 6.099642
v -1.135507 2.696014 6.108633
v -1.142674 2.640798 6.099642
v -1.349530 2.679123 6.137509
v -1.563554 2.679123 6.137509
v -1.563554 2.679123 6.108633
v -1.599377 2.678980 6.108633
v -1.599377 2.678980 6.078424
v -1.628991 2.678911 6.078424
v -1.628991 2.678911 5.766256
v -1.599377 2.678980 5.766256
v -1.599377 2.678980 5.736049
v -1.563554 2.679123 5.736049
v -1.563554 2.679123 5.705772
v -1.349530 2.679123 5.705772
v -1.135507 2.679123 5.705772
v -1.135507 2.679123 5.736049
v -1.099684 2.678980 5.736049
v -1.099684 2.678980 5.766256
v -1.070070 2.678911 5.766256
v -1.070070 2.678911 6.078424
v -1.099684 2.678980 6.078424
v -1.099684 2.678980 6.108633
v -1.135507 2.679123 6.108633
v -1.135507 2.679123 6.137509
v -1.349530 2.673330 6.127130
v -1.556387 2.673330 6.127130
v -1.556387 2.673330 6.099642
v -1.590974 2.673186 6.099642
v -1.590974 2.673186 6.070886
v -1.619578 2.673118 6.070886
v -1.619579 2.673118 5.773728
v -1.590974 2.673186 5.773728
v -1.590974 2.673186 5.744972
v -1.556387 2.673330 5.744972
v -1.556387 2.673330 5.716151
v -1.349530 2.673330 5.716151
v -1.142674 2.673330 5.716151
v -1.142674 2.673330 5.744972
v -1.108087 2.673186 5.744972
v -1.108087 2.673186 5.773728
v -1.079483 2.673118 5.773728
v -1.079482 2.673118 6.070886
v -1.108087 2.673186 6.070886
v -1.108087 2.673186 6.099642
v -1.142674 2.673330 6.099642
v -1.142674 2.673330 6.127130
v -1.761633 3.357485 5.737802
v -1.534035 2.714142 5.737802
v -1.617026 3.128519 5.737802
v -1.941592 3.540381 5.737802
v -1.548504 2.931882 5.737802
v -1.534035 2.714142 5.767324
v -1.941592 3.540381 5.767324
v -1.617026 3.128519 5.767324
v -1.761633 3.357485 5.767324
v -1.548504 2.931882 5.767324
v -1.568928 2.712985 5.767324
v -1.963731 3.513601 5.767324
v -1.648286 3.113445 5.767324
v -1.788850 3.335909 5.767324
v -1.582423 2.924976 5.767324
v -1.568928 2.712985 5.796081
v -1.963731 3.513601 5.796081
v -1.648286 3.113445 5.796081
v -1.788850 3.335909 5.796081
v -1.582423 2.924976 5.796081
v -1.597683 2.711978 5.796081
v -1.982283 3.491745 5.796081
v -1.674039 3.101009 5.796081
v -1.811274 3.318126 5.796081
v -1.610373 2.919313 5.796081
v -2.164644 3.689106 5.737802
v -2.164644 3.689106 5.767324
v -2.164644 3.655289 5.767324
v -2.164644 3.655289 5.796081
v -2.164644 3.623910 5.796081
v -1.534036 -0.012801 5.737802
v -1.534036 -0.012801 5.767324
v -1.568928 -0.012801 5.767324
v -1.568928 -0.012801 5.796081
v -1.597683 -0.012801 5.796081
v -1.894657 3.597318 5.737802
v -2.164644 3.777855 5.737802
v -1.550627 3.160517 5.737802
v -1.703824 3.403306 5.737802
v -1.459888 2.716645 5.737802
v -1.476460 2.946579 5.737802
v -1.459888 -0.012801 5.737802
v -0.937428 3.357485 5.737802
v -1.165025 2.714142 5.737802
v -1.082035 3.128519 5.737802
v -0.757469 3.540381 5.737802
v -1.150557 2.931882 5.737802
v -1.165025 2.714142 5.767324
v -0.757469 3.540381 5.767324
v -1.082035 3.128519 5.767324
v -0.937428 3.357485 5.767324
v -1.150557 2.931882 5.767324
v -1.130133 2.712985 5.767324
v -0.735331 3.513601 5.767324
v -1.050775 3.113445 5.767324
v -0.910212 3.335909 5.767324
v -1.116637 2.924976 5.767324
v -1.130133 2.712985 5.796081
v -0.735331 3.513601 5.796081
v -1.050775 3.113445 5.796081
v -0.910212 3.335909 5.796081
v -1.116637 2.924976 5.796081
v -1.101378 2.711978 5.796081
v -0.716778 3.491745 5.796081
v -1.025022 3.101009 5.796081
v -0.887787 3.318126 5.796081
v -1.088688 2.919313 5.796081
v -0.534418 3.689106 5.737802
v -0.534418 3.689106 5.767324
v -0.534418 3.655289 5.767324
v -0.534418 3.655289 5.796081
v -0.534418 3.623910 5.796081
v -1.165025 -0.012801 5.737802
v -1.165025 -0.012801 5.767324
v -1.130133 -0.012801 5.767324
v -1.130133 -0.012801 5.796081
v -1.101378 -0.012801 5.796081
v -0.804404 3.597318 5.737802
v -0.534418 3.777855 5.737802
v -1.148434 3.160517 5.737802
v -0.995237 3.403306 5.737802
v -1.239173 2.716645 5.737802
v -1.222601 2.946579 5.737802
v -1.239173 -0.012801 5.737802
v -0.937428 3.357485 6.106812
v -1.165025 2.714142 6.106812
v -1.082035 3.128519 6.106812
v -0.757469 3.540381 6.106812
v -1.150557 2.931882 6.106812
v -1.165025 2.714142 6.077290
v -0.757469 3.540381 6.077290
v -1.082035 3.128519 6.077290
v -0.937428 3.357485 6.077290
v -1.150557 2.931882 6.077290
v -1.130133 2.712985 6.077290
v -0.735331 3.513601 6.077290
v -1.050775 3.113445 6.077290
v -0.910212 3.335909 6.077290
v -1.116637 2.924976 6.077290
v -1.130133 2.712985 6.048533
v -0.735331 3.513601 6.048534
v -1.050775 3.113445 6.048534
v -0.910212 3.335909 6.048534
v -1.116637 2.924976 6.048533
v -1.101378 2.711978 6.048533
v -0.716778 3.491745 6.048534
v -1.025022 3.101009 6.048534
v -0.887787 3.318126 6.048534
v -1.088688 2.919313 6.048533
v -0.534418 3.689106 6.106812
v -0.534418 3.689106 6.077290
v -0.534418 3.655289 6.077290
v -0.534418 3.655289 6.048534
v -0.534418 3.623910 6.048533
v -1.165025 -0.012801 6.106812
v -1.165025 -0.012801 6.077290
v -1.130133 -0.012801 6.077290
v -1.130133 -0.012801 6.048533
v -1.101378 -0.012801 6.048533
v -0.804404 3.597318 6.106812
v -0.534418 3.777855 6.106812
v -1.148434 3.160517 6.106812
v -0.995237 3.403306 6.106812
v -1.239173 2.716645 6.106812
v -1.222601 2.946579 6.106812
v -1.239173 -0.012801 6.106812
v -1.761633 3.357485 6.106812
v -1.534035 2.714142 6.106812
v -1.617026 3.128519 6.106812
v -1.941592 3.540381 6.106812
v -1.548504 2.931882 6.106812
v -1.534035 2.714142 6.077290
v -1.941592 3.540381 6.077290
v -1.617026 3.128519 6.077290
v -1.761633 3.357485 6.077290
v -1.548504 2.931882 6.077290
v -1.568928 2.712985 6.077290
v -1.963731 3.513601 6.077290
v -1.648286 3.113445 6.077290
v -1.788850 3.335909 6.077290
v -1.582424 2.924976 6.077290
v -1.568928 2.712985 6.048533
v -1.963731 3.513601 6.048534
v -1.648286 3.113445 6.048534
v -1.788850 3.335909 6.048534
v -1.582424 2.924976 6.048533
v -1.597683 2.711978 6.048533
v -1.982283 3.491745 6.048534
v -1.674039 3.101009 6.048534
v -1.811274 3.318126 6.048534
v -1.610373 2.919313 6.048533
v -2.164644 3.689106 6.106812
v -2.164644 3.689106 6.077290
v -2.164644 3.655289 6.077290
v -2.164644 3.655289 6.048534
v -2.164644 3.623910 6.048533
v -1.534036 -0.012801 6.106812
v -1.534036 -0.012801 6.077290
v -1.568928 -0.012801 6.077290
v -1.568928 -0.012801 6.048533
v -1.597683 -0.012801 6.048533
v -1.894657 3.597318 6.106812
v -2.164644 3.777855 6.106812
v -1.550627 3.160517 6.106812
v -1.703824 3.403306 6.106812
v -1.459888 2.716645 6.106812
v -1.476460 2.946579 6.106812
v -1.459888 -0.012801 6.106812
v -0.578668 4.608101 6.106812
v -2.164644 4.608101 6.106812
v -2.164644 4.608101 5.737802
v -0.578668 4.608101 5.737802
v -0.578668 4.608101 5.922307
v -2.164644 4.608101 5.922307
v -1.223541 2.642421 5.796318
v -1.349530 2.642421 5.796318
v -1.475520 2.642421 5.796318
v -1.475520 2.642421 5.816477
v -1.499236 2.642421 5.816477
v -1.499236 2.642421 5.836113
v -1.518817 2.642421 5.836113
v -1.518817 2.642421 6.008501
v -1.499236 2.642421 6.008501
v -1.499236 2.642421 6.028136
v -1.475520 2.642421 6.028136
v -1.475520 2.642421 6.048296
v -1.349530 2.642421 6.048296
v -1.223541 2.642421 6.048296
v -1.223541 2.642421 6.028136
v -1.199825 2.642421 6.028136
v -1.199825 2.642421 6.008501
v -1.180244 2.642421 6.008501
v -1.180244 2.642421 5.836113
v -1.199825 2.642421 5.836113
v -1.199825 2.642421 5.816477
v -1.223541 2.642421 5.816477
v -1.195055 2.587205 6.076782
v -1.349530 2.587205 6.076782
v -1.504006 2.587205 6.076782
v -1.504006 2.587205 6.052065
v -1.532790 2.587205 6.052065
v -1.532790 2.587205 6.027989
v -1.556655 2.587205 6.027989
v -1.556655 2.587205 5.816625
v -1.532790 2.587205 5.816625
v -1.532790 2.587205 5.792549
v -1.504006 2.587205 5.792549
v -1.504006 2.587205 5.767832
v -1.349530 2.587205 5.767832
v -1.195055 2.587205 5.767832
v -1.195055 2.587205 5.792549
v -1.166270 2.587205 5.792549
v -1.166270 2.587205 5.816625
v -1.142405 2.587205 5.816625
v -1.142405 2.587205 6.027989
v -1.166270 2.587205 6.027989
v -1.166270 2.587205 6.052065
v -1.195055 2.587205 6.052065
v -1.135507 2.642421 6.137509
v -1.142674 2.587205 6.127130
v -1.349530 2.642421 6.137509
v -1.349530 2.587205 6.127130
v -1.556387 2.587205 6.127130
v -1.563554 2.642421 6.137509
v -1.556387 2.587205 6.099642
v -1.563554 2.642421 6.108633
v -1.590767 2.587062 6.099642
v -1.599488 2.642277 6.108633
v -1.590767 2.587062 6.070886
v -1.599488 2.642277 6.078424
v -1.619271 2.586993 6.070886
v -1.629157 2.642210 6.078424
v -1.619271 2.586993 5.773728
v -1.629157 2.642210 5.766256
v -1.599488 2.642277 5.766256
v -1.590767 2.587062 5.773728
v -1.599488 2.642277 5.736049
v -1.590767 2.587062 5.744972
v -1.563554 2.642421 5.736049
v -1.556387 2.587205 5.744972
v -1.563554 2.642421 5.705772
v -1.556387 2.587205 5.716151
v -1.349530 2.642421 5.705771
v -1.349530 2.587205 5.716151
v -1.142674 2.587205 5.716151
v -1.135507 2.642421 5.705772
v -1.142674 2.587205 5.744972
v -1.135507 2.642421 5.736049
v -1.108294 2.587062 5.744972
v -1.099573 2.642277 5.736049
v -1.108294 2.587062 5.773728
v -1.099573 2.642277 5.766256
v -1.079791 2.586993 5.773728
v -1.069904 2.642210 5.766256
v -1.079790 2.586993 6.070886
v -1.069904 2.642210 6.078424
v -1.099573 2.642277 6.078424
v -1.108294 2.587062 6.070886
v -1.099573 2.642277 6.108633
v -1.108294 2.587062 6.099642
v -1.135507 2.642421 6.108633
v -1.142674 2.587205 6.099642
v -1.349530 2.625530 6.137509
v -1.563554 2.625530 6.137509
v -1.563554 2.625530 6.108633
v -1.599377 2.625387 6.108633
v -1.599377 2.625387 6.078424
v -1.628991 2.625317 6.078424
v -1.628991 2.625318 5.766256
v -1.599377 2.625387 5.766256
v -1.599377 2.625387 5.736049
v -1.563554 2.625530 5.736049
v -1.563554 2.625530 5.705772
v -1.349530 2.625530 5.705772
v -1.135507 2.625530 5.705772
v -1.135507 2.625530 5.736049
v -1.099684 2.625387 5.736049
v -1.099684 2.625387 5.766256
v -1.070070 2.625318 5.766256
v -1.070070 2.625318 6.078424
v -1.099684 2.625387 6.078424
v -1.099684 2.625387 6.108633
v -1.135507 2.625530 6.108633
v -1.135507 2.625530 6.137509
v -1.349530 2.619736 6.127130
v -1.556387 2.619736 6.127130
v -1.556387 2.619736 6.099642
v -1.590974 2.619593 6.099642
v -1.590974 2.619593 6.070886
v -1.619578 2.619524 6.070886
v -1.619579 2.619524 5.773728
v -1.590974 2.619593 5.773728
v -1.590974 2.619593 5.744972
v -1.556387 2.619736 5.744972
v -1.556387 2.619736 5.716151
v -1.349530 2.619736 5.716151
v -1.142674 2.619736 5.716151
v -1.142674 2.619736 5.744972
v -1.108087 2.619593 5.744972
v -1.108087 2.619593 5.773728
v -1.079483 2.619524 5.773728
v -1.079482 2.619524 6.070886
v -1.108087 2.619593 6.070886
v -1.108087 2.619593 6.099642
v -1.142674 2.619736 6.099642
v -1.142674 2.619736 6.127130
v -0.310667 3.777855 5.737802
v -0.399858 3.696161 5.737802
v -0.399858 3.696161 5.767324
v -0.426571 3.675425 5.767324
v -0.426571 3.675425 5.796081
v -0.451358 3.656185 5.796081
v -0.399858 3.696161 6.077290
v -0.399858 3.696161 6.106812
v -0.426571 3.675425 6.077290
v -0.426571 3.675425 6.048534
v -0.451358 3.656185 6.048533
v -0.310667 3.777855 6.106812
v -0.451358 3.656185 5.922307
v -0.534418 3.623910 5.922307
v -0.716778 3.491745 5.922307
v -0.887787 3.318126 5.922307
v -1.025022 3.101009 5.922307
v -1.088688 2.919313 5.922307
v -1.101378 2.711978 5.922307
v -1.101378 -0.012801 5.922307
v -2.164644 3.777855 5.922307
v -2.551094 4.037792 5.922307
v -3.264433 4.608101 5.922307
v -3.264433 4.608101 5.737802
v -2.551094 4.037792 5.737802
v -3.264433 4.608101 6.106812
v -2.551094 4.037792 6.106812
v 0.030361 4.176577 6.106812
v 0.036722 4.034113 6.106812
v 0.032279 4.175971 5.922307
v 0.040785 4.033529 5.924351
v 0.036722 4.034113 5.737802
v 0.030361 4.176577 5.737802
v -0.173722 4.317748 6.106812
v -0.172086 4.316576 5.922307
v -0.173722 4.317748 5.737802
v -0.556465 4.191518 6.106812
v -2.164644 4.191518 6.106812
v -3.185988 4.231664 6.106812
v -3.185988 4.231664 5.922307
v -3.185988 4.231664 5.737802
v -2.164644 4.191518 5.737802
v -0.556465 4.191518 5.737802
v -0.220860 4.131913 5.737802
v 0.033552 4.105095 5.737802
v 0.036547 4.104500 5.923333
v 0.033552 4.105095 6.106812
v -0.220860 4.131913 6.106812
v -1.240918 2.587839 6.061160
v -1.240918 2.587839 5.935171
v -1.459476 2.587839 5.935171
v -1.459476 2.587839 6.061160
v -1.441990 2.587839 6.061160
v -1.441990 2.587839 6.084876
v -1.424960 2.587839 6.084876
v -1.424960 2.587839 6.104457
v -1.275435 2.587839 6.104457
v -1.275435 2.587839 6.084876
v -1.258403 2.587839 6.084876
v -1.258403 2.587839 6.061160
v -1.484185 2.532622 6.089646
v -1.484185 2.532622 5.935171
v -1.216210 2.532622 5.935171
v -1.216210 2.532622 6.089646
v -1.237649 2.532622 6.089646
v -1.237649 2.532622 6.118431
v -1.258531 2.532622 6.118431
v -1.258531 2.532622 6.142296
v -1.441863 2.532622 6.142296
v -1.441863 2.532622 6.118431
v -1.462745 2.532622 6.118431
v -1.462745 2.532622 6.089646
v -1.536858 2.587839 6.149194
v -1.527854 2.532622 6.142027
v -1.536858 2.587839 5.935171
v -1.527854 2.532622 5.935171
v -1.162380 2.587839 5.935171
v -1.171383 2.532622 5.935171
v -1.171383 2.532622 6.142027
v -1.162381 2.587839 6.149194
v -1.196382 2.532622 6.142027
v -1.188642 2.587839 6.149194
v -1.196382 2.532480 6.176407
v -1.188642 2.587695 6.185128
v -1.221324 2.532480 6.176407
v -1.214843 2.587695 6.185128
v -1.221324 2.532410 6.204910
v -1.214843 2.587626 6.214797
v -1.479070 2.532410 6.204911
v -1.485609 2.587626 6.214797
v -1.485609 2.587695 6.185128
v -1.479070 2.532480 6.176407
v -1.511811 2.587695 6.185128
v -1.504012 2.532480 6.176407
v -1.511811 2.587839 6.149194
v -1.504012 2.532622 6.142027
v -1.536858 2.570947 5.935171
v -1.162381 2.570947 5.935171
v -1.162381 2.570947 6.149194
v -1.188642 2.570947 6.149194
v -1.188642 2.570804 6.185017
v -1.214843 2.570804 6.185017
v -1.214843 2.570735 6.214632
v -1.485609 2.570735 6.214632
v -1.485609 2.570804 6.185017
v -1.511811 2.570804 6.185017
v -1.511811 2.570947 6.149194
v -1.536858 2.570947 6.149194
v -1.527854 2.565154 5.935171
v -1.171383 2.565154 5.935171
v -1.171383 2.565154 6.142027
v -1.196382 2.565154 6.142027
v -1.196382 2.565012 6.176614
v -1.221324 2.565012 6.176614
v -1.221324 2.564942 6.205218
v -1.479070 2.564942 6.205219
v -1.479070 2.565012 6.176614
v -1.504012 2.565012 6.176614
v -1.504012 2.565154 6.142027
v -1.527854 2.565154 6.142027
v -1.240918 2.696014 6.061160
v -1.240918 2.696014 5.935171
v -1.459476 2.696014 5.935171
v -1.459476 2.696014 6.061160
v -1.441990 2.696014 6.061160
v -1.441990 2.696014 6.084876
v -1.424960 2.696014 6.084876
v -1.424960 2.696014 6.104457
v -1.275435 2.696014 6.104457
v -1.275435 2.696014 6.084876
v -1.258403 2.696014 6.084876
v -1.258403 2.696014 6.061160
v -1.484185 2.640798 6.089646
v -1.484185 2.640798 5.935171
v -1.216210 2.640798 5.935171
v -1.216210 2.640798 6.089646
v -1.237649 2.640798 6.089646
v -1.237649 2.640798 6.118431
v -1.258531 2.640798 6.118431
v -1.258531 2.640798 6.142296
v -1.441863 2.640798 6.142296
v -1.441863 2.640798 6.118431
v -1.462745 2.640798 6.118431
v -1.462745 2.640798 6.089646
v -1.536858 2.696014 6.149194
v -1.527854 2.640798 6.142027
v -1.536858 2.696014 5.935171
v -1.527854 2.640798 5.935171
v -1.162380 2.696014 5.935171
v -1.171383 2.640798 5.935171
v -1.171383 2.640798 6.142027
v -1.162381 2.696014 6.149194
v -1.196382 2.640798 6.142027
v -1.188642 2.696014 6.149194
v -1.196382 2.640655 6.176407
v -1.188642 2.695871 6.185128
v -1.221324 2.640655 6.176407
v -1.214843 2.695871 6.185128
v -1.221324 2.640586 6.204910
v -1.214843 2.695802 6.214797
v -1.479070 2.640586 6.204911
v -1.485609 2.695802 6.214797
v -1.485609 2.695871 6.185128
v -1.479070 2.640655 6.176407
v -1.511811 2.695871 6.185128
v -1.504012 2.640655 6.176407
v -1.511811 2.696014 6.149194
v -1.504012 2.640798 6.142027
v -1.536858 2.679123 5.935171
v -1.162381 2.679123 5.935171
v -1.162381 2.679123 6.149194
v -1.188642 2.679123 6.149194
v -1.188642 2.678980 6.185017
v -1.214843 2.678980 6.185017
v -1.214843 2.678911 6.214632
v -1.485609 2.678911 6.214632
v -1.485609 2.678980 6.185017
v -1.511811 2.678980 6.185017
v -1.511811 2.679123 6.149194
v -1.536858 2.679123 6.149194
v -1.527854 2.673330 5.935171
v -1.171383 2.673330 5.935171
v -1.171383 2.673330 6.142027
v -1.196382 2.673330 6.142027
v -1.196382 2.673186 6.176614
v -1.221324 2.673186 6.176614
v -1.221324 2.673118 6.205218
v -1.479070 2.673118 6.205219
v -1.479070 2.673186 6.176614
v -1.504012 2.673186 6.176614
v -1.504012 2.673330 6.142027
v -1.527854 2.673330 6.142027
v -1.190162 2.716645 5.824813
v -1.190162 2.946579 5.808242
v -1.190162 -0.012801 5.824813
v -1.190162 3.357485 6.347273
v -1.190162 2.714142 6.119676
v -1.190162 3.128519 6.202666
v -1.190162 3.540381 6.527232
v -1.190162 2.931882 6.134144
v -1.215770 2.714142 6.119676
v -1.215770 3.540381 6.527232
v -1.215770 3.128519 6.202666
v -1.215770 3.357485 6.347273
v -1.215770 2.931882 6.134144
v -1.215770 2.712985 6.154569
v -1.215770 3.513601 6.549371
v -1.215770 3.113445 6.233926
v -1.215770 3.335909 6.374490
v -1.215770 2.924976 6.168064
v -1.240712 2.712985 6.154569
v -1.240712 3.513601 6.549371
v -1.240712 3.113445 6.233926
v -1.240712 3.335909 6.374490
v -1.240712 2.924976 6.168064
v -1.240712 2.711978 6.183323
v -1.240712 3.491745 6.567923
v -1.240712 3.101009 6.259679
v -1.240712 3.318126 6.396914
v -1.240712 2.919313 6.196013
v -1.190162 3.689106 6.750283
v -1.215770 3.689106 6.750283
v -1.215770 3.655289 6.750283
v -1.240712 3.655289 6.750283
v -1.240712 3.623910 6.750283
v -1.190162 -0.012801 6.119676
v -1.215770 -0.012801 6.119676
v -1.215770 -0.012801 6.154569
v -1.240712 -0.012801 6.154569
v -1.240712 -0.012801 6.183323
v -1.190162 3.597318 6.480297
v -1.190162 3.777855 6.750283
v -1.190162 3.160517 6.136267
v -1.190162 3.403306 6.289464
v -1.190162 2.716645 6.045527
v -1.190162 2.946579 6.062100
v -1.190162 -0.012801 6.045527
v -1.510231 3.357485 6.347273
v -1.510231 2.714142 6.119676
v -1.510231 3.128519 6.202666
v -1.510231 3.540381 6.527232
v -1.510231 2.931882 6.134144
v -1.484625 2.714142 6.119676
v -1.484625 3.540381 6.527232
v -1.484625 3.128519 6.202666
v -1.484625 3.357485 6.347273
v -1.484625 2.931882 6.134144
v -1.484625 2.712985 6.154569
v -1.484625 3.513601 6.549371
v -1.484625 3.113445 6.233926
v -1.484625 3.335909 6.374490
v -1.484625 2.924976 6.168064
v -1.459682 2.712985 6.154569
v -1.459683 3.513601 6.549371
v -1.459683 3.113445 6.233926
v -1.459683 3.335909 6.374490
v -1.459682 2.924976 6.168064
v -1.459682 2.711978 6.183323
v -1.459683 3.491745 6.567923
v -1.459683 3.101009 6.259679
v -1.459683 3.318126 6.396914
v -1.459682 2.919313 6.196013
v -1.510231 3.689106 6.750283
v -1.484625 3.689106 6.750283
v -1.484625 3.655289 6.750283
v -1.459683 3.655289 6.750283
v -1.459682 3.623910 6.750283
v -1.510231 -0.012801 6.119676
v -1.484625 -0.012801 6.119676
v -1.484625 -0.012801 6.154569
v -1.459682 -0.012801 6.154569
v -1.459682 -0.012801 6.183323
v -1.510231 3.597318 6.480297
v -1.510231 3.777855 6.750283
v -1.510231 3.160517 6.136267
v -1.510231 3.403306 6.289464
v -1.510231 2.716645 6.045527
v -1.510231 2.946579 6.062100
v -1.510231 -0.012801 6.045527
v -1.510231 2.716645 5.824813
v -1.510231 2.946579 5.808242
v -1.510231 -0.012801 5.824813
v -1.510231 4.608101 6.750283
v -1.190162 4.608101 6.750283
v -1.350197 4.608101 6.750283
v -1.350197 4.608101 6.750283
v -1.350197 4.608101 6.750283
v -1.350197 4.608101 6.750283
v -1.240918 2.642421 6.061160
v -1.240918 2.642421 5.935171
v -1.459476 2.642421 5.935171
v -1.459476 2.642421 6.061160
v -1.441990 2.642421 6.061160
v -1.441990 2.642421 6.084876
v -1.424960 2.642421 6.084876
v -1.424960 2.642421 6.104457
v -1.275435 2.642421 6.104457
v -1.275435 2.642421 6.084876
v -1.258403 2.642421 6.084876
v -1.258403 2.642421 6.061160
v -1.484185 2.587205 6.089646
v -1.484185 2.587205 5.935171
v -1.216210 2.587205 5.935171
v -1.216210 2.587205 6.089646
v -1.237649 2.587205 6.089646
v -1.237649 2.587205 6.118431
v -1.258531 2.587205 6.118431
v -1.258531 2.587205 6.142296
v -1.441863 2.587205 6.142296
v -1.441863 2.587205 6.118431
v -1.462745 2.587205 6.118431
v -1.462745 2.587205 6.089646
v -1.536858 2.642421 6.149194
v -1.527854 2.587205 6.142027
v -1.536858 2.642421 5.935171
v -1.527854 2.587205 5.935171
v -1.162380 2.642421 5.935171
v -1.171383 2.587205 5.935171
v -1.171383 2.587205 6.142027
v -1.162381 2.642421 6.149194
v -1.196382 2.587205 6.142027
v -1.188642 2.642421 6.149194
v -1.196382 2.587062 6.176407
v -1.188642 2.642277 6.185128
v -1.221324 2.587062 6.176407
v -1.214843 2.642277 6.185128
v -1.221324 2.586993 6.204910
v -1.214843 2.642210 6.214797
v -1.479070 2.586993 6.204911
v -1.485609 2.642210 6.214797
v -1.485609 2.642277 6.185128
v -1.479070 2.587062 6.176407
v -1.511811 2.642277 6.185128
v -1.504012 2.587062 6.176407
v -1.511811 2.642421 6.149194
v -1.504012 2.587205 6.142027
v -1.536858 2.625530 5.935171
v -1.162381 2.625530 5.935171
v -1.162381 2.625530 6.149194
v -1.188642 2.625530 6.149194
v -1.188642 2.625387 6.185017
v -1.214843 2.625387 6.185017
v -1.214843 2.625318 6.214632
v -1.485609 2.625318 6.214632
v -1.485609 2.625387 6.185017
v -1.511811 2.625387 6.185017
v -1.511811 2.625530 6.149194
v -1.536858 2.625530 6.149194
v -1.527854 2.619736 5.935171
v -1.171383 2.619736 5.935171
v -1.171383 2.619736 6.142027
v -1.196382 2.619736 6.142027
v -1.196382 2.619593 6.176614
v -1.221324 2.619593 6.176614
v -1.221324 2.619524 6.205218
v -1.479070 2.619524 6.205219
v -1.479070 2.619593 6.176614
v -1.504012 2.619593 6.176614
v -1.504012 2.619736 6.142027
v -1.527854 2.619736 6.142027
v -1.190162 -0.012801 5.935171
v -1.190162 2.716645 5.935171
v -1.190162 2.946579 5.935171
v -1.190162 3.160517 5.935171
v -1.190162 3.403306 5.935171
v -1.190162 3.597318 5.935171
v -1.190162 3.777855 5.935171
v -1.190162 4.608101 5.935171
v -1.350197 4.608101 5.935171
v -1.510231 4.608101 5.935171
v -1.510231 3.777855 5.935171
v -1.510231 3.597318 5.935171
v -1.510231 3.403306 5.935171
v -1.510231 3.160517 5.935171
v -1.510231 2.946579 5.935171
v -1.510231 2.716645 5.935171
v -1.510231 -0.012801 5.935171
v -1.538790 5.245642 5.738495
v -1.553259 5.528193 5.738495
v -1.538790 5.245642 5.768017
v -1.553259 5.528193 5.768017
v -1.573682 5.244423 5.768017
v -1.587177 5.520941 5.768017
v -1.573682 5.244423 5.796773
v -1.587177 5.520941 5.796773
v -1.602436 5.243367 5.796773
v -1.615125 5.514991 5.796773
v -1.538790 4.607138 5.738495
v -1.538790 4.607138 5.768017
v -1.573682 4.607138 5.768017
v -1.573682 4.607138 5.796773
v -1.602436 4.607138 5.796773
v -1.464641 5.248272 5.738495
v -1.479447 5.512167 5.738495
v -1.464641 4.607138 5.738495
v -1.169780 5.245642 5.738495
v -1.155312 5.474370 5.738495
v -1.169780 5.245642 5.768017
v -1.155312 5.474370 5.768017
v -1.134887 5.244423 5.768017
v -1.121392 5.467118 5.768017
v -1.134887 5.244423 5.796773
v -1.121392 5.467118 5.796773
v -1.106133 5.243367 5.796773
v -1.093442 5.461168 5.796773
v -1.169780 4.607138 5.738495
v -1.169780 4.607138 5.768017
v -1.134887 4.607138 5.768017
v -1.134887 4.607138 5.796773
v -1.106133 4.607138 5.796773
v -1.243927 5.248272 5.738495
v -1.227355 5.489811 5.738495
v -1.243927 4.607138 5.738495
v -1.169780 5.245642 6.107504
v -1.155312 5.474370 6.107504
v -1.169780 5.245642 6.077983
v -1.155312 5.474370 6.077983
v -1.134887 5.244423 6.077983
v -1.121392 5.467118 6.077983
v -1.134887 5.244423 6.049226
v -1.121392 5.467118 6.049226
v -1.106133 5.243367 6.049226
v -1.093442 5.461168 6.049226
v -1.169780 4.607138 6.107504
v -1.169780 4.607138 6.077983
v -1.134887 4.607138 6.077983
v -1.134887 4.607138 6.049226
v -1.106133 4.607138 6.049226
v -1.243927 5.248272 6.107504
v -1.227355 5.489811 6.107504
v -1.243927 4.607138 6.107504
v -1.538790 5.245642 6.107504
v -1.553259 5.474370 6.107504
v -1.538790 5.245642 6.077983
v -1.553259 5.474370 6.077983
v -1.573682 5.244423 6.077983
v -1.587177 5.467118 6.077983
v -1.573682 5.244423 6.049226
v -1.587177 5.467118 6.049226
v -1.602436 5.243367 6.049226
v -1.615125 5.461168 6.049226
v -1.538790 4.607138 6.107504
v -1.538790 4.607138 6.077983
v -1.573682 4.607138 6.077983
v -1.573682 4.607138 6.049226
v -1.602436 4.607138 6.049226
v -1.464641 5.248272 6.107504
v -1.481214 5.489811 6.107504
v -1.464641 4.607138 6.107504
v -1.583425 5.619135 5.738495
v -1.582620 5.616710 5.768017
v -1.619286 5.617456 5.768017
v -1.618499 5.615093 5.796773
v -1.648721 5.615709 5.796773
v -1.505608 5.617550 5.738495
v -1.128221 5.556035 5.738495
v -1.204984 5.611423 5.738495
v -1.129015 5.553642 5.768017
v -1.092854 5.552905 5.768017
v -1.093629 5.550572 5.796773
v -1.063823 5.549964 5.796773
v -1.138149 5.526108 6.107504
v -1.137354 5.528502 6.077983
v -1.101216 5.527766 6.077983
v -1.100440 5.530098 6.049227
v -1.070652 5.529491 6.049227
v -1.214861 5.527671 6.107504
v -1.573364 5.534978 6.107504
v -1.495597 5.533393 6.107504
v -1.574169 5.537405 6.077983
v -1.610807 5.538153 6.077983
v -1.611593 5.540517 6.049227
v -1.641801 5.541132 6.049227
v -1.355862 5.547278 5.922999
v -4.859218 -0.012802 7.731106
v -4.213990 -0.012802 7.731106
v -4.859218 3.071444 7.731106
v -4.213990 3.071444 7.731106
v -4.859218 0.722401 5.241246
v -4.213990 0.722401 5.241246
v -4.859218 -0.012802 4.868680
v -4.213990 -0.012802 4.868680
v -4.859218 1.895365 6.346289
v -4.859218 -0.012802 6.346289
v -4.213990 -0.012802 6.346289
v -4.213990 1.895365 6.346289
v -4.859218 3.071444 7.221100
v -4.859218 -0.012802 7.221100
v -4.213990 -0.012802 7.221100
v -4.213990 3.071444 7.221100
v -4.859218 -0.012802 6.032737
v -4.859218 1.063015 6.032737
v -4.213990 1.063015 6.032737
v -4.213990 -0.012802 6.032737
v -1.524085 -0.012800 8.305389
v -1.524085 -0.012800 7.517899
v -1.178285 -0.012800 8.305389
v -1.178285 -0.012800 7.517899
v -1.178285 1.474840 8.305389
v -1.178285 2.660235 7.517899
v -1.524085 1.474840 8.305389
v -1.524085 2.660235 7.517899
v -1.524085 -0.012800 8.058790
v -1.178285 -0.012800 8.058790
v -1.178285 1.796726 8.058790
v -1.524085 1.796726 8.058790
v -1.524085 -0.012800 7.863976
v -1.178285 -0.012800 7.863976
v -1.178285 2.335534 7.863976
v -1.524085 2.335534 7.863976
v -1.178285 3.059135 7.967680
v -1.524085 3.059135 7.967680
v -1.178285 3.678089 7.517899
v -1.524085 3.678089 7.517899
v -1.178285 2.777020 7.863976
v -1.524085 2.777020 7.863976
v -1.524085 3.101721 7.517899
v -1.178285 3.101721 7.517899
v -1.493458 4.266346 6.415105
v -0.727744 4.266346 6.415105
v -1.493458 4.421102 6.415105
v -0.727744 4.421102 6.415105
v -1.493458 4.421102 6.260350
v -0.727744 4.421102 6.260350
v -1.493458 4.266346 6.260350
v -0.727744 4.266346 6.260350
v -2.607416 4.266346 7.233341
v -1.403426 4.266346 7.233341
v -2.607416 4.421102 7.233341
v -1.403426 4.421102 7.233341
v -2.607416 4.421102 7.078586
v -1.403426 4.421102 7.078586
v -2.607416 4.266346 7.078586
v -1.403426 4.266346 7.078586
v -3.274480 4.608100 6.549516
v -3.182700 4.369295 6.549516
v -2.744911 4.608100 7.011449
v -2.744911 4.369295 7.011449
v -3.246635 4.608100 6.105761
v -3.182700 4.369295 6.105761
v -2.616848 4.608100 7.374490
v -2.616848 4.369295 7.374490
v -1.505728 4.608100 6.549516
v -1.505728 4.369295 6.549516
v -1.505728 4.608100 7.011449
v -1.505728 4.369295 7.011449
v -1.505728 4.608100 6.105761
v -1.505728 4.369295 6.105761
v -1.505728 4.608100 7.374490
v -1.505728 4.369295 7.374490
v -0.707067 4.356358 6.465365
v -0.707067 4.356358 6.104706
v -0.707067 4.595163 6.465365
v -0.707067 4.595163 6.104706
v -1.067706 4.595163 6.758460
v -1.067706 4.356358 6.758460
v -1.067706 4.356358 6.104706
v -1.067706 4.595163 6.104706
v -1.210762 4.356358 6.799039
v -1.210762 4.356358 6.104706
v -1.210762 4.595163 6.799039
v -1.210762 4.595163 6.104706
v -1.223541 2.587839 7.428884
v -1.349530 2.587839 7.428884
v -1.475520 2.587839 7.428884
v -1.475520 2.587839 7.449042
v -1.499236 2.587839 7.449042
v -1.499236 2.587839 7.468678
v -1.518817 2.587839 7.468678
v -1.518817 2.587839 7.641067
v -1.499236 2.587839 7.641067
v -1.499236 2.587839 7.660702
v -1.475520 2.587839 7.660702
v -1.475520 2.587839 7.680861
v -1.349530 2.587839 7.680861
v -1.223541 2.587839 7.680861
v -1.223541 2.587839 7.660702
v -1.199825 2.587839 7.660702
v -1.199825 2.587839 7.641067
v -1.180244 2.587839 7.641067
v -1.180244 2.587839 7.468678
v -1.199825 2.587839 7.468678
v -1.199825 2.587839 7.449042
v -1.223541 2.587839 7.449042
v -1.195055 2.532622 7.709348
v -1.349530 2.532622 7.709348
v -1.504006 2.532622 7.709348
v -1.504006 2.532622 7.684630
v -1.532790 2.532622 7.684630
v -1.532790 2.532622 7.660555
v -1.556655 2.532622 7.660555
v -1.556655 2.532622 7.449190
v -1.532790 2.532622 7.449190
v -1.532790 2.532622 7.425115
v -1.504006 2.532622 7.425115
v -1.504006 2.532622 7.400397
v -1.349530 2.532622 7.400397
v -1.195055 2.532622 7.400397
v -1.195055 2.532622 7.425115
v -1.166270 2.532622 7.425115
v -1.166270 2.532622 7.449190
v -1.142405 2.532622 7.449190
v -1.142405 2.532622 7.660555
v -1.166270 2.532622 7.660555
v -1.166270 2.532622 7.684630
v -1.195055 2.532622 7.684630
v -1.135507 2.587839 7.770075
v -1.142674 2.532622 7.759695
v -1.349530 2.587839 7.770075
v -1.349530 2.532622 7.759695
v -1.556387 2.532622 7.759695
v -1.563554 2.587839 7.770075
v -1.556387 2.532622 7.732207
v -1.563554 2.587839 7.741199
v -1.590767 2.532480 7.732207
v -1.599488 2.587695 7.741199
v -1.590767 2.532480 7.703451
v -1.599488 2.587695 7.710990
v -1.619271 2.532410 7.703451
v -1.629157 2.587626 7.710990
v -1.619271 2.532410 7.406294
v -1.629157 2.587626 7.398822
v -1.599488 2.587695 7.398822
v -1.590767 2.532480 7.406294
v -1.599488 2.587695 7.368614
v -1.590767 2.532480 7.377538
v -1.563554 2.587839 7.368614
v -1.556387 2.532622 7.377538
v -1.563554 2.587839 7.338338
v -1.556387 2.532622 7.348717
v -1.349530 2.587839 7.338337
v -1.349530 2.532622 7.348717
v -1.142674 2.532622 7.348717
v -1.135507 2.587839 7.338338
v -1.142674 2.532622 7.377538
v -1.135507 2.587839 7.368614
v -1.108294 2.532480 7.377538
v -1.099573 2.587695 7.368614
v -1.108294 2.532480 7.406294
v -1.099573 2.587695 7.398822
v -1.079791 2.532410 7.406294
v -1.069904 2.587626 7.398822
v -1.079790 2.532410 7.703451
v -1.069904 2.587626 7.710990
v -1.099573 2.587695 7.710990
v -1.108294 2.532480 7.703451
v -1.099573 2.587695 7.741199
v -1.108294 2.532480 7.732207
v -1.135507 2.587839 7.741199
v -1.142674 2.532622 7.732207
v -1.349530 2.570947 7.770075
v -1.563554 2.570947 7.770075
v -1.563554 2.570947 7.741199
v -1.599377 2.570804 7.741199
v -1.599377 2.570804 7.710990
v -1.628991 2.570735 7.710990
v -1.628991 2.570735 7.398822
v -1.599377 2.570804 7.398822
v -1.599377 2.570804 7.368614
v -1.563554 2.570947 7.368614
v -1.563554 2.570947 7.338338
v -1.349530 2.570947 7.338338
v -1.135507 2.570947 7.338338
v -1.135507 2.570947 7.368614
v -1.099684 2.570804 7.368614
v -1.099684 2.570804 7.398822
v -1.070070 2.570735 7.398822
v -1.070070 2.570735 7.710990
v -1.099684 2.570804 7.710990
v -1.099684 2.570804 7.741199
v -1.135507 2.570947 7.741199
v -1.135507 2.570947 7.770075
v -1.349530 2.565154 7.759695
v -1.556387 2.565154 7.759695
v -1.556387 2.565154 7.732207
v -1.590974 2.565012 7.732207
v -1.590974 2.565012 7.703451
v -1.619578 2.564941 7.703451
v -1.619579 2.564942 7.406294
v -1.590974 2.565012 7.406294
v -1.590974 2.565012 7.377538
v -1.556387 2.565154 7.377538
v -1.556387 2.565154 7.348717
v -1.349530 2.565154 7.348717
v -1.142674 2.565154 7.348717
v -1.142674 2.565154 7.377538
v -1.108087 2.565012 7.377538
v -1.108087 2.565012 7.406294
v -1.079483 2.564942 7.406294
v -1.079482 2.564942 7.703451
v -1.108087 2.565012 7.703451
v -1.108087 2.565012 7.732207
v -1.142674 2.565154 7.732207
v -1.142674 2.565154 7.759695
v -1.223541 2.696014 7.428884
v -1.349530 2.696014 7.428884
v -1.475520 2.696014 7.428884
v -1.475520 2.696014 7.449042
v -1.499236 2.696014 7.449042
v -1.499236 2.696014 7.468678
v -1.518817 2.696014 7.468678
v -1.518817 2.696013 7.641067
v -1.499236 2.696014 7.641067
v -1.499236 2.696014 7.660702
v -1.475520 2.696014 7.660702
v -1.475520 2.696014 7.680861
v -1.349530 2.696014 7.680861
v -1.223541 2.696014 7.680861
v -1.223541 2.696014 7.660702
v -1.199825 2.696014 7.660702
v -1.199825 2.696014 7.641067
v -1.180244 2.696014 7.641067
v -1.180244 2.696014 7.468678
v -1.199825 2.696014 7.468678
v -1.199825 2.696014 7.449042
v -1.223541 2.696014 7.449042
v -1.195055 2.640798 7.709348
v -1.349530 2.640798 7.709348
v -1.504006 2.640798 7.709348
v -1.504006 2.640798 7.684630
v -1.532790 2.640798 7.684630
v -1.532790 2.640798 7.660555
v -1.556655 2.640798 7.660555
v -1.556655 2.640798 7.449190
v -1.532790 2.640798 7.449190
v -1.532790 2.640798 7.425115
v -1.504006 2.640798 7.425115
v -1.504006 2.640798 7.400397
v -1.349530 2.640798 7.400397
v -1.195055 2.640798 7.400397
v -1.195055 2.640798 7.425115
v -1.166270 2.640798 7.425115
v -1.166270 2.640798 7.449190
v -1.142405 2.640798 7.449190
v -1.142405 2.640798 7.660555
v -1.166270 2.640798 7.660555
v -1.166270 2.640798 7.684630
v -1.195055 2.640798 7.684630
v -1.135507 2.696014 7.770075
v -1.142674 2.640798 7.759695
v -1.349530 2.696014 7.770075
v -1.349530 2.640798 7.759695
v -1.556387 2.640798 7.759695
v -1.563554 2.696014 7.770075
v -1.556387 2.640798 7.732207
v -1.563554 2.696014 7.741199
v -1.590767 2.640655 7.732207
v -1.599488 2.695871 7.741199
v -1.590767 2.640655 7.703451
v -1.599488 2.695871 7.710990
v -1.619271 2.640586 7.703451
v -1.629157 2.695802 7.710990
v -1.619271 2.640586 7.406294
v -1.629157 2.695802 7.398822
v -1.599488 2.695871 7.398822
v -1.590767 2.640655 7.406294
v -1.599488 2.695871 7.368614
v -1.590767 2.640655 7.377538
v -1.563554 2.696014 7.368614
v -1.556387 2.640798 7.377538
v -1.563554 2.696014 7.338338
v -1.556387 2.640798 7.348717
v -1.349530 2.696014 7.338337
v -1.349530 2.640798 7.348717
v -1.142674 2.640798 7.348717
v -1.135507 2.696014 7.338338
v -1.142674 2.640798 7.377538
v -1.135507 2.696014 7.368614
v -1.108294 2.640655 7.377538
v -1.099573 2.695871 7.368614
v -1.108294 2.640655 7.406294
v -1.099573 2.695871 7.398822
v -1.079791 2.640586 7.406294
v -1.069904 2.695802 7.398822
v -1.079790 2.640586 7.703451
v -1.069904 2.695802 7.710990
v -1.099573 2.695871 7.710990
v -1.108294 2.640655 7.703451
v -1.099573 2.695871 7.741199
v -1.108294 2.640655 7.732207
v -1.135507 2.696014 7.741199
v -1.142674 2.640798 7.732207
v -1.349530 2.679123 7.770075
v -1.563554 2.679123 7.770075
v -1.563554 2.679123 7.741199
v -1.599377 2.678980 7.741199
v -1.599377 2.678980 7.710990
v -1.628991 2.678911 7.710990
v -1.628991 2.678911 7.398822
v -1.599377 2.678980 7.398822
v -1.599377 2.678980 7.368614
v -1.563554 2.679123 7.368614
v -1.563554 2.679123 7.338338
v -1.349530 2.679123 7.338338
v -1.135507 2.679123 7.338338
v -1.135507 2.679123 7.368614
v -1.099684 2.678980 7.368614
v -1.099684 2.678980 7.398822
v -1.070070 2.678911 7.398822
v -1.070070 2.678911 7.710990
v -1.099684 2.678980 7.710990
v -1.099684 2.678980 7.741199
v -1.135507 2.679123 7.741199
v -1.135507 2.679123 7.770075
v -1.349530 2.673330 7.759695
v -1.556387 2.673330 7.759695
v -1.556387 2.673330 7.732207
v -1.590974 2.673186 7.732207
v -1.590974 2.673186 7.703451
v -1.619578 2.673118 7.703451
v -1.619579 2.673118 7.406294
v -1.590974 2.673186 7.406294
v -1.590974 2.673186 7.377538
v -1.556387 2.673330 7.377538
v -1.556387 2.673330 7.348717
v -1.349530 2.673330 7.348717
v -1.142674 2.673330 7.348717
v -1.142674 2.673330 7.377538
v -1.108087 2.673186 7.377538
v -1.108087 2.673186 7.406294
v -1.079483 2.673118 7.406294
v -1.079482 2.673118 7.703451
v -1.108087 2.673186 7.703451
v -1.108087 2.673186 7.732207
v -1.142674 2.673330 7.732207
v -1.142674 2.673330 7.759695
v -1.761633 3.357485 7.370367
v -1.534035 2.714142 7.370367
v -1.617026 3.128519 7.370367
v -1.941592 3.540381 7.370367
v -1.548504 2.931882 7.370367
v -1.534035 2.714142 7.399890
v -1.941592 3.540381 7.399890
v -1.617026 3.128519 7.399890
v -1.761633 3.357485 7.399890
v -1.548504 2.931882 7.399890
v -1.568928 2.712985 7.399890
v -1.963731 3.513601 7.399890
v -1.648286 3.113445 7.399890
v -1.788850 3.335909 7.399890
v -1.582423 2.924976 7.399890
v -1.568928 2.712985 7.428646
v -1.963731 3.513601 7.428646
v -1.648286 3.113445 7.428646
v -1.788850 3.335909 7.428646
v -1.582423 2.924976 7.428646
v -1.597683 2.711978 7.428646
v -1.982283 3.491745 7.428646
v -1.674039 3.101009 7.428646
v -1.811274 3.318126 7.428646
v -1.610373 2.919313 7.428646
v -2.164644 3.689106 7.370367
v -2.164644 3.689106 7.399890
v -2.164644 3.655289 7.399890
v -2.164644 3.655289 7.428646
v -2.164644 3.623910 7.428646
v -1.534036 -0.012801 7.370367
v -1.534036 -0.012801 7.399890
v -1.568928 -0.012801 7.399890
v -1.568928 -0.012801 7.428646
v -1.597683 -0.012801 7.428646
v -1.894657 3.597318 7.370367
v -2.164644 3.777855 7.370367
v -1.550627 3.160517 7.370367
v -1.703824 3.403306 7.370367
v -1.459888 2.716645 7.370367
v -1.476460 2.946579 7.370367
v -1.459888 -0.012801 7.370367
v -0.937428 3.357485 7.370367
v -1.165025 2.714142 7.370367
v -1.082035 3.128519 7.370367
v -0.757469 3.540381 7.370367
v -1.150557 2.931882 7.370367
v -1.165025 2.714142 7.399890
v -0.757469 3.540381 7.399890
v -1.082035 3.128519 7.399890
v -0.937428 3.357485 7.399890
v -1.150557 2.931882 7.399890
v -1.130133 2.712985 7.399890
v -0.735331 3.513601 7.399890
v -1.050775 3.113445 7.399890
v -0.910212 3.335909 7.399890
v -1.116637 2.924976 7.399890
v -1.130133 2.712985 7.428646
v -0.735331 3.513601 7.428646
v -1.050775 3.113445 7.428646
v -0.910212 3.335909 7.428646
v -1.116637 2.924976 7.428646
v -1.101378 2.711978 7.428646
v -0.716778 3.491745 7.428646
v -1.025022 3.101009 7.428646
v -0.887787 3.318126 7.428646
v -1.088688 2.919313 7.428646
v -0.534418 3.689106 7.370367
v -0.534418 3.689106 7.399890
v -0.534418 3.655289 7.399890
v -0.534418 3.655289 7.428646
v -0.534418 3.623910 7.428646
v -1.165025 -0.012801 7.370367
v -1.165025 -0.012801 7.399890
v -1.130133 -0.012801 7.399890
v -1.130133 -0.012801 7.428646
v -1.101378 -0.012801 7.428646
v -0.804404 3.597318 7.370367
v -0.534418 3.777855 7.370367
v -1.148434 3.160517 7.370367
v -0.995237 3.403306 7.370367
v -1.239173 2.716645 7.370367
v -1.222601 2.946579 7.370367
v -1.239173 -0.012801 7.370367
v -0.937428 3.357485 7.739377
v -1.165025 2.714142 7.739377
v -1.082035 3.128519 7.739377
v -0.757469 3.540381 7.739377
v -1.150557 2.931882 7.739377
v -1.165025 2.714142 7.709855
v -0.757469 3.540381 7.709855
v -1.082035 3.128519 7.709855
v -0.937428 3.357485 7.709855
v -1.150557 2.931882 7.709855
v -1.130133 2.712985 7.709855
v -0.735331 3.513601 7.709855
v -1.050775 3.113445 7.709855
v -0.910212 3.335909 7.709855
v -1.116637 2.924976 7.709855
v -1.130133 2.712985 7.681099
v -0.735331 3.513601 7.681100
v -1.050775 3.113445 7.681100
v -0.910212 3.335909 7.681100
v -1.116637 2.924976 7.681099
v -1.101378 2.711978 7.681099
v -0.716778 3.491745 7.681100
v -1.025022 3.101009 7.681100
v -0.887787 3.318126 7.681100
v -1.088688 2.919313 7.681099
v -0.534418 3.689106 7.739377
v -0.534418 3.689106 7.709855
v -0.534418 3.655289 7.709855
v -0.534418 3.655289 7.681100
v -0.534418 3.623910 7.681099
v -1.165025 -0.012801 7.739377
v -1.165025 -0.012801 7.709855
v -1.130133 -0.012801 7.709855
v -1.130133 -0.012801 7.681099
v -1.101378 -0.012801 7.681099
v -0.804404 3.597318 7.739377
v -0.534418 3.777855 7.739377
v -1.148434 3.160517 7.739377
v -0.995237 3.403306 7.739377
v -1.239173 2.716645 7.739377
v -1.222601 2.946579 7.739377
v -1.239173 -0.012801 7.739377
v -1.761633 3.357485 7.739377
v -1.534035 2.714142 7.739377
v -1.617026 3.128519 7.739377
v -1.941592 3.540381 7.739377
v -1.548504 2.931882 7.739377
v -1.534035 2.714142 7.709855
v -1.941592 3.540381 7.709855
v -1.617026 3.128519 7.709855
v -1.761633 3.357485 7.709855
v -1.548504 2.931882 7.709855
v -1.568928 2.712985 7.709855
v -1.963731 3.513601 7.709855
v -1.648286 3.113445 7.709855
v -1.788850 3.335909 7.709855
v -1.582424 2.924976 7.709855
v -1.568928 2.712985 7.681099
v -1.963731 3.513601 7.681100
v -1.648286 3.113445 7.681100
v -1.788850 3.335909 7.681100
v -1.582424 2.924976 7.681099
v -1.597683 2.711978 7.681099
v -1.982283 3.491745 7.681100
v -1.674039 3.101009 7.681100
v -1.811274 3.318126 7.681100
v -1.610373 2.919313 7.681099
v -2.164644 3.689106 7.739377
v -2.164644 3.689106 7.709855
v -2.164644 3.655289 7.709855
v -2.164644 3.655289 7.681100
v -2.164644 3.623910 7.681099
v -1.534036 -0.012801 7.739377
v -1.534036 -0.012801 7.709855
v -1.568928 -0.012801 7.709855
v -1.568928 -0.012801 7.681099
v -1.597683 -0.012801 7.681099
v -1.894657 3.597318 7.739377
v -2.164644 3.777855 7.739377
v -1.550627 3.160517 7.739377
v -1.703824 3.403306 7.739377
v -1.459888 2.716645 7.739377
v -1.476460 2.946579 7.739377
v -1.459888 -0.012801 7.739377
v -0.534418 3.870305 7.739377
v -2.164644 4.608101 7.739377
v -2.164644 4.608101 7.370367
v -0.534418 3.870305 7.370367
v -0.534418 3.870305 7.554873
v -2.164644 4.608101 7.554873
v -2.164644 4.608101 7.554873
v -2.164644 4.608101 7.554873
v -1.223541 2.642421 7.428884
v -1.349530 2.642421 7.428884
v -1.475520 2.642421 7.428884
v -1.475520 2.642421 7.449042
v -1.499236 2.642421 7.449042
v -1.499236 2.642421 7.468678
v -1.518817 2.642421 7.468678
v -1.518817 2.642421 7.641067
v -1.499236 2.642421 7.641067
v -1.499236 2.642421 7.660702
v -1.475520 2.642421 7.660702
v -1.475520 2.642421 7.680861
v -1.349530 2.642421 7.680861
v -1.223541 2.642421 7.680861
v -1.223541 2.642421 7.660702
v -1.199825 2.642421 7.660702
v -1.199825 2.642421 7.641067
v -1.180244 2.642421 7.641067
v -1.180244 2.642421 7.468678
v -1.199825 2.642421 7.468678
v -1.199825 2.642421 7.449042
v -1.223541 2.642421 7.449042
v -1.195055 2.587205 7.709348
v -1.349530 2.587205 7.709348
v -1.504006 2.587205 7.709348
v -1.504006 2.587205 7.684630
v -1.532790 2.587205 7.684630
v -1.532790 2.587205 7.660555
v -1.556655 2.587205 7.660555
v -1.556655 2.587205 7.449190
v -1.532790 2.587205 7.449190
v -1.532790 2.587205 7.425115
v -1.504006 2.587205 7.425115
v -1.504006 2.587205 7.400397
v -1.349530 2.587205 7.400397
v -1.195055 2.587205 7.400397
v -1.195055 2.587205 7.425115
v -1.166270 2.587205 7.425115
v -1.166270 2.587205 7.449190
v -1.142405 2.587205 7.449190
v -1.142405 2.587205 7.660555
v -1.166270 2.587205 7.660555
v -1.166270 2.587205 7.684630
v -1.195055 2.587205 7.684630
v -1.135507 2.642421 7.770075
v -1.142674 2.587205 7.759695
v -1.349530 2.642421 7.770075
v -1.349530 2.587205 7.759695
v -1.556387 2.587205 7.759695
v -1.563554 2.642421 7.770075
v -1.556387 2.587205 7.732207
v -1.563554 2.642421 7.741199
v -1.590767 2.587062 7.732207
v -1.599488 2.642277 7.741199
v -1.590767 2.587062 7.703451
v -1.599488 2.642277 7.710990
v -1.619271 2.586993 7.703451
v -1.629157 2.642210 7.710990
v -1.619271 2.586993 7.406294
v -1.629157 2.642210 7.398822
v -1.599488 2.642277 7.398822
v -1.590767 2.587062 7.406294
v -1.599488 2.642277 7.368614
v -1.590767 2.587062 7.377538
v -1.563554 2.642421 7.368614
v -1.556387 2.587205 7.377538
v -1.563554 2.642421 7.338338
v -1.556387 2.587205 7.348717
v -1.349530 2.642421 7.338337
v -1.349530 2.587205 7.348717
v -1.142674 2.587205 7.348717
v -1.135507 2.642421 7.338338
v -1.142674 2.587205 7.377538
v -1.135507 2.642421 7.368614
v -1.108294 2.587062 7.377538
v -1.099573 2.642277 7.368614
v -1.108294 2.587062 7.406294
v -1.099573 2.642277 7.398822
v -1.079791 2.586993 7.406294
v -1.069904 2.642210 7.398822
v -1.079790 2.586993 7.703451
v -1.069904 2.642210 7.710990
v -1.099573 2.642277 7.710990
v -1.108294 2.587062 7.703451
v -1.099573 2.642277 7.741199
v -1.108294 2.587062 7.732207
v -1.135507 2.642421 7.741199
v -1.142674 2.587205 7.732207
v -1.349530 2.625530 7.770075
v -1.563554 2.625530 7.770075
v -1.563554 2.625530 7.741199
v -1.599377 2.625387 7.741199
v -1.599377 2.625387 7.710990
v -1.628991 2.625317 7.710990
v -1.628991 2.625318 7.398822
v -1.599377 2.625387 7.398822
v -1.599377 2.625387 7.368614
v -1.563554 2.625530 7.368614
v -1.563554 2.625530 7.338338
v -1.349530 2.625530 7.338338
v -1.135507 2.625530 7.338338
v -1.135507 2.625530 7.368614
v -1.099684 2.625387 7.368614
v -1.099684 2.625387 7.398822
v -1.070070 2.625318 7.398822
v -1.070070 2.625318 7.710990
v -1.099684 2.625387 7.710990
v -1.099684 2.625387 7.741199
v -1.135507 2.625530 7.741199
v -1.135507 2.625530 7.770075
v -1.349530 2.619736 7.759695
v -1.556387 2.619736 7.759695
v -1.556387 2.619736 7.732207
v -1.590974 2.619593 7.732207
v -1.590974 2.619593 7.703451
v -1.619578 2.619524 7.703451
v -1.619579 2.619524 7.406294
v -1.590974 2.619593 7.406294
v -1.590974 2.619593 7.377538
v -1.556387 2.619736 7.377538
v -1.556387 2.619736 7.348717
v -1.349530 2.619736 7.348717
v -1.142674 2.619736 7.348717
v -1.142674 2.619736 7.377538
v -1.108087 2.619593 7.377538
v -1.108087 2.619593 7.406294
v -1.079483 2.619524 7.406294
v -1.079482 2.619524 7.703451
v -1.108087 2.619593 7.703451
v -1.108087 2.619593 7.732207
v -1.142674 2.619736 7.732207
v -1.142674 2.619736 7.759695
v -1.349531 -0.012801 7.370367
v -1.349531 2.716645 7.370367
v -1.349530 2.946579 7.370367
v -1.349530 3.160517 7.370367
v -1.349530 3.403306 7.370367
v -1.349531 3.597318 7.370367
v -1.349531 3.777855 7.370367
v -1.349531 4.608101 7.370367
v -1.349531 4.608101 7.554873
v -1.349531 4.608101 7.739377
v -1.349531 3.777855 7.739377
v -1.349531 3.597318 7.739377
v -1.349531 3.403306 7.739377
v -1.349530 3.160517 7.739377
v -1.349530 2.946579 7.739377
v -1.349531 2.716645 7.739377
v -1.349531 -0.012801 7.739377
v -1.327459 -0.012801 7.370367
v -1.327459 2.716646 7.370367
v -1.324145 2.946579 7.370367
v -1.309311 3.160517 7.370367
v -1.278672 3.403306 7.370367
v -1.240505 3.597318 7.370367
v -1.186508 3.777855 7.370367
v -1.186508 4.414124 7.370367
v -1.186508 4.414124 7.554873
v -1.186508 4.414124 7.739377
v -1.186508 3.777855 7.739377
v -1.240505 3.597318 7.739377
v -1.278672 3.403306 7.739377
v -1.309311 3.160517 7.739377
v -1.324145 2.946579 7.739377
v -1.327459 2.716645 7.739377
v -1.327459 -0.012801 7.739377
v -1.292145 -0.012801 7.370367
v -1.292145 2.716646 7.370367
v -1.283527 2.946579 7.370367
v -1.244960 3.160517 7.370367
v -1.165298 3.403306 7.370367
v -1.066065 3.597318 7.370367
v -0.925672 3.777855 7.370367
v -0.925672 4.414124 7.370367
v -0.925672 4.414124 7.554873
v -0.925672 4.414124 7.739377
v -0.925672 3.777855 7.739377
v -1.066065 3.597318 7.739377
v -1.165298 3.403306 7.739377
v -1.244960 3.160517 7.739377
v -1.283527 2.946579 7.739377
v -1.292145 2.716645 7.739377
v -1.292145 -0.012801 7.739377
v -3.168735 5.245642 5.740776
v -3.183203 5.474370 5.740776
v -3.168735 5.245642 5.770298
v -3.183203 5.474370 5.770298
v -3.203628 5.244423 5.770298
v -3.217123 5.467118 5.770298
v -3.203628 5.244423 5.799054
v -3.217123 5.467118 5.799054
v -3.232383 5.243367 5.799054
v -3.245073 5.461168 5.799054
v -3.168736 4.607138 5.740776
v -3.168736 4.607138 5.770298
v -3.203628 4.607138 5.770298
v -3.203628 4.607138 5.799054
v -3.232383 4.607138 5.799054
v -3.094588 5.248272 5.740776
v -3.111159 5.489811 5.740776
v -3.094588 4.607138 5.740776
v -2.799725 5.245642 5.740776
v -2.789561 5.406319 5.740776
v -2.799725 5.245642 5.770298
v -2.789561 5.406319 5.770298
v -2.764832 5.244423 5.770298
v -2.755352 5.400862 5.770298
v -2.764832 5.244423 5.799054
v -2.755352 5.400862 5.799054
v -2.736078 5.243367 5.799054
v -2.727163 5.396368 5.799054
v -2.799725 4.607138 5.740776
v -2.799725 4.607138 5.770298
v -2.764832 4.607138 5.770298
v -2.764832 4.607138 5.799054
v -2.736078 4.607138 5.799054
v -2.873873 5.248272 5.740776
v -2.912521 5.489811 5.740776
v -2.873873 4.607138 5.740776
v -2.799725 5.245642 6.109785
v -2.798055 5.272047 6.109785
v -2.799725 5.245642 6.080263
v -2.798055 5.272047 6.080263
v -2.764832 5.244423 6.080263
v -2.763274 5.270133 6.080263
v -2.764832 5.244423 6.051507
v -2.763274 5.270133 6.051507
v -2.736078 5.243367 6.051507
v -2.734614 5.268510 6.051507
v -2.799725 4.607138 6.109785
v -2.799725 4.607138 6.080263
v -2.764832 4.607138 6.080263
v -2.764832 4.607138 6.051507
v -2.736078 4.607138 6.051507
v -2.873873 5.248272 6.109785
v -2.857301 5.489811 6.109785
v -2.873873 4.607138 6.109785
v -3.168735 5.245642 6.109785
v -3.183203 5.474370 6.109785
v -3.168735 5.245642 6.080263
v -3.183203 5.474370 6.080263
v -3.203628 5.244423 6.080263
v -3.217124 5.467118 6.080263
v -3.203628 5.244423 6.051507
v -3.217124 5.467118 6.051507
v -3.232383 5.243367 6.051507
v -3.245073 5.461168 6.051507
v -3.168736 4.607138 6.109785
v -3.168736 4.607138 6.080263
v -3.203628 4.607138 6.080263
v -3.203628 4.607138 6.051507
v -3.232383 4.607138 6.051507
v -3.094588 5.248272 6.109785
v -3.111159 5.489811 6.109785
v -3.094588 4.607138 6.109785
v -2.857301 5.489811 5.925280
v -3.111159 5.489811 5.925280
v -3.245073 5.461168 5.925280
v -3.232383 5.243367 5.925280
v -3.232383 4.607138 5.925280
v -2.728042 5.381282 5.925280
v -2.736078 5.243367 5.925280
v -2.736078 4.607138 5.925280
v -1.248842 -0.012801 5.740679
v -1.263009 -0.012801 5.687811
v -1.301712 -0.012801 5.649108
v -1.354581 -0.012801 5.634941
v -1.407449 -0.012801 5.649108
v -1.446152 -0.012801 5.687811
v -1.460319 -0.012801 5.740679
v -1.263009 5.593827 5.687811
v -1.301712 5.588042 5.649108
v -1.354581 5.587543 5.634941
v -1.407449 5.592463 5.649108
v -1.446152 5.601484 5.687811
v -1.460319 5.612190 5.740679
v -1.248842 5.603346 5.740678
v -1.354581 5.597655 5.687811
v -1.354581 5.607768 5.740679
v -3.828496 3.597318 7.370368
v -3.392465 4.235462 7.370368
v -4.278160 3.160517 7.370368
v -4.231098 3.403306 7.370368
v -4.278159 2.716645 7.370368
v -4.278159 2.946579 7.370368
v -4.278159 -0.012801 7.370368
v -2.567654 3.357485 7.370368
v -2.795252 2.714142 7.370368
v -2.712261 3.128519 7.370368
v -2.387695 3.540381 7.370368
v -2.780783 2.931882 7.370368
v -2.795252 2.714142 7.399890
v -2.387695 3.540381 7.399890
v -2.712261 3.128519 7.399890
v -2.567654 3.357485 7.399890
v -2.780783 2.931882 7.399890
v -2.760359 2.712984 7.399890
v -2.365557 3.513601 7.399890
v -2.681002 3.113445 7.399890
v -2.540438 3.335909 7.399890
v -2.746863 2.924976 7.399890
v -2.760359 2.712984 7.428647
v -2.365557 3.513601 7.428647
v -2.681002 3.113445 7.428647
v -2.540438 3.335909 7.428647
v -2.746863 2.924976 7.428647
v -2.731605 2.711978 7.428647
v -2.347004 3.491745 7.428647
v -2.655248 3.101009 7.428647
v -2.518013 3.318126 7.428647
v -2.718915 2.919313 7.428647
v -2.164644 3.689106 7.370368
v -2.164644 3.689106 7.399890
v -2.164644 3.655289 7.399890
v -2.164644 3.655289 7.428647
v -2.164644 3.623910 7.428647
v -2.795251 -0.012801 7.370368
v -2.795251 -0.012801 7.399890
v -2.760359 -0.012801 7.399890
v -2.760359 -0.012801 7.428647
v -2.731605 -0.012801 7.428647
v -2.434631 3.597318 7.370368
v -2.164644 3.777855 7.370368
v -2.778660 3.160517 7.370368
v -2.625463 3.403306 7.370368
v -2.869400 2.716645 7.370368
v -2.852828 2.946579 7.370368
v -2.869400 -0.012801 7.370368
v -2.567654 3.357485 7.739378
v -2.795252 2.714142 7.739378
v -2.712261 3.128519 7.739378
v -2.387695 3.540381 7.739378
v -2.780783 2.931882 7.739378
v -2.795252 2.714142 7.709856
v -2.387695 3.540381 7.709856
v -2.712261 3.128519 7.709856
v -2.567654 3.357485 7.709856
v -2.780783 2.931882 7.709856
v -2.760359 2.712984 7.709856
v -2.365557 3.513601 7.709856
v -2.681002 3.113445 7.709856
v -2.540438 3.335909 7.709856
v -2.746863 2.924976 7.709856
v -2.760359 2.712984 7.681100
v -2.365557 3.513601 7.681100
v -2.681002 3.113445 7.681100
v -2.540438 3.335909 7.681100
v -2.746863 2.924976 7.681100
v -2.731605 2.711978 7.681100
v -2.347004 3.491745 7.681100
v -2.655248 3.101009 7.681100
v -2.518013 3.318126 7.681100
v -2.718915 2.919313 7.681100
v -2.164644 3.689106 7.739378
v -2.164644 3.689106 7.709856
v -2.164644 3.655289 7.709856
v -2.164644 3.655289 7.681100
v -2.164644 3.623910 7.681100
v -2.795251 -0.012801 7.739378
v -2.795251 -0.012801 7.709856
v -2.760359 -0.012801 7.709856
v -2.760359 -0.012801 7.681100
v -2.731605 -0.012801 7.681100
v -2.434631 3.597318 7.739378
v -2.164644 3.777855 7.739378
v -2.778660 3.160517 7.739378
v -2.625463 3.403306 7.739378
v -2.869399 2.716645 7.739378
v -2.852828 2.946579 7.739378
v -2.869400 -0.012801 7.739378
v -3.828496 3.597318 7.739378
v -3.392465 4.235462 7.739378
v -4.278160 3.160517 7.739378
v -4.231098 3.403306 7.739378
v -4.278159 2.716645 7.739378
v -4.278159 2.946579 7.739378
v -4.278159 -0.012801 7.739378
v -2.164644 4.608101 7.739378
v -2.721410 4.608101 7.739378
v -2.721410 4.608101 7.370368
v -2.164644 4.608101 7.370368
v -2.164644 4.608101 7.554873
v -2.164644 4.608101 7.554873
v -2.164644 4.608101 7.554873
v -2.164644 4.608101 7.554873
v -2.721410 4.608101 7.554874
v -3.163933 -0.012801 7.370368
v -3.163933 2.716645 7.370368
v -3.150826 2.946579 7.370368
v -3.092165 3.160517 7.370368
v -2.970998 3.403306 7.370368
v -2.820064 3.597318 7.370368
v -2.606524 3.777855 7.370368
v -2.606524 4.608101 7.370368
v -2.606524 4.608101 7.554873
v -2.606524 4.608101 7.739378
v -2.606524 3.777855 7.739378
v -2.820064 3.597318 7.739378
v -2.970998 3.403306 7.739378
v -3.092165 3.160517 7.739378
v -3.150826 2.946579 7.739378
v -3.163933 2.716645 7.739378
v -3.163933 -0.012801 7.739378
v -4.278159 -0.012801 7.554873
v -4.278159 2.716645 7.554873
v -4.278159 2.946579 7.554873
v -4.278160 3.160517 7.554873
v -4.231098 3.403306 7.554873
v -3.828496 3.597318 7.554873
v -3.392465 4.235462 7.554873
v -2.816852 0.842094 7.370368
v -2.816853 -0.012801 7.370368
v -2.816852 0.842094 7.739378
v -2.816853 -0.012801 7.739378
v -1.527738 -0.012801 7.370368
v -1.527738 0.842094 7.370368
v -1.527737 0.842094 7.739378
v -1.527738 -0.012801 7.739378
vt 0.647608 0.414204
vt 0.647592 0.412298
vt 0.659713 0.412199
vt 0.659729 0.414105
vt 0.661339 0.414091
vt 0.661323 0.412185
vt 0.663354 0.414083
vt 0.663350 0.412177
vt 0.665038 0.414080
vt 0.665035 0.412174
vt 0.666709 0.414071
vt 0.666711 0.412164
vt 0.684121 0.414093
vt 0.684123 0.412187
vt 0.685799 0.412201
vt 0.685791 0.414107
vt 0.687484 0.412208
vt 0.687476 0.414114
vt 0.689510 0.412221
vt 0.689490 0.414127
vt 0.691199 0.412239
vt 0.691179 0.414145
vt 0.703319 0.412369
vt 0.703299 0.414276
vt 0.670874 0.463284
vt 0.665647 0.463294
vt 0.665633 0.455912
vt 0.670850 0.450743
vt 0.681010 0.453619
vt 0.680995 0.441499
vt 0.683949 0.444565
vt 0.683960 0.453616
vt 0.685397 0.444563
vt 0.682606 0.441497
vt 0.664451 0.455914
vt 0.669158 0.450747
vt 0.685395 0.442876
vt 0.682604 0.439482
vt 0.664449 0.454524
vt 0.669154 0.448641
vt 0.686806 0.442875
vt 0.684288 0.439480
vt 0.663298 0.454527
vt 0.667384 0.448645
vt 0.686804 0.441476
vt 0.684286 0.437810
vt 0.663296 0.453379
vt 0.667380 0.446906
vt 0.699189 0.441462
vt 0.701698 0.437790
vt 0.653195 0.453399
vt 0.649089 0.446942
vt 0.653197 0.454546
vt 0.649093 0.448680
vt 0.699190 0.442860
vt 0.701700 0.439460
vt 0.652047 0.454548
vt 0.647323 0.448684
vt 0.700601 0.442858
vt 0.703385 0.439458
vt 0.652049 0.455938
vt 0.647327 0.450789
vt 0.700603 0.444545
vt 0.703387 0.441472
vt 0.650868 0.455940
vt 0.645553 0.450792
vt 0.702052 0.444543
vt 0.705076 0.441470
vt 0.650883 0.463323
vt 0.645577 0.463333
vt 0.705090 0.453591
vt 0.702062 0.453594
vt 0.704616 0.426629
vt 0.704626 0.427618
vt 0.692086 0.427739
vt 0.692076 0.426749
vt 0.690384 0.426766
vt 0.690394 0.427755
vt 0.688285 0.426777
vt 0.688288 0.427767
vt 0.686515 0.426783
vt 0.686518 0.427773
vt 0.684780 0.426796
vt 0.684779 0.427785
vt 0.666488 0.426793
vt 0.666488 0.427782
vt 0.664750 0.427769
vt 0.664753 0.426780
vt 0.662980 0.427763
vt 0.662983 0.426773
vt 0.660874 0.427751
vt 0.660884 0.426761
vt 0.659100 0.427733
vt 0.659110 0.426743
vt 0.646560 0.427608
vt 0.646570 0.426619
vt 0.679106 0.448408
vt 0.678416 0.448312
vt 0.680151 0.435893
vt 0.680782 0.436405
vt 0.682391 0.436333
vt 0.681841 0.435817
vt 0.682724 0.434334
vt 0.682185 0.433746
vt 0.684408 0.434300
vt 0.683955 0.433711
vt 0.684728 0.432655
vt 0.684286 0.432008
vt 0.702140 0.432635
vt 0.702576 0.431987
vt 0.702914 0.433689
vt 0.702466 0.434279
vt 0.704684 0.433721
vt 0.704150 0.434310
vt 0.705035 0.435790
vt 0.704489 0.436308
vt 0.706807 0.435867
vt 0.706176 0.436380
vt 0.708565 0.448283
vt 0.707876 0.448380
vt 0.649535 0.579844
vt 0.649519 0.577938
vt 0.661639 0.577839
vt 0.661655 0.579745
vt 0.663266 0.579732
vt 0.663250 0.577826
vt 0.665280 0.579724
vt 0.665277 0.577817
vt 0.666965 0.579721
vt 0.666962 0.577814
vt 0.668635 0.579711
vt 0.668638 0.577805
vt 0.686047 0.579733
vt 0.686049 0.577827
vt 0.687726 0.577841
vt 0.687717 0.579747
vt 0.689410 0.577848
vt 0.689402 0.579755
vt 0.691437 0.577862
vt 0.691417 0.579768
vt 0.693126 0.577880
vt 0.693105 0.579786
vt 0.705245 0.578010
vt 0.705225 0.579916
vt 0.672829 0.612168
vt 0.667602 0.612178
vt 0.667587 0.604796
vt 0.672805 0.599628
vt 0.680978 0.618550
vt 0.680963 0.606430
vt 0.683917 0.609496
vt 0.683928 0.618547
vt 0.685365 0.609494
vt 0.682574 0.606428
vt 0.666406 0.604798
vt 0.671113 0.599631
vt 0.685363 0.607807
vt 0.682571 0.604413
vt 0.666403 0.603409
vt 0.671109 0.597525
vt 0.686774 0.607806
vt 0.684256 0.604411
vt 0.665253 0.603411
vt 0.669338 0.597529
vt 0.686772 0.606407
vt 0.684254 0.602741
vt 0.665251 0.602264
vt 0.669335 0.595790
vt 0.699157 0.606393
vt 0.701666 0.602721
vt 0.655150 0.602283
vt 0.651044 0.595826
vt 0.655152 0.603431
vt 0.651047 0.597564
vt 0.699159 0.607791
vt 0.701668 0.604391
vt 0.654001 0.603433
vt 0.649278 0.597568
vt 0.700569 0.607789
vt 0.703353 0.604389
vt 0.654004 0.604822
vt 0.649282 0.599673
vt 0.700571 0.609476
vt 0.703355 0.606403
vt 0.652823 0.604825
vt 0.647508 0.599677
vt 0.702020 0.609474
vt 0.705044 0.606401
vt 0.652838 0.612207
vt 0.647532 0.612217
vt 0.705059 0.618522
vt 0.702030 0.618526
vt 0.706541 0.592269
vt 0.706550 0.593259
vt 0.694011 0.593379
vt 0.694001 0.592390
vt 0.692309 0.592406
vt 0.692319 0.593396
vt 0.690211 0.592418
vt 0.690214 0.593408
vt 0.688441 0.592423
vt 0.688444 0.593413
vt 0.686706 0.592436
vt 0.686705 0.593426
vt 0.668415 0.592433
vt 0.668415 0.593423
vt 0.666677 0.593410
vt 0.666680 0.592420
vt 0.664907 0.593404
vt 0.664910 0.592414
vt 0.662802 0.593391
vt 0.662812 0.592401
vt 0.661028 0.593373
vt 0.661037 0.592384
vt 0.648489 0.593249
vt 0.648498 0.592259
vt 0.678872 0.611995
vt 0.678182 0.611898
vt 0.679916 0.599477
vt 0.680548 0.599989
vt 0.682157 0.599917
vt 0.681607 0.599401
vt 0.682490 0.597918
vt 0.681951 0.597331
vt 0.684175 0.597884
vt 0.683721 0.597295
vt 0.684495 0.596239
vt 0.684053 0.595592
vt 0.701909 0.596219
vt 0.702345 0.595571
vt 0.702683 0.597273
vt 0.702235 0.597863
vt 0.704453 0.597305
vt 0.703919 0.597894
vt 0.704804 0.599375
vt 0.704258 0.599892
vt 0.706577 0.599451
vt 0.705946 0.599965
vt 0.708335 0.611869
vt 0.707645 0.611967
vt 0.583453 0.560288
vt 0.582874 0.401255
vt 0.584603 0.401251
vt 0.585183 0.560315
vt 0.583451 0.600225
vt 0.583289 0.584633
vt 0.585036 0.584588
vt 0.585191 0.600144
vt 0.583162 0.572720
vt 0.584918 0.572750
vt 0.583780 0.615126
vt 0.585499 0.614955
vt 0.586646 0.401247
vt 0.587225 0.560319
vt 0.587079 0.584547
vt 0.587226 0.600050
vt 0.586978 0.572781
vt 0.587510 0.614762
vt 0.588329 0.401243
vt 0.588909 0.560344
vt 0.588792 0.584508
vt 0.588928 0.599981
vt 0.588703 0.572808
vt 0.589185 0.614624
vt 0.590012 0.401240
vt 0.590591 0.560338
vt 0.590485 0.584484
vt 0.590612 0.599915
vt 0.590411 0.572828
vt 0.590850 0.614495
vt 0.587082 0.630555
vt 0.585408 0.630773
vt 0.588554 0.629254
vt 0.590157 0.629096
vt 0.591499 0.627896
vt 0.581439 0.634169
vt 0.579521 0.615544
vt 0.579157 0.600450
vt 0.578987 0.584746
vt 0.578805 0.572648
vt 0.579112 0.560270
vt 0.578530 0.401264
vt 0.612497 0.560184
vt 0.611922 0.401135
vt 0.616266 0.401114
vt 0.616838 0.560136
vt 0.612811 0.600086
vt 0.612837 0.584560
vt 0.617139 0.584637
vt 0.617107 0.600261
vt 0.612878 0.572662
vt 0.617236 0.572554
vt 0.612689 0.614868
vt 0.616954 0.615215
vt 0.610768 0.560223
vt 0.610193 0.401144
vt 0.611070 0.600028
vt 0.611089 0.584533
vt 0.611123 0.572710
vt 0.610966 0.614727
vt 0.608726 0.560240
vt 0.608150 0.401154
vt 0.609034 0.599963
vt 0.609046 0.584515
vt 0.609064 0.572764
vt 0.608951 0.614573
vt 0.607043 0.560275
vt 0.606467 0.401162
vt 0.607330 0.599920
vt 0.607333 0.584497
vt 0.607341 0.572814
vt 0.607270 0.614470
vt 0.605361 0.560279
vt 0.604784 0.401170
vt 0.605644 0.599882
vt 0.605639 0.584493
vt 0.605634 0.572859
vt 0.605601 0.614381
vt 0.615399 0.633655
vt 0.611369 0.630348
vt 0.609693 0.630145
vt 0.608199 0.628866
vt 0.606599 0.628710
vt 0.605238 0.627520
vt 0.511182 0.401290
vt 0.511182 0.560468
vt 0.517649 0.560468
vt 0.517649 0.401290
vt 0.510211 0.573941
vt 0.517649 0.573941
vt 0.565409 0.622649
vt 0.517649 0.622649
vt 0.527897 0.671296
vt 0.565409 0.671296
vt 0.448979 0.399917
vt 0.448979 0.559095
vt 0.442513 0.559095
vt 0.442513 0.399917
vt 0.448979 0.572568
vt 0.441542 0.572568
vt 0.455445 0.399917
vt 0.455445 0.559095
vt 0.456416 0.572568
vt 0.460762 0.585103
vt 0.517649 0.612070
vt 0.448979 0.585103
vt 0.670325 0.642780
vt 0.670305 0.644519
vt 0.629223 0.653497
vt 0.629221 0.653497
vt 0.672363 0.644499
vt 0.672365 0.646191
vt 0.674202 0.646196
vt 0.665127 0.642767
vt 0.670234 0.664417
vt 0.665042 0.664404
vt 0.670253 0.662685
vt 0.629222 0.653498
vt 0.672391 0.662762
vt 0.672366 0.661061
vt 0.674204 0.661066
vt 0.629094 0.664293
vt 0.629137 0.642705
vt 0.647865 0.497498
vt 0.647850 0.495592
vt 0.659970 0.495492
vt 0.659986 0.497399
vt 0.661596 0.497385
vt 0.661581 0.495479
vt 0.663611 0.497377
vt 0.663607 0.495471
vt 0.665295 0.497374
vt 0.665292 0.495468
vt 0.666966 0.497364
vt 0.666968 0.495458
vt 0.684378 0.497387
vt 0.684380 0.495480
vt 0.686056 0.495494
vt 0.686048 0.497400
vt 0.687741 0.495502
vt 0.687733 0.497408
vt 0.689768 0.495515
vt 0.689747 0.497421
vt 0.691457 0.495533
vt 0.691436 0.497440
vt 0.703576 0.495664
vt 0.703556 0.497570
vt 0.671716 0.534830
vt 0.666489 0.534840
vt 0.666474 0.527457
vt 0.671692 0.522289
vt 0.679963 0.538097
vt 0.679948 0.525977
vt 0.682902 0.529042
vt 0.682913 0.538094
vt 0.684350 0.529041
vt 0.681559 0.525975
vt 0.665293 0.527460
vt 0.670000 0.522292
vt 0.684349 0.527354
vt 0.681557 0.523960
vt 0.665291 0.526070
vt 0.669996 0.520187
vt 0.685759 0.527352
vt 0.683241 0.523958
vt 0.664140 0.526072
vt 0.668226 0.520190
vt 0.685757 0.525954
vt 0.683239 0.522288
vt 0.664138 0.524925
vt 0.668222 0.518452
vt 0.698142 0.525939
vt 0.700651 0.522268
vt 0.654037 0.524945
vt 0.649931 0.518487
vt 0.654039 0.526092
vt 0.649934 0.520226
vt 0.698143 0.527338
vt 0.700653 0.523938
vt 0.652888 0.526094
vt 0.648165 0.520229
vt 0.699554 0.527336
vt 0.702338 0.523936
vt 0.652891 0.527484
vt 0.648169 0.522335
vt 0.699556 0.529022
vt 0.702340 0.525950
vt 0.651710 0.527486
vt 0.646394 0.522338
vt 0.701005 0.529021
vt 0.704029 0.525948
vt 0.651724 0.534868
vt 0.646419 0.534879
vt 0.704043 0.538068
vt 0.701015 0.538072
vt 0.704872 0.509922
vt 0.704881 0.510912
vt 0.692342 0.511033
vt 0.692332 0.510043
vt 0.690640 0.510059
vt 0.690650 0.511049
vt 0.688541 0.510071
vt 0.688545 0.511061
vt 0.686772 0.510077
vt 0.686775 0.511067
vt 0.685037 0.510089
vt 0.685036 0.511079
vt 0.666746 0.510087
vt 0.666746 0.511076
vt 0.665007 0.511063
vt 0.665011 0.510073
vt 0.663238 0.511057
vt 0.663241 0.510067
vt 0.661132 0.511045
vt 0.661142 0.510055
vt 0.659358 0.511027
vt 0.659368 0.510037
vt 0.646819 0.510902
vt 0.646829 0.509912
vt 0.677778 0.533241
vt 0.677089 0.533144
vt 0.678823 0.520725
vt 0.679455 0.521237
vt 0.681063 0.521165
vt 0.680513 0.520649
vt 0.681396 0.519166
vt 0.680857 0.518579
vt 0.683080 0.519132
vt 0.682627 0.518543
vt 0.683401 0.517487
vt 0.682958 0.516840
vt 0.700812 0.517468
vt 0.701248 0.516820
vt 0.701586 0.518522
vt 0.701138 0.519112
vt 0.703355 0.518553
vt 0.702822 0.519142
vt 0.703707 0.520623
vt 0.703161 0.521140
vt 0.705479 0.520699
vt 0.704848 0.521212
vt 0.707237 0.533115
vt 0.706547 0.533213
vt 0.469738 0.599329
vt 0.448979 0.599329
vt 0.480920 0.610697
vt 0.448979 0.610697
vt 0.496739 0.621275
vt 0.448979 0.621275
vt 0.496739 0.650464
vt 0.455818 0.650602
vt 0.549590 0.612070
vt 0.517649 0.600702
vt 0.538408 0.600702
vt 0.517649 0.586477
vt 0.529432 0.586477
vt 0.525086 0.573941
vt 0.524115 0.560468
vt 0.524115 0.401290
vt 0.466059 0.669922
vt 0.643533 0.642730
vt 0.496739 0.669922
vt 0.695017 0.636296
vt 0.705085 0.642658
vt 0.705085 0.671232
vt 0.695017 0.671232
vt 0.684948 0.636296
vt 0.684948 0.671232
vt 0.604661 0.666616
vt 0.593551 0.663274
vt 0.593827 0.641406
vt 0.604940 0.644751
vt 0.406721 0.028998
vt 0.502296 0.027593
vt 0.502430 0.036660
vt 0.406854 0.038064
vt 0.502563 0.045727
vt 0.406988 0.047131
vt 0.502696 0.054794
vt 0.407121 0.056198
vt 0.502829 0.063860
vt 0.407254 0.065265
vt 0.511363 0.027460
vt 0.511496 0.036527
vt 0.397654 0.029131
vt 0.397788 0.038198
vt 0.981807 0.709590
vt 0.981783 0.711496
vt 0.969663 0.711346
vt 0.969687 0.709440
vt 0.926496 0.719431
vt 0.926480 0.717525
vt 0.938601 0.717425
vt 0.938617 0.719332
vt 0.940227 0.719318
vt 0.940211 0.717412
vt 0.942242 0.719310
vt 0.942238 0.717404
vt 0.943926 0.719307
vt 0.943923 0.717401
vt 0.945597 0.719297
vt 0.945599 0.717391
vt 0.963009 0.719320
vt 0.963011 0.717413
vt 0.964687 0.717427
vt 0.964679 0.719334
vt 0.966372 0.717435
vt 0.966364 0.719341
vt 0.968399 0.717448
vt 0.968378 0.719354
vt 0.970087 0.717466
vt 0.970067 0.719372
vt 0.982207 0.717596
vt 0.982187 0.719502
vt 0.926092 0.711332
vt 0.926080 0.709426
vt 0.938200 0.709348
vt 0.938213 0.711254
vt 0.939902 0.711243
vt 0.939889 0.709336
vt 0.941916 0.711238
vt 0.941916 0.709332
vt 0.943601 0.711237
vt 0.943601 0.709331
vt 0.945271 0.711231
vt 0.945277 0.709325
vt 0.962683 0.711282
vt 0.962689 0.709376
vt 0.964365 0.709392
vt 0.964353 0.711299
vt 0.966050 0.709403
vt 0.966038 0.711309
vt 0.968076 0.709420
vt 0.968053 0.711326
vt 0.924254 0.775320
vt 0.929499 0.780461
vt 0.929523 0.787843
vt 0.924296 0.787861
vt 0.984873 0.775914
vt 0.984851 0.788034
vt 0.981901 0.788029
vt 0.981917 0.778978
vt 0.949762 0.768510
vt 0.944535 0.768521
vt 0.944521 0.761138
vt 0.949738 0.755970
vt 0.959898 0.758846
vt 0.959883 0.746726
vt 0.962837 0.749792
vt 0.962848 0.758843
vt 0.964285 0.749790
vt 0.961494 0.746724
vt 0.943340 0.761141
vt 0.948046 0.755974
vt 0.964283 0.748103
vt 0.961492 0.744709
vt 0.943337 0.759751
vt 0.948042 0.753868
vt 0.965694 0.748101
vt 0.963176 0.744707
vt 0.942186 0.759753
vt 0.946272 0.753872
vt 0.965692 0.746703
vt 0.963174 0.743037
vt 0.942184 0.758606
vt 0.946268 0.752133
vt 0.978077 0.746689
vt 0.980586 0.743017
vt 0.932083 0.758626
vt 0.927978 0.752169
vt 0.932085 0.759773
vt 0.927981 0.753907
vt 0.978078 0.748087
vt 0.980588 0.744687
vt 0.930935 0.759775
vt 0.926211 0.753910
vt 0.979489 0.748085
vt 0.982273 0.744685
vt 0.930937 0.761165
vt 0.926215 0.756016
vt 0.979491 0.749772
vt 0.982275 0.746699
vt 0.929756 0.761167
vt 0.924441 0.756019
vt 0.980940 0.749770
vt 0.983964 0.746697
vt 0.929771 0.768549
vt 0.924465 0.768560
vt 0.983978 0.758818
vt 0.980950 0.758821
vt 0.949593 0.787776
vt 0.944287 0.787794
vt 0.944263 0.780411
vt 0.949551 0.775235
vt 0.960770 0.787991
vt 0.960792 0.775870
vt 0.963815 0.778945
vt 0.963799 0.787996
vt 0.965264 0.778947
vt 0.962481 0.775873
vt 0.943082 0.780415
vt 0.947777 0.775241
vt 0.965266 0.777261
vt 0.962485 0.773859
vt 0.943077 0.779026
vt 0.947770 0.773136
vt 0.966677 0.777263
vt 0.964170 0.773862
vt 0.941926 0.779030
vt 0.946000 0.773142
vt 0.966680 0.775865
vt 0.964173 0.772192
vt 0.941923 0.777882
vt 0.945994 0.771404
vt 0.979064 0.775887
vt 0.981585 0.772223
vt 0.931822 0.777916
vt 0.927703 0.771465
vt 0.931826 0.779064
vt 0.927709 0.773203
vt 0.979062 0.777286
vt 0.981581 0.773893
vt 0.930675 0.779067
vt 0.925939 0.773209
vt 0.980473 0.777288
vt 0.983266 0.773896
vt 0.930680 0.780457
vt 0.925946 0.775314
vt 0.980469 0.778975
vt 0.983262 0.775911
vt 0.938224 0.726899
vt 0.925684 0.726847
vt 0.925688 0.725857
vt 0.938228 0.725909
vt 0.983504 0.731855
vt 0.983514 0.732845
vt 0.970974 0.732966
vt 0.970964 0.731976
vt 0.969272 0.731992
vt 0.969282 0.732982
vt 0.967173 0.732004
vt 0.967176 0.732994
vt 0.965403 0.732010
vt 0.965406 0.733000
vt 0.963668 0.732023
vt 0.963668 0.733012
vt 0.945376 0.732020
vt 0.945376 0.733009
vt 0.943638 0.732996
vt 0.943641 0.732006
vt 0.941868 0.732990
vt 0.941871 0.732000
vt 0.939762 0.732977
vt 0.939772 0.731988
vt 0.937988 0.732960
vt 0.937998 0.731970
vt 0.925448 0.732835
vt 0.925458 0.731845
vt 0.983731 0.725528
vt 0.983746 0.726518
vt 0.971208 0.726712
vt 0.971193 0.725722
vt 0.969419 0.725749
vt 0.969434 0.726739
vt 0.967320 0.725774
vt 0.967329 0.726763
vt 0.965550 0.725789
vt 0.965559 0.726779
vt 0.963815 0.725812
vt 0.963821 0.726802
vt 0.945524 0.725915
vt 0.945530 0.726905
vt 0.943792 0.726902
vt 0.943789 0.725912
vt 0.942022 0.726906
vt 0.942019 0.725916
vt 0.939916 0.726906
vt 0.939920 0.725916
vt 0.987244 0.778077
vt 0.986554 0.778173
vt 0.984878 0.766169
vt 0.985509 0.765657
vt 0.957994 0.753635
vt 0.957304 0.753539
vt 0.959038 0.741120
vt 0.959670 0.741631
vt 0.961279 0.741560
vt 0.960729 0.741044
vt 0.961612 0.739560
vt 0.961073 0.738973
vt 0.963296 0.739527
vt 0.962843 0.738938
vt 0.963616 0.737882
vt 0.963174 0.737234
vt 0.981028 0.737862
vt 0.981464 0.737214
vt 0.981802 0.738916
vt 0.981354 0.739506
vt 0.983572 0.738948
vt 0.983038 0.739537
vt 0.983923 0.741017
vt 0.983377 0.741534
vt 0.985695 0.741094
vt 0.985064 0.741607
vt 0.987453 0.753510
vt 0.986764 0.753607
vt 0.957783 0.778145
vt 0.957094 0.778047
vt 0.958852 0.765631
vt 0.959483 0.766144
vt 0.961170 0.766072
vt 0.960624 0.765555
vt 0.961509 0.764074
vt 0.960975 0.763486
vt 0.963194 0.764044
vt 0.962745 0.763454
vt 0.963520 0.762400
vt 0.963083 0.761751
vt 0.980931 0.762419
vt 0.981374 0.761772
vt 0.981705 0.763475
vt 0.981252 0.764064
vt 0.983475 0.763511
vt 0.982936 0.764098
vt 0.983819 0.765581
vt 0.983269 0.766097
vt 0.983733 0.875230
vt 0.983710 0.877136
vt 0.971590 0.876986
vt 0.971614 0.875080
vt 0.928423 0.885071
vt 0.928407 0.883165
vt 0.940528 0.883066
vt 0.940543 0.884972
vt 0.942154 0.884959
vt 0.942138 0.883053
vt 0.944168 0.884950
vt 0.944165 0.883044
vt 0.945853 0.884947
vt 0.945850 0.883041
vt 0.947523 0.884938
vt 0.947526 0.883032
vt 0.964935 0.884960
vt 0.964938 0.883054
vt 0.966614 0.883068
vt 0.966605 0.884974
vt 0.968298 0.883075
vt 0.968290 0.884981
vt 0.970325 0.883088
vt 0.970304 0.884995
vt 0.972014 0.883107
vt 0.971993 0.885013
vt 0.984133 0.883237
vt 0.984113 0.885143
vt 0.928019 0.876973
vt 0.928007 0.875067
vt 0.940127 0.874988
vt 0.940139 0.876894
vt 0.941828 0.876883
vt 0.941816 0.874976
vt 0.943843 0.876878
vt 0.943842 0.874972
vt 0.945528 0.876878
vt 0.945527 0.874971
vt 0.947198 0.876871
vt 0.947203 0.874964
vt 0.964610 0.876922
vt 0.964615 0.875016
vt 0.966291 0.875033
vt 0.966280 0.876939
vt 0.967977 0.875043
vt 0.967965 0.876949
vt 0.970003 0.875059
vt 0.969980 0.876966
vt 0.926629 0.924635
vt 0.931874 0.929776
vt 0.931899 0.937158
vt 0.926672 0.937175
vt 0.984873 0.939852
vt 0.984851 0.951972
vt 0.981901 0.951967
vt 0.981917 0.942915
vt 0.951717 0.917395
vt 0.946490 0.917405
vt 0.946475 0.910023
vt 0.951693 0.904854
vt 0.959866 0.923777
vt 0.959851 0.911657
vt 0.962805 0.914722
vt 0.962816 0.923774
vt 0.964253 0.914720
vt 0.961462 0.911655
vt 0.945294 0.910025
vt 0.950001 0.904858
vt 0.964251 0.913034
vt 0.961459 0.909640
vt 0.945291 0.908635
vt 0.949997 0.902752
vt 0.965662 0.913032
vt 0.963144 0.909638
vt 0.944141 0.908638
vt 0.948227 0.902755
vt 0.965660 0.911634
vt 0.963142 0.907968
vt 0.944139 0.907490
vt 0.948223 0.901017
vt 0.978045 0.911619
vt 0.980554 0.907947
vt 0.934038 0.907510
vt 0.929932 0.901053
vt 0.934040 0.908657
vt 0.929936 0.902791
vt 0.978047 0.913018
vt 0.980556 0.909617
vt 0.932889 0.908660
vt 0.928166 0.902795
vt 0.979457 0.913016
vt 0.982241 0.909616
vt 0.932892 0.910049
vt 0.928170 0.904900
vt 0.979459 0.914702
vt 0.982243 0.911630
vt 0.931711 0.910051
vt 0.926396 0.904904
vt 0.980908 0.914701
vt 0.983932 0.911628
vt 0.931726 0.917434
vt 0.926420 0.917444
vt 0.983947 0.923749
vt 0.980918 0.923752
vt 0.951968 0.937091
vt 0.946663 0.937108
vt 0.946638 0.929726
vt 0.951926 0.924551
vt 0.960770 0.951928
vt 0.960792 0.939808
vt 0.963815 0.942882
vt 0.963798 0.951934
vt 0.965263 0.942885
vt 0.962481 0.939811
vt 0.945457 0.929730
vt 0.950152 0.924556
vt 0.965266 0.941198
vt 0.962485 0.937796
vt 0.945452 0.928341
vt 0.950145 0.922451
vt 0.966677 0.941201
vt 0.964170 0.937800
vt 0.944302 0.928345
vt 0.948375 0.922457
vt 0.966679 0.939803
vt 0.964172 0.936129
vt 0.944298 0.927197
vt 0.948369 0.920718
vt 0.979064 0.939825
vt 0.981584 0.936161
vt 0.934197 0.927231
vt 0.930079 0.920780
vt 0.934201 0.928378
vt 0.930084 0.922518
vt 0.979062 0.941223
vt 0.981581 0.937831
vt 0.933051 0.928382
vt 0.928315 0.922524
vt 0.980472 0.941226
vt 0.983266 0.937834
vt 0.933055 0.929772
vt 0.928322 0.924629
vt 0.980469 0.942913
vt 0.983262 0.939849
vt 0.940150 0.892539
vt 0.927609 0.892487
vt 0.927613 0.891497
vt 0.940154 0.891549
vt 0.985429 0.897496
vt 0.985438 0.898486
vt 0.972899 0.898606
vt 0.972890 0.897617
vt 0.971197 0.897633
vt 0.971207 0.898623
vt 0.969099 0.897645
vt 0.969102 0.898634
vt 0.967329 0.897650
vt 0.967332 0.898640
vt 0.965594 0.897663
vt 0.965593 0.898653
vt 0.947303 0.897660
vt 0.947303 0.898650
vt 0.945565 0.898636
vt 0.945568 0.897647
vt 0.943795 0.898630
vt 0.943798 0.897641
vt 0.941690 0.898618
vt 0.941700 0.897628
vt 0.939916 0.898600
vt 0.939926 0.897611
vt 0.927377 0.898476
vt 0.927386 0.897486
vt 0.985659 0.891168
vt 0.985674 0.892158
vt 0.973135 0.892352
vt 0.973120 0.891362
vt 0.971346 0.891390
vt 0.971361 0.892379
vt 0.969247 0.891414
vt 0.969256 0.892403
vt 0.967477 0.891429
vt 0.967486 0.892419
vt 0.965742 0.891452
vt 0.965748 0.892442
vt 0.947451 0.891556
vt 0.947456 0.892545
vt 0.945718 0.892542
vt 0.945715 0.891552
vt 0.943948 0.892546
vt 0.943945 0.891557
vt 0.941842 0.892546
vt 0.941846 0.891556
vt 0.987245 0.942015
vt 0.986555 0.942112
vt 0.984879 0.930106
vt 0.985511 0.929594
vt 0.957760 0.917221
vt 0.957070 0.917125
vt 0.958804 0.904704
vt 0.959436 0.905216
vt 0.961045 0.905144
vt 0.960495 0.904628
vt 0.961378 0.903145
vt 0.960839 0.902557
vt 0.963063 0.903111
vt 0.962609 0.902522
vt 0.963383 0.901466
vt 0.962941 0.900818
vt 0.980797 0.901446
vt 0.981233 0.900798
vt 0.981571 0.902500
vt 0.981123 0.903090
vt 0.983341 0.902532
vt 0.982807 0.903121
vt 0.983692 0.904602
vt 0.983146 0.905119
vt 0.985465 0.904678
vt 0.984834 0.905191
vt 0.987223 0.917096
vt 0.986533 0.917194
vt 0.957782 0.942084
vt 0.957092 0.941986
vt 0.958850 0.929568
vt 0.959481 0.930082
vt 0.961168 0.930009
vt 0.960623 0.929492
vt 0.961508 0.928011
vt 0.960974 0.927423
vt 0.963193 0.927981
vt 0.962744 0.927391
vt 0.963519 0.926337
vt 0.963082 0.925688
vt 0.980932 0.926356
vt 0.981375 0.925708
vt 0.981706 0.927412
vt 0.981252 0.928001
vt 0.983476 0.927447
vt 0.982937 0.928035
vt 0.983820 0.929518
vt 0.983270 0.930034
vt 0.840987 0.832873
vt 0.841149 0.673838
vt 0.842878 0.673843
vt 0.842717 0.832907
vt 0.840799 0.872809
vt 0.840710 0.857216
vt 0.842457 0.857179
vt 0.842540 0.872736
vt 0.840639 0.845303
vt 0.842394 0.845341
vt 0.841059 0.887712
vt 0.842778 0.887549
vt 0.844921 0.673848
vt 0.844759 0.832921
vt 0.844501 0.857148
vt 0.844575 0.872652
vt 0.844455 0.845382
vt 0.844790 0.887364
vt 0.846604 0.673853
vt 0.846443 0.832954
vt 0.846213 0.857118
vt 0.846277 0.872591
vt 0.846179 0.845417
vt 0.846467 0.887234
vt 0.848287 0.673857
vt 0.848125 0.832955
vt 0.847907 0.857101
vt 0.847962 0.872533
vt 0.847887 0.845445
vt 0.848131 0.887113
vt 0.844289 0.903155
vt 0.842614 0.903366
vt 0.845767 0.901862
vt 0.847371 0.901711
vt 0.848718 0.900517
vt 0.838629 0.906743
vt 0.836798 0.888110
vt 0.836504 0.873014
vt 0.836407 0.857310
vt 0.836282 0.845210
vt 0.836647 0.832834
vt 0.836805 0.673828
vt 0.914252 0.832595
vt 0.915129 0.673546
vt 0.919473 0.673567
vt 0.918594 0.832590
vt 0.914125 0.872493
vt 0.914315 0.856975
vt 0.918616 0.857080
vt 0.918418 0.872665
vt 0.914494 0.845074
vt 0.918852 0.845010
vt 0.913944 0.887277
vt 0.918176 0.887532
vt 0.912522 0.832616
vt 0.913400 0.673538
vt 0.912388 0.872437
vt 0.912571 0.856936
vt 0.912740 0.845102
vt 0.912224 0.887165
vt 0.910480 0.832613
vt 0.911356 0.673529
vt 0.910358 0.872372
vt 0.910531 0.856903
vt 0.910682 0.845133
vt 0.910211 0.887038
vt 0.908797 0.832631
vt 0.909673 0.673521
vt 0.908660 0.872328
vt 0.908823 0.856871
vt 0.908962 0.845161
vt 0.908527 0.886956
vt 0.907115 0.832618
vt 0.907990 0.673513
vt 0.906982 0.872285
vt 0.907134 0.856853
vt 0.907258 0.845183
vt 0.906860 0.886881
vt 0.917519 0.905761
vt 0.913162 0.902940
vt 0.911465 0.902546
vt 0.909833 0.901449
vt 0.908171 0.901197
vt 0.906659 0.900185
vt 0.885206 0.832438
vt 0.886077 0.673390
vt 0.887806 0.673401
vt 0.886935 0.832479
vt 0.884889 0.872343
vt 0.884867 0.856793
vt 0.886612 0.856772
vt 0.886626 0.872302
vt 0.884823 0.844883
vt 0.886577 0.844928
vt 0.884939 0.887170
vt 0.886659 0.887070
vt 0.889849 0.673414
vt 0.888977 0.832500
vt 0.888652 0.856758
vt 0.888656 0.872255
vt 0.888634 0.844977
vt 0.888670 0.886956
vt 0.891533 0.673425
vt 0.890661 0.832537
vt 0.890360 0.856742
vt 0.890353 0.872225
vt 0.890355 0.845019
vt 0.890352 0.886884
vt 0.893216 0.673436
vt 0.892343 0.832545
vt 0.892049 0.856739
vt 0.892031 0.872197
vt 0.892059 0.845053
vt 0.892017 0.886818
vt 0.887320 0.902526
vt 0.885629 0.902897
vt 0.888960 0.901441
vt 0.890616 0.901204
vt 0.892133 0.900200
vt 0.881246 0.905663
vt 0.880707 0.887392
vt 0.880594 0.872473
vt 0.880565 0.856852
vt 0.880466 0.844772
vt 0.880865 0.832385
vt 0.881733 0.673362
vt 0.870032 0.832904
vt 0.870197 0.673854
vt 0.874541 0.673853
vt 0.874373 0.832876
vt 0.870160 0.872807
vt 0.870257 0.857281
vt 0.874560 0.857378
vt 0.874455 0.873002
vt 0.870355 0.845384
vt 0.874712 0.845296
vt 0.869969 0.887588
vt 0.874232 0.887955
vt 0.868302 0.832935
vt 0.868468 0.673855
vt 0.868419 0.872741
vt 0.868510 0.857246
vt 0.868599 0.845423
vt 0.868247 0.887439
vt 0.866261 0.832942
vt 0.866425 0.673855
vt 0.866383 0.872666
vt 0.866467 0.857219
vt 0.866539 0.845468
vt 0.866232 0.887276
vt 0.864577 0.832970
vt 0.864742 0.673856
vt 0.864679 0.872616
vt 0.864754 0.857192
vt 0.864816 0.845510
vt 0.864552 0.887165
vt 0.862895 0.832966
vt 0.863059 0.673856
vt 0.862993 0.872569
vt 0.863061 0.857181
vt 0.863109 0.845546
vt 0.862883 0.887068
vt 0.872591 0.906387
vt 0.868576 0.903062
vt 0.866902 0.902851
vt 0.865414 0.901565
vt 0.863815 0.901401
vt 0.862459 0.900205
vt 0.899730 0.832642
vt 0.900602 0.673478
vt 0.899661 0.845170
vt 0.899588 0.856758
vt 0.899507 0.872174
vt 0.899446 0.886726
vt 0.899381 0.899931
vt 0.775486 0.719944
vt 0.775486 0.879122
vt 0.762554 0.879122
vt 0.762554 0.719944
vt 0.776457 0.892595
vt 0.761583 0.892595
vt 0.780803 0.905130
vt 0.757237 0.905130
vt 0.789779 0.919356
vt 0.748260 0.919356
vt 0.800961 0.930724
vt 0.737079 0.930724
vt 0.816780 0.941302
vt 0.721259 0.941302
vt 0.534602 0.718841
vt 0.534602 0.878020
vt 0.521670 0.878020
vt 0.521670 0.718841
vt 0.535573 0.891492
vt 0.520698 0.891492
vt 0.539919 0.904028
vt 0.516353 0.904028
vt 0.548895 0.918254
vt 0.507376 0.918254
vt 0.560077 0.929621
vt 0.496195 0.929621
vt 0.575896 0.940200
vt 0.480375 0.940200
vt 0.815488 0.965540
vt 0.721259 0.965540
vt 0.575896 0.964438
vt 0.481667 0.964438
vt 0.810567 0.755086
vt 0.821378 0.755086
vt 0.821378 0.848014
vt 0.810567 0.848014
vt 0.799756 0.755086
vt 0.799756 0.848014
vt 0.982063 0.792884
vt 0.982039 0.794790
vt 0.969920 0.794640
vt 0.969944 0.792733
vt 0.926753 0.802725
vt 0.926738 0.800819
vt 0.938858 0.800719
vt 0.938874 0.802625
vt 0.940484 0.802612
vt 0.940469 0.800706
vt 0.942499 0.802604
vt 0.942495 0.800698
vt 0.944183 0.802601
vt 0.944180 0.800695
vt 0.945854 0.802591
vt 0.945856 0.800685
vt 0.963266 0.802613
vt 0.963268 0.800707
vt 0.964944 0.800721
vt 0.964936 0.802627
vt 0.966629 0.800729
vt 0.966621 0.802635
vt 0.968656 0.800742
vt 0.968635 0.802648
vt 0.970345 0.800760
vt 0.970324 0.802666
vt 0.982464 0.800891
vt 0.982444 0.802796
vt 0.926351 0.794626
vt 0.926338 0.792720
vt 0.938458 0.792641
vt 0.938471 0.794548
vt 0.940160 0.794536
vt 0.940147 0.792630
vt 0.942174 0.794532
vt 0.942173 0.792625
vt 0.943859 0.794531
vt 0.943858 0.792625
vt 0.945529 0.794524
vt 0.945534 0.792619
vt 0.962940 0.794576
vt 0.962946 0.792670
vt 0.964622 0.792686
vt 0.964610 0.794593
vt 0.966307 0.792697
vt 0.966295 0.794603
vt 0.968333 0.792714
vt 0.968309 0.794619
vt 0.925516 0.846535
vt 0.930761 0.851676
vt 0.930786 0.859058
vt 0.925559 0.859076
vt 0.983967 0.858922
vt 0.983944 0.871042
vt 0.980994 0.871037
vt 0.981010 0.861985
vt 0.950604 0.840056
vt 0.945377 0.840067
vt 0.945363 0.832684
vt 0.950580 0.827516
vt 0.958851 0.843324
vt 0.958836 0.831203
vt 0.961790 0.834269
vt 0.961801 0.843320
vt 0.963239 0.834267
vt 0.960447 0.831202
vt 0.944181 0.832686
vt 0.948888 0.827519
vt 0.963237 0.832581
vt 0.960445 0.829187
vt 0.944179 0.831297
vt 0.948884 0.825414
vt 0.964647 0.832579
vt 0.962129 0.829185
vt 0.943028 0.831299
vt 0.947114 0.825417
vt 0.964645 0.831181
vt 0.962127 0.827515
vt 0.943026 0.830152
vt 0.947110 0.823679
vt 0.977030 0.831166
vt 0.979539 0.827495
vt 0.932925 0.830171
vt 0.928819 0.823714
vt 0.932927 0.831319
vt 0.928822 0.825453
vt 0.977031 0.832565
vt 0.979541 0.829165
vt 0.931776 0.831321
vt 0.927053 0.825456
vt 0.978442 0.832563
vt 0.981226 0.829162
vt 0.931779 0.832711
vt 0.927057 0.827561
vt 0.978444 0.834249
vt 0.981228 0.831177
vt 0.930598 0.832713
vt 0.925283 0.827565
vt 0.979893 0.834248
vt 0.982917 0.831175
vt 0.930613 0.840095
vt 0.925307 0.840106
vt 0.982931 0.843295
vt 0.979903 0.843299
vt 0.950855 0.858991
vt 0.945550 0.859009
vt 0.945525 0.851627
vt 0.950813 0.846451
vt 0.959863 0.870998
vt 0.959885 0.858878
vt 0.962908 0.861952
vt 0.962892 0.871004
vt 0.964356 0.861955
vt 0.961574 0.858881
vt 0.944344 0.851631
vt 0.949039 0.846457
vt 0.964359 0.860268
vt 0.961578 0.856866
vt 0.944339 0.850241
vt 0.949032 0.844351
vt 0.965770 0.860271
vt 0.963263 0.856869
vt 0.943189 0.850245
vt 0.947262 0.844357
vt 0.965773 0.858873
vt 0.963266 0.855199
vt 0.943185 0.849097
vt 0.947257 0.842619
vt 0.978157 0.858895
vt 0.980678 0.855231
vt 0.933084 0.849131
vt 0.928966 0.842680
vt 0.933088 0.850279
vt 0.928971 0.844418
vt 0.978155 0.860294
vt 0.980675 0.856901
vt 0.931938 0.850283
vt 0.927202 0.844424
vt 0.979566 0.860296
vt 0.982359 0.856904
vt 0.931942 0.851672
vt 0.927209 0.846529
vt 0.979562 0.861983
vt 0.982356 0.858919
vt 0.938480 0.810193
vt 0.925940 0.810141
vt 0.925944 0.809151
vt 0.938485 0.809203
vt 0.983760 0.815149
vt 0.983769 0.816139
vt 0.971230 0.816260
vt 0.971220 0.815270
vt 0.969528 0.815286
vt 0.969538 0.816276
vt 0.967429 0.815298
vt 0.967433 0.816288
vt 0.965660 0.815304
vt 0.965663 0.816293
vt 0.963925 0.815316
vt 0.963924 0.816306
vt 0.945634 0.815313
vt 0.945634 0.816303
vt 0.943895 0.816290
vt 0.943899 0.815300
vt 0.942126 0.816284
vt 0.942129 0.815294
vt 0.940020 0.816272
vt 0.940030 0.815282
vt 0.938246 0.816254
vt 0.938256 0.815264
vt 0.925707 0.816129
vt 0.925717 0.815139
vt 0.983990 0.808822
vt 0.984005 0.809812
vt 0.971466 0.810006
vt 0.971451 0.809016
vt 0.969677 0.809043
vt 0.969692 0.810033
vt 0.967578 0.809067
vt 0.967587 0.810057
vt 0.965808 0.809083
vt 0.965817 0.810073
vt 0.964073 0.809106
vt 0.964078 0.810096
vt 0.945781 0.809209
vt 0.945787 0.810199
vt 0.944048 0.810196
vt 0.944046 0.809206
vt 0.942278 0.810200
vt 0.942276 0.809210
vt 0.940173 0.810200
vt 0.940177 0.809210
vt 0.986338 0.861085
vt 0.985649 0.861181
vt 0.983972 0.849176
vt 0.984604 0.848664
vt 0.956666 0.838467
vt 0.955977 0.838371
vt 0.957711 0.825952
vt 0.958343 0.826464
vt 0.959951 0.826392
vt 0.959401 0.825876
vt 0.960284 0.824393
vt 0.959745 0.823806
vt 0.961968 0.824359
vt 0.961515 0.823770
vt 0.962289 0.822714
vt 0.961846 0.822067
vt 0.979700 0.822695
vt 0.980137 0.822047
vt 0.980474 0.823748
vt 0.980026 0.824339
vt 0.982243 0.823780
vt 0.981710 0.824369
vt 0.982595 0.825850
vt 0.982049 0.826367
vt 0.984367 0.825926
vt 0.983736 0.826439
vt 0.986125 0.838342
vt 0.985436 0.838439
vt 0.956875 0.861153
vt 0.956186 0.861056
vt 0.957944 0.848638
vt 0.958575 0.849152
vt 0.960262 0.849079
vt 0.959717 0.848562
vt 0.960601 0.847081
vt 0.960067 0.846492
vt 0.962286 0.847050
vt 0.961837 0.846460
vt 0.962612 0.845407
vt 0.962175 0.844758
vt 0.980025 0.845425
vt 0.980468 0.844778
vt 0.980799 0.846482
vt 0.980346 0.847071
vt 0.982569 0.846517
vt 0.982030 0.847105
vt 0.982913 0.848588
vt 0.982363 0.849104
vt 0.911574 0.917131
vt 0.909816 0.910269
vt 0.908317 0.909586
vt 0.907986 0.907660
vt 0.906480 0.907197
vt 0.906171 0.905412
vt 0.890413 0.909620
vt 0.888867 0.910292
vt 0.890762 0.907687
vt 0.892304 0.907226
vt 0.892614 0.905431
vt 0.886971 0.917108
vt 0.899394 0.905194
vt 0.850060 0.960477
vt 0.835153 0.962048
vt 0.829891 0.941302
vt 0.850246 0.956317
vt 0.467265 0.940200
vt 0.462003 0.960945
vt 0.447096 0.959374
vt 0.446910 0.955215
vt 0.906247 0.936697
vt 0.906247 0.974737
vt 0.895193 0.974737
vt 0.895193 0.936697
vt 0.917302 0.936697
vt 0.917302 0.974737
vt 0.853562 0.930290
vt 0.855692 0.930290
vt 0.866875 0.936693
vt 0.855692 0.927850
vt 0.857767 0.927850
vt 0.857767 0.925586
vt 0.853562 0.936693
vt 0.880187 0.930290
vt 0.880187 0.936693
vt 0.878057 0.930290
vt 0.878057 0.927850
vt 0.875983 0.927850
vt 0.875982 0.925586
vt 0.821378 0.912455
vt 0.810567 0.912455
vt 0.635741 0.966790
vt 0.598540 0.955431
vt 0.866875 0.955449
vt 0.853562 0.955449
vt 0.661415 0.967893
vt 0.698616 0.956533
vt 0.799756 0.912455
vt 0.880187 0.955449
vt 0.809855 0.707204
vt 0.796316 0.707247
vt 0.796316 0.702010
vt 0.809780 0.701966
vt 0.823546 0.707247
vt 0.823546 0.702010
vt 0.809931 0.744365
vt 0.796316 0.744365
vt 0.796316 0.722939
vt 0.809931 0.722853
vt 0.823546 0.744365
vt 0.823546 0.722939
vt 0.796316 0.683100
vt 0.823546 0.683100
vt 0.809931 0.674121
vt 0.800616 0.675541
vt 0.800616 0.674121
vt 0.798494 0.677071
vt 0.796316 0.677071
vt 0.823546 0.677071
vt 0.821367 0.677071
vt 0.819245 0.675541
vt 0.821367 0.675541
vt 0.798494 0.675541
vt 0.819245 0.674121
vt 0.796316 0.712522
vt 0.809931 0.712478
vt 0.823546 0.712522
vt 0.814188 0.989950
vt 0.721259 0.989950
vt 0.656819 0.989950
vt 0.864642 0.963235
vt 0.875568 0.963235
vt 0.875568 0.985527
vt 0.864642 0.985527
vt 0.853716 0.963235
vt 0.853716 0.985527
vt 0.575896 0.988847
vt 0.640337 0.988847
vt 0.482968 0.988847
vt 0.459241 0.971834
vt 0.447283 0.963562
vt 0.837915 0.972937
vt 0.849873 0.964665
vt 0.983164 0.409713
vt 0.983141 0.411619
vt 0.971020 0.411468
vt 0.971044 0.409562
vt 0.927450 0.411455
vt 0.927437 0.409549
vt 0.939558 0.409470
vt 0.939570 0.411376
vt 0.941259 0.411365
vt 0.941247 0.409459
vt 0.943273 0.411360
vt 0.943273 0.409454
vt 0.944959 0.411360
vt 0.944958 0.409454
vt 0.946629 0.411353
vt 0.946634 0.409447
vt 0.964041 0.411405
vt 0.964046 0.409498
vt 0.965722 0.409515
vt 0.965710 0.411421
vt 0.967407 0.409525
vt 0.967396 0.411431
vt 0.969434 0.409542
vt 0.969410 0.411448
vt 0.925611 0.475443
vt 0.930856 0.480584
vt 0.930880 0.487966
vt 0.925653 0.487983
vt 0.986231 0.476036
vt 0.986208 0.488157
vt 0.983259 0.488151
vt 0.983275 0.479100
vt 0.950950 0.487899
vt 0.945645 0.487916
vt 0.945620 0.480534
vt 0.950908 0.475358
vt 0.962128 0.488113
vt 0.962150 0.475993
vt 0.965173 0.479067
vt 0.965156 0.488118
vt 0.966621 0.479070
vt 0.963839 0.475996
vt 0.944439 0.480538
vt 0.949134 0.475364
vt 0.966624 0.477383
vt 0.963842 0.473981
vt 0.944434 0.479148
vt 0.949127 0.473259
vt 0.968035 0.477386
vt 0.965527 0.473985
vt 0.943284 0.479152
vt 0.947357 0.473265
vt 0.968037 0.475988
vt 0.965530 0.472314
vt 0.943280 0.478005
vt 0.947351 0.471526
vt 0.980421 0.476010
vt 0.982942 0.472346
vt 0.933179 0.478039
vt 0.929061 0.471587
vt 0.933183 0.479186
vt 0.929066 0.473326
vt 0.980419 0.477408
vt 0.982939 0.474016
vt 0.932032 0.479190
vt 0.927296 0.473332
vt 0.981830 0.477411
vt 0.984623 0.474019
vt 0.932037 0.480580
vt 0.927303 0.475437
vt 0.981827 0.479098
vt 0.984620 0.476033
vt 0.939582 0.427021
vt 0.927042 0.426970
vt 0.927046 0.425980
vt 0.939586 0.426032
vt 0.985088 0.425651
vt 0.985104 0.426640
vt 0.972565 0.426834
vt 0.972550 0.425845
vt 0.970776 0.425872
vt 0.970791 0.426862
vt 0.968677 0.425896
vt 0.968686 0.426886
vt 0.966907 0.425912
vt 0.966916 0.426901
vt 0.965172 0.425934
vt 0.965178 0.426924
vt 0.946882 0.426038
vt 0.946887 0.427028
vt 0.945149 0.427025
vt 0.945147 0.426035
vt 0.943379 0.427029
vt 0.943377 0.426039
vt 0.941274 0.427028
vt 0.941278 0.426039
vt 0.988601 0.478199
vt 0.987912 0.478296
vt 0.986235 0.466292
vt 0.986867 0.465779
vt 0.959141 0.478268
vt 0.958451 0.478170
vt 0.960209 0.465753
vt 0.960840 0.466267
vt 0.962527 0.466195
vt 0.961982 0.465678
vt 0.962866 0.464197
vt 0.962333 0.463608
vt 0.964551 0.464166
vt 0.964103 0.463576
vt 0.964877 0.462522
vt 0.964440 0.461874
vt 0.982289 0.462541
vt 0.982731 0.461894
vt 0.983063 0.463598
vt 0.982609 0.464187
vt 0.984832 0.463633
vt 0.984294 0.464220
vt 0.985176 0.465704
vt 0.984626 0.466219
vt 0.985091 0.575352
vt 0.985067 0.577259
vt 0.972947 0.577108
vt 0.972971 0.575202
vt 0.929376 0.577095
vt 0.929364 0.575189
vt 0.941484 0.575110
vt 0.941497 0.577016
vt 0.943186 0.577005
vt 0.943173 0.575099
vt 0.945200 0.577000
vt 0.945200 0.575094
vt 0.946885 0.577000
vt 0.946885 0.575094
vt 0.948555 0.576993
vt 0.948561 0.575087
vt 0.965967 0.577045
vt 0.965973 0.575138
vt 0.967649 0.575155
vt 0.967637 0.577061
vt 0.969334 0.575165
vt 0.969322 0.577071
vt 0.971361 0.575182
vt 0.971337 0.577088
vt 0.927987 0.624758
vt 0.933231 0.629898
vt 0.933256 0.637280
vt 0.928029 0.637298
vt 0.986230 0.639974
vt 0.986208 0.652094
vt 0.983258 0.652089
vt 0.983275 0.643038
vt 0.953325 0.637213
vt 0.948020 0.637231
vt 0.947995 0.629849
vt 0.953283 0.624673
vt 0.962128 0.652051
vt 0.962149 0.639930
vt 0.965172 0.643005
vt 0.965156 0.652056
vt 0.966621 0.643008
vt 0.963838 0.639933
vt 0.946814 0.629853
vt 0.951509 0.624679
vt 0.966624 0.641321
vt 0.963842 0.637919
vt 0.946810 0.628463
vt 0.951502 0.622574
vt 0.968034 0.641324
vt 0.965527 0.637922
vt 0.945659 0.628467
vt 0.949733 0.622579
vt 0.968037 0.639925
vt 0.965530 0.636252
vt 0.945655 0.627320
vt 0.949727 0.620841
vt 0.980421 0.639948
vt 0.982942 0.636283
vt 0.935555 0.627354
vt 0.931436 0.620902
vt 0.935559 0.628501
vt 0.931442 0.622641
vt 0.980419 0.641346
vt 0.982939 0.637954
vt 0.934408 0.628505
vt 0.929672 0.622646
vt 0.981830 0.641349
vt 0.984623 0.637957
vt 0.934413 0.629894
vt 0.929679 0.624752
vt 0.981826 0.643035
vt 0.984620 0.639971
vt 0.941507 0.592661
vt 0.928967 0.592610
vt 0.928971 0.591620
vt 0.941511 0.591672
vt 0.987016 0.591291
vt 0.987032 0.592281
vt 0.974493 0.592474
vt 0.974477 0.591485
vt 0.972703 0.591512
vt 0.972719 0.592502
vt 0.970604 0.591536
vt 0.970613 0.592526
vt 0.968835 0.591552
vt 0.968843 0.592542
vt 0.967099 0.591575
vt 0.967105 0.592564
vt 0.948808 0.591678
vt 0.948813 0.592668
vt 0.947075 0.592664
vt 0.947073 0.591675
vt 0.945305 0.592669
vt 0.945302 0.591679
vt 0.943199 0.592668
vt 0.943203 0.591679
vt 0.988602 0.642138
vt 0.987913 0.642234
vt 0.986236 0.630229
vt 0.986868 0.629716
vt 0.959139 0.642206
vt 0.958449 0.642109
vt 0.960208 0.629691
vt 0.960839 0.630204
vt 0.962526 0.630132
vt 0.961980 0.629615
vt 0.962865 0.628134
vt 0.962331 0.627545
vt 0.964550 0.628103
vt 0.964101 0.627513
vt 0.964876 0.626459
vt 0.964439 0.625811
vt 0.982289 0.626478
vt 0.982732 0.625831
vt 0.983063 0.627534
vt 0.982610 0.628124
vt 0.984833 0.627570
vt 0.984294 0.628158
vt 0.985177 0.629641
vt 0.984627 0.630157
vt 0.784760 0.557404
vt 0.784819 0.398354
vt 0.789163 0.398350
vt 0.789101 0.557372
vt 0.784914 0.597306
vt 0.785002 0.581781
vt 0.789304 0.581874
vt 0.789210 0.597499
vt 0.785091 0.569883
vt 0.789448 0.569792
vt 0.784733 0.612088
vt 0.788996 0.612452
vt 0.783030 0.557435
vt 0.783090 0.398355
vt 0.783174 0.597242
vt 0.783254 0.581747
vt 0.783335 0.569924
vt 0.783011 0.611940
vt 0.780988 0.557445
vt 0.781047 0.398357
vt 0.781137 0.597168
vt 0.781211 0.581721
vt 0.781276 0.569970
vt 0.780996 0.611778
vt 0.779305 0.557473
vt 0.779364 0.398359
vt 0.779433 0.597119
vt 0.779498 0.581695
vt 0.779552 0.570012
vt 0.779316 0.611668
vt 0.777623 0.557470
vt 0.777681 0.398360
vt 0.777747 0.597073
vt 0.777805 0.581685
vt 0.777846 0.570050
vt 0.777647 0.611572
vt 0.787368 0.630885
vt 0.783351 0.627562
vt 0.781677 0.627353
vt 0.780188 0.626068
vt 0.778588 0.625905
vt 0.777232 0.624710
vt 0.755715 0.557391
vt 0.755771 0.398357
vt 0.757500 0.398361
vt 0.757445 0.557425
vt 0.755554 0.597328
vt 0.755454 0.581735
vt 0.757201 0.581697
vt 0.757294 0.597254
vt 0.755375 0.569823
vt 0.757131 0.569859
vt 0.755823 0.612231
vt 0.757543 0.612066
vt 0.759543 0.398365
vt 0.759487 0.557438
vt 0.759245 0.581665
vt 0.759329 0.597168
vt 0.759191 0.569898
vt 0.759555 0.611881
vt 0.761226 0.398368
vt 0.761170 0.557469
vt 0.760957 0.581633
vt 0.761032 0.597106
vt 0.760915 0.569932
vt 0.761231 0.611750
vt 0.762909 0.398371
vt 0.762852 0.557470
vt 0.762651 0.581615
vt 0.762716 0.597047
vt 0.762623 0.569960
vt 0.762895 0.611627
vt 0.759064 0.627672
vt 0.757388 0.627884
vt 0.760541 0.626377
vt 0.762144 0.626226
vt 0.763491 0.625031
vt 0.753406 0.631263
vt 0.751562 0.612631
vt 0.751259 0.597536
vt 0.751151 0.581831
vt 0.751017 0.569732
vt 0.751374 0.557356
vt 0.751427 0.398349
vt 0.811685 0.400205
vt 0.811801 0.559383
vt 0.805335 0.559388
vt 0.805219 0.400210
vt 0.812782 0.572855
vt 0.805345 0.572861
vt 0.817137 0.585388
vt 0.805354 0.585396
vt 0.826123 0.599607
vt 0.805364 0.599622
vt 0.837313 0.610967
vt 0.805372 0.610990
vt 0.853141 0.621534
vt 0.805380 0.621568
vt 0.911360 0.399652
vt 0.911292 0.558831
vt 0.904826 0.558828
vt 0.904894 0.399649
vt 0.911286 0.572304
vt 0.903849 0.572300
vt 0.911281 0.584839
vt 0.899498 0.584834
vt 0.911275 0.599065
vt 0.890516 0.599056
vt 0.911270 0.610433
vt 0.879329 0.610419
vt 0.911266 0.621011
vt 0.863505 0.620991
vt 0.805406 0.657569
vt 0.853167 0.657534
vt 0.911251 0.657012
vt 0.863490 0.656992
vt 0.741845 0.663088
vt 0.747045 0.663099
vt 0.783022 0.673984
vt 0.741841 0.664818
vt 0.739860 0.664814
vt 0.739857 0.666499
vt 0.783022 0.673985
vt 0.738018 0.666495
vt 0.783022 0.673985
vt 0.741800 0.684709
vt 0.741803 0.682979
vt 0.783023 0.673987
vt 0.739822 0.682975
vt 0.739826 0.681290
vt 0.737987 0.681286
vt 0.783022 0.673986
vt 0.747000 0.684720
vt 0.782999 0.684797
vt 0.783044 0.663173
vt 0.787496 0.649191
vt 0.787511 0.660002
vt 0.739750 0.660066
vt 0.739735 0.649255
vt 0.787482 0.638380
vt 0.739721 0.638444
vt 0.983420 0.493007
vt 0.983396 0.494912
vt 0.971277 0.494762
vt 0.971301 0.492856
vt 0.927708 0.494749
vt 0.927696 0.492843
vt 0.939816 0.492764
vt 0.939828 0.494670
vt 0.941517 0.494659
vt 0.941504 0.492753
vt 0.943531 0.494654
vt 0.943531 0.492748
vt 0.945216 0.494654
vt 0.945216 0.492748
vt 0.946886 0.494647
vt 0.946892 0.492741
vt 0.964297 0.494698
vt 0.964303 0.492792
vt 0.965979 0.492809
vt 0.965967 0.494715
vt 0.967664 0.492819
vt 0.967652 0.494725
vt 0.969690 0.492836
vt 0.969667 0.494742
vt 0.926874 0.546658
vt 0.932118 0.551798
vt 0.932143 0.559181
vt 0.926916 0.559198
vt 0.985324 0.559044
vt 0.985302 0.571165
vt 0.982352 0.571159
vt 0.982368 0.562108
vt 0.952213 0.559113
vt 0.946907 0.559131
vt 0.946883 0.551749
vt 0.952171 0.546573
vt 0.961221 0.571121
vt 0.961242 0.559000
vt 0.964265 0.562075
vt 0.964249 0.571126
vt 0.965714 0.562078
vt 0.962931 0.559003
vt 0.945701 0.551753
vt 0.950397 0.546579
vt 0.965717 0.560391
vt 0.962935 0.556989
vt 0.945697 0.550364
vt 0.950390 0.544474
vt 0.967127 0.560393
vt 0.964620 0.556992
vt 0.944546 0.550367
vt 0.948620 0.544479
vt 0.967130 0.558995
vt 0.964623 0.555322
vt 0.944542 0.549220
vt 0.948614 0.542741
vt 0.979515 0.559018
vt 0.982035 0.555353
vt 0.934442 0.549254
vt 0.930323 0.542802
vt 0.934446 0.550401
vt 0.930329 0.544541
vt 0.979512 0.560416
vt 0.982032 0.557024
vt 0.933295 0.550405
vt 0.928559 0.544547
vt 0.980923 0.560418
vt 0.983717 0.557027
vt 0.933300 0.551794
vt 0.928566 0.546652
vt 0.980920 0.562105
vt 0.983713 0.559041
vt 0.939838 0.510315
vt 0.927297 0.510263
vt 0.927301 0.509273
vt 0.939842 0.509325
vt 0.985347 0.508945
vt 0.985363 0.509934
vt 0.972823 0.510128
vt 0.972808 0.509138
vt 0.971034 0.509166
vt 0.971050 0.510156
vt 0.968935 0.509190
vt 0.968944 0.510180
vt 0.967165 0.509206
vt 0.967174 0.510195
vt 0.965430 0.509228
vt 0.965436 0.510218
vt 0.947138 0.509332
vt 0.947144 0.510321
vt 0.945406 0.510318
vt 0.945403 0.509328
vt 0.943636 0.510323
vt 0.943633 0.509333
vt 0.941530 0.510322
vt 0.941534 0.509332
vt 0.987696 0.561207
vt 0.987006 0.561304
vt 0.985329 0.549298
vt 0.985961 0.548786
vt 0.958233 0.561276
vt 0.957543 0.561178
vt 0.959301 0.548761
vt 0.959932 0.549274
vt 0.961619 0.549202
vt 0.961074 0.548684
vt 0.961958 0.547204
vt 0.961425 0.546615
vt 0.963643 0.547173
vt 0.963195 0.546583
vt 0.963969 0.545529
vt 0.963532 0.544881
vt 0.981382 0.545548
vt 0.981825 0.544901
vt 0.982156 0.546604
vt 0.981703 0.547193
vt 0.983926 0.546640
vt 0.983387 0.547227
vt 0.984270 0.548710
vt 0.983720 0.549227
vt 0.917826 0.399655
vt 0.917758 0.558834
vt 0.918724 0.572307
vt 0.797907 0.572866
vt 0.798869 0.559393
vt 0.798753 0.400215
vt 0.333161 0.967275
vt 0.332995 0.929947
vt 0.334720 0.929951
vt 0.334895 0.967281
vt 0.333115 0.983813
vt 0.334856 0.983723
vt 0.336756 0.929956
vt 0.336943 0.967260
vt 0.336894 0.983514
vt 0.338433 0.929959
vt 0.338634 0.967266
vt 0.338596 0.983440
vt 0.340107 0.929962
vt 0.340323 0.967243
vt 0.340282 0.983281
vt 0.328874 0.982491
vt 0.328805 0.967327
vt 0.328659 0.929939
vt 0.405803 0.966469
vt 0.405366 0.929024
vt 0.409701 0.928948
vt 0.410145 0.966434
vt 0.405954 0.979906
vt 0.410283 0.980271
vt 0.404069 0.966498
vt 0.403642 0.929054
vt 0.404209 0.979824
vt 0.402021 0.966512
vt 0.401608 0.929089
vt 0.402161 0.979646
vt 0.400330 0.966541
vt 0.399931 0.929117
vt 0.400455 0.979584
vt 0.398640 0.966546
vt 0.398257 0.929144
vt 0.398760 0.979454
vt 0.376608 0.966625
vt 0.376479 0.929304
vt 0.378203 0.929310
vt 0.378343 0.966629
vt 0.376640 0.980011
vt 0.378373 0.979905
vt 0.380238 0.929318
vt 0.380393 0.966614
vt 0.380410 0.979699
vt 0.381914 0.929324
vt 0.382085 0.966620
vt 0.382106 0.979620
vt 0.383588 0.929330
vt 0.383776 0.966603
vt 0.383795 0.979474
vt 0.372321 0.980498
vt 0.372264 0.966655
vt 0.372145 0.929291
vt 0.362330 0.967103
vt 0.361895 0.929668
vt 0.366230 0.929593
vt 0.366673 0.967071
vt 0.362454 0.980519
vt 0.366784 0.980937
vt 0.360596 0.967132
vt 0.360171 0.929698
vt 0.360716 0.980441
vt 0.358548 0.967145
vt 0.358136 0.929732
vt 0.358672 0.980267
vt 0.356858 0.967174
vt 0.356459 0.929760
vt 0.356970 0.980211
vt 0.355169 0.967180
vt 0.354785 0.929787
vt 0.355275 0.980089
vt 0.398444 0.985004
vt 0.384022 0.983669
vt 0.294443 0.930952
vt 0.294443 0.968519
vt 0.281511 0.968519
vt 0.281511 0.930952
vt 0.295414 0.982672
vt 0.280539 0.982672
vt 0.296146 0.984891
vt 0.279697 0.985226
vt 0.268017 0.931435
vt 0.268017 0.969001
vt 0.255084 0.969001
vt 0.255084 0.931435
vt 0.268884 0.984464
vt 0.254113 0.983154
vt 0.270417 0.990639
vt 0.252802 0.990280
vt 0.335503 0.989032
vt 0.333858 0.989413
vt 0.337520 0.989481
vt 0.339116 0.989137
vt 0.340739 0.989547
vt 0.329492 0.988601
vt 0.410245 0.987433
vt 0.405289 0.984953
vt 0.403648 0.984585
vt 0.401646 0.984965
vt 0.400050 0.984642
vt 0.378795 0.983115
vt 0.377093 0.983205
vt 0.380795 0.983439
vt 0.382431 0.983370
vt 0.372742 0.982723
vt 0.366351 0.983500
vt 0.361991 0.984266
vt 0.360289 0.984201
vt 0.358283 0.984657
vt 0.356646 0.984617
vt 0.355045 0.985027
vt 0.321764 0.970968
vt 0.320034 0.970907
vt 0.310685 0.957115
vt 0.319959 0.973053
vt 0.318274 0.972986
vt 0.318202 0.974756
vt 0.321903 0.966419
vt 0.321352 0.943568
vt 0.322675 0.948931
vt 0.319623 0.943645
vt 0.319600 0.941526
vt 0.317916 0.941600
vt 0.317897 0.939852
vt 0.299752 0.944316
vt 0.301482 0.944273
vt 0.301466 0.942156
vt 0.303151 0.942113
vt 0.303136 0.940366
vt 0.299781 0.948803
vt 0.299561 0.969696
vt 0.299660 0.965149
vt 0.301291 0.969770
vt 0.301242 0.971916
vt 0.302925 0.971991
vt 0.302884 0.973761
vt 0.017260 0.285365
vt 0.055049 0.285643
vt 0.053720 0.466433
vt 0.015931 0.466155
vt 0.208925 0.007343
vt 0.246726 0.007307
vt 0.246754 0.037185
vt 0.208954 0.037221
vt 0.209132 0.225680
vt 0.246932 0.225644
vt 0.246978 0.274068
vt 0.209177 0.274104
vt 0.209308 0.411919
vt 0.247108 0.411884
vt 0.247136 0.441762
vt 0.209336 0.441798
vt 0.015292 0.014536
vt 0.045154 0.014511
vt 0.045309 0.195257
vt 0.015447 0.195283
vt 0.154844 0.393191
vt 0.155176 0.212445
vt 0.185039 0.212500
vt 0.184706 0.393246
vt 0.017435 0.212192
vt 0.085594 0.212317
vt 0.085478 0.275464
vt 0.039171 0.255435
vt 0.247042 0.342264
vt 0.209242 0.342300
vt 0.114790 0.077598
vt 0.114736 0.014451
vt 0.182895 0.014393
vt 0.161117 0.057615
vt 0.209084 0.175200
vt 0.246884 0.175164
vt 0.103748 0.324234
vt 0.103954 0.212351
vt 0.209259 0.360669
vt 0.247059 0.360633
vt 0.096377 0.014467
vt 0.096473 0.126351
vt 0.246835 0.123056
vt 0.209035 0.123092
vt 0.295007 0.149099
vt 0.309456 0.149099
vt 0.309456 0.247905
vt 0.295007 0.229045
vt 0.457277 0.151853
vt 0.457359 0.175612
vt 0.437097 0.175682
vt 0.437015 0.151923
vt 0.411535 0.226862
vt 0.397034 0.245683
vt 0.397306 0.146877
vt 0.411755 0.146917
vt 0.274995 0.336864
vt 0.275005 0.256919
vt 0.295267 0.256922
vt 0.295257 0.336867
vt 0.320871 0.149099
vt 0.320871 0.279476
vt 0.457475 0.209182
vt 0.437213 0.209253
vt 0.385532 0.277222
vt 0.385891 0.146846
vt 0.341149 0.149099
vt 0.341149 0.298501
vt 0.431454 0.269130
vt 0.451716 0.269234
vt 0.451486 0.314064
vt 0.431224 0.313960
vt 0.365202 0.296192
vt 0.365613 0.146790
vt 0.457564 0.235051
vt 0.437303 0.235121
vt 0.341149 0.324370
vt 0.320871 0.305344
vt 0.385461 0.303090
vt 0.365131 0.322060
vt 0.457625 0.252662
vt 0.437364 0.252732
vt 0.391492 0.319637
vt 0.365038 0.355831
vt 0.341149 0.358141
vt 0.314795 0.321875
vt 0.572640 0.016328
vt 0.589921 0.016328
vt 0.589921 0.033609
vt 0.572640 0.033609
vt 0.589921 0.050889
vt 0.572640 0.050889
vt 0.589921 0.068170
vt 0.572640 0.068170
vt 0.589921 0.085451
vt 0.572640 0.085451
vt 0.607202 0.016328
vt 0.607202 0.033609
vt 0.555359 0.016328
vt 0.555359 0.033609
vt 0.652281 0.014124
vt 0.673585 0.014124
vt 0.673585 0.035428
vt 0.652281 0.035428
vt 0.673585 0.056732
vt 0.652281 0.056732
vt 0.673585 0.078037
vt 0.652281 0.078037
vt 0.673585 0.099341
vt 0.652281 0.099341
vt 0.694889 0.014124
vt 0.694889 0.035428
vt 0.630977 0.014124
vt 0.630977 0.035428
vt 0.618509 0.117225
vt 0.617982 0.013589
vt 0.643983 0.013457
vt 0.644501 0.115462
vt 0.547923 0.072460
vt 0.562391 0.076254
vt 0.555235 0.101244
vt 0.541266 0.097535
vt 0.591285 0.086334
vt 0.590916 0.013726
vt 0.547717 0.035253
vt 0.561679 0.035175
vt 0.569975 0.078938
vt 0.569644 0.013835
vt 0.547593 0.012746
vt 0.561554 0.012669
vt 0.463388 0.013770
vt 0.489390 0.013854
vt 0.489072 0.112113
vt 0.463071 0.112029
vt 0.516456 0.013941
vt 0.516221 0.086550
vt 0.537728 0.014010
vt 0.537517 0.079115
vt 0.054411 0.913621
vt 0.054543 0.934753
vt 0.040551 0.934841
vt 0.040419 0.913709
vt 0.098001 0.883409
vt 0.097844 0.904540
vt 0.076714 0.904384
vt 0.076997 0.866079
vt 0.076402 0.951521
vt 0.076507 0.913215
vt 0.097638 0.913273
vt 0.097581 0.934405
vt 0.040247 0.886480
vt 0.054240 0.886392
vt 0.068332 0.904322
vt 0.068633 0.863639
vt 0.040193 0.877767
vt 0.054185 0.877679
vt 0.068014 0.953876
vt 0.068125 0.913192
vt 0.983380 0.117695
vt 0.983356 0.119601
vt 0.971236 0.119451
vt 0.971260 0.117545
vt 0.928069 0.127536
vt 0.928053 0.125630
vt 0.940174 0.125531
vt 0.940190 0.127437
vt 0.941800 0.127423
vt 0.941784 0.125517
vt 0.943815 0.127415
vt 0.943811 0.125509
vt 0.945499 0.127412
vt 0.945496 0.125506
vt 0.947170 0.127403
vt 0.947172 0.125496
vt 0.964582 0.127425
vt 0.964584 0.125519
vt 0.966260 0.125533
vt 0.966252 0.127439
vt 0.967945 0.125540
vt 0.967937 0.127446
vt 0.969972 0.125553
vt 0.969951 0.127459
vt 0.971660 0.125571
vt 0.971640 0.127477
vt 0.983780 0.125701
vt 0.983760 0.127608
vt 0.927665 0.119438
vt 0.927653 0.117531
vt 0.939773 0.117453
vt 0.939786 0.119359
vt 0.941475 0.119348
vt 0.941462 0.117441
vt 0.943489 0.119343
vt 0.943489 0.117437
vt 0.945174 0.119343
vt 0.945174 0.117436
vt 0.946844 0.119336
vt 0.946850 0.117430
vt 0.964256 0.119387
vt 0.964262 0.117481
vt 0.965938 0.117498
vt 0.965926 0.119404
vt 0.967623 0.117508
vt 0.967611 0.119414
vt 0.969649 0.117525
vt 0.969626 0.119431
vt 0.925827 0.183425
vt 0.931072 0.188566
vt 0.931096 0.195948
vt 0.925869 0.195966
vt 0.986446 0.184019
vt 0.986424 0.196139
vt 0.983474 0.196134
vt 0.983490 0.187083
vt 0.951335 0.176616
vt 0.946108 0.176626
vt 0.946094 0.169244
vt 0.951311 0.164075
vt 0.961471 0.166951
vt 0.961456 0.154831
vt 0.964410 0.157897
vt 0.964421 0.166948
vt 0.965858 0.157895
vt 0.963067 0.154829
vt 0.944912 0.169246
vt 0.949619 0.164079
vt 0.965856 0.156208
vt 0.963065 0.152814
vt 0.944910 0.167856
vt 0.949615 0.161973
vt 0.967267 0.156207
vt 0.964749 0.152812
vt 0.943759 0.167859
vt 0.947845 0.161977
vt 0.967265 0.154808
vt 0.964747 0.151142
vt 0.943757 0.166711
vt 0.947842 0.160238
vt 0.979650 0.154794
vt 0.982159 0.151122
vt 0.933656 0.166731
vt 0.929550 0.160274
vt 0.933658 0.167878
vt 0.929554 0.162012
vt 0.979651 0.156192
vt 0.982161 0.152792
vt 0.932508 0.167880
vt 0.927784 0.162016
vt 0.981062 0.156190
vt 0.983846 0.152790
vt 0.932510 0.169270
vt 0.927788 0.164121
vt 0.981064 0.157877
vt 0.983848 0.154804
vt 0.931329 0.169272
vt 0.926014 0.164124
vt 0.982513 0.157875
vt 0.985537 0.154802
vt 0.931344 0.176655
vt 0.926038 0.176665
vt 0.985551 0.166923
vt 0.982523 0.166926
vt 0.951166 0.195881
vt 0.945860 0.195899
vt 0.945836 0.188517
vt 0.951124 0.183341
vt 0.962343 0.196096
vt 0.962365 0.183975
vt 0.965388 0.187050
vt 0.965372 0.196101
vt 0.966837 0.187052
vt 0.964054 0.183978
vt 0.944655 0.188521
vt 0.949350 0.183347
vt 0.966839 0.185366
vt 0.964058 0.181964
vt 0.944650 0.187131
vt 0.949343 0.181241
vt 0.968250 0.185369
vt 0.965743 0.181967
vt 0.943499 0.187135
vt 0.947573 0.181247
vt 0.968253 0.183970
vt 0.965746 0.180297
vt 0.943496 0.185988
vt 0.947567 0.179509
vt 0.980637 0.183993
vt 0.983158 0.180328
vt 0.933395 0.186021
vt 0.929276 0.179570
vt 0.933399 0.187169
vt 0.929282 0.181308
vt 0.980635 0.185391
vt 0.983154 0.181999
vt 0.932248 0.187173
vt 0.927512 0.181314
vt 0.982046 0.185393
vt 0.984839 0.182002
vt 0.932253 0.188562
vt 0.927519 0.183420
vt 0.982042 0.187080
vt 0.984836 0.184016
vt 0.939797 0.135004
vt 0.927257 0.134952
vt 0.927261 0.133962
vt 0.939801 0.134014
vt 0.985077 0.139960
vt 0.985087 0.140950
vt 0.972547 0.141071
vt 0.972537 0.140081
vt 0.970845 0.140098
vt 0.970855 0.141087
vt 0.968746 0.140109
vt 0.968749 0.141099
vt 0.966976 0.140115
vt 0.966979 0.141105
vt 0.965241 0.140128
vt 0.965240 0.141117
vt 0.946949 0.140125
vt 0.946949 0.141114
vt 0.945211 0.141101
vt 0.945214 0.140112
vt 0.943441 0.141095
vt 0.943444 0.140105
vt 0.941335 0.141083
vt 0.941345 0.140093
vt 0.939561 0.141065
vt 0.939571 0.140075
vt 0.927021 0.140940
vt 0.927031 0.139950
vt 0.985304 0.133634
vt 0.985319 0.134623
vt 0.972781 0.134817
vt 0.972766 0.133827
vt 0.970992 0.133855
vt 0.971007 0.134844
vt 0.968893 0.133879
vt 0.968902 0.134868
vt 0.967123 0.133894
vt 0.967132 0.134884
vt 0.965388 0.133917
vt 0.965394 0.134907
vt 0.947097 0.134021
vt 0.947103 0.135010
vt 0.945365 0.135007
vt 0.945362 0.134017
vt 0.943595 0.135012
vt 0.943592 0.134022
vt 0.941489 0.135011
vt 0.941493 0.134021
vt 0.988817 0.186182
vt 0.988127 0.186278
vt 0.986451 0.174274
vt 0.987082 0.173762
vt 0.959567 0.161740
vt 0.958877 0.161644
vt 0.960611 0.149225
vt 0.961243 0.149737
vt 0.962852 0.149665
vt 0.962302 0.149149
vt 0.963185 0.147666
vt 0.962646 0.147078
vt 0.964869 0.147632
vt 0.964416 0.147043
vt 0.965189 0.145987
vt 0.964747 0.145340
vt 0.982601 0.145967
vt 0.983037 0.145319
vt 0.983375 0.147021
vt 0.982927 0.147611
vt 0.985144 0.147053
vt 0.984611 0.147642
vt 0.985496 0.149122
vt 0.984950 0.149640
vt 0.987268 0.149199
vt 0.986637 0.149712
vt 0.989026 0.161615
vt 0.988337 0.161712
vt 0.959356 0.186250
vt 0.958667 0.186153
vt 0.960425 0.173736
vt 0.961056 0.174249
vt 0.962743 0.174177
vt 0.962197 0.173660
vt 0.963082 0.172179
vt 0.962548 0.171591
vt 0.964767 0.172149
vt 0.964318 0.171559
vt 0.965093 0.170505
vt 0.964656 0.169857
vt 0.982504 0.170524
vt 0.982947 0.169877
vt 0.983278 0.171580
vt 0.982825 0.172169
vt 0.985048 0.171616
vt 0.984509 0.172203
vt 0.985392 0.173686
vt 0.984842 0.174202
vt 0.985306 0.283335
vt 0.985283 0.285241
vt 0.973163 0.285091
vt 0.973187 0.283185
vt 0.929996 0.293176
vt 0.929980 0.291270
vt 0.942101 0.291171
vt 0.942116 0.293077
vt 0.943727 0.293064
vt 0.943711 0.291158
vt 0.945741 0.293056
vt 0.945738 0.291149
vt 0.947426 0.293053
vt 0.947423 0.291146
vt 0.949096 0.293043
vt 0.949099 0.291137
vt 0.966508 0.293065
vt 0.966511 0.291159
vt 0.968186 0.291173
vt 0.968178 0.293079
vt 0.969871 0.291180
vt 0.969863 0.293086
vt 0.971898 0.291194
vt 0.971877 0.293100
vt 0.973587 0.291212
vt 0.973566 0.293118
vt 0.985706 0.291342
vt 0.985686 0.293248
vt 0.929592 0.285078
vt 0.929580 0.283172
vt 0.941700 0.283093
vt 0.941712 0.284999
vt 0.943401 0.284988
vt 0.943389 0.283082
vt 0.945416 0.284983
vt 0.945415 0.283077
vt 0.947101 0.284983
vt 0.947100 0.283076
vt 0.948771 0.284976
vt 0.948776 0.283069
vt 0.966183 0.285027
vt 0.966188 0.283121
vt 0.967864 0.283138
vt 0.967853 0.285044
vt 0.969550 0.283148
vt 0.969538 0.285054
vt 0.971576 0.283165
vt 0.971552 0.285071
vt 0.928202 0.332740
vt 0.933447 0.337881
vt 0.933472 0.345263
vt 0.928245 0.345280
vt 0.986446 0.347957
vt 0.986424 0.360077
vt 0.983474 0.360072
vt 0.983490 0.351020
vt 0.953290 0.325500
vt 0.948063 0.325510
vt 0.948048 0.318128
vt 0.953266 0.312960
vt 0.961439 0.331882
vt 0.961424 0.319762
vt 0.964378 0.322827
vt 0.964388 0.331879
vt 0.965826 0.322826
vt 0.963035 0.319760
vt 0.946867 0.318130
vt 0.951574 0.312963
vt 0.965824 0.321139
vt 0.963032 0.317745
vt 0.946864 0.316741
vt 0.951570 0.310857
vt 0.967235 0.321138
vt 0.964717 0.317743
vt 0.945714 0.316743
vt 0.949800 0.310861
vt 0.967233 0.319739
vt 0.964715 0.316073
vt 0.945712 0.315596
vt 0.949796 0.309122
vt 0.979618 0.319725
vt 0.982127 0.316053
vt 0.935611 0.315615
vt 0.931505 0.309158
vt 0.935613 0.316762
vt 0.931508 0.310896
vt 0.979620 0.321123
vt 0.982129 0.317723
vt 0.934462 0.316765
vt 0.929739 0.310900
vt 0.981030 0.321121
vt 0.983814 0.317721
vt 0.934465 0.318154
vt 0.929743 0.313005
vt 0.981032 0.322808
vt 0.983816 0.319735
vt 0.933284 0.318157
vt 0.927969 0.313009
vt 0.982481 0.322806
vt 0.985505 0.319733
vt 0.933299 0.325539
vt 0.927993 0.325549
vt 0.985520 0.331854
vt 0.982491 0.331858
vt 0.953541 0.345196
vt 0.948236 0.345213
vt 0.948211 0.337831
vt 0.953499 0.332656
vt 0.962343 0.360033
vt 0.962365 0.347913
vt 0.965388 0.350988
vt 0.965371 0.360039
vt 0.966836 0.350990
vt 0.964054 0.347916
vt 0.947030 0.337835
vt 0.951725 0.332661
vt 0.966839 0.349304
vt 0.964058 0.345901
vt 0.947025 0.336446
vt 0.951718 0.330556
vt 0.968250 0.349306
vt 0.965742 0.345905
vt 0.945875 0.336450
vt 0.949948 0.330562
vt 0.968252 0.347908
vt 0.965745 0.344234
vt 0.945871 0.335302
vt 0.949942 0.328824
vt 0.980637 0.347930
vt 0.983157 0.344266
vt 0.935770 0.335336
vt 0.931652 0.328885
vt 0.935774 0.336484
vt 0.931657 0.330623
vt 0.980635 0.349329
vt 0.983154 0.345936
vt 0.934624 0.336487
vt 0.929888 0.330629
vt 0.982045 0.349331
vt 0.984839 0.345939
vt 0.934628 0.337877
vt 0.929895 0.332735
vt 0.982042 0.351018
vt 0.984835 0.347954
vt 0.941723 0.300644
vt 0.929182 0.300592
vt 0.929186 0.299602
vt 0.941727 0.299654
vt 0.987002 0.305601
vt 0.987011 0.306591
vt 0.974472 0.306711
vt 0.974463 0.305722
vt 0.972770 0.305738
vt 0.972780 0.306728
vt 0.970672 0.305750
vt 0.970675 0.306740
vt 0.968902 0.305755
vt 0.968905 0.306745
vt 0.967167 0.305768
vt 0.967166 0.306758
vt 0.948876 0.305765
vt 0.948876 0.306755
vt 0.947138 0.306742
vt 0.947141 0.305752
vt 0.945368 0.306736
vt 0.945371 0.305746
vt 0.943263 0.306723
vt 0.943273 0.305733
vt 0.941489 0.306705
vt 0.941499 0.305716
vt 0.928950 0.306581
vt 0.928959 0.305591
vt 0.987232 0.299273
vt 0.987247 0.300263
vt 0.974708 0.300457
vt 0.974693 0.299467
vt 0.972919 0.299495
vt 0.972934 0.300484
vt 0.970820 0.299519
vt 0.970829 0.300509
vt 0.969050 0.299535
vt 0.969059 0.300524
vt 0.967315 0.299557
vt 0.967321 0.300547
vt 0.949024 0.299661
vt 0.949029 0.300650
vt 0.947291 0.300647
vt 0.947288 0.299657
vt 0.945521 0.300651
vt 0.945518 0.299662
vt 0.943415 0.300651
vt 0.943419 0.299661
vt 0.988818 0.350120
vt 0.988128 0.350217
vt 0.986452 0.338211
vt 0.987084 0.337699
vt 0.959333 0.325327
vt 0.958643 0.325230
vt 0.960377 0.312809
vt 0.961009 0.313321
vt 0.962618 0.313249
vt 0.962068 0.312733
vt 0.962951 0.311250
vt 0.962412 0.310663
vt 0.964636 0.311216
vt 0.964182 0.310627
vt 0.964956 0.309571
vt 0.964514 0.308924
vt 0.982370 0.309551
vt 0.982806 0.308903
vt 0.983144 0.310605
vt 0.982696 0.311195
vt 0.984914 0.310637
vt 0.984380 0.311226
vt 0.985265 0.312707
vt 0.984719 0.313224
vt 0.987038 0.312783
vt 0.986407 0.313297
vt 0.988796 0.325201
vt 0.988106 0.325299
vt 0.959355 0.350189
vt 0.958665 0.350091
vt 0.960423 0.337673
vt 0.961054 0.338187
vt 0.962741 0.338115
vt 0.962196 0.337598
vt 0.963081 0.336116
vt 0.962547 0.335528
vt 0.964766 0.336086
vt 0.964317 0.335496
vt 0.965092 0.334442
vt 0.964655 0.333793
vt 0.982505 0.334461
vt 0.982947 0.333813
vt 0.983279 0.335517
vt 0.982825 0.336106
vt 0.985049 0.335552
vt 0.984510 0.336140
vt 0.985393 0.337623
vt 0.984843 0.338139
vt 0.607842 0.284093
vt 0.607263 0.125060
vt 0.608992 0.125057
vt 0.609572 0.284120
vt 0.607840 0.324031
vt 0.607678 0.308438
vt 0.609425 0.308393
vt 0.609580 0.323950
vt 0.607551 0.296526
vt 0.609307 0.296556
vt 0.608169 0.338932
vt 0.609888 0.338761
vt 0.611035 0.125052
vt 0.611614 0.284125
vt 0.611468 0.308353
vt 0.611615 0.323856
vt 0.611367 0.296587
vt 0.611899 0.338567
vt 0.612718 0.125049
vt 0.613298 0.284149
vt 0.613181 0.308314
vt 0.613317 0.323787
vt 0.613092 0.296613
vt 0.613574 0.338429
vt 0.614401 0.125045
vt 0.614979 0.284143
vt 0.614874 0.308289
vt 0.615001 0.323721
vt 0.614800 0.296634
vt 0.615239 0.338300
vt 0.611471 0.354360
vt 0.609796 0.354579
vt 0.612943 0.353060
vt 0.614546 0.352902
vt 0.615888 0.351702
vt 0.605828 0.357974
vt 0.603910 0.339350
vt 0.603546 0.324255
vt 0.603376 0.308552
vt 0.603193 0.296453
vt 0.603501 0.284075
vt 0.602919 0.125070
vt 0.688598 0.284385
vt 0.688657 0.125335
vt 0.693001 0.125331
vt 0.692939 0.284353
vt 0.688752 0.324287
vt 0.688839 0.308762
vt 0.693142 0.308855
vt 0.693048 0.324480
vt 0.688929 0.296864
vt 0.693286 0.296773
vt 0.688571 0.339068
vt 0.692834 0.339433
vt 0.686868 0.284416
vt 0.686928 0.125336
vt 0.687012 0.324222
vt 0.687092 0.308728
vt 0.687173 0.296905
vt 0.686849 0.338921
vt 0.684826 0.284426
vt 0.684885 0.125338
vt 0.684975 0.324149
vt 0.685049 0.308702
vt 0.685114 0.296951
vt 0.684834 0.338759
vt 0.683143 0.284454
vt 0.683202 0.125340
vt 0.683271 0.324100
vt 0.683336 0.308676
vt 0.683390 0.296993
vt 0.683154 0.338649
vt 0.681461 0.284451
vt 0.681519 0.125341
vt 0.681585 0.324054
vt 0.681643 0.308666
vt 0.681684 0.297031
vt 0.681485 0.338553
vt 0.691206 0.357866
vt 0.687189 0.354543
vt 0.685515 0.354334
vt 0.684026 0.353049
vt 0.682426 0.352886
vt 0.681070 0.351691
vt 0.659553 0.284372
vt 0.659609 0.125338
vt 0.661338 0.125342
vt 0.661283 0.284406
vt 0.659392 0.324309
vt 0.659292 0.308716
vt 0.661039 0.308678
vt 0.661132 0.324235
vt 0.659213 0.296803
vt 0.660969 0.296840
vt 0.659661 0.339211
vt 0.661381 0.339047
vt 0.663381 0.125345
vt 0.663325 0.284419
vt 0.663082 0.308646
vt 0.663167 0.324149
vt 0.663029 0.296879
vt 0.663393 0.338862
vt 0.665064 0.125349
vt 0.665008 0.284450
vt 0.664795 0.308614
vt 0.664870 0.324087
vt 0.664753 0.296913
vt 0.665069 0.338730
vt 0.666747 0.125352
vt 0.666690 0.284451
vt 0.666488 0.308596
vt 0.666554 0.324028
vt 0.666461 0.296940
vt 0.666733 0.338608
vt 0.662902 0.354653
vt 0.661226 0.354865
vt 0.664379 0.353358
vt 0.665982 0.353207
vt 0.667329 0.352012
vt 0.657244 0.358244
vt 0.655400 0.339612
vt 0.655097 0.324517
vt 0.654989 0.308812
vt 0.654855 0.296713
vt 0.655212 0.284337
vt 0.655265 0.125330
vt 0.636886 0.283990
vt 0.636311 0.124941
vt 0.640655 0.124920
vt 0.641227 0.283941
vt 0.637200 0.323892
vt 0.637225 0.308366
vt 0.641528 0.308442
vt 0.641496 0.324067
vt 0.637267 0.296468
vt 0.641625 0.296360
vt 0.637078 0.338674
vt 0.641343 0.339021
vt 0.635157 0.284028
vt 0.634582 0.124949
vt 0.635459 0.323834
vt 0.635478 0.308339
vt 0.635512 0.296516
vt 0.635355 0.338532
vt 0.633115 0.284046
vt 0.632539 0.124959
vt 0.633422 0.323769
vt 0.633434 0.308321
vt 0.633452 0.296570
vt 0.633339 0.338379
vt 0.631432 0.284081
vt 0.630856 0.124968
vt 0.631718 0.323726
vt 0.631722 0.308303
vt 0.631729 0.296619
vt 0.631659 0.338276
vt 0.629750 0.284085
vt 0.629173 0.124976
vt 0.630032 0.323687
vt 0.630028 0.308299
vt 0.630023 0.296664
vt 0.629990 0.338187
vt 0.639788 0.357460
vt 0.635758 0.354154
vt 0.634082 0.353951
vt 0.632588 0.352672
vt 0.630988 0.352516
vt 0.629627 0.351325
vt 0.772122 0.119757
vt 0.772122 0.278935
vt 0.769019 0.278935
vt 0.769019 0.119757
vt 0.773093 0.292408
vt 0.769524 0.292408
vt 0.777439 0.304943
vt 0.771783 0.304943
vt 0.786416 0.319169
vt 0.776451 0.319169
vt 0.797597 0.330537
vt 0.782266 0.330537
vt 0.813417 0.341115
vt 0.790492 0.341115
vt 0.871318 0.121210
vt 0.871318 0.280389
vt 0.868214 0.280389
vt 0.868214 0.121210
vt 0.870813 0.293861
vt 0.867243 0.293861
vt 0.868553 0.306397
vt 0.862897 0.306397
vt 0.863886 0.320623
vt 0.853921 0.320623
vt 0.858071 0.331991
vt 0.842739 0.331991
vt 0.849845 0.342569
vt 0.826920 0.342569
vt 0.790492 0.378397
vt 0.813417 0.346532
vt 0.849845 0.379850
vt 0.826920 0.347986
vt 0.601555 0.366910
vt 0.606755 0.366921
vt 0.642732 0.377807
vt 0.601551 0.368640
vt 0.599570 0.368636
vt 0.599567 0.370321
vt 0.597728 0.370317
vt 0.601509 0.388531
vt 0.601513 0.386802
vt 0.642732 0.377809
vt 0.599531 0.386797
vt 0.599535 0.385112
vt 0.597697 0.385109
vt 0.606709 0.388543
vt 0.642708 0.388620
vt 0.642754 0.366996
vt 0.694713 0.366585
vt 0.694694 0.368325
vt 0.653612 0.377302
vt 0.653610 0.377303
vt 0.696752 0.368305
vt 0.696753 0.369997
vt 0.698591 0.370002
vt 0.689515 0.366573
vt 0.694623 0.388223
vt 0.689431 0.388210
vt 0.694642 0.386491
vt 0.653611 0.377303
vt 0.696780 0.386568
vt 0.696755 0.384866
vt 0.698592 0.384871
vt 0.653483 0.388099
vt 0.653526 0.366511
vt 0.723047 0.197961
vt 0.735019 0.197961
vt 0.735019 0.223349
vt 0.723047 0.223349
vt 0.711075 0.197961
vt 0.711075 0.223349
vt 0.983636 0.200989
vt 0.983612 0.202895
vt 0.971493 0.202745
vt 0.971517 0.200839
vt 0.928326 0.210830
vt 0.928311 0.208924
vt 0.940431 0.208824
vt 0.940447 0.210731
vt 0.942057 0.210717
vt 0.942042 0.208811
vt 0.944072 0.210709
vt 0.944068 0.208803
vt 0.945756 0.210706
vt 0.945753 0.208800
vt 0.947427 0.210696
vt 0.947429 0.208790
vt 0.964839 0.210719
vt 0.964841 0.208812
vt 0.966517 0.208826
vt 0.966509 0.210732
vt 0.968202 0.208834
vt 0.968194 0.210740
vt 0.970229 0.208847
vt 0.970208 0.210753
vt 0.971918 0.208865
vt 0.971897 0.210772
vt 0.984037 0.208996
vt 0.984017 0.210901
vt 0.927924 0.202731
vt 0.927911 0.200825
vt 0.940031 0.200747
vt 0.940044 0.202653
vt 0.941733 0.202642
vt 0.941720 0.200736
vt 0.943747 0.202637
vt 0.943746 0.200731
vt 0.945432 0.202636
vt 0.945431 0.200730
vt 0.947102 0.202630
vt 0.947107 0.200724
vt 0.964513 0.202681
vt 0.964519 0.200775
vt 0.966195 0.200791
vt 0.966183 0.202698
vt 0.967880 0.200802
vt 0.967868 0.202708
vt 0.969906 0.200819
vt 0.969882 0.202724
vt 0.927089 0.254640
vt 0.932334 0.259781
vt 0.932359 0.267163
vt 0.927131 0.267181
vt 0.985540 0.267027
vt 0.985517 0.279147
vt 0.982567 0.279142
vt 0.982583 0.270090
vt 0.952177 0.248162
vt 0.946950 0.248172
vt 0.946936 0.240789
vt 0.952153 0.235621
vt 0.960424 0.251429
vt 0.960409 0.239309
vt 0.963363 0.242374
vt 0.963374 0.251425
vt 0.964812 0.242373
vt 0.962020 0.239307
vt 0.945754 0.240792
vt 0.950461 0.235624
vt 0.964810 0.240686
vt 0.962018 0.237292
vt 0.945752 0.239402
vt 0.950457 0.233519
vt 0.966220 0.240684
vt 0.963702 0.237290
vt 0.944601 0.239404
vt 0.948687 0.233522
vt 0.966218 0.239286
vt 0.963700 0.235620
vt 0.944599 0.238257
vt 0.948683 0.231784
vt 0.978603 0.239271
vt 0.981112 0.235600
vt 0.934498 0.238277
vt 0.930392 0.231819
vt 0.934500 0.239424
vt 0.930395 0.233558
vt 0.978604 0.240670
vt 0.981114 0.237270
vt 0.933349 0.239426
vt 0.928626 0.233561
vt 0.980015 0.240668
vt 0.982799 0.237268
vt 0.933352 0.240816
vt 0.928630 0.235666
vt 0.980017 0.242354
vt 0.982801 0.239282
vt 0.932171 0.240818
vt 0.926856 0.235670
vt 0.981466 0.242353
vt 0.984490 0.239280
vt 0.932185 0.248200
vt 0.926880 0.248211
vt 0.984504 0.251400
vt 0.981476 0.251404
vt 0.952428 0.267096
vt 0.947123 0.267114
vt 0.947098 0.259732
vt 0.952386 0.254556
vt 0.961436 0.279103
vt 0.961458 0.266983
vt 0.964481 0.270057
vt 0.964465 0.279109
vt 0.965929 0.270060
vt 0.963147 0.266986
vt 0.945917 0.259736
vt 0.950612 0.254562
vt 0.965932 0.268373
vt 0.963151 0.264972
vt 0.945912 0.258346
vt 0.950605 0.252456
vt 0.967343 0.268376
vt 0.964836 0.264975
vt 0.944762 0.258350
vt 0.948835 0.252462
vt 0.967346 0.266978
vt 0.964839 0.263305
vt 0.944758 0.257203
vt 0.948830 0.250724
vt 0.979730 0.267000
vt 0.982251 0.263336
vt 0.934657 0.257236
vt 0.930539 0.250785
vt 0.934661 0.258384
vt 0.930544 0.252523
vt 0.979728 0.268399
vt 0.982248 0.265006
vt 0.933511 0.258388
vt 0.928775 0.252529
vt 0.981139 0.268401
vt 0.983932 0.265009
vt 0.933515 0.259777
vt 0.928782 0.254635
vt 0.981135 0.270088
vt 0.983929 0.267024
vt 0.940054 0.218298
vt 0.927513 0.218246
vt 0.927517 0.217256
vt 0.940058 0.217308
vt 0.985333 0.223254
vt 0.985342 0.224244
vt 0.972803 0.224365
vt 0.972793 0.223375
vt 0.971101 0.223391
vt 0.971111 0.224381
vt 0.969002 0.223403
vt 0.969006 0.224393
vt 0.967233 0.223409
vt 0.967236 0.224399
vt 0.965498 0.223421
vt 0.965497 0.224411
vt 0.947207 0.223419
vt 0.947207 0.224408
vt 0.945468 0.224395
vt 0.945472 0.223405
vt 0.943699 0.224389
vt 0.943702 0.223399
vt 0.941593 0.224377
vt 0.941603 0.223387
vt 0.939819 0.224359
vt 0.939829 0.223369
vt 0.927280 0.224234
vt 0.927290 0.223244
vt 0.985563 0.216927
vt 0.985578 0.217917
vt 0.973039 0.218111
vt 0.973024 0.217121
vt 0.971250 0.217148
vt 0.971265 0.218138
vt 0.969151 0.217173
vt 0.969159 0.218162
vt 0.967381 0.217188
vt 0.967390 0.218178
vt 0.965646 0.217211
vt 0.965651 0.218201
vt 0.947354 0.217314
vt 0.947360 0.218304
vt 0.945621 0.218301
vt 0.945619 0.217311
vt 0.943851 0.218305
vt 0.943849 0.217315
vt 0.941746 0.218305
vt 0.941750 0.217315
vt 0.987911 0.269190
vt 0.987221 0.269286
vt 0.985545 0.257281
vt 0.986177 0.256769
vt 0.958239 0.246573
vt 0.957550 0.246476
vt 0.959284 0.234057
vt 0.959916 0.234569
vt 0.961524 0.234497
vt 0.960974 0.233981
vt 0.961857 0.232498
vt 0.961318 0.231911
vt 0.963541 0.232464
vt 0.963088 0.231875
vt 0.963862 0.230819
vt 0.963419 0.230172
vt 0.981273 0.230800
vt 0.981709 0.230152
vt 0.982047 0.231854
vt 0.981599 0.232444
vt 0.983817 0.231885
vt 0.983283 0.232474
vt 0.984168 0.233955
vt 0.983622 0.234472
vt 0.985940 0.234031
vt 0.985309 0.234544
vt 0.987698 0.246447
vt 0.987009 0.246545
vt 0.958448 0.269258
vt 0.957759 0.269161
vt 0.959517 0.256743
vt 0.960148 0.257257
vt 0.961835 0.257184
vt 0.961290 0.256667
vt 0.962174 0.255186
vt 0.961640 0.254598
vt 0.963859 0.255156
vt 0.963410 0.254566
vt 0.964185 0.253512
vt 0.963748 0.252863
vt 0.981598 0.253531
vt 0.982041 0.252883
vt 0.982372 0.254587
vt 0.981919 0.255176
vt 0.984142 0.254622
vt 0.983603 0.255210
vt 0.984486 0.256693
vt 0.983936 0.257209
vt 0.881147 0.121210
vt 0.881147 0.280389
vt 0.874680 0.280389
vt 0.874680 0.121210
vt 0.882118 0.293861
vt 0.874680 0.293861
vt 0.886464 0.306397
vt 0.874680 0.306397
vt 0.895440 0.320623
vt 0.874680 0.320623
vt 0.906621 0.331991
vt 0.874680 0.331991
vt 0.922441 0.342569
vt 0.874680 0.342569
vt 0.874680 0.391216
vt 0.922441 0.391216
vt 0.723047 0.250852
vt 0.735019 0.250852
vt 0.735019 0.303743
vt 0.723047 0.303743
vt 0.711075 0.250852
vt 0.711075 0.303743
vt 0.717896 0.341115
vt 0.765656 0.341115
vt 0.765656 0.389762
vt 0.717896 0.389762
vt 0.765656 0.330537
vt 0.733715 0.330537
vt 0.765656 0.319169
vt 0.744897 0.319169
vt 0.765656 0.304943
vt 0.753873 0.304943
vt 0.765656 0.292408
vt 0.758219 0.292408
vt 0.765656 0.278935
vt 0.759190 0.278935
vt 0.765656 0.119757
vt 0.759190 0.119757
vt 0.873387 0.280389
vt 0.873387 0.121210
vt 0.873193 0.293861
vt 0.872324 0.306397
vt 0.870529 0.320623
vt 0.868292 0.331991
vt 0.865128 0.342569
vt 0.865128 0.379850
vt 0.723047 0.240274
vt 0.735019 0.240274
vt 0.711075 0.240274
vt 0.775208 0.341115
vt 0.775208 0.378397
vt 0.772044 0.330537
vt 0.769808 0.319169
vt 0.768013 0.304943
vt 0.767144 0.292408
vt 0.766949 0.278935
vt 0.766949 0.119757
vt 0.024407 0.517103
vt 0.024506 0.479699
vt 0.026234 0.479706
vt 0.026141 0.517092
vt 0.024664 0.530546
vt 0.026385 0.530508
vt 0.028275 0.479713
vt 0.028191 0.517060
vt 0.028379 0.530165
vt 0.029957 0.479719
vt 0.029881 0.517052
vt 0.030051 0.530134
vt 0.031638 0.479725
vt 0.031573 0.517022
vt 0.031689 0.529857
vt 0.020412 0.531285
vt 0.020056 0.517172
vt 0.020167 0.479682
vt 0.140954 0.515453
vt 0.140880 0.478012
vt 0.145220 0.478001
vt 0.145304 0.515540
vt 0.140679 0.524914
vt 0.148038 0.529571
vt 0.139222 0.515438
vt 0.139151 0.478016
vt 0.138959 0.524862
vt 0.137173 0.515397
vt 0.137109 0.478021
vt 0.136952 0.524610
vt 0.135485 0.515385
vt 0.135426 0.478025
vt 0.135277 0.524568
vt 0.133796 0.515348
vt 0.133744 0.478028
vt 0.133626 0.524365
vt 0.111822 0.515440
vt 0.111832 0.478036
vt 0.113561 0.478037
vt 0.113552 0.515418
vt 0.111887 0.517003
vt 0.113607 0.516957
vt 0.115604 0.478039
vt 0.115598 0.515369
vt 0.115642 0.516886
vt 0.117288 0.478040
vt 0.117284 0.515354
vt 0.117320 0.516848
vt 0.118972 0.478041
vt 0.118971 0.515315
vt 0.118987 0.516790
vt 0.108222 0.529707
vt 0.107472 0.515557
vt 0.107491 0.478034
vt 0.053601 0.517119
vt 0.053527 0.479701
vt 0.057866 0.479688
vt 0.057952 0.517192
vt 0.053338 0.530543
vt 0.057589 0.531287
vt 0.051868 0.517109
vt 0.051799 0.479706
vt 0.051617 0.530501
vt 0.049817 0.517076
vt 0.049759 0.479712
vt 0.049624 0.530154
vt 0.048127 0.517069
vt 0.048077 0.479717
vt 0.047953 0.530119
vt 0.046435 0.517040
vt 0.046396 0.479722
vt 0.046315 0.529836
vt 0.126378 0.515310
vt 0.126361 0.478040
vt 0.126302 0.523382
vt 0.038998 0.529794
vt 0.039004 0.517017
vt 0.039018 0.479733
vt 0.077968 0.479533
vt 0.077968 0.517099
vt 0.065036 0.517099
vt 0.065036 0.479533
vt 0.078939 0.531252
vt 0.064065 0.531252
vt 0.099631 0.479384
vt 0.098920 0.516944
vt 0.085990 0.516699
vt 0.086701 0.479139
vt 0.099623 0.531113
vt 0.087986 0.530892
vt 0.155914 0.512702
vt 0.155968 0.498042
vt 0.166803 0.497684
vt 0.166666 0.512667
vt 0.177526 0.501417
vt 0.177405 0.512881
vt 0.157613 0.516979
vt 0.155894 0.516979
vt 0.177360 0.517154
vt 0.175641 0.517127
vt 0.155046 0.485115
vt 0.156763 0.485004
vt 0.176885 0.492812
vt 0.178593 0.493012
vt 0.157938 0.483374
vt 0.159597 0.483420
vt 0.175343 0.490756
vt 0.177006 0.490823
vt 0.159276 0.518997
vt 0.157602 0.518996
vt 0.175620 0.519143
vt 0.173947 0.519117
vt 0.160564 0.482056
vt 0.168497 0.487798
vt 0.175645 0.489122
vt 0.173931 0.520782
vt 0.166600 0.520685
vt 0.159267 0.520663
vt 0.478652 0.155103
vt 0.481859 0.155103
vt 0.481909 0.478723
vt 0.478702 0.479281
vt 0.485066 0.155102
vt 0.485116 0.478384
vt 0.488273 0.155102
vt 0.488323 0.478354
vt 0.491480 0.155101
vt 0.491531 0.478642
vt 0.494687 0.155101
vt 0.494738 0.479170
vt 0.497894 0.155100
vt 0.497945 0.479797
vt 0.482422 0.487395
vt 0.483206 0.484236
vt 0.488575 0.484200
vt 0.488621 0.487353
vt 0.485442 0.481913
vt 0.488529 0.481047
vt 0.491641 0.481871
vt 0.493943 0.484164
vt 0.494820 0.487311
vt 0.052271 0.720714
vt 0.052349 0.561664
vt 0.056693 0.561661
vt 0.056612 0.720683
vt 0.052421 0.760616
vt 0.052510 0.745091
vt 0.056813 0.745185
vt 0.056717 0.760809
vt 0.052601 0.733193
vt 0.056959 0.733103
vt 0.052238 0.775398
vt 0.056502 0.775763
vt 0.050542 0.720745
vt 0.050620 0.561665
vt 0.050681 0.760551
vt 0.050763 0.745057
vt 0.050845 0.733234
vt 0.050516 0.775250
vt 0.048500 0.720754
vt 0.048577 0.561667
vt 0.048644 0.760478
vt 0.048720 0.745030
vt 0.048786 0.733280
vt 0.048501 0.775088
vt 0.046816 0.720782
vt 0.046893 0.561668
vt 0.046940 0.760428
vt 0.047007 0.745005
vt 0.047063 0.733322
vt 0.046821 0.774978
vt 0.045135 0.720779
vt 0.045211 0.561669
vt 0.045255 0.760383
vt 0.045314 0.744994
vt 0.045356 0.733360
vt 0.045152 0.774882
vt 0.054872 0.794196
vt 0.050854 0.790872
vt 0.049180 0.790663
vt 0.047691 0.789378
vt 0.046092 0.789214
vt 0.044735 0.788019
vt 0.023227 0.720698
vt 0.023301 0.561664
vt 0.025030 0.561668
vt 0.024957 0.720732
vt 0.023061 0.760635
vt 0.022963 0.745042
vt 0.024710 0.745004
vt 0.024801 0.760561
vt 0.022885 0.733129
vt 0.024641 0.733166
vt 0.023329 0.775537
vt 0.025048 0.775373
vt 0.027073 0.561672
vt 0.026998 0.720745
vt 0.026753 0.744972
vt 0.026836 0.760476
vt 0.026701 0.733206
vt 0.027060 0.775188
vt 0.028756 0.561675
vt 0.028682 0.720776
vt 0.028466 0.744940
vt 0.028539 0.760414
vt 0.028425 0.733240
vt 0.028736 0.775057
vt 0.030439 0.561679
vt 0.030364 0.720777
vt 0.030159 0.744922
vt 0.030223 0.760355
vt 0.030133 0.733267
vt 0.030401 0.774935
vt 0.026567 0.790979
vt 0.024892 0.791191
vt 0.028045 0.789685
vt 0.029648 0.789533
vt 0.030995 0.788339
vt 0.020909 0.794570
vt 0.019068 0.775937
vt 0.018766 0.760842
vt 0.018660 0.745138
vt 0.018528 0.733039
vt 0.018886 0.720662
vt 0.018957 0.561656
vt 0.240898 0.557698
vt 0.240898 0.716876
vt 0.223640 0.716876
vt 0.223640 0.557698
vt 0.241869 0.730349
vt 0.224408 0.730349
vt 0.246215 0.742884
vt 0.227845 0.742884
vt 0.255191 0.757110
vt 0.234945 0.757110
vt 0.266373 0.768478
vt 0.243789 0.768478
vt 0.282192 0.779057
vt 0.256301 0.779057
vt 0.352274 0.557698
vt 0.352274 0.716876
vt 0.335016 0.716876
vt 0.335016 0.557698
vt 0.351506 0.730349
vt 0.334045 0.730349
vt 0.348068 0.742884
vt 0.329699 0.742884
vt 0.340969 0.757110
vt 0.320722 0.757110
vt 0.332125 0.768478
vt 0.309541 0.768478
vt 0.319613 0.779056
vt 0.293721 0.779056
vt 0.256301 0.827704
vt 0.282192 0.827704
vt 0.319613 0.827704
vt 0.293721 0.827704
vt 0.191679 0.829470
vt 0.186479 0.829506
vt 0.150405 0.818948
vt 0.191667 0.827740
vt 0.193648 0.827727
vt 0.193636 0.826041
vt 0.150405 0.818946
vt 0.195475 0.826029
vt 0.150406 0.818946
vt 0.191529 0.807849
vt 0.191541 0.809579
vt 0.150405 0.818944
vt 0.193522 0.809566
vt 0.193534 0.811251
vt 0.195372 0.811238
vt 0.150406 0.818945
vt 0.186329 0.807885
vt 0.150331 0.808134
vt 0.150481 0.829758
vt 0.012212 0.819209
vt 0.012342 0.808398
vt 0.038231 0.808709
vt 0.038102 0.819519
vt 0.012082 0.830018
vt 0.037972 0.830329
vt 0.417560 0.557698
vt 0.417560 0.716876
vt 0.417560 0.730349
vt 0.417560 0.742884
vt 0.414803 0.757110
vt 0.391213 0.768478
vt 0.365664 0.805870
vt 0.326344 0.827704
vt 0.136172 0.809884
vt 0.136042 0.820694
vt 0.135913 0.831504
vt 0.210250 0.805869
vt 0.249569 0.827704
vt 0.184701 0.768478
vt 0.161111 0.757110
vt 0.158353 0.742884
vt 0.158353 0.730349
vt 0.158353 0.716876
vt 0.158353 0.557698
vt 0.141279 0.561878
vt 0.141279 0.606991
vt 0.128875 0.606991
vt 0.128875 0.561878
vt 0.141279 0.636304
vt 0.128875 0.636304
vt 0.141279 0.663370
vt 0.128875 0.663370
vt 0.074924 0.761615
vt 0.074924 0.747380
vt 0.085742 0.747380
vt 0.085742 0.761615
vt 0.074924 0.734836
vt 0.085742 0.734836
vt 0.074924 0.721355
vt 0.085742 0.721355
vt 0.074924 0.562070
vt 0.085742 0.562070
vt 0.096560 0.562070
vt 0.096560 0.721355
vt 0.096560 0.734836
vt 0.096560 0.747380
vt 0.096560 0.761615
vt 0.116472 0.663370
vt 0.116472 0.636304
vt 0.116472 0.606991
vt 0.116472 0.561878
vt 0.448206 0.124790
vt 0.373509 0.124985
vt 0.373211 0.010636
vt 0.447908 0.010441
vt 0.265781 0.010916
vt 0.340478 0.010721
vt 0.340777 0.125070
vt 0.266080 0.125265
vn -1.000000 0.000000 -0.000001
vn -0.972750 -0.231858 -0.000001
vn -0.956621 -0.291334 -0.000001
vn -1.000000 0.000000 -0.000001
vn -0.000000 0.000001 -1.000000
vn -0.000000 0.000001 -1.000000
vn -0.000000 -0.261729 -0.965141
vn -0.000000 -0.104397 -0.994536
vn -1.000000 0.000000 -0.000001
vn -1.000000 0.000000 -0.000001
vn -0.990649 -0.136433 0.000551
vn -0.963807 -0.266598 0.001077
vn 0.000001 -0.006361 -0.999980
vn 0.000001 -0.006361 -0.999980
vn 0.000001 -0.296317 -0.955090
vn 0.000001 -0.146282 -0.989243
vn -1.000000 -0.000001 0.000000
vn -1.000000 -0.000001 0.000000
vn -0.994984 -0.100030 0.000239
vn -0.972009 -0.234941 0.000561
vn -0.000000 -0.009468 -0.999955
vn -0.000000 -0.009468 -0.999955
vn -0.000000 -0.317433 -0.948281
vn -0.000000 -0.317008 -0.948423
vn 0.972438 -0.233163 0.000556
vn 0.995102 -0.098851 0.000235
vn 1.000000 0.000000 -0.000000
vn 1.000000 0.000000 -0.000000
vn -0.000000 -0.146849 -0.989159
vn -0.000000 -0.295978 -0.955195
vn -0.000000 -0.006361 -0.999980
vn -0.000000 -0.006361 -0.999980
vn 0.964257 -0.264966 0.001070
vn 0.990827 -0.135132 0.000546
vn 1.000000 0.000002 -0.000000
vn 1.000000 0.000002 -0.000000
vn 0.000003 -0.104843 -0.994489
vn 0.000003 -0.261729 -0.965141
vn 0.000003 0.000000 -1.000000
vn 0.000003 0.000000 -1.000000
vn 0.956621 -0.291335 -0.000001
vn 0.972750 -0.231858 -0.000001
vn 1.000000 0.000001 -0.000001
vn 1.000000 0.000001 -0.000001
vn 0.000001 1.000000 -0.000000
vn 0.000001 1.000000 -0.000000
vn 0.000001 1.000000 -0.000000
vn 0.000001 1.000000 -0.000000
vn -0.000001 -1.000000 0.000000
vn 0.000000 -1.000000 0.000000
vn 0.000000 -1.000000 0.000000
vn -0.000001 -1.000000 0.000000
vn -0.000635 -0.999999 0.001110
vn 0.000000 -1.000000 0.000000
vn 0.000000 -1.000000 0.000000
vn -0.000687 -0.999999 0.001201
vn 0.000001 1.000000 -0.000000
vn 0.001095 0.999999 -0.001187
vn 0.001178 0.999999 -0.001278
vn 0.000001 1.000000 -0.000000
vn -0.000665 -0.999997 0.002348
vn -0.000635 -0.999999 0.001110
vn -0.000687 -0.999999 0.001201
vn -0.000558 -0.999997 0.002365
vn 0.001095 0.999999 -0.001187
vn 0.001129 0.999998 -0.001914
vn 0.000926 0.999998 -0.001825
vn 0.001178 0.999999 -0.001278
vn 0.000869 -0.999997 0.002077
vn -0.000665 -0.999997 0.002348
vn -0.000558 -0.999997 0.002365
vn 0.001184 -0.999997 0.001941
vn 0.001129 0.999998 -0.001914
vn -0.000143 0.999999 -0.001416
vn -0.000209 0.999999 -0.001416
vn 0.000926 0.999998 -0.001825
vn 0.000198 -0.999995 0.003223
vn 0.000869 -0.999997 0.002077
vn 0.001184 -0.999997 0.001941
vn 0.000108 -0.999995 0.003294
vn -0.000143 0.999999 -0.001416
vn -0.000035 0.999998 -0.001881
vn -0.000017 0.999998 -0.001900
vn -0.000209 0.999999 -0.001416
vn -0.000199 -0.999995 0.003223
vn 0.000198 -0.999995 0.003223
vn 0.000108 -0.999995 0.003294
vn -0.000110 -0.999995 0.003294
vn -0.000035 0.999998 -0.001881
vn 0.000033 0.999998 -0.001881
vn 0.000016 0.999998 -0.001900
vn -0.000017 0.999998 -0.001900
vn 0.000033 0.999998 -0.001881
vn 0.000144 0.999999 -0.001416
vn 0.000211 0.999999 -0.001414
vn 0.000016 0.999998 -0.001900
vn -0.000869 -0.999997 0.002077
vn -0.000199 -0.999995 0.003223
vn -0.000110 -0.999995 0.003294
vn -0.001184 -0.999997 0.001941
vn 0.000144 0.999999 -0.001416
vn -0.001131 0.999998 -0.001915
vn -0.000927 0.999998 -0.001825
vn 0.000211 0.999999 -0.001414
vn 0.000665 -0.999997 0.002348
vn -0.000869 -0.999997 0.002077
vn -0.001184 -0.999997 0.001941
vn 0.000558 -0.999997 0.002365
vn -0.001131 0.999998 -0.001915
vn -0.001079 0.999999 -0.001170
vn -0.001163 0.999999 -0.001262
vn -0.000927 0.999998 -0.001825
vn 0.000627 -0.999999 0.001095
vn 0.000665 -0.999997 0.002348
vn 0.000558 -0.999997 0.002365
vn 0.000679 -0.999999 0.001187
vn -0.001079 0.999999 -0.001170
vn 0.000000 1.000000 0.000000
vn 0.000000 1.000000 0.000000
vn -0.001163 0.999999 -0.001262
vn 0.000001 -1.000000 0.000001
vn 0.000627 -0.999999 0.001095
vn 0.000679 -0.999999 0.001187
vn 0.000001 -1.000000 0.000001
vn 0.000000 1.000000 0.000000
vn 0.000000 1.000000 0.000000
vn 0.000000 1.000000 0.000000
vn 0.000000 1.000000 0.000000
vn 0.000001 -1.000000 0.000001
vn 0.000001 -1.000000 -0.000000
vn 0.000001 -1.000000 -0.000000
vn 0.000001 -1.000000 0.000001
vn -0.931053 -0.364884 -0.000001
vn -1.000000 0.000001 -0.000001
vn -1.000000 0.000001 -0.000001
vn -0.962708 -0.270542 -0.000001
vn -0.000000 -0.380985 -0.924581
vn -0.000000 -0.163530 -0.986538
vn -0.000000 -0.000001 -1.000000
vn -0.000000 -0.000001 -1.000000
vn -0.976944 -0.213494 0.000862
vn -0.920573 -0.390568 0.001578
vn -1.000000 0.000000 -0.000001
vn -1.000000 0.000000 -0.000001
vn 0.000001 -0.424196 -0.905570
vn 0.000001 -0.222030 -0.975040
vn 0.000001 -0.006583 -0.999978
vn 0.000001 -0.006583 -0.999978
vn -0.986963 -0.160949 0.000384
vn -0.937170 -0.348871 0.000833
vn -1.000000 0.000003 0.000000
vn -1.000000 0.000003 0.000000
vn -0.000000 -0.276703 -0.960956
vn -0.000000 -0.275830 -0.961206
vn -0.000000 -0.009798 -0.999952
vn -0.000000 -0.009798 -0.999952
vn 1.000000 0.000000 -0.000000
vn 1.000000 0.000000 -0.000000
vn 0.938094 -0.346380 0.000825
vn 0.987266 -0.159079 0.000379
vn -0.000000 -0.006583 -0.999978
vn -0.000000 -0.006583 -0.999978
vn -0.000000 -0.222792 -0.974866
vn -0.000000 -0.423745 -0.905782
vn 1.000000 0.000000 -0.000000
vn 1.000000 0.000000 -0.000000
vn 0.921514 -0.388341 0.001569
vn 0.977380 -0.211489 0.000855
vn 0.000003 0.000000 -1.000000
vn 0.000003 0.000000 -1.000000
vn 0.000003 -0.163529 -0.986539
vn 0.000003 -0.380636 -0.924725
vn 1.000000 -0.000002 -0.000002
vn 1.000000 -0.000002 -0.000002
vn 0.931052 -0.364887 -0.000001
vn 0.962707 -0.270545 -0.000001
vn -0.972750 -0.231858 -0.000001
vn -0.931053 -0.364884 -0.000001
vn -0.962708 -0.270542 -0.000001
vn -0.956621 -0.291334 -0.000001
vn -0.000000 -0.104397 -0.994536
vn -0.000000 -0.261729 -0.965141
vn -0.000000 -0.163530 -0.986538
vn -0.000000 -0.380985 -0.924581
vn -0.963807 -0.266598 0.001077
vn -0.990649 -0.136433 0.000551
vn -0.920573 -0.390568 0.001578
vn -0.976944 -0.213494 0.000862
vn 0.000001 -0.146282 -0.989243
vn 0.000001 -0.296317 -0.955090
vn 0.000001 -0.222030 -0.975040
vn 0.000001 -0.424196 -0.905570
vn -0.972009 -0.234941 0.000561
vn -0.994984 -0.100030 0.000239
vn -0.937170 -0.348871 0.000833
vn -0.986963 -0.160949 0.000384
vn -0.000000 -0.317008 -0.948423
vn -0.000000 -0.317433 -0.948281
vn -0.000000 -0.275830 -0.961206
vn -0.000000 -0.276703 -0.960956
vn 0.987266 -0.159079 0.000379
vn 0.938094 -0.346380 0.000825
vn 0.995102 -0.098851 0.000235
vn 0.972438 -0.233163 0.000556
vn -0.000000 -0.423745 -0.905782
vn -0.000000 -0.222792 -0.974866
vn -0.000000 -0.295978 -0.955195
vn -0.000000 -0.146849 -0.989159
vn 0.977380 -0.211489 0.000855
vn 0.921514 -0.388341 0.001569
vn 0.990827 -0.135132 0.000546
vn 0.964257 -0.264966 0.001070
vn 0.000003 -0.380636 -0.924725
vn 0.000003 -0.163529 -0.986539
vn 0.000003 -0.261729 -0.965141
vn 0.000003 -0.104843 -0.994489
vn 0.962707 -0.270545 -0.000001
vn 0.931052 -0.364887 -0.000001
vn 0.972750 -0.231858 -0.000001
vn 0.956621 -0.291335 -0.000001
vn -1.000000 0.000000 -0.000001
vn -0.972750 -0.231858 -0.000001
vn -0.956621 -0.291334 -0.000001
vn -1.000000 0.000000 -0.000001
vn -0.000000 0.000001 -1.000000
vn -0.000000 0.000001 -1.000000
vn -0.000000 -0.261729 -0.965141
vn -0.000000 -0.104397 -0.994536
vn -1.000000 0.000000 -0.000001
vn -1.000000 0.000000 -0.000001
vn -0.990649 -0.136432 0.000551
vn -0.963808 -0.266597 0.001077
vn 0.000001 -0.006361 -0.999980
vn 0.000001 -0.006361 -0.999980
vn 0.000001 -0.296317 -0.955090
vn 0.000001 -0.146282 -0.989243
vn -1.000000 -0.000001 0.000000
vn -1.000000 -0.000001 0.000000
vn -0.994984 -0.100031 0.000239
vn -0.972009 -0.234942 0.000561
vn -0.000000 -0.009468 -0.999955
vn -0.000000 -0.009468 -0.999955
vn -0.000000 -0.317433 -0.948281
vn -0.000000 -0.317008 -0.948423
vn 0.972438 -0.233162 0.000556
vn 0.995102 -0.098850 0.000235
vn 1.000000 0.000000 -0.000000
vn 1.000000 0.000000 -0.000000
vn -0.000000 -0.146849 -0.989159
vn -0.000000 -0.295978 -0.955195
vn -0.000000 -0.006361 -0.999980
vn -0.000000 -0.006361 -0.999980
vn 0.964258 -0.264965 0.001070
vn 0.990827 -0.135132 0.000546
vn 1.000000 0.000002 -0.000000
vn 1.000000 0.000002 -0.000000
vn 0.000002 -0.104843 -0.994489
vn 0.000002 -0.261729 -0.965141
vn 0.000003 0.000000 -1.000000
vn 0.000003 0.000000 -1.000000
vn 0.956621 -0.291335 -0.000001
vn 0.972750 -0.231858 -0.000001
vn 1.000000 0.000001 -0.000001
vn 1.000000 0.000001 -0.000001
vn 0.000000 1.000000 0.000000
vn 0.000000 1.000000 0.000000
vn 0.000000 1.000000 0.000000
vn 0.000000 1.000000 0.000000
vn 0.000000 -1.000000 0.000000
vn 0.000000 -1.000000 0.000000
vn 0.000000 -1.000000 0.000000
vn 0.000000 -1.000000 0.000000
vn -0.000633 -0.999999 0.001110
vn 0.000000 -1.000000 0.000000
vn 0.000000 -1.000000 0.000000
vn -0.000686 -0.999999 0.001201
vn 0.000000 1.000000 0.000000
vn 0.001095 0.999999 -0.001187
vn 0.001178 0.999999 -0.001278
vn 0.000000 1.000000 0.000000
vn -0.000663 -0.999997 0.002348
vn -0.000633 -0.999999 0.001110
vn -0.000686 -0.999999 0.001201
vn -0.000556 -0.999997 0.002365
vn 0.001095 0.999999 -0.001187
vn 0.001126 0.999998 -0.001914
vn 0.000923 0.999998 -0.001825
vn 0.001178 0.999999 -0.001278
vn 0.000868 -0.999997 0.002077
vn -0.000663 -0.999997 0.002348
vn -0.000556 -0.999997 0.002365
vn 0.001183 -0.999997 0.001941
vn 0.001126 0.999998 -0.001914
vn -0.000144 0.999999 -0.001416
vn -0.000209 0.999999 -0.001416
vn 0.000923 0.999998 -0.001825
vn 0.000198 -0.999995 0.003223
vn 0.000868 -0.999997 0.002077
vn 0.001183 -0.999997 0.001941
vn 0.000108 -0.999995 0.003294
vn -0.000144 0.999999 -0.001416
vn -0.000033 0.999998 -0.001881
vn -0.000016 0.999998 -0.001900
vn -0.000209 0.999999 -0.001416
vn -0.000198 -0.999995 0.003223
vn 0.000198 -0.999995 0.003223
vn 0.000108 -0.999995 0.003294
vn -0.000110 -0.999995 0.003294
vn -0.000033 0.999998 -0.001881
vn 0.000033 0.999998 -0.001881
vn 0.000016 0.999998 -0.001900
vn -0.000016 0.999998 -0.001900
vn 0.000033 0.999998 -0.001881
vn 0.000144 0.999999 -0.001416
vn 0.000211 0.999999 -0.001414
vn 0.000016 0.999998 -0.001900
vn -0.000867 -0.999997 0.002077
vn -0.000198 -0.999995 0.003223
vn -0.000110 -0.999995 0.003294
vn -0.001181 -0.999997 0.001941
vn 0.000144 0.999999 -0.001416
vn -0.001133 0.999997 -0.001915
vn -0.000928 0.999998 -0.001825
vn 0.000211 0.999999 -0.001414
vn 0.000663 -0.999997 0.002348
vn -0.000867 -0.999997 0.002077
vn -0.001181 -0.999997 0.001941
vn 0.000556 -0.999997 0.002365
vn -0.001133 0.999997 -0.001915
vn -0.001081 0.999999 -0.001170
vn -0.001166 0.999999 -0.001262
vn -0.000928 0.999998 -0.001825
vn 0.000625 -0.999999 0.001095
vn 0.000663 -0.999997 0.002348
vn 0.000556 -0.999997 0.002365
vn 0.000678 -0.999999 0.001187
vn -0.001081 0.999999 -0.001170
vn 0.000000 1.000000 0.000000
vn 0.000000 1.000000 0.000000
vn -0.001166 0.999999 -0.001262
vn 0.000000 -1.000000 0.000001
vn 0.000625 -0.999999 0.001095
vn 0.000678 -0.999999 0.001187
vn 0.000000 -1.000000 0.000001
vn 0.000000 1.000000 0.000000
vn 0.000000 1.000000 0.000000
vn -0.000001 1.000000 0.000000
vn -0.000001 1.000000 0.000000
vn 0.000000 -1.000000 0.000001
vn 0.000000 -1.000000 0.000000
vn 0.000000 -1.000000 0.000000
vn 0.000000 -1.000000 0.000001
vn -0.931053 -0.364885 -0.000001
vn -1.000000 0.000001 -0.000001
vn -1.000000 0.000001 -0.000001
vn -0.962708 -0.270543 -0.000001
vn -0.000000 -0.380985 -0.924581
vn -0.000000 -0.163530 -0.986538
vn -0.000000 -0.000001 -1.000000
vn -0.000000 -0.000001 -1.000000
vn -0.976944 -0.213494 0.000862
vn -0.920573 -0.390568 0.001578
vn -1.000000 0.000000 -0.000001
vn -1.000000 0.000000 -0.000001
vn 0.000001 -0.424196 -0.905570
vn 0.000001 -0.222030 -0.975040
vn 0.000001 -0.006583 -0.999978
vn 0.000001 -0.006583 -0.999978
vn -0.986963 -0.160950 0.000384
vn -0.937170 -0.348872 0.000833
vn -1.000000 0.000003 0.000000
vn -1.000000 0.000003 0.000000
vn -0.000000 -0.276703 -0.960956
vn -0.000000 -0.275830 -0.961206
vn -0.000000 -0.009798 -0.999952
vn -0.000000 -0.009798 -0.999952
vn 1.000000 0.000000 -0.000000
vn 1.000000 0.000000 -0.000000
vn 0.938094 -0.346379 0.000825
vn 0.987266 -0.159079 0.000379
vn -0.000000 -0.006583 -0.999978
vn -0.000000 -0.006583 -0.999978
vn -0.000000 -0.222792 -0.974866
vn -0.000000 -0.423745 -0.905782
vn 1.000000 0.000000 -0.000000
vn 1.000000 0.000000 -0.000000
vn 0.921516 -0.388338 0.001569
vn 0.977380 -0.211488 0.000855
vn 0.000003 0.000000 -1.000000
vn 0.000003 0.000000 -1.000000
vn 0.000002 -0.163529 -0.986539
vn 0.000002 -0.380636 -0.924725
vn 1.000000 -0.000002 -0.000002
vn 1.000000 -0.000002 -0.000002
vn 0.931052 -0.364886 -0.000001
vn 0.962708 -0.270544 -0.000001
vn -0.972750 -0.231858 -0.000001
vn -0.931053 -0.364885 -0.000001
vn -0.962708 -0.270543 -0.000001
vn -0.956621 -0.291334 -0.000001
vn -0.000000 -0.104397 -0.994536
vn -0.000000 -0.261729 -0.965141
vn -0.000000 -0.163530 -0.986538
vn -0.000000 -0.380985 -0.924581
vn -0.963808 -0.266597 0.001077
vn -0.990649 -0.136432 0.000551
vn -0.920573 -0.390568 0.001578
vn -0.976944 -0.213494 0.000862
vn 0.000001 -0.146282 -0.989243
vn 0.000001 -0.296317 -0.955090
vn 0.000001 -0.222030 -0.975040
vn 0.000001 -0.424196 -0.905570
vn -0.972009 -0.234942 0.000561
vn -0.994984 -0.100031 0.000239
vn -0.937170 -0.348872 0.000833
vn -0.986963 -0.160950 0.000384
vn -0.000000 -0.317008 -0.948423
vn -0.000000 -0.317433 -0.948281
vn -0.000000 -0.275830 -0.961206
vn -0.000000 -0.276703 -0.960956
vn 0.987266 -0.159079 0.000379
vn 0.938094 -0.346379 0.000825
vn 0.995102 -0.098850 0.000235
vn 0.972438 -0.233162 0.000556
vn -0.000000 -0.423745 -0.905782
vn -0.000000 -0.222792 -0.974866
vn -0.000000 -0.295978 -0.955195
vn -0.000000 -0.146849 -0.989159
vn 0.977380 -0.211488 0.000855
vn 0.921516 -0.388338 0.001569
vn 0.990827 -0.135132 0.000546
vn 0.964258 -0.264965 0.001070
vn 0.000002 -0.380636 -0.924725
vn 0.000002 -0.163529 -0.986539
vn 0.000002 -0.261729 -0.965141
vn 0.000002 -0.104843 -0.994489
vn 0.962708 -0.270544 -0.000001
vn 0.931052 -0.364886 -0.000001
vn 0.972750 -0.231858 -0.000001
vn 0.956621 -0.291335 -0.000001
vn -0.000000 -0.004935 -0.999988
vn -0.000000 0.000000 -1.000000
vn -0.000000 0.000000 -1.000000
vn -0.000000 -0.004935 -0.999988
vn -0.000000 -0.618952 -0.785429
vn -0.000000 -0.447764 -0.894152
vn -0.000000 -0.447764 -0.894152
vn -0.000000 -0.618952 -0.785429
vn -0.000000 -0.196378 -0.980528
vn -0.000000 -0.004935 -0.999988
vn -0.000000 -0.004935 -0.999988
vn -0.000000 -0.196378 -0.980528
vn -0.000000 -0.772185 -0.635398
vn -0.000000 -0.618952 -0.785429
vn -0.000000 -0.618952 -0.785429
vn -0.000000 -0.772185 -0.635398
vn -0.000000 -0.447764 -0.894152
vn -0.000000 -0.196378 -0.980528
vn -0.000000 -0.196378 -0.980528
vn -0.000000 -0.447764 -0.894152
vn 1.000000 0.000000 0.000001
vn 1.000000 0.000000 0.000001
vn 1.000000 0.000000 0.000001
vn 1.000000 0.000000 0.000001
vn 1.000000 0.000000 -0.000000
vn 1.000000 0.000000 -0.000000
vn 1.000000 0.000000 -0.000000
vn 1.000000 0.000000 -0.000000
vn 1.000000 0.000000 -0.000000
vn 1.000000 0.000000 0.000001
vn 1.000000 0.000000 0.000001
vn 1.000000 0.000000 -0.000000
vn 1.000000 0.000000 0.000001
vn 1.000000 0.000000 -0.000000
vn 1.000000 0.000000 -0.000000
vn 1.000000 0.000000 0.000001
vn 1.000000 0.000000 -0.000000
vn 1.000000 0.000000 -0.000000
vn 1.000000 0.000000 -0.000000
vn 1.000000 0.000000 -0.000000
vn -0.000000 -0.010513 -0.999945
vn -0.000000 -0.006361 -0.999980
vn -0.000000 -0.006361 -0.999980
vn -0.000000 -0.010513 -0.999945
vn -0.000000 -0.619079 -0.785329
vn -0.000000 -0.448882 -0.893591
vn -0.000000 -0.448882 -0.893591
vn -0.000000 -0.619079 -0.785329
vn -0.000000 -0.194386 -0.980925
vn -0.000000 -0.010513 -0.999945
vn -0.000000 -0.010513 -0.999945
vn -0.000000 -0.194386 -0.980925
vn -0.000000 -0.761985 -0.647595
vn -0.000000 -0.619079 -0.785329
vn -0.000000 -0.619079 -0.785329
vn -0.000000 -0.761985 -0.647595
vn -0.000000 -0.448882 -0.893591
vn -0.000000 -0.194386 -0.980925
vn -0.000000 -0.194386 -0.980925
vn -0.000000 -0.448882 -0.893591
vn 1.000000 0.000000 -0.000000
vn 1.000000 0.000000 -0.000000
vn 1.000000 0.000000 -0.000000
vn 1.000000 0.000000 -0.000000
vn 1.000000 0.000000 -0.000001
vn 1.000000 0.000000 -0.000001
vn 1.000000 0.000000 -0.000001
vn 1.000000 0.000000 -0.000001
vn 1.000000 0.000000 -0.000001
vn 1.000000 0.000000 -0.000000
vn 1.000000 0.000000 -0.000000
vn 1.000000 0.000000 -0.000001
vn 1.000000 0.000000 -0.000000
vn 1.000000 0.000000 -0.000001
vn 1.000000 0.000000 -0.000001
vn 1.000000 0.000000 -0.000000
vn 1.000000 0.000000 -0.000001
vn 1.000000 0.000000 -0.000001
vn 1.000000 0.000000 -0.000001
vn 1.000000 0.000000 -0.000001
vn -0.000000 -0.832012 -0.554757
vn -0.000000 -0.832012 -0.554757
vn -0.000000 -0.772185 -0.635398
vn -0.000000 -0.772185 -0.635398
vn 1.000000 0.000000 -0.000000
vn 1.000000 0.000000 -0.000000
vn 1.000000 0.000000 0.000001
vn 1.000000 0.000000 0.000001
vn -0.000000 -0.817223 -0.576321
vn -0.000000 -0.817223 -0.576321
vn -0.000000 -0.761985 -0.647595
vn -0.000000 -0.761985 -0.647595
vn 1.000000 0.000000 -0.000000
vn 1.000000 0.000000 -0.000000
vn 1.000000 0.000000 -0.000000
vn 1.000000 0.000000 -0.000000
vn 1.000000 0.000000 -0.000000
vn 1.000000 0.000000 -0.000000
vn 1.000000 0.000000 -0.000000
vn 1.000000 0.000000 -0.000000
vn 1.000000 0.000000 -0.000000
vn 1.000000 0.000000 -0.000000
vn 1.000000 0.000000 -0.000000
vn 1.000000 0.000000 -0.000000
vn 1.000000 0.000000 -0.000000
vn 1.000000 0.000000 -0.000000
vn 1.000000 0.000000 -0.000000
vn 1.000000 0.000000 -0.000000
vn 1.000000 0.000000 -0.000000
vn 1.000000 0.000000 -0.000000
vn 1.000000 0.000000 -0.000000
vn 1.000000 0.000000 -0.000000
vn 1.000000 0.000000 -0.000000
vn 1.000000 0.000000 -0.000000
vn 1.000000 0.000000 -0.000000
vn 1.000000 0.000000 -0.000000
vn 1.000000 0.000000 -0.000000
vn 1.000000 0.000000 -0.000000
vn 1.000000 0.000000 -0.000000
vn 1.000000 0.000000 -0.000000
vn -1.000000 0.000000 0.000000
vn -1.000000 0.000000 0.000000
vn -1.000000 0.000000 0.000000
vn -1.000000 0.000000 0.000000
vn -1.000000 0.000000 0.000001
vn -1.000000 0.000000 0.000000
vn -1.000000 0.000000 0.000000
vn -1.000000 0.000000 0.000000
vn -1.000000 0.000000 0.000000
vn -1.000000 0.000000 0.000000
vn -1.000000 0.000000 0.000000
vn -1.000000 0.000000 0.000000
vn -1.000000 0.000000 0.000001
vn -1.000000 0.000000 0.000001
vn -1.000000 0.000000 0.000000
vn -1.000000 0.000000 0.000000
vn -1.000000 0.000000 0.000000
vn -1.000000 0.000000 0.000000
vn -1.000000 0.000000 0.000000
vn -1.000000 0.000000 0.000000
vn -0.000000 -0.004935 -0.999988
vn -0.000000 -0.004935 -0.999988
vn -0.000000 0.000000 -1.000000
vn -0.000000 0.000000 -1.000000
vn -0.000000 -0.618951 -0.785429
vn -0.000000 -0.618951 -0.785429
vn -0.000000 -0.447764 -0.894152
vn -0.000000 -0.447764 -0.894152
vn -0.000000 -0.196378 -0.980528
vn -0.000000 -0.196378 -0.980528
vn -0.000000 -0.004935 -0.999988
vn -0.000000 -0.004935 -0.999988
vn -0.000000 -0.772185 -0.635398
vn -0.000000 -0.772185 -0.635398
vn -0.000000 -0.618951 -0.785429
vn -0.000000 -0.618951 -0.785429
vn -0.000000 -0.447764 -0.894152
vn -0.000000 -0.447764 -0.894152
vn -0.000000 -0.196378 -0.980528
vn -0.000000 -0.196378 -0.980528
vn -1.000000 0.000000 0.000000
vn -1.000000 0.000000 0.000000
vn -1.000000 0.000000 0.000000
vn -1.000000 0.000000 0.000000
vn -1.000000 0.000000 0.000000
vn -1.000000 0.000000 0.000000
vn -1.000000 0.000000 -0.000001
vn -1.000000 0.000000 -0.000001
vn -1.000000 0.000000 0.000000
vn -1.000000 0.000000 0.000000
vn -1.000000 0.000000 0.000000
vn -1.000000 0.000000 0.000000
vn -1.000000 0.000000 0.000000
vn -1.000000 0.000000 0.000000
vn -1.000000 0.000000 0.000000
vn -1.000000 0.000000 0.000000
vn -1.000000 0.000000 -0.000001
vn -1.000000 0.000000 -0.000001
vn -1.000000 0.000000 0.000000
vn -1.000000 0.000000 0.000000
vn -0.000000 -0.010513 -0.999945
vn -0.000000 -0.010513 -0.999945
vn -0.000000 -0.006361 -0.999980
vn -0.000000 -0.006361 -0.999980
vn -0.000000 -0.619079 -0.785329
vn -0.000000 -0.619079 -0.785329
vn -0.000000 -0.448882 -0.893591
vn -0.000000 -0.448882 -0.893591
vn -0.000000 -0.194386 -0.980925
vn -0.000000 -0.194386 -0.980925
vn -0.000000 -0.010513 -0.999945
vn -0.000000 -0.010513 -0.999945
vn -0.000000 -0.761985 -0.647595
vn -0.000000 -0.761985 -0.647595
vn -0.000000 -0.619079 -0.785329
vn -0.000000 -0.619079 -0.785329
vn -0.000000 -0.448882 -0.893591
vn -0.000000 -0.448882 -0.893591
vn -0.000000 -0.194386 -0.980925
vn -0.000000 -0.194386 -0.980925
vn -1.000000 0.000000 0.000000
vn -1.000000 0.000000 0.000000
vn -1.000000 0.000000 0.000000
vn -1.000000 0.000000 0.000000
vn -1.000000 0.000000 0.000000
vn -1.000000 0.000000 0.000000
vn -1.000000 0.000000 0.000000
vn -1.000000 0.000000 0.000000
vn -1.000000 0.000000 0.000000
vn -1.000000 0.000000 0.000000
vn -1.000000 0.000000 0.000000
vn -1.000000 0.000000 0.000000
vn -1.000000 0.000000 -0.000001
vn -1.000000 0.000000 -0.000001
vn -1.000000 0.000000 0.000000
vn -1.000000 0.000000 0.000000
vn -1.000000 0.000000 0.000000
vn -1.000000 0.000000 0.000000
vn -1.000000 0.000000 0.000000
vn -1.000000 0.000000 0.000000
vn -1.000000 0.000000 0.000000
vn -1.000000 0.000000 0.000000
vn -1.000000 0.000000 0.000001
vn -1.000000 0.000000 0.000000
vn -0.000000 -0.832013 -0.554757
vn -0.000000 -0.772185 -0.635398
vn -0.000000 -0.772185 -0.635398
vn -0.000000 -0.832013 -0.554757
vn -1.000000 0.000000 0.000000
vn -1.000000 0.000000 0.000000
vn -1.000000 0.000000 0.000000
vn -1.000000 0.000000 0.000000
vn -0.000000 -0.817223 -0.576321
vn -0.000000 -0.761985 -0.647595
vn -0.000000 -0.761985 -0.647595
vn -0.000000 -0.817223 -0.576321
vn -1.000000 0.000000 -0.000001
vn -1.000000 0.000000 -0.000001
vn -1.000000 0.000000 -0.000001
vn -1.000000 0.000000 -0.000001
vn -0.000000 -0.809708 -0.586833
vn -0.000000 -0.756187 -0.654355
vn -0.000000 -0.756187 -0.654355
vn -0.000000 -0.809708 -0.586833
vn -0.000000 -0.756187 -0.654355
vn -0.000000 -0.619359 -0.785108
vn -0.000000 -0.619359 -0.785108
vn -0.000000 -0.756187 -0.654355
vn -0.000000 -0.619359 -0.785108
vn -0.000000 -0.449889 -0.893084
vn -0.000000 -0.449889 -0.893084
vn -0.000000 -0.619359 -0.785108
vn -0.000000 -0.449889 -0.893084
vn -0.000000 -0.192598 -0.981278
vn -0.000000 -0.192598 -0.981278
vn -0.000000 -0.449889 -0.893084
vn -0.000000 -0.192598 -0.981278
vn -0.000000 -0.013144 -0.999914
vn -0.000000 -0.013144 -0.999914
vn -0.000000 -0.192598 -0.981278
vn -0.000000 -0.013144 -0.999914
vn -0.000000 -0.009470 -0.999955
vn -0.000000 -0.009470 -0.999955
vn -0.000000 -0.013144 -0.999914
vn -1.000000 0.000000 0.000000
vn -1.000000 0.000000 0.000000
vn -1.000000 0.000000 0.000000
vn -1.000000 0.000000 0.000000
vn -1.000000 0.000000 0.000000
vn -1.000000 0.000000 0.000000
vn -1.000000 0.000000 0.000000
vn -1.000000 0.000000 0.000000
vn 1.000000 0.000000 0.000000
vn 1.000000 0.000000 0.000000
vn 1.000000 0.000000 -0.000000
vn 1.000000 0.000000 -0.000000
vn 1.000000 0.000000 0.000000
vn 1.000000 0.000000 0.000000
vn 1.000000 0.000000 -0.000000
vn 1.000000 0.000000 -0.000000
vn -0.000000 0.000000 -1.000000
vn -0.000000 0.000000 -1.000000
vn -0.000000 0.000000 -1.000000
vn -0.000000 0.000000 -1.000000
vn -0.000000 0.000000 -1.000000
vn -0.000000 0.000000 -1.000000
vn -0.000000 0.000000 -1.000000
vn -0.000000 0.000000 -1.000000
vn -0.000000 0.000000 -1.000000
vn -0.000000 0.000000 -1.000000
vn -0.000000 0.000000 -1.000000
vn -0.000000 0.000000 -1.000000
vn -0.000000 0.000000 -1.000000
vn -0.000000 0.000000 -1.000000
vn -0.000000 0.000000 -1.000000
vn -0.000000 0.000000 -1.000000
vn -0.000000 0.000000 -1.000000
vn -0.000000 0.000000 -1.000000
vn -0.000000 0.000000 -1.000000
vn -0.000000 0.000000 -1.000000
vn -0.000000 0.000000 -1.000000
vn -0.000000 0.000000 -1.000000
vn -0.000000 0.000000 -1.000000
vn -0.000000 0.000000 -1.000000
vn -0.000000 0.000000 -1.000000
vn -0.000000 0.000000 -1.000000
vn -0.000000 0.000000 -1.000000
vn -0.000000 0.000000 -1.000000
vn -0.000000 0.000000 -1.000000
vn -0.000000 0.000000 -1.000000
vn -0.000000 0.000000 -1.000000
vn -0.000000 0.000000 -1.000000
vn -0.000000 0.000000 -1.000000
vn -0.000000 0.000000 -1.000000
vn -0.000000 0.000000 -1.000000
vn -0.000000 0.000000 -1.000000
vn -0.000000 0.000000 -1.000000
vn -0.000000 0.000000 -1.000000
vn -0.000000 0.000000 -1.000000
vn -0.000000 0.000000 -1.000000
vn -0.000000 0.000000 -1.000000
vn 0.000000 0.000000 -1.000000
vn -0.000000 0.000000 -1.000000
vn -0.000000 0.000000 -1.000000
vn -1.000000 0.000000 -0.000001
vn -0.972750 -0.231858 -0.000001
vn -0.956621 -0.291334 -0.000001
vn -1.000000 0.000000 -0.000001
vn -0.000000 0.000001 -1.000000
vn -0.000000 0.000001 -1.000000
vn -0.000000 -0.261729 -0.965141
vn -0.000000 -0.104397 -0.994536
vn -1.000000 0.000000 -0.000001
vn -1.000000 0.000000 -0.000001
vn -0.990649 -0.136433 0.000551
vn -0.963807 -0.266599 0.001077
vn 0.000001 -0.006361 -0.999980
vn 0.000001 -0.006361 -0.999980
vn 0.000001 -0.296317 -0.955090
vn 0.000001 -0.146282 -0.989243
vn -1.000000 -0.000001 0.000000
vn -1.000000 -0.000001 0.000000
vn -0.994984 -0.100031 0.000239
vn -0.972009 -0.234941 0.000561
vn -0.000000 -0.009468 -0.999955
vn -0.000000 -0.009468 -0.999955
vn -0.000000 -0.317433 -0.948281
vn -0.000000 -0.317008 -0.948423
vn 0.972438 -0.233163 0.000556
vn 0.995102 -0.098851 0.000235
vn 1.000000 0.000000 -0.000000
vn 1.000000 0.000000 -0.000000
vn -0.000000 -0.146849 -0.989159
vn -0.000000 -0.295978 -0.955195
vn -0.000000 -0.006361 -0.999980
vn -0.000000 -0.006361 -0.999980
vn 0.964257 -0.264967 0.001070
vn 0.990827 -0.135133 0.000546
vn 1.000000 0.000002 -0.000000
vn 1.000000 0.000002 -0.000000
vn 0.000003 -0.104843 -0.994489
vn 0.000003 -0.261729 -0.965141
vn 0.000003 0.000000 -1.000000
vn 0.000003 0.000000 -1.000000
vn 0.956621 -0.291335 -0.000001
vn 0.972750 -0.231858 -0.000001
vn 1.000000 0.000001 -0.000001
vn 1.000000 0.000001 -0.000001
vn 0.000000 1.000000 0.000000
vn 0.000000 1.000000 0.000000
vn 0.000001 1.000000 -0.000000
vn 0.000001 1.000000 -0.000000
vn 0.000000 -1.000000 0.000000
vn 0.000000 -1.000000 0.000000
vn 0.000000 -1.000000 0.000000
vn 0.000000 -1.000000 0.000000
vn -0.000635 -0.999999 0.001110
vn 0.000000 -1.000000 0.000000
vn 0.000000 -1.000000 0.000000
vn -0.000687 -0.999999 0.001201
vn 0.000001 1.000000 -0.000000
vn 0.001093 0.999999 -0.001187
vn 0.001176 0.999999 -0.001278
vn 0.000001 1.000000 -0.000000
vn -0.000663 -0.999997 0.002348
vn -0.000635 -0.999999 0.001110
vn -0.000687 -0.999999 0.001201
vn -0.000556 -0.999997 0.002365
vn 0.001093 0.999999 -0.001187
vn 0.001126 0.999998 -0.001914
vn 0.000923 0.999998 -0.001825
vn 0.001176 0.999999 -0.001278
vn 0.000872 -0.999997 0.002077
vn -0.000663 -0.999997 0.002348
vn -0.000556 -0.999997 0.002365
vn 0.001186 -0.999997 0.001941
vn 0.001126 0.999998 -0.001914
vn -0.000141 0.999999 -0.001416
vn -0.000206 0.999999 -0.001416
vn 0.000923 0.999998 -0.001825
vn 0.000198 -0.999995 0.003223
vn 0.000872 -0.999997 0.002077
vn 0.001186 -0.999997 0.001941
vn 0.000108 -0.999995 0.003294
vn -0.000141 0.999999 -0.001416
vn -0.000033 0.999998 -0.001881
vn -0.000016 0.999998 -0.001900
vn -0.000206 0.999999 -0.001416
vn -0.000198 -0.999995 0.003223
vn 0.000198 -0.999995 0.003223
vn 0.000108 -0.999995 0.003294
vn -0.000110 -0.999995 0.003294
vn -0.000033 0.999998 -0.001881
vn 0.000033 0.999998 -0.001881
vn 0.000016 0.999998 -0.001900
vn -0.000016 0.999998 -0.001900
vn 0.000033 0.999998 -0.001881
vn 0.000141 0.999999 -0.001416
vn 0.000206 0.999999 -0.001414
vn 0.000016 0.999998 -0.001900
vn -0.000868 -0.999997 0.002077
vn -0.000198 -0.999995 0.003223
vn -0.000110 -0.999995 0.003294
vn -0.001183 -0.999997 0.001941
vn 0.000141 0.999999 -0.001416
vn -0.001129 0.999998 -0.001915
vn -0.000925 0.999998 -0.001825
vn 0.000206 0.999999 -0.001414
vn 0.000663 -0.999997 0.002348
vn -0.000868 -0.999997 0.002077
vn -0.001183 -0.999997 0.001941
vn 0.000556 -0.999997 0.002365
vn -0.001129 0.999998 -0.001915
vn -0.001079 0.999999 -0.001170
vn -0.001163 0.999999 -0.001262
vn -0.000925 0.999998 -0.001825
vn 0.000627 -0.999999 0.001095
vn 0.000663 -0.999997 0.002348
vn 0.000556 -0.999997 0.002365
vn 0.000679 -0.999999 0.001187
vn -0.001079 0.999999 -0.001170
vn 0.000000 1.000000 0.000000
vn 0.000000 1.000000 0.000000
vn -0.001163 0.999999 -0.001262
vn 0.000001 -1.000000 0.000001
vn 0.000627 -0.999999 0.001095
vn 0.000679 -0.999999 0.001187
vn 0.000001 -1.000000 0.000001
vn 0.000000 1.000000 0.000000
vn 0.000000 1.000000 0.000000
vn 0.000000 1.000000 0.000000
vn 0.000000 1.000000 0.000000
vn 0.000001 -1.000000 0.000001
vn 0.000000 -1.000000 0.000000
vn 0.000000 -1.000000 0.000000
vn 0.000001 -1.000000 0.000001
vn -0.931053 -0.364884 -0.000001
vn -1.000000 0.000001 -0.000001
vn -1.000000 0.000001 -0.000001
vn -0.962708 -0.270542 -0.000001
vn -0.000000 -0.380985 -0.924581
vn -0.000000 -0.163530 -0.986538
vn -0.000000 -0.000001 -1.000000
vn -0.000000 -0.000001 -1.000000
vn -0.976944 -0.213494 0.000862
vn -0.920573 -0.390568 0.001578
vn -1.000000 0.000000 -0.000001
vn -1.000000 0.000000 -0.000001
vn 0.000002 -0.424196 -0.905570
vn 0.000001 -0.222030 -0.975040
vn 0.000001 -0.006583 -0.999978
vn 0.000001 -0.006583 -0.999978
vn -0.986963 -0.160950 0.000384
vn -0.937170 -0.348872 0.000833
vn -1.000000 0.000003 0.000000
vn -1.000000 0.000003 0.000000
vn -0.000000 -0.276703 -0.960956
vn -0.000000 -0.275830 -0.961206
vn -0.000000 -0.009798 -0.999952
vn -0.000000 -0.009798 -0.999952
vn 1.000000 0.000000 -0.000000
vn 1.000000 0.000000 -0.000000
vn 0.938094 -0.346381 0.000825
vn 0.987266 -0.159080 0.000379
vn -0.000000 -0.006583 -0.999978
vn -0.000000 -0.006583 -0.999978
vn -0.000000 -0.222792 -0.974866
vn -0.000000 -0.423745 -0.905782
vn 1.000000 0.000000 -0.000000
vn 1.000000 0.000000 -0.000000
vn 0.921514 -0.388342 0.001569
vn 0.977380 -0.211490 0.000855
vn 0.000003 0.000000 -1.000000
vn 0.000003 0.000000 -1.000000
vn 0.000003 -0.163529 -0.986539
vn 0.000003 -0.380636 -0.924725
vn 1.000000 -0.000002 -0.000002
vn 1.000000 -0.000002 -0.000002
vn 0.931052 -0.364886 -0.000001
vn 0.962708 -0.270544 -0.000001
vn -0.972750 -0.231858 -0.000001
vn -0.931053 -0.364884 -0.000001
vn -0.962708 -0.270542 -0.000001
vn -0.956621 -0.291334 -0.000001
vn -0.000000 -0.104397 -0.994536
vn -0.000000 -0.261729 -0.965141
vn -0.000000 -0.163530 -0.986538
vn -0.000000 -0.380985 -0.924581
vn -0.963807 -0.266599 0.001077
vn -0.990649 -0.136433 0.000551
vn -0.920573 -0.390568 0.001578
vn -0.976944 -0.213494 0.000862
vn 0.000001 -0.146282 -0.989243
vn 0.000001 -0.296317 -0.955090
vn 0.000001 -0.222030 -0.975040
vn 0.000002 -0.424196 -0.905570
vn -0.972009 -0.234941 0.000561
vn -0.994984 -0.100031 0.000239
vn -0.937170 -0.348872 0.000833
vn -0.986963 -0.160950 0.000384
vn -0.000000 -0.317008 -0.948423
vn -0.000000 -0.317433 -0.948281
vn -0.000000 -0.275830 -0.961206
vn -0.000000 -0.276703 -0.960956
vn 0.987266 -0.159080 0.000379
vn 0.938094 -0.346381 0.000825
vn 0.995102 -0.098851 0.000235
vn 0.972438 -0.233163 0.000556
vn -0.000000 -0.423745 -0.905782
vn -0.000000 -0.222792 -0.974866
vn -0.000000 -0.295978 -0.955195
vn -0.000000 -0.146849 -0.989159
vn 0.977380 -0.211490 0.000855
vn 0.921514 -0.388342 0.001569
vn 0.990827 -0.135133 0.000546
vn 0.964257 -0.264967 0.001070
vn 0.000003 -0.380636 -0.924725
vn 0.000003 -0.163529 -0.986539
vn 0.000003 -0.261729 -0.965141
vn 0.000003 -0.104843 -0.994489
vn 0.962708 -0.270544 -0.000001
vn 0.931052 -0.364886 -0.000001
vn 0.972750 -0.231858 -0.000001
vn 0.956621 -0.291335 -0.000001
vn 1.000000 0.000000 -0.000000
vn 1.000000 0.000000 -0.000000
vn 1.000000 0.000000 -0.000000
vn 1.000000 0.000000 -0.000000
vn 1.000000 0.000000 -0.000000
vn 1.000000 0.000000 -0.000000
vn 1.000000 -0.000000 0.000000
vn 1.000000 -0.000000 0.000000
vn 1.000000 0.000000 -0.000000
vn 1.000000 0.000000 -0.000000
vn 1.000000 -0.000000 0.000000
vn 1.000000 -0.000000 0.000000
vn 1.000000 0.000000 -0.000000
vn 1.000000 0.000000 -0.000000
vn 1.000000 0.000000 0.000000
vn 1.000000 0.000000 0.000000
vn 1.000000 0.000000 -0.000000
vn 1.000000 0.000000 -0.000000
vn 1.000000 0.000000 0.000000
vn 1.000000 0.000000 0.000000
vn 1.000000 0.000000 0.000000
vn 1.000000 0.000000 0.000000
vn 1.000000 0.000000 0.000000
vn 1.000000 0.000000 -0.000000
vn 0.000000 1.000000 0.000000
vn 0.000000 1.000000 0.000000
vn 0.000000 1.000000 0.000000
vn 0.000000 1.000000 0.000000
vn 0.000000 1.000000 0.000000
vn 0.000000 1.000000 0.000000
vn 0.000000 1.000000 0.000000
vn 0.000000 1.000000 0.000000
vn -1.000000 0.000000 0.000000
vn -1.000000 0.000000 0.000000
vn -1.000000 0.000000 0.000000
vn -1.000000 0.000000 0.000000
vn -1.000000 0.000000 0.000000
vn -1.000000 0.000000 0.000000
vn -1.000000 0.000000 0.000000
vn -1.000000 0.000000 0.000000
vn -1.000000 0.000000 0.000000
vn -1.000000 0.000000 0.000000
vn -1.000000 0.000000 0.000000
vn -1.000000 0.000000 0.000000
vn -1.000000 0.000000 0.000000
vn -1.000000 0.000000 0.000000
vn -1.000000 0.000000 0.000000
vn -1.000000 0.000000 0.000000
vn -1.000000 0.000000 0.000000
vn -1.000000 0.000000 0.000000
vn -1.000000 0.000000 0.000000
vn -1.000000 0.000000 0.000000
vn -1.000000 0.000000 0.000000
vn -1.000000 0.000000 0.000000
vn -1.000000 0.000000 0.000000
vn -1.000000 0.000000 0.000000
vn 1.000000 0.000000 0.000000
vn 1.000000 0.000000 -0.000000
vn 0.541432 0.393865 0.742780
vn 0.541432 0.393865 0.742780
vn 0.541432 0.393865 0.742780
vn 0.541432 0.393865 0.742780
vn 0.000000 0.000000 1.000000
vn 0.000000 0.000000 1.000000
vn 0.000000 0.000000 1.000000
vn 0.000000 0.000000 1.000000
vn 0.000000 1.000000 0.000000
vn 0.000000 1.000000 0.000000
vn 0.000000 1.000000 0.000000
vn 0.000000 1.000000 0.000000
vn 0.000000 0.000000 -1.000000
vn 0.000000 0.000000 -1.000000
vn 0.000000 0.000000 -1.000000
vn 0.000000 0.000000 -1.000000
vn 0.000000 -1.000000 0.000000
vn 0.000000 -1.000000 0.000000
vn 0.000000 -1.000000 0.000000
vn 0.000000 -1.000000 0.000000
vn 1.000000 0.000000 0.000000
vn 1.000000 0.000000 0.000000
vn 1.000000 0.000000 0.000000
vn 1.000000 0.000000 0.000000
vn -1.000000 0.000000 0.000000
vn -1.000000 0.000000 0.000000
vn -1.000000 0.000000 0.000000
vn -1.000000 0.000000 0.000000
vn 0.000000 0.000000 1.000000
vn 0.000000 0.000000 1.000000
vn 0.000000 0.000000 1.000000
vn 0.000000 0.000000 1.000000
vn 0.000000 0.000000 1.000000
vn 0.000000 0.000000 1.000000
vn 0.000000 0.000000 1.000000
vn 0.000000 0.000000 1.000000
vn -1.000000 0.000000 0.000000
vn -1.000000 0.000000 0.000000
vn -1.000000 0.000000 0.000000
vn -1.000000 0.000000 0.000000
vn -0.000013 0.000000 1.000000
vn -0.000013 0.000000 1.000000
vn -0.000013 0.000000 1.000000
vn -0.000013 0.000000 1.000000
vn -0.999980 -0.006359 0.000000
vn -0.999980 -0.006359 0.000000
vn -0.999980 -0.006359 0.000000
vn -0.999980 -0.006359 0.000000
vn 0.000000 0.000000 1.000000
vn 0.000000 0.000000 1.000000
vn 0.000000 0.000000 1.000000
vn 0.000000 0.000000 1.000000
vn -0.999955 -0.009461 0.000001
vn -0.999955 -0.009461 0.000001
vn -0.999955 -0.009461 0.000001
vn -0.999955 -0.009461 0.000001
vn -0.000016 0.000000 -1.000000
vn -0.000016 0.000000 -1.000000
vn -0.000016 0.000000 -1.000000
vn -0.000016 0.000000 -1.000000
vn -0.999980 -0.006359 0.000000
vn -0.999980 -0.006359 0.000000
vn -0.999980 -0.006359 0.000000
vn -0.999980 -0.006359 0.000000
vn 0.000000 0.000000 -1.000000
vn 0.000000 0.000000 -1.000000
vn 0.000000 0.000000 -1.000000
vn 0.000000 0.000000 -1.000000
vn -1.000000 0.000000 0.000000
vn -1.000000 0.000000 0.000000
vn -1.000000 0.000000 0.000000
vn -1.000000 0.000000 0.000000
vn 0.000000 0.000000 -1.000000
vn 0.000000 0.000000 -1.000000
vn 0.000000 0.000000 -1.000000
vn 0.000000 0.000000 -1.000000
vn 0.000000 0.000000 -1.000000
vn 0.000000 0.000000 -1.000000
vn 0.000000 0.000000 -1.000000
vn 0.000000 0.000000 -1.000000
vn 1.000000 0.000000 0.000000
vn 1.000000 0.000000 0.000000
vn 1.000000 0.000000 0.000000
vn 1.000000 0.000000 0.000000
vn 0.000000 0.000000 -1.000000
vn 0.000000 0.000000 -1.000000
vn 0.000000 0.000000 -1.000000
vn 0.000000 0.000000 -1.000000
vn 0.999980 -0.006359 0.000000
vn 0.999980 -0.006359 0.000000
vn 0.999980 -0.006359 0.000000
vn 0.999980 -0.006359 0.000000
vn 0.000000 0.000000 -1.000000
vn 0.000000 0.000000 -1.000000
vn 0.000000 0.000000 -1.000000
vn 0.000000 0.000000 -1.000000
vn 0.999955 -0.009464 -0.000001
vn 0.999955 -0.009464 -0.000001
vn 0.999955 -0.009464 -0.000001
vn 0.999955 -0.009464 -0.000001
vn -0.000016 0.000000 1.000000
vn -0.000016 0.000000 1.000000
vn -0.000016 0.000000 1.000000
vn -0.000016 0.000000 1.000000
vn 0.999980 -0.006359 0.000000
vn 0.999980 -0.006359 0.000000
vn 0.999980 -0.006359 0.000000
vn 0.999980 -0.006359 0.000000
vn 0.000013 0.000000 1.000000
vn 0.000013 0.000000 1.000000
vn 0.000013 0.000000 1.000000
vn 0.000013 0.000000 1.000000
vn 1.000000 0.000000 0.000000
vn 1.000000 0.000000 0.000000
vn 1.000000 0.000000 0.000000
vn 1.000000 0.000000 0.000000
vn 0.000000 1.000000 0.000000
vn 0.000000 1.000000 0.000000
vn 0.000000 1.000000 0.000000
vn 0.000000 1.000000 0.000000
vn 0.000000 -1.000000 0.000003
vn 0.000000 -1.000000 0.000003
vn 0.000000 -1.000000 0.000003
vn 0.000000 -1.000000 0.000003
vn 0.000000 1.000000 0.000000
vn 0.000000 1.000000 0.000000
vn 0.000000 1.000000 0.000000
vn 0.000000 1.000000 0.000000
vn 0.000000 -1.000000 0.000003
vn 0.000000 -1.000000 0.000003
vn 0.000000 -1.000000 0.000003
vn 0.000000 -1.000000 0.000003
vn 0.000000 -1.000000 0.000000
vn 0.000000 -1.000000 0.000000
vn 0.000000 -1.000000 0.000000
vn 0.000000 -1.000000 0.000000
vn 0.000000 1.000000 0.000000
vn 0.000000 1.000000 0.000000
vn 0.000000 1.000000 0.000000
vn 0.000000 1.000000 0.000000
vn 0.002253 -0.999997 0.001101
vn 0.002253 -0.999997 0.001101
vn 0.002253 -0.999997 0.001101
vn 0.002253 -0.999997 0.001101
vn -0.002414 0.999995 -0.001930
vn -0.002414 0.999995 -0.001930
vn -0.002414 0.999995 -0.001930
vn -0.002414 0.999995 -0.001930
vn 0.002455 -0.999997 0.000000
vn 0.002455 -0.999997 0.000000
vn 0.002455 -0.999997 0.000000
vn 0.002455 -0.999997 0.000000
vn -0.001436 0.999999 0.000000
vn -0.001436 0.999999 0.000000
vn -0.001436 0.999999 0.000000
vn -0.001436 0.999999 0.000000
vn 0.001329 -0.999997 -0.002242
vn 0.001329 -0.999997 -0.002242
vn 0.001329 -0.999997 -0.002242
vn 0.001329 -0.999997 -0.002242
vn -0.001389 0.999999 0.000450
vn -0.001389 0.999999 0.000450
vn -0.001389 0.999999 0.000450
vn -0.001389 0.999999 0.000450
vn 0.003387 -0.999994 0.000001
vn 0.003387 -0.999994 0.000001
vn 0.003387 -0.999994 0.000001
vn 0.003387 -0.999994 0.000001
vn -0.001925 0.999998 -0.000001
vn -0.001925 0.999998 -0.000001
vn -0.001925 0.999998 -0.000001
vn -0.001925 0.999998 -0.000001
vn -0.001389 0.999999 -0.000450
vn -0.001389 0.999999 -0.000450
vn -0.001389 0.999999 -0.000450
vn -0.001389 0.999999 -0.000450
vn 0.001334 -0.999997 0.002242
vn 0.001334 -0.999997 0.002242
vn 0.001334 -0.999997 0.002242
vn 0.001334 -0.999997 0.002242
vn -0.001436 0.999999 0.000000
vn -0.001436 0.999999 0.000000
vn -0.001436 0.999999 0.000000
vn -0.001436 0.999999 0.000000
vn 0.002455 -0.999997 0.000000
vn 0.002455 -0.999997 0.000000
vn 0.002455 -0.999997 0.000000
vn 0.002455 -0.999997 0.000000
vn -0.002414 0.999995 0.001938
vn -0.002414 0.999995 0.001938
vn -0.002414 0.999995 0.001938
vn -0.002414 0.999995 0.001938
vn 0.002253 -0.999997 -0.001111
vn 0.002253 -0.999997 -0.001111
vn 0.002253 -0.999997 -0.001111
vn 0.002253 -0.999997 -0.001111
vn 0.000000 1.000000 0.000000
vn 0.000000 1.000000 0.000000
vn 0.000000 1.000000 0.000000
vn 0.000000 1.000000 0.000000
vn 0.000000 -1.000000 0.000000
vn 0.000000 -1.000000 0.000000
vn 0.000000 -1.000000 0.000000
vn 0.000000 -1.000000 0.000000
vn 0.000000 1.000000 0.000000
vn 0.000000 1.000000 0.000000
vn 0.000000 1.000000 0.000000
vn 0.000000 1.000000 0.000000
vn 0.000000 -1.000000 -0.000003
vn 0.000000 -1.000000 -0.000003
vn 0.000000 -1.000000 -0.000003
vn 0.000000 -1.000000 -0.000003
vn 0.000000 1.000000 0.000000
vn 0.000000 1.000000 0.000000
vn 0.000000 1.000000 0.000000
vn 0.000000 1.000000 0.000000
vn 0.000000 -1.000000 -0.000003
vn 0.000000 -1.000000 -0.000003
vn 0.000000 -1.000000 -0.000003
vn 0.000000 -1.000000 -0.000003
vn 0.000000 -1.000000 0.000000
vn 0.000000 -1.000000 0.000000
vn 0.000000 -1.000000 0.000000
vn 0.000000 -1.000000 0.000000
vn 0.000000 1.000000 0.000000
vn 0.000000 1.000000 0.000000
vn 0.000000 1.000000 0.000000
vn 0.000000 1.000000 0.000000
vn -0.002253 -0.999997 -0.001111
vn -0.002253 -0.999997 -0.001111
vn -0.002253 -0.999997 -0.001111
vn -0.002253 -0.999997 -0.001111
vn 0.002414 0.999995 0.001919
vn 0.002414 0.999995 0.001919
vn 0.002414 0.999995 0.001919
vn 0.002414 0.999995 0.001919
vn -0.002455 -0.999997 0.000000
vn -0.002455 -0.999997 0.000000
vn -0.002455 -0.999997 0.000000
vn -0.002455 -0.999997 0.000000
vn 0.001436 0.999999 0.000000
vn 0.001436 0.999999 0.000000
vn 0.001436 0.999999 0.000000
vn 0.001436 0.999999 0.000000
vn -0.001329 -0.999997 0.002255
vn -0.001329 -0.999997 0.002255
vn -0.001329 -0.999997 0.002255
vn -0.001329 -0.999997 0.002255
vn 0.001389 0.999999 -0.000450
vn 0.001389 0.999999 -0.000450
vn 0.001389 0.999999 -0.000450
vn 0.001389 0.999999 -0.000450
vn -0.003387 -0.999994 -0.000001
vn -0.003387 -0.999994 -0.000001
vn -0.003387 -0.999994 -0.000001
vn -0.003387 -0.999994 -0.000001
vn 0.001925 0.999998 0.000000
vn 0.001925 0.999998 0.000000
vn 0.001925 0.999998 0.000000
vn 0.001925 0.999998 0.000000
vn 0.001389 0.999999 0.000450
vn 0.001389 0.999999 0.000450
vn 0.001389 0.999999 0.000450
vn 0.001389 0.999999 0.000450
vn -0.001334 -0.999997 -0.002255
vn -0.001334 -0.999997 -0.002255
vn -0.001334 -0.999997 -0.002255
vn -0.001334 -0.999997 -0.002255
vn 0.001436 0.999999 0.000000
vn 0.001436 0.999999 0.000000
vn 0.001436 0.999999 0.000000
vn 0.001436 0.999999 0.000000
vn -0.002455 -0.999997 0.000000
vn -0.002455 -0.999997 0.000000
vn -0.002455 -0.999997 0.000000
vn -0.002455 -0.999997 0.000000
vn 0.002414 0.999995 -0.001924
vn 0.002414 0.999995 -0.001924
vn 0.002414 0.999995 -0.001924
vn 0.002414 0.999995 -0.001924
vn -0.002253 -0.999997 0.001111
vn -0.002253 -0.999997 0.001111
vn -0.002253 -0.999997 0.001111
vn -0.002253 -0.999997 0.001111
vn 0.000000 1.000000 0.000000
vn 0.000000 1.000000 0.000000
vn 0.000000 1.000000 0.000000
vn 0.000000 1.000000 0.000000
vn 0.000000 -1.000000 0.000000
vn 0.000000 -1.000000 0.000000
vn 0.000000 -1.000000 0.000000
vn 0.000000 -1.000000 0.000000
vn 0.000000 0.000000 1.000000
vn 0.000000 0.000000 1.000000
vn 0.000000 0.000000 1.000000
vn 0.000000 0.000000 1.000000
vn 0.000001 0.000000 1.000000
vn 0.000001 0.000000 1.000000
vn 0.000001 0.000000 1.000000
vn 0.000001 0.000000 1.000000
vn -1.000000 0.000000 0.000000
vn -1.000000 0.000000 0.000000
vn -1.000000 0.000000 0.000000
vn -1.000000 0.000000 0.000000
vn 0.000000 0.000000 1.000000
vn 0.000000 0.000000 1.000000
vn 0.000000 0.000000 1.000000
vn 0.000000 0.000000 1.000000
vn -0.999978 -0.006578 0.000000
vn -0.999978 -0.006578 0.000000
vn -0.999978 -0.006578 0.000000
vn -0.999978 -0.006578 0.000000
vn 0.000000 0.000000 1.000000
vn 0.000000 0.000000 1.000000
vn 0.000000 0.000000 1.000000
vn 0.000000 0.000000 1.000000
vn -0.999952 -0.009800 0.000000
vn -0.999952 -0.009800 0.000000
vn -0.999952 -0.009800 0.000000
vn -0.999952 -0.009800 0.000000
vn 0.000015 0.000000 -1.000000
vn 0.000015 0.000000 -1.000000
vn 0.000015 0.000000 -1.000000
vn 0.000015 0.000000 -1.000000
vn -0.999979 -0.006564 0.000000
vn -0.999979 -0.006564 0.000000
vn -0.999979 -0.006564 0.000000
vn -0.999979 -0.006564 0.000000
vn 0.000000 0.000000 -1.000000
vn 0.000000 0.000000 -1.000000
vn 0.000000 0.000000 -1.000000
vn 0.000000 0.000000 -1.000000
vn -1.000000 0.000000 0.000000
vn -1.000000 0.000000 0.000000
vn -1.000000 0.000000 0.000000
vn -1.000000 0.000000 0.000000
vn -0.000002 -0.000028 -1.000000
vn -0.000002 -0.000028 -1.000000
vn -0.000002 -0.000028 -1.000000
vn -0.000002 -0.000028 -1.000000
vn 0.000002 -0.000028 -1.000000
vn 0.000002 -0.000028 -1.000000
vn 0.000002 -0.000028 -1.000000
vn 0.000002 -0.000028 -1.000000
vn 1.000000 0.000000 0.000000
vn 1.000000 0.000000 0.000000
vn 1.000000 0.000000 0.000000
vn 1.000000 0.000000 0.000000
vn 0.000000 0.000000 -1.000000
vn 0.000000 0.000000 -1.000000
vn 0.000000 0.000000 -1.000000
vn 0.000000 0.000000 -1.000000
vn 0.999978 -0.006586 0.000004
vn 0.999978 -0.006586 0.000004
vn 0.999978 -0.006586 0.000004
vn 0.999978 -0.006586 0.000004
vn -0.000015 0.000000 -1.000000
vn -0.000015 0.000000 -1.000000
vn -0.000015 0.000000 -1.000000
vn -0.000015 0.000000 -1.000000
vn 0.999952 -0.009795 -0.000001
vn 0.999952 -0.009795 -0.000001
vn 0.999952 -0.009795 -0.000001
vn 0.999952 -0.009795 -0.000001
vn 0.000000 0.000000 1.000000
vn 0.000000 0.000000 1.000000
vn 0.000000 0.000000 1.000000
vn 0.000000 0.000000 1.000000
vn 0.999978 -0.006593 0.000000
vn 0.999978 -0.006593 0.000000
vn 0.999978 -0.006593 0.000000
vn 0.999978 -0.006593 0.000000
vn 0.000000 0.000000 1.000000
vn 0.000000 0.000000 1.000000
vn 0.000000 0.000000 1.000000
vn 0.000000 0.000000 1.000000
vn 1.000000 0.000000 0.000000
vn 1.000000 0.000000 0.000000
vn 1.000000 0.000000 0.000000
vn 1.000000 0.000000 0.000000
vn 0.000001 -0.873219 0.487328
vn 0.000001 -0.873219 0.487328
vn 0.000001 -0.873219 0.487328
vn 0.000001 -0.873219 0.487328
vn -0.000001 -0.873209 0.487346
vn -0.000001 -0.873209 0.487346
vn -0.000001 -0.873209 0.487346
vn -0.000001 -0.873209 0.487346
vn -0.628630 -0.777705 0.000000
vn -0.628630 -0.777705 0.000000
vn -0.628630 -0.777705 0.000000
vn -0.628630 -0.777705 0.000000
vn 0.003418 -0.839286 0.543679
vn 0.003418 -0.839286 0.543679
vn 0.003418 -0.839286 0.543679
vn 0.003418 -0.839286 0.543679
vn -0.567578 -0.823320 0.000000
vn -0.567578 -0.823320 0.000000
vn -0.567578 -0.823320 0.000000
vn -0.567578 -0.823320 0.000000
vn 0.001895 -0.791833 0.610735
vn 0.001895 -0.791833 0.610735
vn 0.001895 -0.791833 0.610735
vn 0.001895 -0.791833 0.610735
vn -0.524163 -0.851618 -0.000001
vn -0.524163 -0.851618 -0.000001
vn -0.524163 -0.851618 -0.000001
vn -0.524163 -0.851618 -0.000001
vn 0.001865 -0.789228 -0.614098
vn 0.001865 -0.789228 -0.614098
vn 0.001865 -0.789228 -0.614098
vn 0.001865 -0.789228 -0.614098
vn -0.567563 -0.823330 0.000000
vn -0.567563 -0.823330 0.000000
vn -0.567563 -0.823330 0.000000
vn -0.567563 -0.823330 0.000000
vn 0.003396 -0.837395 -0.546587
vn 0.003396 -0.837395 -0.546587
vn 0.003396 -0.837395 -0.546587
vn 0.003396 -0.837395 -0.546587
vn -0.628633 -0.777702 0.000000
vn -0.628633 -0.777702 0.000000
vn -0.628633 -0.777702 0.000000
vn -0.628633 -0.777702 0.000000
vn 0.000000 -0.873184 -0.487391
vn 0.000000 -0.873184 -0.487391
vn 0.000000 -0.873184 -0.487391
vn 0.000000 -0.873184 -0.487391
vn 0.000000 -0.873190 -0.487381
vn 0.000000 -0.873190 -0.487381
vn 0.000000 -0.873190 -0.487381
vn 0.000000 -0.873190 -0.487381
vn 0.628633 -0.777702 0.000000
vn 0.628633 -0.777702 0.000000
vn 0.628633 -0.777702 0.000000
vn 0.628633 -0.777702 0.000000
vn -0.003396 -0.837404 -0.546573
vn -0.003396 -0.837404 -0.546573
vn -0.003396 -0.837404 -0.546573
vn -0.003396 -0.837404 -0.546573
vn 0.567570 -0.823325 0.000006
vn 0.567570 -0.823325 0.000006
vn 0.567570 -0.823325 0.000006
vn 0.567570 -0.823325 0.000006
vn -0.001865 -0.789219 -0.614110
vn -0.001865 -0.789219 -0.614110
vn -0.001865 -0.789219 -0.614110
vn -0.001865 -0.789219 -0.614110
vn 0.524148 -0.851627 0.000000
vn 0.524148 -0.851628 0.000000
vn 0.524148 -0.851628 0.000000
vn 0.524148 -0.851628 0.000000
vn -0.001895 -0.791855 0.610706
vn -0.001895 -0.791855 0.610706
vn -0.001895 -0.791855 0.610706
vn -0.001895 -0.791855 0.610706
vn 0.567571 -0.823325 0.000000
vn 0.567571 -0.823325 0.000000
vn 0.567571 -0.823325 0.000000
vn 0.567571 -0.823325 0.000000
vn -0.003418 -0.839279 0.543691
vn -0.003418 -0.839279 0.543691
vn -0.003418 -0.839279 0.543691
vn -0.003418 -0.839279 0.543691
vn 0.628628 -0.777706 0.000000
vn 0.628628 -0.777706 0.000000
vn 0.628628 -0.777706 0.000000
vn 0.628628 -0.777706 0.000000
vn 0.000000 0.000000 1.000000
vn 0.000000 0.000000 1.000000
vn 0.000000 0.000000 1.000000
vn 0.000000 0.000000 1.000000
vn 0.000000 0.000000 1.000000
vn 0.000000 0.000000 1.000000
vn 0.000000 0.000000 1.000000
vn 0.000000 0.000000 1.000000
vn -1.000000 0.000000 0.000000
vn -1.000000 0.000000 0.000000
vn -1.000000 0.000000 0.000000
vn -1.000000 0.000000 0.000000
vn 0.000013 0.000000 1.000000
vn 0.000013 0.000000 1.000000
vn 0.000013 0.000000 1.000000
vn 0.000013 0.000000 1.000000
vn -0.999980 -0.006359 0.000000
vn -0.999980 -0.006359 0.000000
vn -0.999980 -0.006359 0.000000
vn -0.999980 -0.006359 0.000000
vn -0.000016 0.000000 1.000000
vn -0.000016 0.000000 1.000000
vn -0.000016 0.000000 1.000000
vn -0.000016 0.000000 1.000000
vn -0.999955 -0.009461 0.000001
vn -0.999955 -0.009461 0.000001
vn -0.999955 -0.009461 0.000001
vn -0.999955 -0.009461 0.000001
vn 0.000000 0.000000 -1.000000
vn 0.000000 0.000000 -1.000000
vn 0.000000 0.000000 -1.000000
vn 0.000000 0.000000 -1.000000
vn -0.999980 -0.006360 0.000000
vn -0.999980 -0.006360 0.000000
vn -0.999980 -0.006360 0.000000
vn -0.999980 -0.006360 0.000000
vn -0.000013 0.000000 -1.000000
vn -0.000013 0.000000 -1.000000
vn -0.000013 0.000000 -1.000000
vn -0.000013 0.000000 -1.000000
vn -1.000000 0.000000 0.000000
vn -1.000000 0.000000 0.000000
vn -1.000000 0.000000 0.000000
vn -1.000000 0.000000 0.000000
vn 0.000000 0.000000 -1.000000
vn 0.000000 0.000000 -1.000000
vn 0.000000 0.000000 -1.000000
vn 0.000000 0.000000 -1.000000
vn 0.000000 0.000000 -1.000000
vn 0.000000 0.000000 -1.000000
vn 0.000000 0.000000 -1.000000
vn 0.000000 0.000000 -1.000000
vn 1.000000 0.000000 0.000000
vn 1.000000 0.000000 0.000000
vn 1.000000 0.000000 0.000000
vn 1.000000 0.000000 0.000000
vn 0.000013 0.000000 -1.000000
vn 0.000013 0.000000 -1.000000
vn 0.000013 0.000000 -1.000000
vn 0.000013 0.000000 -1.000000
vn 0.999980 -0.006360 0.000000
vn 0.999980 -0.006360 0.000000
vn 0.999980 -0.006360 0.000000
vn 0.999980 -0.006360 0.000000
vn 0.000000 0.000000 -1.000000
vn 0.000000 0.000000 -1.000000
vn 0.000000 0.000000 -1.000000
vn 0.000000 0.000000 -1.000000
vn 0.999955 -0.009464 -0.000001
vn 0.999955 -0.009464 -0.000001
vn 0.999955 -0.009464 -0.000001
vn 0.999955 -0.009464 -0.000001
vn 0.000000 0.000000 1.000000
vn 0.000000 0.000000 1.000000
vn 0.000000 0.000000 1.000000
vn 0.000000 0.000000 1.000000
vn 0.999980 -0.006359 0.000000
vn 0.999980 -0.006359 0.000000
vn 0.999980 -0.006359 0.000000
vn 0.999980 -0.006359 0.000000
vn -0.000013 0.000000 1.000000
vn -0.000013 0.000000 1.000000
vn -0.000013 0.000000 1.000000
vn -0.000013 0.000000 1.000000
vn 1.000000 0.000000 0.000000
vn 1.000000 0.000000 0.000000
vn 1.000000 0.000000 0.000000
vn 1.000000 0.000000 0.000000
vn 0.000000 1.000000 0.000000
vn 0.000000 1.000000 0.000000
vn 0.000000 1.000000 0.000000
vn 0.000000 1.000000 0.000000
vn 0.000000 -1.000000 -0.000002
vn 0.000000 -1.000000 -0.000002
vn 0.000000 -1.000000 -0.000002
vn 0.000000 -1.000000 -0.000002
vn 0.000000 1.000000 0.000000
vn 0.000000 1.000000 0.000000
vn 0.000000 1.000000 0.000000
vn 0.000000 1.000000 0.000000
vn 0.000000 -1.000000 0.000003
vn 0.000000 -1.000000 0.000003
vn 0.000000 -1.000000 0.000003
vn 0.000000 -1.000000 0.000003
vn 0.000000 -1.000000 0.000000
vn 0.000000 -1.000000 0.000000
vn 0.000000 -1.000000 0.000000
vn 0.000000 -1.000000 0.000000
vn 0.000000 1.000000 0.000000
vn 0.000000 1.000000 0.000000
vn 0.000000 1.000000 0.000000
vn 0.000000 1.000000 0.000000
vn 0.002261 -0.999997 0.001131
vn 0.002261 -0.999997 0.001131
vn 0.002261 -0.999997 0.001131
vn 0.002261 -0.999997 0.001131
vn -0.002394 0.999995 -0.001912
vn -0.002394 0.999995 -0.001912
vn -0.002394 0.999995 -0.001912
vn -0.002394 0.999995 -0.001912
vn 0.002463 -0.999997 0.000000
vn 0.002463 -0.999997 0.000000
vn 0.002463 -0.999997 0.000000
vn 0.002463 -0.999997 0.000000
vn -0.001425 0.999999 0.000000
vn -0.001425 0.999999 0.000000
vn -0.001425 0.999999 0.000000
vn -0.001425 0.999999 0.000000
vn 0.001316 -0.999997 -0.002295
vn 0.001316 -0.999997 -0.002295
vn 0.001316 -0.999997 -0.002295
vn 0.001316 -0.999997 -0.002295
vn -0.001399 0.999999 0.000415
vn -0.001399 0.999999 0.000415
vn -0.001399 0.999999 0.000415
vn -0.001399 0.999999 0.000415
vn 0.003381 -0.999994 -0.000001
vn 0.003381 -0.999994 -0.000001
vn 0.003381 -0.999994 -0.000001
vn 0.003381 -0.999994 -0.000001
vn -0.001912 0.999998 0.000000
vn -0.001912 0.999998 0.000000
vn -0.001912 0.999998 0.000000
vn -0.001912 0.999998 0.000000
vn -0.001389 0.999999 -0.000416
vn -0.001389 0.999999 -0.000416
vn -0.001389 0.999999 -0.000416
vn -0.001389 0.999999 -0.000416
vn 0.001316 -0.999997 0.002282
vn 0.001316 -0.999997 0.002282
vn 0.001316 -0.999997 0.002282
vn 0.001316 -0.999997 0.002282
vn -0.001425 0.999999 0.000000
vn -0.001425 0.999999 0.000000
vn -0.001425 0.999999 0.000000
vn -0.001425 0.999999 0.000000
vn 0.002463 -0.999997 0.000000
vn 0.002463 -0.999997 0.000000
vn 0.002463 -0.999997 0.000000
vn 0.002463 -0.999997 0.000000
vn -0.002394 0.999995 0.001913
vn -0.002394 0.999995 0.001913
vn -0.002394 0.999995 0.001913
vn -0.002394 0.999995 0.001913
vn 0.002261 -0.999997 -0.001121
vn 0.002261 -0.999997 -0.001121
vn 0.002261 -0.999997 -0.001121
vn 0.002261 -0.999997 -0.001121
vn 0.000000 1.000000 0.000000
vn 0.000000 1.000000 0.000000
vn 0.000000 1.000000 0.000000
vn 0.000000 1.000000 0.000000
vn 0.000000 -1.000000 0.000000
vn 0.000000 -1.000000 0.000000
vn 0.000000 -1.000000 0.000000
vn 0.000000 -1.000000 0.000000
vn 0.000000 1.000000 0.000000
vn 0.000000 1.000000 0.000000
vn 0.000000 1.000000 0.000000
vn 0.000000 1.000000 0.000000
vn 0.000000 -1.000000 -0.000002
vn 0.000000 -1.000000 -0.000002
vn 0.000000 -1.000000 -0.000002
vn 0.000000 -1.000000 -0.000002
vn 0.000000 1.000000 0.000000
vn 0.000000 1.000000 0.000000
vn 0.000000 1.000000 0.000000
vn 0.000000 1.000000 0.000000
vn 0.000000 -1.000000 0.000003
vn 0.000000 -1.000000 0.000003
vn 0.000000 -1.000000 0.000003
vn 0.000000 -1.000000 0.000003
vn 0.000000 -1.000000 0.000000
vn 0.000000 -1.000000 0.000000
vn 0.000000 -1.000000 0.000000
vn 0.000000 -1.000000 0.000000
vn 0.000000 1.000000 0.000000
vn 0.000000 1.000000 0.000000
vn 0.000000 1.000000 0.000000
vn 0.000000 1.000000 0.000000
vn -0.002261 -0.999997 -0.001131
vn -0.002261 -0.999997 -0.001131
vn -0.002261 -0.999997 -0.001131
vn -0.002261 -0.999997 -0.001131
vn 0.002394 0.999995 0.001913
vn 0.002394 0.999995 0.001913
vn 0.002394 0.999995 0.001913
vn 0.002394 0.999995 0.001913
vn -0.002463 -0.999997 0.000000
vn -0.002463 -0.999997 0.000000
vn -0.002463 -0.999997 0.000000
vn -0.002463 -0.999997 0.000000
vn 0.001425 0.999999 0.000000
vn 0.001425 0.999999 0.000000
vn 0.001425 0.999999 0.000000
vn 0.001425 0.999999 0.000000
vn -0.001316 -0.999997 0.002295
vn -0.001316 -0.999997 0.002295
vn -0.001316 -0.999997 0.002295
vn -0.001316 -0.999997 0.002295
vn 0.001389 0.999999 -0.000433
vn 0.001389 0.999999 -0.000433
vn 0.001389 0.999999 -0.000433
vn 0.001389 0.999999 -0.000433
vn -0.003381 -0.999994 0.000000
vn -0.003381 -0.999994 0.000000
vn -0.003381 -0.999994 0.000000
vn -0.003381 -0.999994 0.000000
vn 0.001914 0.999998 0.000000
vn 0.001914 0.999998 0.000000
vn 0.001914 0.999998 0.000000
vn 0.001914 0.999998 0.000000
vn 0.001389 0.999999 0.000433
vn 0.001389 0.999999 0.000433
vn 0.001389 0.999999 0.000433
vn 0.001389 0.999999 0.000433
vn -0.001316 -0.999997 -0.002282
vn -0.001316 -0.999997 -0.002282
vn -0.001316 -0.999997 -0.002282
vn -0.001316 -0.999997 -0.002282
vn 0.001425 0.999999 0.000000
vn 0.001425 0.999999 0.000000
vn 0.001425 0.999999 0.000000
vn 0.001425 0.999999 0.000000
vn -0.002463 -0.999997 0.000000
vn -0.002463 -0.999997 0.000000
vn -0.002463 -0.999997 0.000000
vn -0.002463 -0.999997 0.000000
vn 0.002394 0.999995 -0.001912
vn 0.002394 0.999995 -0.001912
vn 0.002394 0.999995 -0.001912
vn 0.002394 0.999995 -0.001912
vn -0.002261 -0.999997 0.001121
vn -0.002261 -0.999997 0.001121
vn -0.002261 -0.999997 0.001121
vn -0.002261 -0.999997 0.001121
vn 0.000000 1.000000 0.000000
vn 0.000000 1.000000 0.000000
vn 0.000000 1.000000 0.000000
vn 0.000000 1.000000 0.000000
vn 0.000000 -1.000000 0.000000
vn 0.000000 -1.000000 0.000000
vn 0.000000 -1.000000 0.000000
vn 0.000000 -1.000000 0.000000
vn 0.000000 0.000000 1.000000
vn 0.000000 0.000000 1.000000
vn 0.000000 0.000000 1.000000
vn 0.000000 0.000000 1.000000
vn 0.000000 0.000000 1.000000
vn 0.000000 0.000000 1.000000
vn 0.000000 0.000000 1.000000
vn 0.000000 0.000000 1.000000
vn -1.000000 0.000000 0.000000
vn -1.000000 0.000000 0.000000
vn -1.000000 0.000000 0.000000
vn -1.000000 0.000000 0.000000
vn -0.000012 0.000000 1.000000
vn -0.000012 0.000000 1.000000
vn -0.000012 0.000000 1.000000
vn -0.000012 0.000000 1.000000
vn -0.999978 -0.006578 0.000000
vn -0.999978 -0.006578 0.000000
vn -0.999978 -0.006578 0.000000
vn -0.999978 -0.006578 0.000000
vn 0.000000 0.000000 1.000000
vn 0.000000 0.000000 1.000000
vn 0.000000 0.000000 1.000000
vn 0.000000 0.000000 1.000000
vn -0.999952 -0.009800 0.000000
vn -0.999952 -0.009800 0.000000
vn -0.999952 -0.009800 0.000000
vn -0.999952 -0.009800 0.000000
vn 0.000015 0.000000 -1.000000
vn 0.000015 0.000000 -1.000000
vn 0.000015 0.000000 -1.000000
vn 0.000015 0.000000 -1.000000
vn -0.999979 -0.006564 0.000000
vn -0.999979 -0.006564 0.000000
vn -0.999979 -0.006564 0.000000
vn -0.999979 -0.006564 0.000000
vn -0.000012 0.000000 -1.000000
vn -0.000012 0.000000 -1.000000
vn -0.000012 0.000000 -1.000000
vn -0.000012 0.000000 -1.000000
vn -1.000000 0.000000 0.000000
vn -1.000000 0.000000 0.000000
vn -1.000000 0.000000 0.000000
vn -1.000000 0.000000 0.000000
vn -0.000002 -0.000028 -1.000000
vn -0.000002 -0.000028 -1.000000
vn -0.000002 -0.000028 -1.000000
vn -0.000002 -0.000028 -1.000000
vn 0.000002 -0.000028 -1.000000
vn 0.000002 -0.000028 -1.000000
vn 0.000002 -0.000028 -1.000000
vn 0.000002 -0.000028 -1.000000
vn 1.000000 0.000000 0.000000
vn 1.000000 0.000000 0.000000
vn 1.000000 0.000000 0.000000
vn 1.000000 0.000000 0.000000
vn 0.000012 0.000000 -1.000000
vn 0.000012 0.000000 -1.000000
vn 0.000012 0.000000 -1.000000
vn 0.000012 0.000000 -1.000000
vn 0.999978 -0.006586 0.000004
vn 0.999978 -0.006586 0.000004
vn 0.999978 -0.006586 0.000004
vn 0.999978 -0.006586 0.000004
vn -0.000015 0.000000 -1.000000
vn -0.000015 0.000000 -1.000000
vn -0.000015 0.000000 -1.000000
vn -0.000015 0.000000 -1.000000
vn 0.999952 -0.009795 -0.000001
vn 0.999952 -0.009795 -0.000001
vn 0.999952 -0.009795 -0.000001
vn 0.999952 -0.009795 -0.000001
vn 0.000000 0.000000 1.000000
vn 0.000000 0.000000 1.000000
vn 0.000000 0.000000 1.000000
vn 0.000000 0.000000 1.000000
vn 0.999978 -0.006593 0.000000
vn 0.999978 -0.006593 0.000000
vn 0.999978 -0.006593 0.000000
vn 0.999978 -0.006593 0.000000
vn 0.000012 0.000000 1.000000
vn 0.000012 0.000000 1.000000
vn 0.000012 0.000000 1.000000
vn 0.000012 0.000000 1.000000
vn 1.000000 0.000000 0.000000
vn 1.000000 0.000000 0.000000
vn 1.000000 0.000000 0.000000
vn 1.000000 0.000000 0.000000
vn 0.000000 -0.873188 0.487383
vn 0.000000 -0.873188 0.487383
vn 0.000000 -0.873188 0.487383
vn 0.000000 -0.873188 0.487383
vn 0.000000 -0.873189 0.487382
vn 0.000000 -0.873189 0.487382
vn 0.000000 -0.873189 0.487382
vn 0.000000 -0.873189 0.487382
vn -0.628656 -0.777683 0.000000
vn -0.628656 -0.777683 0.000000
vn -0.628656 -0.777684 0.000000
vn -0.628656 -0.777684 0.000000
vn 0.003417 -0.839235 0.543759
vn 0.003417 -0.839235 0.543759
vn 0.003417 -0.839235 0.543759
vn 0.003417 -0.839235 0.543759
vn -0.567653 -0.823268 0.000000
vn -0.567653 -0.823268 0.000000
vn -0.567653 -0.823268 0.000000
vn -0.567653 -0.823268 0.000000
vn 0.001882 -0.791830 0.610739
vn 0.001882 -0.791830 0.610739
vn 0.001882 -0.791830 0.610739
vn 0.001882 -0.791830 0.610739
vn -0.524156 -0.851622 -0.000001
vn -0.524156 -0.851622 -0.000001
vn -0.524156 -0.851623 -0.000001
vn -0.524156 -0.851622 -0.000001
vn 0.001852 -0.789195 -0.614140
vn 0.001852 -0.789195 -0.614140
vn 0.001852 -0.789195 -0.614140
vn 0.001852 -0.789195 -0.614140
vn -0.567647 -0.823272 0.000000
vn -0.567647 -0.823272 0.000000
vn -0.567647 -0.823272 0.000000
vn -0.567647 -0.823272 0.000000
vn 0.003406 -0.837350 -0.546657
vn 0.003406 -0.837350 -0.546657
vn 0.003406 -0.837350 -0.546657
vn 0.003406 -0.837350 -0.546657
vn -0.628666 -0.777675 0.000000
vn -0.628666 -0.777675 0.000000
vn -0.628666 -0.777675 0.000000
vn -0.628666 -0.777676 0.000000
vn 0.000000 -0.873174 -0.487408
vn 0.000000 -0.873174 -0.487408
vn 0.000000 -0.873174 -0.487408
vn 0.000000 -0.873174 -0.487408
vn 0.000000 -0.873169 -0.487417
vn 0.000000 -0.873169 -0.487417
vn 0.000000 -0.873169 -0.487417
vn 0.000000 -0.873169 -0.487417
vn 0.628666 -0.777676 0.000000
vn 0.628666 -0.777675 0.000000
vn 0.628666 -0.777675 0.000000
vn 0.628666 -0.777675 0.000000
vn -0.003406 -0.837350 -0.546657
vn -0.003406 -0.837350 -0.546657
vn -0.003406 -0.837350 -0.546657
vn -0.003406 -0.837350 -0.546657
vn 0.567654 -0.823267 0.000000
vn 0.567654 -0.823267 0.000000
vn 0.567654 -0.823267 0.000000
vn 0.567654 -0.823268 0.000000
vn -0.001852 -0.789186 -0.614152
vn -0.001852 -0.789186 -0.614152
vn -0.001852 -0.789186 -0.614152
vn -0.001852 -0.789186 -0.614152
vn 0.524148 -0.851627 0.000000
vn 0.524148 -0.851628 0.000000
vn 0.524148 -0.851628 0.000000
vn 0.524148 -0.851628 0.000000
vn -0.001868 -0.791835 0.610732
vn -0.001868 -0.791835 0.610732
vn -0.001868 -0.791835 0.610732
vn -0.001868 -0.791835 0.610732
vn 0.567646 -0.823273 0.000000
vn 0.567646 -0.823273 0.000000
vn 0.567646 -0.823273 0.000000
vn 0.567646 -0.823273 0.000000
vn -0.003417 -0.839234 0.543760
vn -0.003417 -0.839234 0.543760
vn -0.003417 -0.839234 0.543760
vn -0.003417 -0.839234 0.543760
vn 0.628654 -0.777685 0.000000
vn 0.628654 -0.777685 0.000000
vn 0.628654 -0.777685 0.000000
vn 0.628654 -0.777685 0.000000
vn -1.000000 0.000000 0.000000
vn -1.000000 0.000000 0.000000
vn -1.000000 0.000000 0.000000
vn -1.000000 0.000000 0.000000
vn -0.845495 -0.533984 0.000000
vn -0.845495 -0.533984 0.000000
vn -0.845495 -0.533984 0.000000
vn -0.845495 -0.533984 0.000000
vn -0.997800 -0.066301 0.000000
vn -0.997800 -0.066301 0.000000
vn -0.997800 -0.066301 0.000000
vn -0.997800 -0.066301 0.000000
vn -0.712804 -0.701363 0.000000
vn -0.712804 -0.701363 0.000000
vn -0.712804 -0.701363 0.000000
vn -0.712804 -0.701363 0.000000
vn -0.944307 -0.329065 0.000000
vn -0.944307 -0.329065 0.000000
vn -0.944307 -0.329065 0.000000
vn -0.944307 -0.329065 0.000000
vn -0.000005 0.000000 -1.000000
vn -0.000005 0.000000 -1.000000
vn -0.000005 0.000000 -1.000000
vn -0.000005 0.000000 -1.000000
vn 0.000006 0.000000 -1.000000
vn 0.000006 0.000000 -1.000000
vn 0.000006 0.000000 -1.000000
vn 0.000006 0.000000 -1.000000
vn -0.000010 0.000000 -1.000000
vn -0.000010 0.000000 -1.000000
vn -0.000010 0.000000 -1.000000
vn -0.000010 0.000000 -1.000000
vn -0.000005 0.000000 -1.000000
vn -0.000005 0.000000 -1.000000
vn -0.000005 0.000000 -1.000000
vn -0.000005 0.000000 -1.000000
vn 0.000014 0.000000 -1.000000
vn 0.000014 0.000000 -1.000000
vn 0.000014 0.000000 -1.000000
vn 0.000014 0.000000 -1.000000
vn -1.000000 0.000000 0.000000
vn -1.000000 0.000000 0.000000
vn -1.000000 0.000000 0.000000
vn -1.000000 0.000000 0.000000
vn -0.845387 -0.534155 0.000000
vn -0.845387 -0.534155 0.000000
vn -0.845387 -0.534155 0.000000
vn -0.845387 -0.534155 0.000000
vn -0.997980 -0.063532 0.000000
vn -0.997980 -0.063532 0.000000
vn -0.997980 -0.063532 0.000000
vn -0.997980 -0.063532 0.000000
vn -0.712726 -0.701443 0.000000
vn -0.712726 -0.701443 0.000000
vn -0.712726 -0.701443 0.000000
vn -0.712726 -0.701443 0.000000
vn -0.944019 -0.329891 0.000000
vn -0.944019 -0.329891 0.000000
vn -0.944019 -0.329891 0.000000
vn -0.944019 -0.329891 0.000000
vn 0.000002 0.000000 -1.000000
vn 0.000002 0.000000 -1.000000
vn 0.000002 0.000000 -1.000000
vn 0.000002 0.000000 -1.000000
vn -0.000002 0.000000 -1.000000
vn -0.000002 0.000000 -1.000000
vn -0.000002 0.000000 -1.000000
vn -0.000002 0.000000 -1.000000
vn 0.000000 0.000000 -1.000000
vn 0.000000 0.000000 -1.000000
vn 0.000000 0.000000 -1.000000
vn 0.000000 0.000000 -1.000000
vn -0.000004 0.000000 -1.000000
vn -0.000004 0.000000 -1.000000
vn -0.000004 0.000000 -1.000000
vn -0.000004 0.000000 -1.000000
vn -0.000003 0.000000 -1.000000
vn -0.000003 0.000000 -1.000000
vn -0.000003 0.000000 -1.000000
vn -0.000003 0.000000 -1.000000
vn -0.554761 -0.832010 0.000000
vn -0.554761 -0.832010 0.000000
vn -0.554761 -0.832010 0.000000
vn -0.554761 -0.832010 0.000000
vn 0.000007 0.000000 -1.000000
vn 0.000007 0.000000 -1.000000
vn 0.000007 0.000000 -1.000000
vn 0.000007 0.000000 -1.000000
vn -0.576322 -0.817223 0.000000
vn -0.576322 -0.817223 0.000000
vn -0.576322 -0.817223 0.000000
vn -0.576322 -0.817223 0.000000
vn 0.000000 0.000000 -1.000000
vn 0.000000 0.000000 -1.000000
vn 0.000000 0.000000 -1.000000
vn 0.000000 0.000000 -1.000000
vn -0.000003 0.000000 -1.000000
vn -0.000003 0.000000 -1.000000
vn -0.000003 0.000000 -1.000000
vn -0.000003 0.000000 -1.000000
vn 0.000000 0.000000 -1.000000
vn 0.000000 0.000000 -1.000000
vn 0.000000 0.000000 -1.000000
vn 0.000000 0.000000 -1.000000
vn -0.000007 0.000000 -1.000000
vn -0.000007 0.000000 -1.000000
vn -0.000007 0.000000 -1.000000
vn -0.000007 0.000000 -1.000000
vn -0.000006 0.000000 -1.000000
vn -0.000006 0.000000 -1.000000
vn -0.000006 0.000000 -1.000000
vn -0.000006 0.000000 -1.000000
vn 0.000000 0.000000 -1.000000
vn 0.000000 0.000000 -1.000000
vn 0.000000 0.000000 -1.000000
vn 0.000000 0.000000 -1.000000
vn 0.000005 0.000000 -1.000000
vn 0.000005 0.000000 -1.000000
vn 0.000005 0.000000 -1.000000
vn 0.000005 0.000000 -1.000000
vn -0.000003 0.000000 -1.000000
vn -0.000003 0.000000 -1.000000
vn -0.000003 0.000000 -1.000000
vn -0.000003 0.000000 -1.000000
vn 0.000001 0.000000 -1.000000
vn 0.000001 0.000000 -1.000000
vn 0.000001 0.000000 -1.000000
vn 0.000001 0.000000 -1.000000
vn 0.000008 0.000000 -1.000000
vn 0.000008 0.000000 -1.000000
vn 0.000008 0.000000 -1.000000
vn 0.000008 0.000000 -1.000000
vn 0.000005 0.000000 -1.000000
vn 0.000005 0.000000 -1.000000
vn 0.000005 0.000000 -1.000000
vn 0.000005 0.000000 -1.000000
vn 0.000002 0.000000 -1.000000
vn 0.000002 0.000000 -1.000000
vn 0.000002 0.000000 -1.000000
vn 0.000002 0.000000 -1.000000
vn 1.000000 0.000000 0.000000
vn 1.000000 0.000000 0.000000
vn 1.000000 0.000000 0.000000
vn 1.000000 0.000000 0.000000
vn 0.845495 -0.533983 0.000000
vn 0.845495 -0.533983 0.000000
vn 0.845495 -0.533983 0.000000
vn 0.845495 -0.533983 0.000000
vn 0.997800 -0.066303 0.000000
vn 0.997800 -0.066303 0.000000
vn 0.997800 -0.066303 0.000000
vn 0.997800 -0.066303 0.000000
vn 0.712804 -0.701363 0.000000
vn 0.712804 -0.701363 0.000000
vn 0.712804 -0.701363 0.000000
vn 0.712804 -0.701363 0.000000
vn 0.944307 -0.329065 0.000000
vn 0.944307 -0.329065 0.000000
vn 0.944307 -0.329065 0.000000
vn 0.944307 -0.329065 0.000000
vn 0.000010 0.000000 -1.000000
vn 0.000010 0.000000 -1.000000
vn 0.000010 0.000000 -1.000000
vn 0.000010 0.000000 -1.000000
vn 0.000000 0.000000 -1.000000
vn 0.000000 0.000000 -1.000000
vn 0.000000 0.000000 -1.000000
vn 0.000000 0.000000 -1.000000
vn 0.000016 0.000000 -1.000000
vn 0.000016 0.000000 -1.000000
vn 0.000016 0.000000 -1.000000
vn 0.000016 0.000000 -1.000000
vn 0.000000 0.000000 -1.000000
vn 0.000000 0.000000 -1.000000
vn 0.000000 0.000000 -1.000000
vn 0.000000 0.000000 -1.000000
vn -0.000017 0.000000 -1.000000
vn -0.000017 0.000000 -1.000000
vn -0.000017 0.000000 -1.000000
vn -0.000017 0.000000 -1.000000
vn 1.000000 0.000000 0.000000
vn 1.000000 0.000000 0.000000
vn 1.000000 0.000000 0.000000
vn 1.000000 0.000000 0.000000
vn 0.845387 -0.534154 0.000000
vn 0.845387 -0.534154 0.000000
vn 0.845387 -0.534154 0.000000
vn 0.845387 -0.534154 0.000000
vn 0.997980 -0.063532 0.000000
vn 0.997980 -0.063532 0.000000
vn 0.997980 -0.063532 0.000000
vn 0.997980 -0.063532 0.000000
vn 0.712725 -0.701443 0.000000
vn 0.712725 -0.701443 0.000000
vn 0.712725 -0.701443 0.000000
vn 0.712725 -0.701443 0.000000
vn 0.944020 -0.329889 0.000000
vn 0.944020 -0.329889 0.000000
vn 0.944020 -0.329889 0.000000
vn 0.944020 -0.329889 0.000000
vn 0.000000 0.000000 -1.000000
vn 0.000000 0.000000 -1.000000
vn 0.000000 0.000000 -1.000000
vn 0.000000 0.000000 -1.000000
vn 0.000000 0.000000 -1.000000
vn 0.000000 0.000000 -1.000000
vn 0.000000 0.000000 -1.000000
vn 0.000000 0.000000 -1.000000
vn 0.000000 0.000000 -1.000000
vn 0.000000 0.000000 -1.000000
vn 0.000000 0.000000 -1.000000
vn 0.000000 0.000000 -1.000000
vn 0.000000 0.000000 -1.000000
vn 0.000000 0.000000 -1.000000
vn 0.000000 0.000000 -1.000000
vn 0.000000 0.000000 -1.000000
vn 0.000000 0.000000 -1.000000
vn 0.000000 0.000000 -1.000000
vn 0.000000 0.000000 -1.000000
vn 0.000000 0.000000 -1.000000
vn 0.000000 0.000000 -1.000000
vn 0.000000 0.000000 -1.000000
vn 0.000000 0.000000 -1.000000
vn 0.000000 0.000000 -1.000000
vn 0.554761 -0.832009 0.000000
vn 0.554761 -0.832009 0.000000
vn 0.554761 -0.832009 0.000000
vn 0.554761 -0.832009 0.000000
vn -0.000007 0.000000 -1.000000
vn -0.000007 0.000000 -1.000000
vn -0.000007 0.000000 -1.000000
vn -0.000007 0.000000 -1.000000
vn 0.576322 -0.817223 0.000000
vn 0.576322 -0.817223 0.000000
vn 0.576322 -0.817223 0.000000
vn 0.576322 -0.817223 0.000000
vn 0.000007 0.000000 -1.000000
vn 0.000007 0.000000 -1.000000
vn 0.000007 0.000000 -1.000000
vn 0.000007 0.000000 -1.000000
vn 1.000000 0.000000 0.000000
vn 1.000000 0.000000 0.000000
vn 1.000000 0.000000 0.000000
vn 1.000000 0.000000 0.000000
vn 0.845494 -0.533986 0.000000
vn 0.845494 -0.533986 0.000000
vn 0.845494 -0.533986 0.000000
vn 0.845494 -0.533986 0.000000
vn 0.997800 -0.066302 0.000000
vn 0.997800 -0.066302 0.000000
vn 0.997800 -0.066302 0.000000
vn 0.997800 -0.066302 0.000000
vn 0.712808 -0.701360 0.000000
vn 0.712808 -0.701360 0.000000
vn 0.712808 -0.701360 0.000000
vn 0.712808 -0.701360 0.000000
vn 0.944309 -0.329060 0.000000
vn 0.944309 -0.329060 0.000000
vn 0.944309 -0.329060 0.000000
vn 0.944309 -0.329060 0.000000
vn -0.000018 0.000000 1.000000
vn -0.000018 0.000000 1.000000
vn -0.000018 0.000000 1.000000
vn -0.000018 0.000000 1.000000
vn -0.000006 0.000000 1.000000
vn -0.000006 0.000000 1.000000
vn -0.000006 0.000000 1.000000
vn -0.000006 0.000000 1.000000
vn 0.000008 0.000000 1.000000
vn 0.000008 0.000000 1.000000
vn 0.000008 0.000000 1.000000
vn 0.000008 0.000000 1.000000
vn -0.000002 0.000000 1.000000
vn -0.000002 0.000000 1.000000
vn -0.000002 0.000000 1.000000
vn -0.000002 0.000000 1.000000
vn 0.000013 0.000000 1.000000
vn 0.000013 0.000000 1.000000
vn 0.000013 0.000000 1.000000
vn 0.000013 0.000000 1.000000
vn 1.000000 0.000000 0.000000
vn 1.000000 0.000000 0.000000
vn 1.000000 0.000000 0.000000
vn 1.000000 0.000000 0.000000
vn 0.845386 -0.534156 0.000000
vn 0.845386 -0.534156 0.000000
vn 0.845386 -0.534156 0.000000
vn 0.845386 -0.534156 0.000000
vn 0.997980 -0.063532 0.000000
vn 0.997980 -0.063532 0.000000
vn 0.997980 -0.063532 0.000000
vn 0.997980 -0.063532 0.000000
vn 0.712721 -0.701448 0.000000
vn 0.712721 -0.701448 0.000000
vn 0.712721 -0.701448 0.000000
vn 0.712721 -0.701448 0.000000
vn 0.944017 -0.329897 0.000000
vn 0.944017 -0.329897 0.000000
vn 0.944017 -0.329897 0.000000
vn 0.944017 -0.329897 0.000000
vn -0.000015 0.000000 1.000000
vn -0.000015 0.000000 1.000000
vn -0.000015 0.000000 1.000000
vn -0.000015 0.000000 1.000000
vn -0.000003 0.000000 1.000000
vn -0.000003 0.000000 1.000000
vn -0.000003 0.000000 1.000000
vn -0.000003 0.000000 1.000000
vn 0.000009 0.000000 1.000000
vn 0.000009 0.000000 1.000000
vn 0.000009 0.000000 1.000000
vn 0.000009 0.000000 1.000000
vn 0.000006 0.000000 1.000000
vn 0.000006 0.000000 1.000000
vn 0.000006 0.000000 1.000000
vn 0.000006 0.000000 1.000000
vn 0.000019 -0.000005 1.000000
vn 0.000019 -0.000005 1.000000
vn 0.000019 -0.000005 1.000000
vn 0.000019 -0.000005 1.000000
vn 0.554763 -0.832008 0.000000
vn 0.554763 -0.832008 0.000000
vn 0.554763 -0.832008 0.000000
vn 0.554763 -0.832008 0.000000
vn -0.000007 0.000000 1.000000
vn -0.000007 0.000000 1.000000
vn -0.000007 0.000000 1.000000
vn -0.000007 0.000000 1.000000
vn 0.576323 -0.817222 0.000000
vn 0.576323 -0.817222 0.000000
vn 0.576323 -0.817222 0.000000
vn 0.576323 -0.817222 0.000000
vn 0.000009 -0.000014 1.000000
vn 0.000009 -0.000014 1.000000
vn 0.000009 -0.000014 1.000000
vn 0.000009 -0.000014 1.000000
vn 0.000000 0.000000 1.000000
vn 0.000000 0.000000 1.000000
vn 0.000000 0.000000 1.000000
vn 0.000000 0.000000 1.000000
vn 0.000000 0.000000 1.000000
vn 0.000000 0.000000 1.000000
vn 0.000000 0.000000 1.000000
vn 0.000000 0.000000 1.000000
vn 0.000000 0.000000 1.000000
vn 0.000000 0.000000 1.000000
vn 0.000000 0.000000 1.000000
vn 0.000000 0.000000 1.000000
vn 0.000000 0.000000 1.000000
vn 0.000000 0.000000 1.000000
vn 0.000000 0.000000 1.000000
vn 0.000000 0.000000 1.000000
vn 0.000000 0.000000 1.000000
vn 0.000000 0.000000 1.000000
vn 0.000000 0.000000 1.000000
vn 0.000000 0.000000 1.000000
vn 0.000009 0.000000 1.000000
vn 0.000009 0.000000 1.000000
vn 0.000009 0.000000 1.000000
vn 0.000009 0.000000 1.000000
vn -0.000005 0.000000 1.000000
vn -0.000005 0.000000 1.000000
vn -0.000005 0.000000 1.000000
vn -0.000005 0.000000 1.000000
vn 0.000001 0.000000 1.000000
vn 0.000001 0.000000 1.000000
vn 0.000001 0.000000 1.000000
vn 0.000001 0.000000 1.000000
vn 0.000001 0.000000 1.000000
vn 0.000001 0.000000 1.000000
vn 0.000001 0.000000 1.000000
vn 0.000001 0.000000 1.000000
vn 0.000002 0.000000 1.000000
vn 0.000002 0.000000 1.000000
vn 0.000002 0.000000 1.000000
vn 0.000002 0.000000 1.000000
vn 0.000001 0.000000 1.000000
vn 0.000001 0.000000 1.000000
vn 0.000001 0.000000 1.000000
vn 0.000001 0.000000 1.000000
vn -1.000000 0.000000 0.000000
vn -1.000000 0.000000 0.000000
vn -1.000000 0.000000 0.000000
vn -1.000000 0.000000 0.000000
vn -0.845494 -0.533985 0.000000
vn -0.845494 -0.533985 0.000000
vn -0.845494 -0.533985 0.000000
vn -0.845494 -0.533985 0.000000
vn -0.997800 -0.066301 0.000000
vn -0.997800 -0.066301 0.000000
vn -0.997800 -0.066301 0.000000
vn -0.997800 -0.066301 0.000000
vn -0.712808 -0.701360 0.000000
vn -0.712808 -0.701360 0.000000
vn -0.712808 -0.701360 0.000000
vn -0.712808 -0.701360 0.000000
vn -0.944308 -0.329062 0.000000
vn -0.944308 -0.329062 0.000000
vn -0.944308 -0.329062 0.000000
vn -0.944308 -0.329062 0.000000
vn 0.000020 0.000000 1.000000
vn 0.000020 0.000000 1.000000
vn 0.000020 0.000000 1.000000
vn 0.000020 0.000000 1.000000
vn 0.000013 0.000000 1.000000
vn 0.000013 0.000000 1.000000
vn 0.000013 0.000000 1.000000
vn 0.000013 0.000000 1.000000
vn 0.000000 0.000000 1.000000
vn 0.000000 0.000000 1.000000
vn 0.000000 0.000000 1.000000
vn 0.000000 0.000000 1.000000
vn 0.000014 0.000000 1.000000
vn 0.000014 0.000000 1.000000
vn 0.000014 0.000000 1.000000
vn 0.000014 0.000000 1.000000
vn -0.000017 0.000000 1.000000
vn -0.000017 0.000000 1.000000
vn -0.000017 0.000000 1.000000
vn -0.000017 0.000000 1.000000
vn -1.000000 0.000000 0.000000
vn -1.000000 0.000000 0.000000
vn -1.000000 0.000000 0.000000
vn -1.000000 0.000000 0.000000
vn -0.845386 -0.534156 0.000000
vn -0.845386 -0.534156 0.000000
vn -0.845386 -0.534156 0.000000
vn -0.845386 -0.534156 0.000000
vn -0.997980 -0.063534 0.000000
vn -0.997980 -0.063534 0.000000
vn -0.997980 -0.063534 0.000000
vn -0.997980 -0.063534 0.000000
vn -0.712721 -0.701448 0.000000
vn -0.712721 -0.701448 0.000000
vn -0.712721 -0.701448 0.000000
vn -0.712721 -0.701448 0.000000
vn -0.944017 -0.329897 0.000000
vn -0.944017 -0.329897 0.000000
vn -0.944017 -0.329897 0.000000
vn -0.944017 -0.329897 0.000000
vn 0.000024 0.000000 1.000000
vn 0.000024 0.000000 1.000000
vn 0.000024 0.000000 1.000000
vn 0.000024 0.000000 1.000000
vn 0.000000 0.000000 1.000000
vn 0.000000 0.000000 1.000000
vn 0.000000 0.000000 1.000000
vn 0.000000 0.000000 1.000000
vn 0.000000 0.000000 1.000000
vn 0.000000 0.000000 1.000000
vn 0.000000 0.000000 1.000000
vn 0.000000 0.000000 1.000000
vn 0.000000 0.000000 1.000000
vn 0.000000 0.000000 1.000000
vn 0.000000 0.000000 1.000000
vn 0.000000 0.000000 1.000000
vn -0.000021 -0.000005 1.000000
vn -0.000021 -0.000005 1.000000
vn -0.000021 -0.000005 1.000000
vn -0.000021 -0.000005 1.000000
vn 0.000000 0.000000 1.000000
vn 0.000000 0.000000 1.000000
vn 0.000000 0.000000 1.000000
vn 0.000000 0.000000 1.000000
vn -0.554763 -0.832008 0.000000
vn -0.554763 -0.832008 0.000000
vn -0.554763 -0.832008 0.000000
vn -0.554763 -0.832008 0.000000
vn 0.000004 0.000000 1.000000
vn 0.000004 0.000000 1.000000
vn 0.000004 0.000000 1.000000
vn 0.000004 0.000000 1.000000
vn -0.576323 -0.817222 0.000000
vn -0.576323 -0.817222 0.000000
vn -0.576323 -0.817222 0.000000
vn -0.576323 -0.817222 0.000000
vn -0.000007 -0.000014 1.000000
vn -0.000007 -0.000014 1.000000
vn -0.000007 -0.000014 1.000000
vn -0.000007 -0.000014 1.000000
vn 1.000000 0.000000 0.000000
vn 1.000000 0.000000 0.000000
vn 1.000000 0.000000 0.000000
vn 1.000000 0.000000 0.000000
vn 0.998132 -0.061094 0.000000
vn 0.998132 -0.061094 0.000000
vn 0.998132 -0.061094 0.000000
vn 0.998132 -0.061094 0.000000
vn 0.943741 -0.330686 0.000001
vn 0.943741 -0.330686 0.000001
vn 0.943741 -0.330685 0.000001
vn 0.943741 -0.330685 0.000001
vn 0.845298 -0.534295 0.000001
vn 0.845298 -0.534295 0.000001
vn 0.845298 -0.534295 0.000001
vn 0.845298 -0.534295 0.000001
vn 0.712438 -0.701735 0.000001
vn 0.712438 -0.701735 0.000001
vn 0.712439 -0.701734 0.000001
vn 0.712439 -0.701734 0.000001
vn 0.586834 -0.809707 0.000000
vn 0.586834 -0.809707 0.000000
vn 0.586835 -0.809706 0.000000
vn 0.586835 -0.809706 0.000000
vn -0.586835 -0.809706 0.000000
vn -0.586835 -0.809706 0.000000
vn -0.586835 -0.809706 0.000000
vn -0.586836 -0.809706 0.000000
vn -0.712439 -0.701734 0.000000
vn -0.712439 -0.701734 0.000000
vn -0.712439 -0.701734 0.000000
vn -0.712439 -0.701734 0.000000
vn -0.845298 -0.534296 0.000000
vn -0.845298 -0.534296 0.000000
vn -0.845298 -0.534296 0.000000
vn -0.845298 -0.534296 0.000000
vn -0.943742 -0.330684 0.000000
vn -0.943742 -0.330684 0.000000
vn -0.943742 -0.330684 0.000000
vn -0.943742 -0.330684 0.000000
vn -0.998132 -0.061092 0.000000
vn -0.998132 -0.061092 0.000000
vn -0.998132 -0.061092 0.000000
vn -0.998132 -0.061092 0.000000
vn -1.000000 0.000000 0.000000
vn -1.000000 0.000000 0.000000
vn -1.000000 0.000000 0.000000
vn -1.000000 0.000000 0.000000
vn 0.000000 0.000000 1.000000
vn 0.000000 0.000000 1.000000
vn 0.000000 0.000000 1.000000
vn 0.000000 0.000000 1.000000
vn 0.000000 0.000000 1.000000
vn 0.000000 0.000000 1.000000
vn 0.000000 0.000000 1.000000
vn 0.000000 0.000000 1.000000
vn 0.000000 0.000000 1.000000
vn 0.000000 0.000000 1.000000
vn 0.000000 0.000000 1.000000
vn 0.000000 0.000000 1.000000
vn 0.000000 0.000000 1.000000
vn 0.000000 0.000000 1.000000
vn 0.000000 0.000000 1.000000
vn 0.000000 0.000000 1.000000
vn 0.000000 0.000000 1.000000
vn 0.000000 0.000000 1.000000
vn 0.000000 0.000000 1.000000
vn 0.000000 0.000000 1.000000
vn 0.000000 0.000000 1.000000
vn 0.000000 0.000000 1.000000
vn 0.000000 0.000000 1.000000
vn 0.000000 0.000000 1.000000
vn 0.000000 0.000000 -1.000000
vn 0.000000 0.000000 -1.000000
vn 0.000000 0.000000 -1.000000
vn 0.000000 0.000000 -1.000000
vn 0.000000 0.000000 -1.000000
vn 0.000000 0.000000 -1.000000
vn 0.000000 0.000000 -1.000000
vn 0.000000 0.000000 -1.000000
vn 0.000000 0.000000 -1.000000
vn 0.000000 0.000000 -1.000000
vn 0.000000 0.000000 -1.000000
vn 0.000000 0.000000 -1.000000
vn 0.000000 0.000000 -1.000000
vn 0.000000 0.000000 -1.000000
vn 0.000000 0.000000 -1.000000
vn 0.000000 0.000000 -1.000000
vn 0.000000 0.000000 -1.000000
vn 0.000000 0.000000 -1.000000
vn 0.000000 0.000000 -1.000000
vn 0.000000 0.000000 -1.000000
vn 0.000000 0.000000 -1.000000
vn 0.000000 0.000000 -1.000000
vn 0.000000 0.000000 -1.000000
vn 0.000000 0.000000 -1.000000
vn 0.000000 0.000000 1.000000
vn 0.000000 0.000000 1.000000
vn 0.000000 0.000000 1.000000
vn 0.000000 0.000000 1.000000
vn 0.000000 0.000000 -1.000000
vn 0.000000 0.000000 -1.000000
vn 0.000000 0.000000 -1.000000
vn 0.000000 0.000000 -1.000000
vn 0.000000 1.000000 0.000000
vn 0.000000 1.000000 0.000000
vn 0.000000 1.000000 0.000000
vn 0.000000 1.000000 0.000000
vn 0.000000 1.000000 0.000000
vn 0.000000 1.000000 0.000000
vn 0.000000 1.000000 0.000000
vn 0.000000 1.000000 0.000000
vn 0.000000 0.000000 1.000000
vn 0.000000 0.000000 1.000000
vn 0.000000 0.000000 1.000000
vn 0.000000 0.000000 1.000000
vn 0.000000 0.000000 1.000000
vn 0.000000 0.000000 1.000000
vn 0.000000 0.000000 1.000000
vn 0.000000 0.000000 1.000000
vn -1.000000 0.000000 0.000000
vn -1.000000 0.000000 0.000000
vn -1.000000 0.000000 0.000000
vn -1.000000 0.000000 0.000000
vn 0.000000 0.000000 1.000000
vn 0.000000 0.000000 1.000000
vn 0.000000 0.000000 1.000000
vn 0.000000 0.000000 1.000000
vn -0.999980 -0.006359 0.000000
vn -0.999980 -0.006359 0.000000
vn -0.999980 -0.006359 0.000000
vn -0.999980 -0.006359 0.000000
vn 0.000000 0.000000 1.000000
vn 0.000000 0.000000 1.000000
vn 0.000000 0.000000 1.000000
vn 0.000000 0.000000 1.000000
vn -0.999955 -0.009461 0.000001
vn -0.999955 -0.009461 0.000001
vn -0.999955 -0.009461 0.000001
vn -0.999955 -0.009461 0.000001
vn 0.000000 0.000000 -1.000000
vn 0.000000 0.000000 -1.000000
vn 0.000000 0.000000 -1.000000
vn 0.000000 0.000000 -1.000000
vn -0.999980 -0.006359 0.000000
vn -0.999980 -0.006359 0.000000
vn -0.999980 -0.006359 0.000000
vn -0.999980 -0.006359 0.000000
vn 0.000000 0.000000 -1.000000
vn 0.000000 0.000000 -1.000000
vn 0.000000 0.000000 -1.000000
vn 0.000000 0.000000 -1.000000
vn -1.000000 0.000000 0.000000
vn -1.000000 0.000000 0.000000
vn -1.000000 0.000000 0.000000
vn -1.000000 0.000000 0.000000
vn 0.000000 0.000000 -1.000000
vn 0.000000 0.000000 -1.000000
vn 0.000000 0.000000 -1.000000
vn 0.000000 0.000000 -1.000000
vn 0.000000 0.000000 -1.000000
vn 0.000000 0.000000 -1.000000
vn 0.000000 0.000000 -1.000000
vn 0.000000 0.000000 -1.000000
vn 1.000000 0.000000 0.000000
vn 1.000000 0.000000 0.000000
vn 1.000000 0.000000 0.000000
vn 1.000000 0.000000 0.000000
vn 0.000000 0.000000 -1.000000
vn 0.000000 0.000000 -1.000000
vn 0.000000 0.000000 -1.000000
vn 0.000000 0.000000 -1.000000
vn 0.999980 -0.006359 0.000000
vn 0.999980 -0.006359 0.000000
vn 0.999980 -0.006359 0.000000
vn 0.999980 -0.006359 0.000000
vn 0.000000 0.000000 -1.000000
vn 0.000000 0.000000 -1.000000
vn 0.000000 0.000000 -1.000000
vn 0.000000 0.000000 -1.000000
vn 0.999955 -0.009464 -0.000001
vn 0.999955 -0.009464 -0.000001
vn 0.999955 -0.009464 -0.000001
vn 0.999955 -0.009464 -0.000001
vn 0.000000 0.000000 1.000000
vn 0.000000 0.000000 1.000000
vn 0.000000 0.000000 1.000000
vn 0.000000 0.000000 1.000000
vn 0.999980 -0.006359 0.000000
vn 0.999980 -0.006359 0.000000
vn 0.999980 -0.006359 0.000000
vn 0.999980 -0.006359 0.000000
vn 0.000000 0.000000 1.000000
vn 0.000000 0.000000 1.000000
vn 0.000000 0.000000 1.000000
vn 0.000000 0.000000 1.000000
vn 1.000000 0.000000 0.000000
vn 1.000000 0.000000 0.000000
vn 1.000000 0.000000 0.000000
vn 1.000000 0.000000 0.000000
vn 0.000000 1.000000 0.000000
vn 0.000000 1.000000 0.000000
vn 0.000000 1.000000 0.000000
vn 0.000000 1.000000 0.000000
vn 0.000000 -1.000000 0.000000
vn 0.000000 -1.000000 0.000000
vn 0.000000 -1.000000 0.000000
vn 0.000000 -1.000000 0.000000
vn 0.000000 1.000000 0.000000
vn 0.000000 1.000000 0.000000
vn 0.000000 1.000000 0.000000
vn 0.000000 1.000000 0.000000
vn 0.000000 -1.000000 -0.000003
vn 0.000000 -1.000000 -0.000003
vn 0.000000 -1.000000 -0.000003
vn 0.000000 -1.000000 -0.000003
vn 0.000000 -1.000000 0.000000
vn 0.000000 -1.000000 0.000000
vn 0.000000 -1.000000 0.000000
vn 0.000000 -1.000000 0.000000
vn 0.000000 1.000000 0.000000
vn 0.000000 1.000000 0.000000
vn 0.000000 1.000000 0.000000
vn 0.000000 1.000000 0.000000
vn 0.002265 -0.999997 0.001131
vn 0.002265 -0.999997 0.001131
vn 0.002265 -0.999997 0.001131
vn 0.002265 -0.999997 0.001131
vn -0.002414 0.999995 -0.001924
vn -0.002414 0.999995 -0.001924
vn -0.002414 0.999995 -0.001924
vn -0.002414 0.999995 -0.001924
vn 0.002467 -0.999997 0.000000
vn 0.002467 -0.999997 0.000000
vn 0.002467 -0.999997 0.000000
vn 0.002467 -0.999997 0.000000
vn -0.001436 0.999999 0.000000
vn -0.001436 0.999999 0.000000
vn -0.001436 0.999999 0.000000
vn -0.001436 0.999999 0.000000
vn 0.001320 -0.999997 -0.002295
vn 0.001320 -0.999997 -0.002295
vn 0.001320 -0.999997 -0.002295
vn 0.001320 -0.999997 -0.002295
vn -0.001380 0.999999 0.000467
vn -0.001380 0.999999 0.000467
vn -0.001380 0.999999 0.000467
vn -0.001380 0.999999 0.000467
vn 0.003389 -0.999994 0.000000
vn 0.003389 -0.999994 0.000000
vn 0.003389 -0.999994 0.000000
vn 0.003389 -0.999994 0.000000
vn -0.001920 0.999998 0.000001
vn -0.001920 0.999998 0.000001
vn -0.001920 0.999998 0.000001
vn -0.001920 0.999998 0.000001
vn -0.001375 0.999999 -0.000468
vn -0.001375 0.999999 -0.000468
vn -0.001375 0.999999 -0.000468
vn -0.001375 0.999999 -0.000468
vn 0.001320 -0.999997 0.002282
vn 0.001320 -0.999997 0.002282
vn 0.001320 -0.999997 0.002282
vn 0.001320 -0.999997 0.002282
vn -0.001436 0.999999 0.000000
vn -0.001436 0.999999 0.000000
vn -0.001436 0.999999 0.000000
vn -0.001436 0.999999 0.000000
vn 0.002467 -0.999997 0.000000
vn 0.002467 -0.999997 0.000000
vn 0.002467 -0.999997 0.000000
vn 0.002467 -0.999997 0.000000
vn -0.002414 0.999995 0.001926
vn -0.002414 0.999995 0.001926
vn -0.002414 0.999995 0.001926
vn -0.002414 0.999995 0.001926
vn 0.002265 -0.999997 -0.001131
vn 0.002265 -0.999997 -0.001131
vn 0.002265 -0.999997 -0.001131
vn 0.002265 -0.999997 -0.001131
vn 0.000000 1.000000 0.000000
vn 0.000000 1.000000 0.000000
vn 0.000000 1.000000 0.000000
vn 0.000000 1.000000 0.000000
vn 0.000000 -1.000000 0.000000
vn 0.000000 -1.000000 0.000000
vn 0.000000 -1.000000 0.000000
vn 0.000000 -1.000000 0.000000
vn 0.000000 1.000000 0.000000
vn 0.000000 1.000000 0.000000
vn 0.000000 1.000000 0.000000
vn 0.000000 1.000000 0.000000
vn 0.000000 -1.000000 0.000003
vn 0.000000 -1.000000 0.000003
vn 0.000000 -1.000000 0.000003
vn 0.000000 -1.000000 0.000003
vn 0.000000 1.000000 0.000000
vn 0.000000 1.000000 0.000000
vn 0.000000 1.000000 0.000000
vn 0.000000 1.000000 0.000000
vn 0.000000 -1.000000 0.000000
vn 0.000000 -1.000000 0.000000
vn 0.000000 -1.000000 0.000000
vn 0.000000 -1.000000 0.000000
vn 0.000000 -1.000000 0.000000
vn 0.000000 -1.000000 0.000000
vn 0.000000 -1.000000 0.000000
vn 0.000000 -1.000000 0.000000
vn 0.000000 1.000000 0.000000
vn 0.000000 1.000000 0.000000
vn 0.000000 1.000000 0.000000
vn 0.000000 1.000000 0.000000
vn -0.002265 -0.999997 -0.001121
vn -0.002265 -0.999997 -0.001121
vn -0.002265 -0.999997 -0.001121
vn -0.002265 -0.999997 -0.001121
vn 0.002414 0.999995 0.001926
vn 0.002414 0.999995 0.001926
vn 0.002414 0.999995 0.001926
vn 0.002414 0.999995 0.001926
vn -0.002467 -0.999997 0.000000
vn -0.002467 -0.999997 0.000000
vn -0.002467 -0.999997 0.000000
vn -0.002467 -0.999997 0.000000
vn 0.001436 0.999999 0.000000
vn 0.001436 0.999999 0.000000
vn 0.001436 0.999999 0.000000
vn 0.001436 0.999999 0.000000
vn -0.001320 -0.999997 0.002282
vn -0.001320 -0.999997 0.002282
vn -0.001320 -0.999997 0.002282
vn -0.001320 -0.999997 0.002282
vn 0.001375 0.999999 -0.000485
vn 0.001375 0.999999 -0.000485
vn 0.001375 0.999999 -0.000485
vn 0.001375 0.999999 -0.000485
vn -0.003389 -0.999994 0.000000
vn -0.003389 -0.999994 0.000000
vn -0.003389 -0.999994 0.000000
vn -0.003389 -0.999994 0.000000
vn 0.001919 0.999998 0.000000
vn 0.001919 0.999998 0.000000
vn 0.001919 0.999998 0.000000
vn 0.001919 0.999998 0.000000
vn 0.001375 0.999999 0.000467
vn 0.001375 0.999999 0.000467
vn 0.001375 0.999999 0.000467
vn 0.001375 0.999999 0.000467
vn -0.001320 -0.999997 -0.002269
vn -0.001320 -0.999997 -0.002269
vn -0.001320 -0.999997 -0.002269
vn -0.001320 -0.999997 -0.002269
vn 0.001436 0.999999 0.000000
vn 0.001436 0.999999 0.000000
vn 0.001436 0.999999 0.000000
vn 0.001436 0.999999 0.000000
vn -0.002467 -0.999997 0.000000
vn -0.002467 -0.999997 0.000000
vn -0.002467 -0.999997 0.000000
vn -0.002467 -0.999997 0.000000
vn 0.002414 0.999995 -0.001936
vn 0.002414 0.999995 -0.001936
vn 0.002414 0.999995 -0.001936
vn 0.002414 0.999995 -0.001936
vn -0.002265 -0.999997 0.001121
vn -0.002265 -0.999997 0.001121
vn -0.002265 -0.999997 0.001121
vn -0.002265 -0.999997 0.001121
vn 0.000000 1.000000 0.000000
vn 0.000000 1.000000 0.000000
vn 0.000000 1.000000 0.000000
vn 0.000000 1.000000 0.000000
vn 0.000000 -1.000000 0.000000
vn 0.000000 -1.000000 0.000000
vn 0.000000 -1.000000 0.000000
vn 0.000000 -1.000000 0.000000
vn 0.000000 0.000000 1.000000
vn 0.000000 0.000000 1.000000
vn 0.000000 0.000000 1.000000
vn 0.000000 0.000000 1.000000
vn 0.000000 0.000000 1.000000
vn 0.000000 0.000000 1.000000
vn 0.000000 0.000000 1.000000
vn 0.000000 0.000000 1.000000
vn -1.000000 0.000000 0.000000
vn -1.000000 0.000000 0.000000
vn -1.000000 0.000000 0.000000
vn -1.000000 0.000000 0.000000
vn 0.000000 0.000000 1.000000
vn 0.000000 0.000000 1.000000
vn 0.000000 0.000000 1.000000
vn 0.000000 0.000000 1.000000
vn -0.999978 -0.006578 0.000000
vn -0.999978 -0.006578 0.000000
vn -0.999978 -0.006578 0.000000
vn -0.999978 -0.006578 0.000000
vn 0.000000 0.000000 1.000000
vn 0.000000 0.000000 1.000000
vn 0.000000 0.000000 1.000000
vn 0.000000 0.000000 1.000000
vn -0.999952 -0.009800 0.000000
vn -0.999952 -0.009800 0.000000
vn -0.999952 -0.009800 0.000000
vn -0.999952 -0.009800 0.000000
vn 0.000000 0.000000 -1.000000
vn 0.000000 0.000000 -1.000000
vn 0.000000 0.000000 -1.000000
vn 0.000000 0.000000 -1.000000
vn -0.999979 -0.006564 0.000000
vn -0.999979 -0.006564 0.000000
vn -0.999979 -0.006564 0.000000
vn -0.999979 -0.006564 0.000000
vn 0.000000 0.000000 -1.000000
vn 0.000000 0.000000 -1.000000
vn 0.000000 0.000000 -1.000000
vn 0.000000 0.000000 -1.000000
vn -1.000000 0.000000 0.000000
vn -1.000000 0.000000 0.000000
vn -1.000000 0.000000 0.000000
vn -1.000000 0.000000 0.000000
vn -0.000002 -0.000028 -1.000000
vn -0.000002 -0.000028 -1.000000
vn -0.000002 -0.000028 -1.000000
vn -0.000002 -0.000028 -1.000000
vn 0.000002 -0.000028 -1.000000
vn 0.000002 -0.000028 -1.000000
vn 0.000002 -0.000028 -1.000000
vn 0.000002 -0.000028 -1.000000
vn 1.000000 0.000000 0.000000
vn 1.000000 0.000000 0.000000
vn 1.000000 0.000000 0.000000
vn 1.000000 0.000000 0.000000
vn 0.000000 0.000000 -1.000000
vn 0.000000 0.000000 -1.000000
vn 0.000000 0.000000 -1.000000
vn 0.000000 0.000000 -1.000000
vn 0.999978 -0.006586 0.000004
vn 0.999978 -0.006586 0.000004
vn 0.999978 -0.006586 0.000004
vn 0.999978 -0.006586 0.000004
vn 0.000000 0.000000 -1.000000
vn 0.000000 0.000000 -1.000000
vn 0.000000 0.000000 -1.000000
vn 0.000000 0.000000 -1.000000
vn 0.999952 -0.009794 -0.000001
vn 0.999952 -0.009794 -0.000001
vn 0.999952 -0.009794 -0.000001
vn 0.999952 -0.009794 -0.000001
vn -0.000015 0.000000 1.000000
vn -0.000015 0.000000 1.000000
vn -0.000015 0.000000 1.000000
vn -0.000015 0.000000 1.000000
vn 0.999978 -0.006593 0.000000
vn 0.999978 -0.006593 0.000000
vn 0.999978 -0.006593 0.000000
vn 0.999978 -0.006593 0.000000
vn 0.000000 0.000000 1.000000
vn 0.000000 0.000000 1.000000
vn 0.000000 0.000000 1.000000
vn 0.000000 0.000000 1.000000
vn 1.000000 0.000000 0.000000
vn 1.000000 0.000000 0.000000
vn 1.000000 0.000000 0.000000
vn 1.000000 0.000000 0.000000
vn 0.000000 -0.873178 0.487401
vn 0.000000 -0.873178 0.487401
vn 0.000000 -0.873178 0.487401
vn 0.000000 -0.873178 0.487401
vn 0.000000 -0.873178 0.487401
vn 0.000000 -0.873178 0.487401
vn 0.000000 -0.873178 0.487401
vn 0.000000 -0.873179 0.487401
vn -0.628682 -0.777663 0.000000
vn -0.628682 -0.777662 0.000000
vn -0.628682 -0.777662 0.000000
vn -0.628682 -0.777663 0.000000
vn 0.003417 -0.839235 0.543759
vn 0.003417 -0.839235 0.543759
vn 0.003417 -0.839235 0.543759
vn 0.003417 -0.839235 0.543759
vn -0.567637 -0.823279 0.000000
vn -0.567637 -0.823279 0.000000
vn -0.567637 -0.823279 0.000000
vn -0.567637 -0.823279 0.000000
vn 0.001895 -0.791817 0.610756
vn 0.001895 -0.791817 0.610756
vn 0.001895 -0.791817 0.610756
vn 0.001895 -0.791817 0.610756
vn -0.524132 -0.851637 -0.000001
vn -0.524132 -0.851637 -0.000001
vn -0.524132 -0.851637 -0.000001
vn -0.524132 -0.851637 -0.000001
vn 0.001865 -0.789195 -0.614140
vn 0.001865 -0.789195 -0.614140
vn 0.001865 -0.789195 -0.614140
vn 0.001865 -0.789195 -0.614140
vn -0.567630 -0.823284 0.000000
vn -0.567630 -0.823284 0.000000
vn -0.567630 -0.823284 0.000000
vn -0.567630 -0.823284 0.000000
vn 0.003406 -0.837352 -0.546653
vn 0.003406 -0.837352 -0.546653
vn 0.003406 -0.837352 -0.546653
vn 0.003406 -0.837352 -0.546653
vn -0.628682 -0.777662 0.000000
vn -0.628682 -0.777662 0.000000
vn -0.628682 -0.777662 0.000000
vn -0.628682 -0.777662 0.000000
vn 0.000000 -0.873164 -0.487427
vn 0.000000 -0.873164 -0.487427
vn 0.000000 -0.873164 -0.487427
vn 0.000000 -0.873164 -0.487427
vn 0.000000 -0.873159 -0.487435
vn 0.000000 -0.873159 -0.487435
vn 0.000000 -0.873159 -0.487435
vn 0.000000 -0.873159 -0.487435
vn 0.628682 -0.777662 0.000000
vn 0.628682 -0.777662 0.000000
vn 0.628682 -0.777662 0.000000
vn 0.628682 -0.777662 0.000000
vn -0.003406 -0.837352 -0.546653
vn -0.003406 -0.837352 -0.546653
vn -0.003406 -0.837352 -0.546653
vn -0.003406 -0.837352 -0.546653
vn 0.567637 -0.823279 0.000000
vn 0.567637 -0.823279 0.000000
vn 0.567637 -0.823279 0.000000
vn 0.567637 -0.823279 0.000000
vn -0.001865 -0.789189 -0.614148
vn -0.001865 -0.789189 -0.614148
vn -0.001865 -0.789189 -0.614148
vn -0.001865 -0.789189 -0.614147
vn 0.524148 -0.851627 0.000000
vn 0.524148 -0.851628 0.000000
vn 0.524148 -0.851628 0.000000
vn 0.524148 -0.851628 0.000000
vn -0.001895 -0.791835 0.610732
vn -0.001895 -0.791835 0.610732
vn -0.001895 -0.791835 0.610732
vn -0.001895 -0.791835 0.610732
vn 0.567629 -0.823284 0.000000
vn 0.567629 -0.823284 0.000000
vn 0.567629 -0.823284 0.000000
vn 0.567629 -0.823284 0.000000
vn -0.003417 -0.839236 0.543757
vn -0.003417 -0.839236 0.543757
vn -0.003417 -0.839236 0.543757
vn -0.003417 -0.839236 0.543757
vn 0.628680 -0.777664 0.000000
vn 0.628680 -0.777664 0.000000
vn 0.628680 -0.777664 0.000000
vn 0.628680 -0.777664 0.000000
vn 0.000000 0.000000 -1.000000
vn 0.000000 0.000000 -1.000000
vn 0.000000 0.000000 -1.000000
vn 0.000000 0.000000 -1.000000
vn 0.052360 -0.998628 0.000000
vn 0.052360 -0.998628 0.000000
vn 0.052360 -0.998628 0.000000
vn 0.052360 -0.998628 0.000000
vn 0.000000 0.000000 -1.000000
vn 0.000000 0.000000 -1.000000
vn 0.000000 0.000000 -1.000000
vn 0.000000 0.000000 -1.000000
vn 0.183542 -0.983012 0.000000
vn 0.183542 -0.983012 0.000000
vn 0.525219 -0.850956 -0.004447
vn 0.596425 -0.802666 -0.001939
vn -0.000007 0.000000 -1.000000
vn -0.000007 0.000000 -1.000000
vn -0.000007 0.000000 -1.000000
vn -0.000007 0.000000 -1.000000
vn 0.052360 -0.998628 0.000000
vn 0.052360 -0.998628 0.000000
vn 0.052360 -0.998628 0.000000
vn 0.052360 -0.998628 0.000000
vn 0.000002 0.000000 1.000000
vn 0.000002 0.000000 1.000000
vn 0.000002 0.000000 1.000000
vn 0.000002 0.000000 1.000000
vn 0.183545 -0.983011 0.000000
vn 0.183545 -0.983011 0.000000
vn 0.596401 -0.802684 0.001940
vn 0.524761 -0.851238 0.004469
vn 0.000011 -0.000044 1.000000
vn 0.000011 -0.000044 1.000000
vn 0.000011 -0.000044 1.000000
vn 0.000011 -0.000044 1.000000
vn 0.000000 0.000000 1.000000
vn 0.000000 0.000000 1.000000
vn 0.000000 0.000000 1.000000
vn 0.000000 0.000000 1.000000
vn 0.559536 -0.828806 -0.000002
vn 0.362192 -0.932103 0.000000
vn 0.362192 -0.932104 0.000000
vn 0.559571 -0.828782 -0.001113
vn -0.000001 0.000000 1.000000
vn -0.000000 0.000000 1.000000
vn -0.000000 0.000000 1.000000
vn -0.000001 0.000000 1.000000
vn 0.000000 0.000000 -1.000000
vn 0.000000 0.000000 -1.000000
vn 0.000001 0.000000 -1.000000
vn 0.000002 0.000000 -1.000000
vn 0.362193 -0.932103 0.000000
vn 0.559501 -0.828829 0.001114
vn 0.586837 -0.809705 0.000000
vn 0.586837 -0.809705 0.000000
vn 0.712440 -0.701733 0.000001
vn 0.712440 -0.701733 0.000001
vn 0.845298 -0.534295 0.000001
vn 0.845298 -0.534295 0.000001
vn 0.943742 -0.330683 0.000001
vn 0.943742 -0.330683 0.000001
vn 0.998132 -0.061094 0.000000
vn 0.998132 -0.061094 0.000000
vn 1.000000 0.000000 0.000000
vn 1.000000 0.000000 0.000000
vn -0.292048 -0.956404 0.000000
vn -0.624453 -0.781062 0.000000
vn -0.624453 -0.781062 0.000000
vn -0.292048 -0.956404 0.000000
vn -0.292048 -0.956404 0.000000
vn -0.624453 -0.781062 0.000000
vn -1.000000 0.000023 0.000000
vn -1.000000 0.000023 0.000000
vn -1.000000 0.000023 0.000000
vn -1.000000 0.000000 0.000000
vn -1.000000 0.000000 0.000000
vn -1.000000 0.000000 0.000000
vn -1.000000 0.000000 0.000000
vn -1.000000 0.000000 0.000000
vn -1.000000 0.000000 0.000000
vn -1.000000 0.000000 0.000000
vn -1.000000 0.000000 0.000000
vn -1.000000 0.000000 0.000000
vn -1.000000 0.000000 0.000000
vn -1.000000 0.000000 0.000000
vn -1.000000 0.000000 0.000000
vn -1.000000 0.000000 0.000000
vn -1.000000 0.000000 0.000000
vn -1.000000 0.000000 0.000000
vn -1.000000 0.000023 0.000000
vn -1.000000 0.000023 0.000000
vn -1.000000 0.000023 0.000000
vn -1.000000 0.000000 0.000000
vn -1.000000 0.000000 0.000000
vn -1.000000 0.000000 0.000000
vn -1.000000 0.000000 0.000000
vn -1.000000 0.000000 0.000000
vn -1.000000 0.000000 0.000000
vn -1.000000 0.000000 0.000000
vn -1.000000 0.000000 0.000000
vn -1.000000 0.000000 0.000000
vn -1.000000 -0.000002 0.000000
vn -1.000000 -0.000002 0.000000
vn -1.000000 -0.000002 0.000000
vn 0.000000 1.000000 0.000000
vn 0.000000 1.000000 0.000000
vn 0.000000 1.000000 0.000000
vn 0.000000 1.000000 0.000000
vn -0.000000 0.000000 -1.000000
vn -0.000000 0.000000 -1.000000
vn -0.000001 0.000000 -1.000000
vn -0.000001 0.000000 -1.000000
vn -0.558119 -0.829761 0.000000
vn -0.558119 -0.829761 0.000000
vn -0.558119 -0.829761 0.000000
vn -0.558119 -0.829761 0.000000
vn 0.000001 0.000000 1.000000
vn 0.000000 0.000000 1.000000
vn 0.000000 0.000000 1.000000
vn 0.000001 0.000000 1.000000
vn 0.000000 1.000000 0.000000
vn 0.000000 1.000000 0.000000
vn 0.000000 1.000000 0.000000
vn 0.000000 1.000000 0.000000
vn -0.558120 -0.829760 0.000000
vn -0.558120 -0.829760 0.000000
vn -0.558120 -0.829760 0.000000
vn -0.558120 -0.829760 0.000000
vn 0.998641 0.052110 -0.000026
vn 0.998506 0.052218 0.016100
vn 0.998452 0.052237 0.019089
vn 0.998641 0.052111 0.000173
vn 0.998521 0.051989 -0.015923
vn 0.998472 0.051966 -0.018775
vn 0.582706 0.812683 0.000000
vn 0.582706 0.812683 0.000000
vn 0.577842 0.816149 0.000493
vn 0.577750 0.816214 0.000000
vn 0.582705 0.812683 0.000000
vn 0.577841 0.816149 -0.000493
vn 0.630524 -0.766648 0.121205
vn 0.598507 -0.801118 0.000013
vn 0.593559 -0.804636 0.015793
vn 0.630679 -0.766883 -0.118890
vn 0.593560 -0.804642 -0.015447
vn 0.627338 -0.774268 0.083410
vn 0.639760 -0.753394 0.152001
vn 0.640304 -0.753311 -0.150111
vn 0.627696 -0.774040 -0.082829
vn 0.567852 0.823129 0.001499
vn 0.567852 0.823130 0.000000
vn 0.567852 0.823130 -0.001499
vn 0.000000 0.000000 1.000000
vn 0.000000 0.000000 1.000000
vn 0.000000 0.000000 -1.000000
vn 0.000000 0.000000 -1.000000
vn 0.000000 0.000000 1.000000
vn 0.000000 0.000000 1.000000
vn 0.000000 0.000000 1.000000
vn 0.000000 0.000000 1.000000
vn -0.978970 -0.204004 0.000000
vn -0.978970 -0.204004 0.000000
vn -0.978970 -0.204004 0.000000
vn 0.000000 0.000000 -1.000000
vn 0.000000 0.000000 -1.000000
vn 0.000000 0.000000 -1.000000
vn 0.000000 0.000000 -1.000000
vn 0.000000 0.000000 -1.000000
vn -0.000000 0.000000 -1.000000
vn -0.000001 0.000000 -1.000000
vn 0.998641 0.052109 -0.000119
vn 0.998561 0.052012 -0.013090
vn 0.998550 0.052200 0.013162
vn 0.000000 0.000000 1.000000
vn 0.000000 0.000000 1.000000
vn 0.000000 0.000000 1.000000
vn -0.972750 -0.231858 0.000001
vn -1.000000 0.000000 0.000001
vn -1.000000 0.000000 0.000001
vn -0.956621 -0.291335 0.000001
vn 1.000000 0.000000 -0.000000
vn 0.972749 -0.231859 -0.000000
vn 0.956621 -0.291335 -0.000000
vn 1.000000 0.000000 -0.000000
vn 0.000000 0.000001 1.000000
vn 0.000000 0.000001 1.000000
vn 0.000000 -0.261729 0.965141
vn 0.000000 -0.104843 0.994489
vn 1.000000 0.000000 -0.000000
vn 1.000000 0.000000 -0.000000
vn 0.990827 -0.135132 -0.000546
vn 0.964258 -0.264965 -0.001070
vn -0.000002 -0.006362 0.999980
vn -0.000002 -0.006362 0.999980
vn -0.000002 -0.295976 0.955195
vn -0.000002 -0.146848 0.989159
vn 1.000000 0.000002 -0.000000
vn 1.000000 0.000002 -0.000000
vn 0.995102 -0.098850 -0.000236
vn 0.972438 -0.233162 -0.000557
vn 0.000000 -0.009468 0.999955
vn 0.000000 -0.009468 0.999955
vn 0.000000 -0.317007 0.948423
vn 0.000000 -0.317434 0.948281
vn -0.972010 -0.234940 -0.000560
vn -0.994985 -0.100027 -0.000239
vn -1.000000 0.000000 -0.000001
vn -1.000000 0.000000 -0.000001
vn 0.000000 -0.146283 0.989243
vn 0.000000 -0.296318 0.955089
vn 0.000000 -0.006361 0.999980
vn 0.000000 -0.006361 0.999980
vn -0.963808 -0.266597 -0.001078
vn -0.990649 -0.136432 -0.000552
vn -1.000000 0.000000 0.000000
vn -1.000000 0.000000 0.000000
vn 0.000000 -0.104398 0.994536
vn 0.000000 -0.261730 0.965141
vn 0.000000 0.000000 1.000000
vn 0.000000 0.000000 1.000000
vn 0.000000 1.000000 0.000000
vn 0.000000 1.000000 0.000000
vn 0.000001 1.000000 -0.000000
vn 0.000001 1.000000 -0.000000
vn -0.000001 -1.000000 0.000000
vn -0.000001 -1.000000 0.000000
vn -0.000001 -1.000000 0.000000
vn -0.000001 -1.000000 0.000000
vn 0.000000 1.000000 0.000000
vn 0.000000 1.000000 0.000000
vn 0.000000 1.000000 0.000000
vn 0.000000 1.000000 0.000000
vn 0.000001 -1.000000 -0.000000
vn 0.000000 -1.000000 0.000000
vn 0.000000 -1.000000 0.000000
vn 0.000001 -1.000000 -0.000000
vn 0.000627 -0.999999 -0.001096
vn 0.000000 -1.000000 0.000000
vn 0.000000 -1.000000 0.000000
vn 0.000679 -0.999999 -0.001188
vn 0.000000 1.000000 0.000000
vn -0.001079 0.999999 0.001169
vn -0.001163 0.999999 0.001261
vn 0.000000 1.000000 0.000000
vn 0.000663 -0.999997 -0.002349
vn 0.000627 -0.999999 -0.001096
vn 0.000679 -0.999999 -0.001188
vn 0.000556 -0.999997 -0.002366
vn -0.001079 0.999999 0.001169
vn -0.001128 0.999998 0.001913
vn -0.000923 0.999998 0.001824
vn -0.001163 0.999999 0.001261
vn -0.000870 -0.999997 -0.002076
vn 0.000663 -0.999997 -0.002349
vn 0.000556 -0.999997 -0.002366
vn -0.001184 -0.999997 -0.001940
vn -0.001128 0.999998 0.001913
vn 0.000143 0.999999 0.001416
vn 0.000209 0.999999 0.001414
vn -0.000923 0.999998 0.001824
vn -0.000198 -0.999995 -0.003223
vn -0.000870 -0.999997 -0.002076
vn -0.001184 -0.999997 -0.001940
vn -0.000108 -0.999995 -0.003293
vn 0.000143 0.999999 0.001416
vn 0.000033 0.999998 0.001881
vn 0.000016 0.999998 0.001900
vn 0.000209 0.999999 0.001414
vn 0.000199 -0.999995 -0.003223
vn -0.000198 -0.999995 -0.003223
vn -0.000108 -0.999995 -0.003293
vn 0.000110 -0.999995 -0.003294
vn 0.000033 0.999998 0.001881
vn -0.000033 0.999998 0.001881
vn -0.000016 0.999998 0.001900
vn 0.000016 0.999998 0.001900
vn -0.000033 0.999998 0.001881
vn -0.000144 0.999999 0.001416
vn -0.000211 0.999999 0.001414
vn -0.000016 0.999998 0.001900
vn 0.000869 -0.999997 -0.002077
vn 0.000199 -0.999995 -0.003223
vn 0.000110 -0.999995 -0.003294
vn 0.001184 -0.999997 -0.001941
vn -0.000144 0.999999 0.001416
vn 0.001129 0.999998 0.001914
vn 0.000926 0.999998 0.001825
vn -0.000211 0.999999 0.001414
vn -0.000666 -0.999997 -0.002349
vn 0.000869 -0.999997 -0.002077
vn 0.001184 -0.999997 -0.001941
vn -0.000559 -0.999997 -0.002366
vn 0.001129 0.999998 0.001914
vn 0.001095 0.999999 0.001187
vn 0.001178 0.999999 0.001278
vn 0.000926 0.999998 0.001825
vn -0.000636 -0.999999 -0.001111
vn -0.000666 -0.999997 -0.002349
vn -0.000559 -0.999997 -0.002366
vn -0.000689 -0.999999 -0.001202
vn 0.001095 0.999999 0.001187
vn 0.000000 1.000000 0.000000
vn 0.000000 1.000000 0.000000
vn 0.001178 0.999999 0.001278
vn -0.000001 -1.000000 0.000000
vn -0.000636 -0.999999 -0.001111
vn -0.000689 -0.999999 -0.001202
vn -0.000001 -1.000000 0.000000
vn -1.000000 0.000000 0.000001
vn -1.000000 0.000000 0.000001
vn -0.931053 -0.364885 0.000001
vn -0.962708 -0.270543 0.000001
vn 0.931051 -0.364888 0.000001
vn 1.000000 -0.000002 0.000001
vn 1.000000 -0.000002 0.000001
vn 0.962707 -0.270546 0.000001
vn 0.000000 -0.380637 0.924725
vn 0.000000 -0.163530 0.986538
vn 0.000000 0.000000 1.000000
vn 0.000000 0.000000 1.000000
vn 0.977380 -0.211490 -0.000855
vn 0.921515 -0.388340 -0.001569
vn 1.000000 -0.000003 -0.000000
vn 1.000000 -0.000003 -0.000000
vn -0.000002 -0.423744 0.905782
vn -0.000002 -0.222791 0.974866
vn -0.000002 -0.006584 0.999978
vn -0.000002 -0.006584 0.999978
vn 0.987265 -0.159081 -0.000380
vn 0.938094 -0.346380 -0.000827
vn 1.000000 -0.000003 -0.000000
vn 1.000000 -0.000003 -0.000000
vn 0.000000 -0.275832 0.961206
vn 0.000000 -0.276705 0.960955
vn 0.000000 -0.009799 0.999952
vn 0.000000 -0.009799 0.999952
vn -1.000000 0.000000 0.000000
vn -1.000000 0.000000 0.000000
vn -0.937170 -0.348871 -0.000832
vn -0.986963 -0.160949 -0.000383
vn 0.000000 -0.006583 0.999978
vn 0.000000 -0.006583 0.999978
vn 0.000000 -0.222031 0.975040
vn 0.000000 -0.424198 0.905569
vn -1.000000 0.000000 0.000001
vn -1.000000 0.000000 0.000001
vn -0.920573 -0.390568 -0.001578
vn -0.976944 -0.213494 -0.000862
vn 0.000000 0.000001 1.000000
vn 0.000000 0.000001 1.000000
vn 0.000000 -0.163528 0.986539
vn 0.000000 -0.380983 0.924582
vn -0.931053 -0.364885 0.000001
vn -0.972750 -0.231858 0.000001
vn -0.956621 -0.291335 0.000001
vn -0.962708 -0.270543 0.000001
vn 0.972749 -0.231859 -0.000000
vn 0.931051 -0.364888 0.000001
vn 0.962707 -0.270546 0.000001
vn 0.956621 -0.291335 -0.000000
vn 0.000000 -0.104843 0.994489
vn 0.000000 -0.261729 0.965141
vn 0.000000 -0.163530 0.986538
vn 0.000000 -0.380637 0.924725
vn 0.964258 -0.264965 -0.001070
vn 0.990827 -0.135132 -0.000546
vn 0.921515 -0.388340 -0.001569
vn 0.977380 -0.211490 -0.000855
vn -0.000002 -0.146848 0.989159
vn -0.000002 -0.295976 0.955195
vn -0.000002 -0.222791 0.974866
vn -0.000002 -0.423744 0.905782
vn 0.972438 -0.233162 -0.000557
vn 0.995102 -0.098850 -0.000236
vn 0.938094 -0.346380 -0.000827
vn 0.987265 -0.159081 -0.000380
vn 0.000000 -0.317434 0.948281
vn 0.000000 -0.317007 0.948423
vn 0.000000 -0.276705 0.960955
vn 0.000000 -0.275832 0.961206
vn -0.986963 -0.160949 -0.000383
vn -0.937170 -0.348871 -0.000832
vn -0.994985 -0.100027 -0.000239
vn -0.972010 -0.234940 -0.000560
vn 0.000000 -0.424198 0.905569
vn 0.000000 -0.222031 0.975040
vn 0.000000 -0.296318 0.955089
vn 0.000000 -0.146283 0.989243
vn -0.976944 -0.213494 -0.000862
vn -0.920573 -0.390568 -0.001578
vn -0.990649 -0.136432 -0.000552
vn -0.963808 -0.266597 -0.001078
vn 0.000000 -0.380983 0.924582
vn 0.000000 -0.163528 0.986539
vn 0.000000 -0.261730 0.965141
vn 0.000000 -0.104398 0.994536
vn -0.972750 -0.231858 0.000001
vn -1.000000 0.000000 0.000001
vn -1.000000 0.000000 0.000001
vn -0.956621 -0.291334 0.000001
vn 1.000000 0.000000 -0.000000
vn 0.972750 -0.231858 -0.000000
vn 0.956621 -0.291335 -0.000000
vn 1.000000 0.000000 -0.000000
vn 0.000000 0.000001 1.000000
vn 0.000000 0.000001 1.000000
vn 0.000000 -0.261729 0.965141
vn 0.000000 -0.104843 0.994489
vn 1.000000 0.000000 -0.000000
vn 1.000000 0.000000 -0.000000
vn 0.990827 -0.135132 -0.000546
vn 0.964258 -0.264965 -0.001070
vn -0.000002 -0.006362 0.999980
vn -0.000002 -0.006362 0.999980
vn -0.000002 -0.295976 0.955195
vn -0.000002 -0.146848 0.989159
vn 1.000000 0.000002 -0.000000
vn 1.000000 0.000002 -0.000000
vn 0.995102 -0.098850 -0.000236
vn 0.972438 -0.233162 -0.000557
vn 0.000000 -0.009468 0.999955
vn 0.000000 -0.009468 0.999955
vn 0.000000 -0.317007 0.948423
vn 0.000000 -0.317434 0.948281
vn -0.972010 -0.234941 -0.000560
vn -0.994985 -0.100027 -0.000239
vn -1.000000 0.000000 -0.000001
vn -1.000000 0.000000 -0.000001
vn 0.000000 -0.146283 0.989243
vn 0.000000 -0.296318 0.955089
vn 0.000000 -0.006361 0.999980
vn 0.000000 -0.006361 0.999980
vn -0.963808 -0.266597 -0.001078
vn -0.990649 -0.136432 -0.000552
vn -1.000000 0.000000 0.000000
vn -1.000000 0.000000 0.000000
vn 0.000000 -0.104398 0.994536
vn 0.000000 -0.261730 0.965141
vn 0.000000 0.000000 1.000000
vn 0.000000 0.000000 1.000000
vn 0.000000 1.000000 0.000000
vn 0.000000 1.000000 0.000000
vn 0.000000 1.000000 0.000000
vn 0.000000 1.000000 0.000000
vn 0.000000 -1.000000 0.000000
vn 0.000000 -1.000000 0.000000
vn 0.000000 -1.000000 0.000000
vn 0.000000 -1.000000 0.000000
vn -0.000001 1.000000 0.000000
vn -0.000001 1.000000 0.000000
vn -0.000001 1.000000 0.000000
vn -0.000001 1.000000 0.000000
vn 0.000000 -1.000000 0.000000
vn 0.000000 -1.000000 0.000000
vn 0.000000 -1.000000 0.000000
vn 0.000000 -1.000000 0.000000
vn 0.000625 -0.999999 -0.001096
vn 0.000000 -1.000000 0.000000
vn 0.000000 -1.000000 0.000000
vn 0.000678 -0.999999 -0.001188
vn -0.000001 1.000000 0.000000
vn -0.001079 0.999999 0.001169
vn -0.001163 0.999999 0.001261
vn -0.000001 1.000000 0.000000
vn 0.000663 -0.999997 -0.002349
vn 0.000625 -0.999999 -0.001096
vn 0.000678 -0.999999 -0.001188
vn 0.000556 -0.999997 -0.002366
vn -0.001079 0.999999 0.001169
vn -0.001129 0.999998 0.001913
vn -0.000925 0.999998 0.001824
vn -0.001163 0.999999 0.001261
vn -0.000869 -0.999997 -0.002076
vn 0.000663 -0.999997 -0.002349
vn 0.000556 -0.999997 -0.002366
vn -0.001184 -0.999997 -0.001940
vn -0.001129 0.999998 0.001913
vn 0.000144 0.999999 0.001416
vn 0.000211 0.999999 0.001414
vn -0.000925 0.999998 0.001824
vn -0.000198 -0.999995 -0.003223
vn -0.000869 -0.999997 -0.002076
vn -0.001184 -0.999997 -0.001940
vn -0.000110 -0.999995 -0.003293
vn 0.000144 0.999999 0.001416
vn 0.000035 0.999998 0.001881
vn 0.000016 0.999998 0.001900
vn 0.000211 0.999999 0.001414
vn 0.000198 -0.999995 -0.003223
vn -0.000198 -0.999995 -0.003223
vn -0.000110 -0.999995 -0.003293
vn 0.000110 -0.999995 -0.003294
vn 0.000035 0.999998 0.001881
vn -0.000035 0.999998 0.001881
vn -0.000016 0.999998 0.001900
vn 0.000016 0.999998 0.001900
vn -0.000035 0.999998 0.001881
vn -0.000144 0.999999 0.001416
vn -0.000211 0.999999 0.001414
vn -0.000016 0.999998 0.001900
vn 0.000868 -0.999997 -0.002077
vn 0.000198 -0.999995 -0.003223
vn 0.000110 -0.999995 -0.003294
vn 0.001183 -0.999997 -0.001941
vn -0.000144 0.999999 0.001416
vn 0.001129 0.999998 0.001914
vn 0.000926 0.999998 0.001825
vn -0.000211 0.999999 0.001414
vn -0.000665 -0.999997 -0.002349
vn 0.000868 -0.999997 -0.002077
vn 0.001183 -0.999997 -0.001941
vn -0.000558 -0.999997 -0.002366
vn 0.001129 0.999998 0.001914
vn 0.001095 0.999999 0.001187
vn 0.001178 0.999999 0.001278
vn 0.000926 0.999998 0.001825
vn -0.000635 -0.999999 -0.001111
vn -0.000665 -0.999997 -0.002349
vn -0.000558 -0.999997 -0.002366
vn -0.000687 -0.999999 -0.001202
vn 0.001095 0.999999 0.001187
vn 0.000000 1.000000 0.000000
vn 0.000000 1.000000 0.000000
vn 0.001178 0.999999 0.001278
vn 0.000000 -1.000000 0.000000
vn -0.000635 -0.999999 -0.001111
vn -0.000687 -0.999999 -0.001202
vn 0.000000 -1.000000 0.000000
vn -1.000000 0.000000 0.000001
vn -1.000000 0.000000 0.000001
vn -0.931053 -0.364885 0.000001
vn -0.962708 -0.270544 0.000001
vn 0.931052 -0.364887 0.000001
vn 1.000000 -0.000002 0.000001
vn 1.000000 -0.000002 0.000001
vn 0.962707 -0.270545 0.000001
vn 0.000000 -0.380637 0.924725
vn 0.000000 -0.163530 0.986538
vn 0.000000 0.000000 1.000000
vn 0.000000 0.000000 1.000000
vn 0.977380 -0.211491 -0.000855
vn 0.921514 -0.388341 -0.001569
vn 1.000000 -0.000003 -0.000000
vn 1.000000 -0.000003 -0.000000
vn -0.000002 -0.423744 0.905782
vn -0.000002 -0.222791 0.974866
vn -0.000002 -0.006584 0.999978
vn -0.000002 -0.006584 0.999978
vn 0.987265 -0.159082 -0.000380
vn 0.938094 -0.346380 -0.000827
vn 1.000000 -0.000003 -0.000000
vn 1.000000 -0.000003 -0.000000
vn 0.000000 -0.275832 0.961206
vn 0.000000 -0.276705 0.960955
vn 0.000000 -0.009799 0.999952
vn 0.000000 -0.009799 0.999952
vn -1.000000 0.000000 0.000000
vn -1.000000 0.000000 0.000000
vn -0.937169 -0.348873 -0.000832
vn -0.986963 -0.160950 -0.000383
vn 0.000000 -0.006583 0.999978
vn 0.000000 -0.006583 0.999978
vn 0.000000 -0.222031 0.975040
vn 0.000000 -0.424198 0.905569
vn -1.000000 0.000000 0.000001
vn -1.000000 0.000000 0.000001
vn -0.920573 -0.390566 -0.001578
vn -0.976944 -0.213494 -0.000862
vn 0.000000 0.000001 1.000000
vn 0.000000 0.000001 1.000000
vn 0.000000 -0.163528 0.986539
vn 0.000000 -0.380983 0.924582
vn -0.931053 -0.364885 0.000001
vn -0.972750 -0.231858 0.000001
vn -0.956621 -0.291334 0.000001
vn -0.962708 -0.270544 0.000001
vn 0.972750 -0.231858 -0.000000
vn 0.931052 -0.364887 0.000001
vn 0.962707 -0.270545 0.000001
vn 0.956621 -0.291335 -0.000000
vn 0.000000 -0.104843 0.994489
vn 0.000000 -0.261729 0.965141
vn 0.000000 -0.163530 0.986538
vn 0.000000 -0.380637 0.924725
vn 0.964258 -0.264965 -0.001070
vn 0.990827 -0.135132 -0.000546
vn 0.921514 -0.388341 -0.001569
vn 0.977380 -0.211491 -0.000855
vn -0.000002 -0.146848 0.989159
vn -0.000002 -0.295976 0.955195
vn -0.000002 -0.222791 0.974866
vn -0.000002 -0.423744 0.905782
vn 0.972438 -0.233162 -0.000557
vn 0.995102 -0.098850 -0.000236
vn 0.938094 -0.346380 -0.000827
vn 0.987265 -0.159082 -0.000380
vn 0.000000 -0.317434 0.948281
vn 0.000000 -0.317007 0.948423
vn 0.000000 -0.276705 0.960955
vn 0.000000 -0.275832 0.961206
vn -0.986963 -0.160950 -0.000383
vn -0.937169 -0.348873 -0.000832
vn -0.994985 -0.100027 -0.000239
vn -0.972010 -0.234941 -0.000560
vn 0.000000 -0.424198 0.905569
vn 0.000000 -0.222031 0.975040
vn 0.000000 -0.296318 0.955089
vn 0.000000 -0.146283 0.989243
vn -0.976944 -0.213494 -0.000862
vn -0.920573 -0.390566 -0.001578
vn -0.990649 -0.136432 -0.000552
vn -0.963808 -0.266597 -0.001078
vn 0.000000 -0.380983 0.924582
vn 0.000000 -0.163528 0.986539
vn 0.000000 -0.261730 0.965141
vn 0.000000 -0.104398 0.994536
vn 1.000000 0.000000 -0.000000
vn 1.000000 0.000000 -0.000000
vn 1.000000 0.000000 -0.000000
vn 1.000000 0.000000 -0.000000
vn 1.000000 0.000000 -0.000000
vn 1.000000 0.000000 -0.000000
vn 1.000000 0.000000 -0.000000
vn 1.000000 0.000000 -0.000000
vn 1.000000 0.000000 -0.000000
vn 1.000000 0.000000 -0.000000
vn 1.000000 0.000000 -0.000000
vn 1.000000 0.000000 -0.000000
vn 1.000000 0.000000 -0.000000
vn 1.000000 0.000000 -0.000000
vn 1.000000 0.000000 -0.000000
vn 1.000000 0.000000 -0.000000
vn 1.000000 0.000000 -0.000000
vn 1.000000 0.000000 -0.000000
vn 1.000000 0.000000 -0.000000
vn 1.000000 0.000000 -0.000000
vn 0.000000 -0.004935 0.999988
vn 0.000000 -0.004935 0.999988
vn 0.000000 0.000000 1.000000
vn 0.000000 0.000000 1.000000
vn 0.000000 -0.618952 0.785429
vn 0.000000 -0.618952 0.785429
vn 0.000000 -0.447764 0.894152
vn 0.000000 -0.447764 0.894152
vn 0.000000 -0.196378 0.980528
vn 0.000000 -0.196378 0.980528
vn 0.000000 -0.004935 0.999988
vn 0.000000 -0.004935 0.999988
vn 0.000000 -0.772185 0.635398
vn 0.000000 -0.772185 0.635398
vn 0.000000 -0.618952 0.785429
vn 0.000000 -0.618952 0.785429
vn 0.000000 -0.447764 0.894152
vn 0.000000 -0.447764 0.894152
vn 0.000000 -0.196378 0.980528
vn 0.000000 -0.196378 0.980528
vn 1.000000 0.000000 -0.000002
vn 1.000000 0.000000 -0.000002
vn 1.000000 0.000000 -0.000002
vn 1.000000 0.000000 -0.000002
vn 1.000000 0.000000 -0.000000
vn 1.000000 0.000000 -0.000000
vn 1.000000 0.000000 -0.000000
vn 1.000000 0.000000 -0.000000
vn 1.000000 0.000000 -0.000000
vn 1.000000 0.000000 -0.000000
vn 1.000000 0.000000 -0.000002
vn 1.000000 0.000000 -0.000002
vn 1.000000 0.000000 -0.000001
vn 1.000000 0.000000 -0.000001
vn 1.000000 0.000000 -0.000000
vn 1.000000 0.000000 -0.000000
vn 1.000000 0.000000 -0.000000
vn 1.000000 0.000000 -0.000000
vn 1.000000 0.000000 -0.000000
vn 1.000000 0.000000 -0.000000
vn 0.000000 -0.010513 0.999945
vn 0.000000 -0.010513 0.999945
vn 0.000000 -0.006361 0.999980
vn 0.000000 -0.006361 0.999980
vn 0.000000 -0.619079 0.785329
vn 0.000000 -0.619079 0.785329
vn 0.000000 -0.448882 0.893591
vn 0.000000 -0.448882 0.893591
vn 0.000000 -0.194386 0.980925
vn 0.000000 -0.194386 0.980925
vn 0.000000 -0.010513 0.999945
vn 0.000000 -0.010513 0.999945
vn 0.000000 -0.761985 0.647595
vn 0.000000 -0.761985 0.647595
vn 0.000000 -0.619079 0.785329
vn 0.000000 -0.619079 0.785329
vn 0.000000 -0.448882 0.893591
vn 0.000000 -0.448882 0.893591
vn 0.000000 -0.194386 0.980925
vn 0.000000 -0.194386 0.980925
vn 1.000000 0.000000 -0.000000
vn 1.000000 0.000000 -0.000000
vn 1.000000 0.000000 -0.000000
vn 1.000000 0.000000 -0.000000
vn 1.000000 0.000000 -0.000000
vn 1.000000 0.000000 -0.000000
vn 1.000000 0.000000 0.000001
vn 1.000000 0.000000 0.000001
vn 1.000000 0.000000 0.000001
vn 1.000000 0.000000 0.000001
vn 1.000000 0.000000 -0.000000
vn 1.000000 0.000000 -0.000000
vn 1.000000 0.000000 -0.000000
vn 1.000000 0.000000 -0.000000
vn 1.000000 0.000000 -0.000000
vn 1.000000 0.000000 -0.000000
vn 1.000000 0.000000 0.000001
vn 1.000000 0.000000 0.000001
vn 1.000000 0.000000 0.000001
vn 1.000000 0.000000 0.000001
vn 1.000000 0.000000 -0.000000
vn 1.000000 0.000000 -0.000000
vn 1.000000 0.000000 -0.000000
vn 1.000000 0.000000 -0.000000
vn 0.000000 -0.832012 0.554757
vn 0.000000 -0.772185 0.635398
vn 0.000000 -0.772185 0.635398
vn 0.000000 -0.832012 0.554757
vn 1.000000 0.000000 -0.000000
vn 1.000000 0.000000 -0.000001
vn 1.000000 0.000000 -0.000001
vn 1.000000 0.000000 -0.000000
vn 0.000000 -0.817223 0.576321
vn 0.000000 -0.761985 0.647595
vn 0.000000 -0.761985 0.647595
vn 0.000000 -0.817223 0.576321
vn 1.000000 0.000000 0.000001
vn 1.000000 0.000000 -0.000000
vn 1.000000 0.000000 -0.000000
vn 1.000000 0.000000 0.000001
vn 0.000000 -0.004935 0.999988
vn 0.000000 0.000000 1.000000
vn 0.000000 0.000000 1.000000
vn 0.000000 -0.004935 0.999988
vn 0.000000 -0.618951 0.785429
vn 0.000000 -0.447764 0.894152
vn 0.000000 -0.447764 0.894152
vn 0.000000 -0.618951 0.785429
vn 0.000000 -0.196378 0.980528
vn 0.000000 -0.004935 0.999988
vn 0.000000 -0.004935 0.999988
vn 0.000000 -0.196378 0.980528
vn 0.000000 -0.772185 0.635398
vn 0.000000 -0.618951 0.785429
vn 0.000000 -0.618951 0.785429
vn 0.000000 -0.772185 0.635398
vn 0.000000 -0.447764 0.894152
vn 0.000000 -0.196378 0.980528
vn 0.000000 -0.196378 0.980528
vn 0.000000 -0.447764 0.894152
vn -1.000000 0.000000 0.000000
vn -1.000000 0.000000 0.000000
vn -1.000000 0.000000 0.000000
vn -1.000000 0.000000 0.000000
vn -1.000000 0.000000 0.000000
vn -1.000000 0.000000 0.000001
vn -1.000000 0.000000 0.000001
vn -1.000000 0.000000 0.000000
vn -1.000000 0.000000 0.000001
vn -1.000000 0.000000 0.000000
vn -1.000000 0.000000 0.000000
vn -1.000000 0.000000 0.000001
vn -1.000000 0.000000 0.000000
vn -1.000000 0.000000 0.000000
vn -1.000000 0.000000 0.000000
vn -1.000000 0.000000 0.000000
vn -1.000000 0.000000 0.000001
vn -1.000000 0.000000 0.000001
vn -1.000000 0.000000 0.000001
vn -1.000000 0.000000 0.000001
vn 0.000000 -0.010513 0.999945
vn 0.000000 -0.006361 0.999980
vn 0.000000 -0.006361 0.999980
vn 0.000000 -0.010513 0.999945
vn 0.000000 -0.619079 0.785329
vn 0.000000 -0.448882 0.893591
vn 0.000000 -0.448882 0.893591
vn 0.000000 -0.619079 0.785329
vn 0.000000 -0.194386 0.980925
vn 0.000000 -0.010513 0.999945
vn 0.000000 -0.010513 0.999945
vn 0.000000 -0.194386 0.980925
vn 0.000000 -0.761985 0.647595
vn 0.000000 -0.619079 0.785329
vn 0.000000 -0.619079 0.785329
vn 0.000000 -0.761985 0.647595
vn 0.000000 -0.448882 0.893591
vn 0.000000 -0.194386 0.980925
vn 0.000000 -0.194386 0.980925
vn 0.000000 -0.448882 0.893591
vn -1.000000 0.000000 0.000000
vn -1.000000 0.000000 0.000000
vn -1.000000 0.000000 0.000000
vn -1.000000 0.000000 0.000000
vn -1.000000 0.000000 0.000000
vn -1.000000 0.000000 0.000000
vn -1.000000 0.000000 0.000000
vn -1.000000 0.000000 0.000000
vn -1.000000 0.000000 0.000000
vn -1.000000 0.000000 0.000000
vn -1.000000 0.000000 0.000000
vn -1.000000 0.000000 0.000000
vn -1.000000 0.000000 0.000000
vn -1.000000 0.000000 0.000000
vn -1.000000 0.000000 0.000000
vn -1.000000 0.000000 0.000000
vn -1.000000 0.000000 0.000000
vn -1.000000 0.000000 0.000000
vn -1.000000 0.000000 0.000000
vn -1.000000 0.000000 0.000000
vn 0.000000 -0.832013 0.554757
vn 0.000000 -0.832013 0.554757
vn 0.000000 -0.772185 0.635398
vn 0.000000 -0.772185 0.635398
vn -1.000000 0.000000 0.000000
vn -1.000000 0.000000 0.000000
vn -1.000000 0.000000 0.000000
vn -1.000000 0.000000 0.000000
vn 0.000000 -0.817223 0.576321
vn 0.000000 -0.817223 0.576321
vn 0.000000 -0.761985 0.647595
vn 0.000000 -0.761985 0.647595
vn -1.000000 0.000000 0.000001
vn -1.000000 0.000000 0.000001
vn -1.000000 0.000000 0.000000
vn -1.000000 0.000000 0.000000
vn -1.000000 0.000000 0.000000
vn -1.000000 0.000000 0.000000
vn -1.000000 0.000000 0.000000
vn -1.000000 0.000000 -0.000001
vn -1.000000 0.000000 -0.000001
vn -1.000000 0.000000 0.000000
vn -1.000000 0.000000 0.000000
vn -1.000000 0.000000 0.000000
vn -1.000000 0.000000 0.000001
vn -1.000000 0.000000 0.000000
vn -1.000000 0.000000 0.000000
vn -1.000000 0.000000 0.000000
vn -1.000000 0.000000 -0.000001
vn -1.000000 0.000000 0.000000
vn -1.000000 0.000000 0.000000
vn -1.000000 0.000000 -0.000001
vn -1.000000 0.000000 0.000000
vn -1.000000 0.000000 0.000000
vn -1.000000 0.000000 0.000000
vn -1.000000 0.000000 0.000001
vn -1.000000 0.000000 0.000000
vn -1.000000 0.000000 0.000000
vn -1.000000 0.000000 0.000000
vn -1.000000 0.000000 0.000000
vn 0.000000 -0.009470 0.999955
vn 0.000000 -0.013144 0.999914
vn 0.000000 -0.013144 0.999914
vn 0.000000 -0.009470 0.999955
vn 0.000000 -0.013144 0.999914
vn 0.000000 -0.192598 0.981278
vn 0.000000 -0.192598 0.981278
vn 0.000000 -0.013144 0.999914
vn 0.000000 -0.192598 0.981278
vn 0.000000 -0.449889 0.893084
vn 0.000000 -0.449889 0.893084
vn 0.000000 -0.192598 0.981278
vn 0.000000 -0.449889 0.893084
vn 0.000000 -0.619359 0.785108
vn 0.000000 -0.619358 0.785109
vn 0.000000 -0.449889 0.893084
vn 0.000000 -0.619359 0.785108
vn 0.000000 -0.756187 0.654356
vn 0.000000 -0.756187 0.654355
vn 0.000000 -0.619358 0.785109
vn 0.000000 -0.756187 0.654356
vn 0.000000 -0.809708 0.586833
vn 0.000000 -0.809708 0.586833
vn 0.000000 -0.756187 0.654355
vn -1.000000 0.000000 0.000000
vn -1.000000 0.000000 0.000000
vn -1.000000 0.000000 0.000000
vn -1.000000 0.000000 0.000000
vn -1.000000 0.000000 0.000000
vn -1.000000 0.000000 0.000000
vn -1.000000 0.000000 0.000000
vn -1.000000 0.000000 0.000000
vn -1.000000 0.000000 0.000000
vn -1.000000 0.000000 0.000000
vn -1.000000 0.000000 0.000000
vn -1.000000 0.000000 0.000000
vn -1.000000 0.000000 0.000000
vn -1.000000 0.000000 0.000000
vn -1.000000 0.000000 0.000000
vn -1.000000 0.000000 0.000000
vn -1.000000 0.000000 0.000000
vn -1.000000 0.000000 0.000000
vn -1.000000 0.000000 0.000000
vn -1.000000 0.000000 0.000000
vn -1.000000 0.000000 0.000000
vn -1.000000 0.000000 0.000000
vn -1.000000 0.000000 0.000000
vn -1.000000 0.000000 0.000000
vn 1.000000 0.000000 0.000000
vn 1.000000 0.000000 0.000000
vn 1.000000 0.000000 -0.000000
vn 1.000000 0.000000 -0.000000
vn 1.000000 0.000000 0.000000
vn 1.000000 0.000000 0.000000
vn 1.000000 0.000000 -0.000000
vn 1.000000 0.000000 -0.000000
vn 1.000000 -0.000000 0.000000
vn 1.000000 -0.000000 0.000000
vn 1.000000 0.000000 -0.000000
vn 1.000000 0.000000 -0.000000
vn 1.000000 -0.000000 0.000000
vn 1.000000 -0.000000 0.000000
vn 1.000000 0.000000 -0.000000
vn 1.000000 0.000000 -0.000000
vn 1.000000 0.000000 0.000000
vn 1.000000 0.000000 0.000000
vn 1.000000 0.000000 -0.000000
vn 1.000000 0.000000 -0.000000
vn 1.000000 0.000000 0.000000
vn 1.000000 0.000000 0.000000
vn 1.000000 0.000000 -0.000000
vn 1.000000 0.000000 -0.000000
vn -1.000000 0.000000 0.000000
vn -1.000000 0.000000 0.000000
vn -1.000000 0.000000 0.000000
vn -1.000000 0.000000 0.000000
vn 1.000000 0.000000 -0.000000
vn 1.000000 0.000000 0.000000
vn 1.000000 0.000000 0.000000
vn 1.000000 0.000000 -0.000000
vn 0.000000 0.000000 1.000000
vn 0.000000 0.000000 1.000000
vn 0.000000 0.000000 1.000000
vn 0.000000 -0.000002 1.000000
vn 0.000000 -0.000002 1.000000
vn 0.000000 -0.000002 1.000000
vn 0.000000 0.000000 1.000000
vn 0.000000 0.000000 1.000000
vn 0.000000 0.000000 1.000000
vn -0.000002 -0.000001 1.000000
vn -0.000002 -0.000001 1.000000
vn -0.000002 -0.000001 1.000000
vn -0.000002 -0.000001 1.000000
vn 0.000000 0.000000 1.000000
vn 0.000000 0.000000 1.000000
vn 0.000000 0.000000 0.000000
vn 0.000000 0.000000 0.000000
vn 0.000000 0.000000 1.000000
vn 0.000000 0.000000 1.000000
vn 0.000000 0.000000 1.000000
vn 0.000000 0.000000 1.000000
vn 0.000000 0.000000 1.000000
vn 0.000000 0.000000 1.000000
vn 0.000000 0.000000 1.000000
vn 0.000000 0.000000 1.000000
vn 0.000000 0.000000 1.000000
vn 0.000014 -0.000004 1.000000
vn 0.000014 -0.000004 1.000000
vn 0.000014 -0.000004 1.000000
vn 0.000014 -0.000004 1.000000
vn 0.000000 -0.000002 1.000000
vn 0.000000 -0.000002 1.000000
vn 0.000000 -0.000002 1.000000
vn 0.000000 0.000000 1.000000
vn 0.000000 0.000000 1.000000
vn 0.000000 0.000000 1.000000
vn 0.000000 0.000000 1.000000
vn 0.000000 0.000000 1.000000
vn 0.000000 0.000000 1.000000
vn 0.000000 0.000000 1.000000
vn 0.000000 0.000000 1.000000
vn 0.000000 0.000000 1.000000
vn 0.000000 0.000000 1.000000
vn 0.000000 1.000000 0.000000
vn 0.000000 1.000000 0.000000
vn 0.000000 1.000000 0.000000
vn 0.000000 1.000000 0.000000
vn 0.000000 1.000000 0.000000
vn 0.000000 1.000000 0.000000
vn 0.000000 1.000000 0.000000
vn 0.000000 1.000000 0.000000
vn -0.972750 -0.231858 0.000001
vn -1.000000 0.000000 0.000001
vn -1.000000 0.000000 0.000001
vn -0.956621 -0.291334 0.000001
vn 1.000000 0.000000 -0.000000
vn 0.972750 -0.231858 -0.000000
vn 0.956621 -0.291335 -0.000000
vn 1.000000 0.000000 -0.000000
vn 0.000000 0.000001 1.000000
vn 0.000000 0.000001 1.000000
vn 0.000000 -0.261729 0.965141
vn 0.000000 -0.104843 0.994489
vn 1.000000 0.000000 -0.000000
vn 1.000000 0.000000 -0.000000
vn 0.990827 -0.135133 -0.000546
vn 0.964257 -0.264966 -0.001070
vn -0.000002 -0.006362 0.999980
vn -0.000002 -0.006362 0.999980
vn -0.000002 -0.295976 0.955195
vn -0.000002 -0.146848 0.989159
vn 1.000000 0.000002 -0.000000
vn 1.000000 0.000002 -0.000000
vn 0.995102 -0.098850 -0.000236
vn 0.972438 -0.233162 -0.000557
vn 0.000000 -0.009468 0.999955
vn 0.000000 -0.009468 0.999955
vn 0.000000 -0.317007 0.948423
vn 0.000000 -0.317434 0.948281
vn -0.972010 -0.234941 -0.000560
vn -0.994985 -0.100027 -0.000239
vn -1.000000 0.000000 -0.000001
vn -1.000000 0.000000 -0.000001
vn 0.000000 -0.146283 0.989243
vn 0.000000 -0.296318 0.955089
vn 0.000000 -0.006361 0.999980
vn 0.000000 -0.006361 0.999980
vn -0.963807 -0.266598 -0.001078
vn -0.990649 -0.136432 -0.000552
vn -1.000000 0.000000 0.000000
vn -1.000000 0.000000 0.000000
vn 0.000000 -0.104398 0.994536
vn 0.000000 -0.261730 0.965141
vn 0.000000 0.000000 1.000000
vn 0.000000 0.000000 1.000000
vn -0.000001 1.000000 0.000000
vn -0.000001 1.000000 0.000000
vn 0.000000 1.000000 0.000000
vn 0.000000 1.000000 0.000000
vn 0.000000 -1.000000 0.000000
vn 0.000000 -1.000000 0.000000
vn 0.000000 -1.000000 0.000000
vn 0.000000 -1.000000 0.000000
vn 0.000000 1.000000 0.000000
vn 0.000000 1.000000 0.000000
vn 0.000000 1.000000 0.000000
vn 0.000000 1.000000 0.000000
vn 0.000000 -1.000000 0.000000
vn 0.000000 -1.000000 0.000000
vn 0.000000 -1.000000 0.000000
vn 0.000000 -1.000000 0.000000
vn 0.000627 -0.999999 -0.001096
vn 0.000000 -1.000000 0.000000
vn 0.000000 -1.000000 0.000000
vn 0.000679 -0.999999 -0.001188
vn 0.000000 1.000000 0.000000
vn -0.001078 0.999999 0.001169
vn -0.001162 0.999999 0.001261
vn 0.000000 1.000000 0.000000
vn 0.000665 -0.999997 -0.002349
vn 0.000627 -0.999999 -0.001096
vn 0.000679 -0.999999 -0.001188
vn 0.000558 -0.999997 -0.002366
vn -0.001078 0.999999 0.001169
vn -0.001129 0.999998 0.001913
vn -0.000926 0.999998 0.001824
vn -0.001162 0.999999 0.001261
vn -0.000869 -0.999997 -0.002076
vn 0.000665 -0.999997 -0.002349
vn 0.000558 -0.999997 -0.002366
vn -0.001184 -0.999997 -0.001940
vn -0.001129 0.999998 0.001913
vn 0.000140 0.999999 0.001416
vn 0.000206 0.999999 0.001414
vn -0.000926 0.999998 0.001824
vn -0.000198 -0.999995 -0.003223
vn -0.000869 -0.999997 -0.002076
vn -0.001184 -0.999997 -0.001940
vn -0.000108 -0.999995 -0.003293
vn 0.000140 0.999999 0.001416
vn 0.000033 0.999998 0.001881
vn 0.000016 0.999998 0.001900
vn 0.000206 0.999999 0.001414
vn 0.000198 -0.999995 -0.003223
vn -0.000198 -0.999995 -0.003223
vn -0.000108 -0.999995 -0.003293
vn 0.000110 -0.999995 -0.003294
vn 0.000033 0.999998 0.001881
vn -0.000033 0.999998 0.001881
vn -0.000016 0.999998 0.001900
vn 0.000016 0.999998 0.001900
vn -0.000033 0.999998 0.001881
vn -0.000141 0.999999 0.001416
vn -0.000206 0.999999 0.001414
vn -0.000016 0.999998 0.001900
vn 0.000867 -0.999997 -0.002077
vn 0.000198 -0.999995 -0.003223
vn 0.000110 -0.999995 -0.003294
vn 0.001181 -0.999997 -0.001941
vn -0.000141 0.999999 0.001416
vn 0.001126 0.999998 0.001914
vn 0.000923 0.999998 0.001825
vn -0.000206 0.999999 0.001414
vn -0.000665 -0.999997 -0.002349
vn 0.000867 -0.999997 -0.002077
vn 0.001181 -0.999997 -0.001941
vn -0.000558 -0.999997 -0.002366
vn 0.001126 0.999998 0.001914
vn 0.001093 0.999999 0.001187
vn 0.001176 0.999999 0.001278
vn 0.000923 0.999998 0.001825
vn -0.000635 -0.999999 -0.001111
vn -0.000665 -0.999997 -0.002349
vn -0.000558 -0.999997 -0.002366
vn -0.000687 -0.999999 -0.001202
vn 0.001093 0.999999 0.001187
vn -0.000001 1.000000 0.000000
vn -0.000001 1.000000 0.000000
vn 0.001176 0.999999 0.001278
vn 0.000000 -1.000000 0.000000
vn -0.000635 -0.999999 -0.001111
vn -0.000687 -0.999999 -0.001202
vn 0.000000 -1.000000 0.000000
vn -1.000000 0.000000 0.000001
vn -1.000000 0.000000 0.000001
vn -0.931053 -0.364885 0.000001
vn -0.962708 -0.270544 0.000001
vn 0.931052 -0.364887 0.000001
vn 1.000000 -0.000002 0.000001
vn 1.000000 -0.000002 0.000001
vn 0.962707 -0.270545 0.000001
vn 0.000000 -0.380637 0.924725
vn 0.000000 -0.163530 0.986538
vn 0.000000 0.000000 1.000000
vn 0.000000 0.000000 1.000000
vn 0.977380 -0.211490 -0.000855
vn 0.921514 -0.388341 -0.001569
vn 1.000000 -0.000003 -0.000000
vn 1.000000 -0.000003 -0.000000
vn -0.000001 -0.423744 0.905782
vn -0.000002 -0.222791 0.974866
vn -0.000002 -0.006584 0.999978
vn -0.000002 -0.006584 0.999978
vn 0.987265 -0.159082 -0.000380
vn 0.938094 -0.346381 -0.000827
vn 1.000000 -0.000003 -0.000000
vn 1.000000 -0.000003 -0.000000
vn 0.000000 -0.275832 0.961206
vn 0.000000 -0.276705 0.960955
vn 0.000000 -0.009799 0.999952
vn 0.000000 -0.009799 0.999952
vn -1.000000 0.000000 0.000000
vn -1.000000 0.000000 0.000000
vn -0.937169 -0.348874 -0.000832
vn -0.986963 -0.160950 -0.000383
vn 0.000000 -0.006583 0.999978
vn 0.000000 -0.006583 0.999978
vn 0.000000 -0.222031 0.975040
vn 0.000000 -0.424198 0.905569
vn -1.000000 0.000000 0.000001
vn -1.000000 0.000000 0.000001
vn -0.920573 -0.390568 -0.001578
vn -0.976944 -0.213493 -0.000862
vn 0.000000 0.000001 1.000000
vn 0.000000 0.000001 1.000000
vn 0.000000 -0.163528 0.986539
vn 0.000000 -0.380983 0.924582
vn -0.931053 -0.364885 0.000001
vn -0.972750 -0.231858 0.000001
vn -0.956621 -0.291334 0.000001
vn -0.962708 -0.270544 0.000001
vn 0.972750 -0.231858 -0.000000
vn 0.931052 -0.364887 0.000001
vn 0.962707 -0.270545 0.000001
vn 0.956621 -0.291335 -0.000000
vn 0.000000 -0.104843 0.994489
vn 0.000000 -0.261729 0.965141
vn 0.000000 -0.163530 0.986538
vn 0.000000 -0.380637 0.924725
vn 0.964257 -0.264966 -0.001070
vn 0.990827 -0.135133 -0.000546
vn 0.921514 -0.388341 -0.001569
vn 0.977380 -0.211490 -0.000855
vn -0.000002 -0.146848 0.989159
vn -0.000002 -0.295976 0.955195
vn -0.000002 -0.222791 0.974866
vn -0.000001 -0.423744 0.905782
vn 0.972438 -0.233162 -0.000557
vn 0.995102 -0.098850 -0.000236
vn 0.938094 -0.346381 -0.000827
vn 0.987265 -0.159082 -0.000380
vn 0.000000 -0.317434 0.948281
vn 0.000000 -0.317007 0.948423
vn 0.000000 -0.276705 0.960955
vn 0.000000 -0.275832 0.961206
vn -0.986963 -0.160950 -0.000383
vn -0.937169 -0.348874 -0.000832
vn -0.994985 -0.100027 -0.000239
vn -0.972010 -0.234941 -0.000560
vn 0.000000 -0.424198 0.905569
vn 0.000000 -0.222031 0.975040
vn 0.000000 -0.296318 0.955089
vn 0.000000 -0.146283 0.989243
vn -0.976944 -0.213493 -0.000862
vn -0.920573 -0.390568 -0.001578
vn -0.990649 -0.136432 -0.000552
vn -0.963807 -0.266598 -0.001078
vn 0.000000 -0.380983 0.924582
vn 0.000000 -0.163528 0.986539
vn 0.000000 -0.261730 0.965141
vn 0.000000 -0.104398 0.994536
vn 1.000000 0.000000 -0.000000
vn 1.000000 0.000000 -0.000000
vn 1.000000 0.000000 -0.000000
vn 1.000000 0.000000 -0.000000
vn -1.000000 0.000000 0.000000
vn -1.000000 0.000000 0.000000
vn -1.000000 0.000000 0.000000
vn -1.000000 0.000000 0.000000
vn -0.999988 -0.004935 0.000000
vn -1.000000 0.000000 0.000000
vn -1.000000 0.000000 0.000000
vn -0.999988 -0.004935 0.000000
vn -0.980528 -0.196378 0.000000
vn -0.999988 -0.004935 0.000000
vn -0.999988 -0.004935 0.000000
vn -0.980528 -0.196378 0.000000
vn 0.000001 0.000000 -1.000000
vn 0.000001 0.000000 -1.000000
vn 0.000001 0.000000 -1.000000
vn 0.000001 0.000000 -1.000000
vn 0.000000 0.000000 -1.000000
vn 0.000001 0.000000 -1.000000
vn 0.000001 0.000000 -1.000000
vn 0.000000 0.000000 -1.000000
vn -0.999945 -0.010513 0.000000
vn -0.999980 -0.006361 0.000000
vn -0.999980 -0.006361 0.000000
vn -0.999945 -0.010513 0.000000
vn -0.980925 -0.194386 0.000000
vn -0.999945 -0.010513 0.000000
vn -0.999945 -0.010513 0.000000
vn -0.980925 -0.194386 0.000000
vn 0.000000 0.000000 -1.000000
vn 0.000000 0.000000 -1.000000
vn 0.000000 0.000000 -1.000000
vn 0.000000 0.000000 -1.000000
vn -0.000001 0.000000 -1.000000
vn 0.000000 0.000000 -1.000000
vn 0.000000 0.000000 -1.000000
vn -0.000001 0.000000 -1.000000
vn 0.000000 0.000000 -1.000000
vn 0.000000 0.000000 -1.000000
vn 0.000000 0.000000 -1.000000
vn 0.000000 0.000000 -1.000000
vn 0.000000 0.000000 -1.000000
vn 0.000000 0.000000 -1.000000
vn 0.000000 0.000000 -1.000000
vn 0.000000 0.000000 -1.000000
vn 0.000000 0.000000 -1.000000
vn 0.000000 0.000000 -1.000000
vn 0.000000 0.000000 -1.000000
vn 0.000000 0.000000 -1.000000
vn 0.000000 0.000000 -1.000000
vn 0.000000 0.000000 -1.000000
vn 0.000000 0.000000 -1.000000
vn 0.000000 0.000000 -1.000000
vn 0.999988 -0.004935 0.000000
vn 0.999988 -0.004935 0.000000
vn 1.000000 0.000000 0.000000
vn 1.000000 0.000000 0.000000
vn 0.980528 -0.196378 0.000000
vn 0.980528 -0.196378 0.000000
vn 0.999988 -0.004935 0.000000
vn 0.999988 -0.004935 0.000000
vn -0.000002 0.000000 -1.000000
vn -0.000002 0.000000 -1.000000
vn -0.000002 0.000000 -1.000000
vn -0.000002 0.000000 -1.000000
vn 0.000000 0.000000 -1.000000
vn 0.000000 0.000000 -1.000000
vn -0.000002 0.000000 -1.000000
vn -0.000002 0.000000 -1.000000
vn 0.999945 -0.010513 0.000000
vn 0.999945 -0.010513 0.000000
vn 0.999980 -0.006361 0.000000
vn 0.999980 -0.006361 0.000000
vn 0.980925 -0.194386 0.000000
vn 0.980925 -0.194386 0.000000
vn 0.999945 -0.010513 0.000000
vn 0.999945 -0.010513 0.000000
vn 0.000000 0.000000 -1.000000
vn 0.000000 0.000000 -1.000000
vn 0.000000 0.000000 -1.000000
vn 0.000000 0.000000 -1.000000
vn 0.000001 0.000000 -1.000000
vn 0.000001 0.000000 -1.000000
vn 0.000000 0.000000 -1.000000
vn 0.000000 0.000000 -1.000000
vn 0.999988 -0.004935 0.000000
vn 1.000000 0.000000 0.000000
vn 1.000000 0.000000 0.000000
vn 0.999988 -0.004935 0.000000
vn 0.980528 -0.196378 0.000000
vn 0.999988 -0.004935 0.000000
vn 0.999988 -0.004935 0.000000
vn 0.980528 -0.196378 0.000000
vn 0.000000 0.000000 1.000000
vn 0.000000 0.000000 1.000000
vn 0.000000 0.000000 1.000000
vn 0.000000 0.000000 1.000000
vn 0.000001 0.000000 1.000000
vn 0.000000 0.000000 1.000000
vn 0.000000 0.000000 1.000000
vn 0.000001 0.000000 1.000000
vn 0.999945 -0.010513 0.000000
vn 0.999980 -0.006361 0.000000
vn 0.999980 -0.006361 0.000000
vn 0.999945 -0.010513 0.000000
vn 0.980925 -0.194386 0.000000
vn 0.999945 -0.010513 0.000000
vn 0.999945 -0.010513 0.000000
vn 0.980925 -0.194386 0.000000
vn 0.000000 0.000000 1.000000
vn 0.000000 0.000000 1.000000
vn 0.000000 0.000000 1.000000
vn 0.000000 0.000000 1.000000
vn 0.000000 0.000000 1.000000
vn 0.000000 0.000000 1.000000
vn 0.000000 0.000000 1.000000
vn 0.000000 0.000000 1.000000
vn 0.000001 0.000000 1.000000
vn 0.000000 0.000000 1.000000
vn 0.000000 0.000000 1.000000
vn 0.000000 0.000000 1.000000
vn 0.000000 0.000000 1.000000
vn 0.000000 0.000000 1.000000
vn 0.000000 0.000000 1.000000
vn 0.000000 0.000000 1.000000
vn 0.000000 0.000000 1.000000
vn 0.000000 0.000000 1.000000
vn 0.000000 0.000000 1.000000
vn 0.000000 0.000000 1.000000
vn 0.000000 0.000000 1.000000
vn 0.000000 0.000000 1.000000
vn 0.000000 0.000000 1.000000
vn 0.000000 0.000000 1.000000
vn -0.999988 -0.004935 0.000000
vn -0.999988 -0.004935 0.000000
vn -1.000000 0.000000 0.000000
vn -1.000000 0.000000 0.000000
vn -0.980528 -0.196378 0.000000
vn -0.980528 -0.196378 0.000000
vn -0.999988 -0.004935 0.000000
vn -0.999988 -0.004935 0.000000
vn 0.000000 0.000000 1.000000
vn 0.000000 0.000000 1.000000
vn 0.000000 0.000000 1.000000
vn 0.000000 0.000000 1.000000
vn 0.000000 0.000000 1.000000
vn 0.000000 0.000000 1.000000
vn 0.000000 0.000000 1.000000
vn 0.000000 0.000000 1.000000
vn -0.999945 -0.010513 0.000000
vn -0.999945 -0.010513 0.000000
vn -0.999980 -0.006361 0.000000
vn -0.999980 -0.006361 0.000000
vn -0.980925 -0.194386 0.000000
vn -0.980925 -0.194386 0.000000
vn -0.999945 -0.010513 0.000000
vn -0.999945 -0.010513 0.000000
vn 0.000000 0.000000 1.000000
vn 0.000000 0.000000 1.000000
vn 0.000000 0.000000 1.000000
vn 0.000000 0.000000 1.000000
vn 0.000000 0.000000 1.000000
vn 0.000000 0.000000 1.000000
vn 0.000000 0.000000 1.000000
vn 0.000000 0.000000 1.000000
vn 0.999955 -0.009470 0.000000
vn 0.999914 -0.013144 0.000000
vn 0.999914 -0.013144 0.000000
vn 0.999955 -0.009470 0.000000
vn 0.999914 -0.013144 0.000000
vn 0.981278 -0.192598 0.000000
vn 0.981278 -0.192598 0.000000
vn 0.999914 -0.013144 0.000000
vn 0.981278 -0.192598 0.000000
vn 0.948617 -0.316427 -0.000001
vn 0.948617 -0.316427 -0.000001
vn 0.981278 -0.192598 0.000000
vn -0.981278 -0.192598 0.000000
vn -0.999914 -0.013144 0.000000
vn -0.999914 -0.013144 0.000000
vn -0.981278 -0.192598 0.000000
vn -0.999914 -0.013144 0.000000
vn -0.999955 -0.009470 0.000000
vn -0.999955 -0.009470 0.000000
vn -0.999914 -0.013144 0.000000
vn 0.000000 0.000000 1.000000
vn 0.000000 0.000000 1.000000
vn 0.000000 0.000000 1.000000
vn 0.000000 0.000000 1.000000
vn 0.000000 0.000000 1.000000
vn 0.000000 0.000000 1.000000
vn 0.000000 0.000000 1.000000
vn 0.000000 0.000000 1.000000
vn 0.000000 0.000000 1.000000
vn 0.000000 0.000000 1.000000
vn 0.000000 0.000000 1.000000
vn 0.000000 0.000000 1.000000
vn 0.000000 0.000000 -1.000000
vn 0.000000 0.000000 -1.000000
vn 0.000000 0.000000 -1.000000
vn 0.000000 0.000000 -1.000000
vn 0.000000 0.000000 -1.000000
vn 0.000000 0.000000 -1.000000
vn 0.000000 0.000000 -1.000000
vn 0.000000 0.000000 -1.000000
vn 0.000000 0.000000 -1.000000
vn 0.000000 0.000000 -1.000000
vn 0.000000 0.000000 -1.000000
vn 0.000000 0.000000 -1.000000
vn -0.949145 -0.314839 0.000016
vn -0.949145 -0.314839 0.000016
vn -0.980528 -0.196378 0.000000
vn -0.980528 -0.196378 0.000000
vn 0.000000 0.000000 -1.000000
vn 0.000000 0.000000 -1.000000
vn 0.000000 0.000000 -1.000000
vn 0.000000 0.000000 -1.000000
vn -0.948870 -0.315668 0.000005
vn -0.948870 -0.315668 0.000005
vn -0.980925 -0.194386 0.000000
vn -0.980925 -0.194386 0.000000
vn 0.000000 0.000000 -1.000000
vn 0.000000 0.000000 -1.000000
vn -0.000001 0.000000 -1.000000
vn -0.000001 0.000000 -1.000000
vn -0.000008 0.000000 -1.000000
vn -0.000008 0.000000 -1.000000
vn 0.000000 0.000000 -1.000000
vn 0.000000 0.000000 -1.000000
vn -0.000007 0.000000 -1.000000
vn -0.000007 0.000000 -1.000000
vn 0.000000 0.000000 -1.000000
vn 0.000000 0.000000 -1.000000
vn 0.949138 -0.314862 0.000018
vn 0.949138 -0.314862 0.000018
vn 0.980528 -0.196378 0.000000
vn 0.980528 -0.196378 0.000000
vn 0.000010 0.000000 -1.000000
vn 0.000010 0.000000 -1.000000
vn 0.000000 0.000000 -1.000000
vn 0.000000 0.000000 -1.000000
vn 0.948872 -0.315661 0.000000
vn 0.948872 -0.315661 0.000000
vn 0.980925 -0.194386 0.000000
vn 0.980925 -0.194386 0.000000
vn 0.000000 0.000000 -1.000000
vn 0.000000 0.000000 -1.000000
vn 0.000001 0.000000 -1.000000
vn 0.000001 0.000000 -1.000000
vn 0.949139 -0.314856 0.000000
vn 0.949139 -0.314856 0.000000
vn 0.980528 -0.196378 0.000000
vn 0.980528 -0.196378 0.000000
vn 0.000014 0.000000 1.000000
vn 0.000014 0.000000 1.000000
vn 0.000001 0.000000 1.000000
vn 0.000001 0.000000 1.000000
vn 0.948873 -0.315659 0.000008
vn 0.948873 -0.315658 0.000008
vn 0.980925 -0.194386 0.000000
vn 0.980925 -0.194386 0.000000
vn -0.000015 -0.000014 1.000000
vn -0.000015 -0.000014 1.000000
vn 0.000000 0.000000 1.000000
vn 0.000000 0.000000 1.000000
vn 0.000000 0.000000 1.000000
vn 0.000000 0.000000 1.000000
vn 0.000000 0.000000 1.000000
vn 0.000001 0.000000 1.000000
vn 0.000000 0.000000 1.000000
vn 0.000000 0.000000 1.000000
vn 0.000000 0.000000 1.000000
vn 0.000000 0.000000 1.000000
vn -0.949140 -0.314855 0.000000
vn -0.949140 -0.314855 0.000000
vn -0.980528 -0.196378 0.000000
vn -0.980528 -0.196378 0.000000
vn 0.000000 0.000000 1.000000
vn 0.000000 0.000000 1.000000
vn 0.000000 0.000000 1.000000
vn 0.000000 0.000000 1.000000
vn -0.948878 -0.315645 0.000000
vn -0.948878 -0.315645 0.000000
vn -0.980925 -0.194386 0.000000
vn -0.980925 -0.194386 0.000000
vn 0.000000 -0.000012 1.000000
vn 0.000000 -0.000012 1.000000
vn 0.000000 0.000000 1.000000
vn 0.000000 0.000000 1.000000
vn -0.946462 -0.315718 -0.067315
vn -0.946462 -0.315718 -0.067315
vn -0.981278 -0.192598 0.000000
vn -0.981278 -0.192598 0.000000
vn 0.246239 0.966478 0.072711
vn 0.246238 0.966478 0.072711
vn 0.246238 0.966478 0.072711
vn 0.018780 0.922403 0.385771
vn 0.018780 0.922403 0.385771
vn 0.018780 0.922403 0.385771
vn 0.215782 0.973624 0.074126
vn 0.215782 0.973624 0.074126
vn 0.215782 0.973624 0.074126
vn 0.018258 0.896114 0.443447
vn 0.018258 0.896114 0.443447
vn 0.018258 0.896114 0.443447
vn 0.019133 0.939410 0.342262
vn 0.019133 0.939410 0.342262
vn 0.019133 0.939410 0.342262
vn 0.465768 0.645505 0.605296
vn 0.465768 0.645505 0.605296
vn 0.465768 0.645505 0.605296
vn 0.027728 0.996286 0.081517
vn 0.027728 0.996286 0.081517
vn 0.027728 0.996286 0.081517
vn 0.020345 0.997289 0.070724
vn 0.020345 0.997288 0.070724
vn 0.020345 0.997289 0.070724
vn 0.026725 0.996314 0.081511
vn 0.026725 0.996314 0.081511
vn 0.026725 0.996314 0.081511
vn 0.020345 0.997455 0.068329
vn 0.020345 0.997455 0.068329
vn 0.020345 0.997455 0.068329
vn 0.027768 0.996282 0.081553
vn 0.027768 0.996282 0.081553
vn 0.027768 0.996282 0.081553
vn 0.020284 0.995552 0.092005
vn 0.020284 0.995552 0.092005
vn 0.020284 0.995552 0.092005
vn 0.026729 0.996314 0.081512
vn 0.026729 0.996314 0.081512
vn 0.026729 0.996314 0.081512
vn 0.020286 0.995326 0.094414
vn 0.020286 0.995326 0.094414
vn 0.020286 0.995326 0.094414
vn 0.020290 0.995708 0.090303
vn 0.020290 0.995708 0.090303
vn 0.020290 0.995708 0.090303
vn 0.020294 0.995708 0.090303
vn 0.020294 0.995708 0.090303
vn 0.020294 0.995708 0.090303
vn 0.012851 0.996583 0.081594
vn 0.012851 0.996583 0.081594
vn 0.012851 0.996583 0.081594
vn 0.020304 0.995552 0.092004
vn 0.020304 0.995552 0.092004
vn 0.020304 0.995552 0.092004
vn 0.013907 0.996567 0.081612
vn 0.013907 0.996567 0.081612
vn 0.013907 0.996567 0.081612
vn 0.020268 0.995339 0.094288
vn 0.020268 0.995339 0.094288
vn 0.020268 0.995339 0.094288
vn 0.026063 0.996332 0.081505
vn 0.026063 0.996332 0.081505
vn 0.026063 0.996332 0.081505
vn 0.102739 0.954717 0.279213
vn 0.102739 0.954717 0.279213
vn 0.102739 0.954717 0.279213
vn 0.020295 0.995708 0.090302
vn 0.020295 0.995708 0.090302
vn 0.020295 0.995708 0.090302
vn 0.019145 0.939411 0.342257
vn 0.019145 0.939411 0.342257
vn 0.019145 0.939412 0.342257
vn 0.000000 0.000000 1.000000
vn 0.000000 0.000000 1.000000
vn 0.000000 0.000000 1.000000
vn 0.000000 0.000000 1.000000
vn 0.000000 1.000000 0.000000
vn 0.000000 1.000000 0.000000
vn 0.000000 0.762215 -0.647324
vn 0.000000 0.762215 -0.647324
vn 0.000000 0.452025 -0.892005
vn 0.000000 0.452025 -0.892005
vn 0.000000 0.452025 -0.892005
vn 0.000000 0.452025 -0.892005
vn 0.000000 -1.000000 0.000000
vn 0.000000 -1.000000 0.000000
vn 0.000000 -1.000000 0.000000
vn 0.000000 -1.000000 0.000000
vn 1.000000 0.000000 0.000000
vn 1.000000 0.000000 0.000000
vn 1.000000 0.000000 0.000000
vn 1.000000 0.000000 0.000000
vn -1.000000 0.000000 0.000000
vn -1.000000 0.000000 0.000000
vn -1.000000 0.000000 0.000000
vn -1.000000 0.000000 0.000000
vn -1.000000 0.000000 0.000000
vn -1.000000 0.000000 0.000000
vn -1.000000 0.000000 0.000000
vn -1.000000 0.000000 0.000000
vn 0.000000 -1.000000 0.000000
vn 0.000000 -1.000000 0.000000
vn 0.000000 -1.000000 0.000000
vn 0.000000 -1.000000 0.000000
vn 1.000000 -0.000000 0.000000
vn 1.000000 -0.000000 0.000000
vn 1.000000 -0.000000 0.000000
vn 1.000000 -0.000000 0.000000
vn 0.000000 0.685719 -0.727867
vn 0.000000 0.685719 -0.727867
vn 0.000000 0.918554 -0.395295
vn 0.000000 0.918554 -0.395295
vn -1.000000 0.000000 0.000000
vn -1.000000 0.000000 0.000000
vn 0.000000 -1.000000 0.000000
vn 0.000000 -1.000000 0.000000
vn 1.000000 0.000000 0.000000
vn 1.000000 0.000000 0.000000
vn 0.000000 0.509226 -0.860633
vn 0.000000 0.509226 -0.860633
vn 1.000000 0.000000 0.000000
vn 1.000000 0.000000 0.000000
vn 1.000000 0.000000 0.000000
vn 1.000000 0.000000 0.000000
vn 0.000000 0.608153 0.793820
vn 0.000000 0.456342 0.889804
vn 0.000000 0.456342 0.889804
vn 0.000000 0.608153 0.793820
vn -1.000000 0.000000 0.000000
vn -1.000000 0.000000 0.000000
vn -1.000000 0.000000 0.000000
vn -1.000000 0.000000 0.000000
vn 0.000000 0.000000 1.000000
vn 0.000000 0.000000 1.000000
vn 0.000000 0.000000 1.000000
vn 0.000000 0.000000 1.000000
vn 1.000000 0.000000 0.000000
vn 1.000000 0.000000 0.000000
vn 0.000000 0.340021 0.940418
vn 0.000000 0.340021 0.940418
vn -1.000000 0.000000 0.000000
vn -1.000000 0.000000 0.000000
vn 1.000000 0.000000 0.000000
vn 1.000000 0.000000 0.000000
vn 0.000000 0.587858 0.808964
vn 0.000000 0.587858 0.808964
vn 0.000000 0.587858 0.808964
vn 0.000000 0.587858 0.808964
vn -1.000000 0.000000 0.000000
vn -1.000000 0.000000 0.000000
vn 0.000000 0.000000 1.000000
vn 0.000000 0.000000 1.000000
vn 0.000000 -0.141867 0.989886
vn 0.000000 -0.141867 0.989886
vn 1.000000 0.000000 0.000000
vn 1.000000 0.000000 0.000000
vn 1.000000 0.000000 0.000000
vn 1.000000 0.000000 0.000000
vn -1.000000 0.000000 0.000000
vn -1.000000 0.000000 0.000000
vn -1.000000 0.000000 0.000000
vn -1.000000 0.000000 0.000000
vn 0.000000 -0.345023 0.938594
vn 0.000000 -0.345023 0.938594
vn -1.000000 0.000000 0.000000
vn -1.000000 0.000000 0.000000
vn 1.000000 0.000000 0.000000
vn 1.000000 0.000000 0.000000
vn 0.000000 0.000000 1.000000
vn 0.000000 0.000000 1.000000
vn 0.000000 0.000000 1.000000
vn 0.000000 0.000000 1.000000
vn 0.000000 1.000000 0.000000
vn 0.000000 1.000000 0.000000
vn 0.000000 1.000000 0.000000
vn 0.000000 1.000000 0.000000
vn 0.000000 0.000000 -1.000000
vn 0.000000 0.000000 -1.000000
vn 0.000000 0.000000 -1.000000
vn 0.000000 0.000000 -1.000000
vn 0.000000 -1.000000 0.000000
vn 0.000000 -1.000000 0.000000
vn 0.000000 -1.000000 0.000000
vn 0.000000 -1.000000 0.000000
vn 1.000000 0.000000 0.000000
vn 1.000000 0.000000 0.000000
vn 1.000000 0.000000 0.000000
vn 1.000000 0.000000 0.000000
vn -1.000000 0.000000 0.000000
vn -1.000000 0.000000 0.000000
vn -1.000000 0.000000 0.000000
vn -1.000000 0.000000 0.000000
vn 0.000000 0.000000 1.000000
vn 0.000000 0.000000 1.000000
vn 0.000000 0.000000 1.000000
vn 0.000000 0.000000 1.000000
vn 0.000000 1.000000 0.000000
vn 0.000000 1.000000 0.000000
vn 0.000000 1.000000 0.000000
vn 0.000000 1.000000 0.000000
vn 0.000000 0.000000 -1.000000
vn 0.000000 0.000000 -1.000000
vn 0.000000 0.000000 -1.000000
vn 0.000000 0.000000 -1.000000
vn 0.000000 -1.000000 0.000000
vn 0.000000 -1.000000 0.000000
vn 0.000000 -1.000000 0.000000
vn 0.000000 -1.000000 0.000000
vn 1.000000 0.000000 0.000000
vn 1.000000 0.000000 0.000000
vn 1.000000 0.000000 0.000000
vn 1.000000 0.000000 0.000000
vn -1.000000 0.000000 0.000000
vn -1.000000 0.000000 0.000000
vn -1.000000 0.000000 0.000000
vn -1.000000 0.000000 0.000000
vn 0.000000 1.000000 0.000000
vn 0.000000 1.000000 0.000000
vn 0.000000 1.000000 0.000001
vn 0.000000 1.000000 0.000001
vn -0.852625 -0.215579 0.475979
vn -0.879990 -0.232030 0.414464
vn -0.950323 -0.309833 -0.029816
vn -0.950323 -0.309833 -0.029816
vn 0.000000 1.000000 -0.000000
vn 0.000000 1.000000 -0.000000
vn -0.800271 -0.086109 0.593424
vn -0.800271 -0.086109 0.593424
vn 0.000000 1.000000 0.000000
vn 0.000000 1.000000 0.000000
vn -0.943047 0.000000 0.332660
vn -0.943047 0.000000 0.332660
vn 0.000000 -1.000000 0.000000
vn 0.000000 -1.000000 0.000000
vn 0.000000 -1.000000 0.000000
vn 0.000000 -1.000000 0.000000
vn 0.000000 -1.000000 0.000000
vn 0.000000 -1.000000 0.000000
vn 0.000000 -1.000000 0.000001
vn 0.000000 -1.000000 0.000001
vn 1.000000 0.000000 0.000000
vn 1.000000 0.000000 0.000000
vn 1.000000 0.000000 0.000000
vn 1.000000 0.000000 0.000000
vn 0.000000 1.000000 0.000000
vn 0.000000 1.000000 0.000000
vn 0.000000 1.000000 0.000000
vn 0.000000 1.000000 0.000000
vn 0.000000 -1.000000 0.000000
vn 0.000000 -1.000000 0.000000
vn 0.000000 -1.000000 0.000000
vn 0.000000 -1.000000 0.000000
vn 0.552266 0.000000 0.833668
vn 0.552266 0.000000 0.833668
vn 0.630691 0.000000 0.776034
vn 0.630691 0.000000 0.776034
vn 0.000000 1.000000 0.000000
vn 0.000000 1.000000 0.000000
vn 0.272893 0.000000 0.962044
vn 0.272893 0.000000 0.962044
vn 0.000000 -1.000000 0.000000
vn 0.000000 -1.000000 0.000000
vn 0.000001 -0.264977 0.964255
vn 0.000001 0.000000 1.000000
vn 0.000001 0.000000 1.000000
vn 0.000001 -0.331286 0.943530
vn -0.000001 0.000000 1.000000
vn -0.000001 -0.264977 0.964255
vn -0.000001 -0.331285 0.943531
vn -0.000001 0.000000 1.000000
vn -1.000000 0.000001 0.000000
vn -1.000000 0.000001 0.000000
vn -0.965141 -0.261729 0.000000
vn -0.994536 -0.104397 0.000000
vn -0.000001 0.000000 1.000000
vn -0.000001 0.000000 1.000000
vn 0.000633 -0.156815 0.987628
vn 0.001227 -0.303829 0.952726
vn -0.999980 -0.006361 -0.000001
vn -0.999980 -0.006361 -0.000001
vn -0.955090 -0.296317 -0.000001
vn -0.989243 -0.146282 -0.000001
vn 0.000000 -0.000001 1.000000
vn 0.000000 -0.000001 1.000000
vn 0.000275 -0.115136 0.993350
vn 0.000641 -0.268438 0.963297
vn -0.999955 -0.009468 0.000000
vn -0.999955 -0.009468 0.000000
vn -0.948281 -0.317433 0.000000
vn -0.948423 -0.317008 0.000000
vn 0.000635 -0.266442 -0.963851
vn 0.000271 -0.113783 -0.993506
vn 0.000000 0.000000 -1.000000
vn 0.000000 0.000000 -1.000000
vn -0.989159 -0.146849 0.000000
vn -0.955195 -0.295978 0.000000
vn -0.999980 -0.006361 0.000000
vn -0.999980 -0.006361 0.000000
vn 0.001220 -0.302011 -0.953304
vn 0.000628 -0.155329 -0.987863
vn 0.000000 0.000002 -1.000000
vn 0.000000 0.000002 -1.000000
vn -0.994489 -0.104843 -0.000003
vn -0.965141 -0.261729 -0.000003
vn -1.000000 0.000000 -0.000003
vn -1.000000 0.000000 -0.000003
vn -0.000001 -0.331286 -0.943530
vn -0.000001 -0.264977 -0.964255
vn -0.000001 0.000001 -1.000000
vn -0.000001 0.000001 -1.000000
vn 0.000000 0.000000 -1.000000
vn 0.000000 -0.264978 -0.964254
vn 0.000000 -0.331286 -0.943530
vn 0.000000 0.000000 -1.000000
vn 1.000000 0.000001 0.000000
vn 1.000000 0.000001 0.000000
vn 0.965141 -0.261729 0.000000
vn 0.994489 -0.104843 0.000000
vn 0.000000 0.000000 -1.000000
vn 0.000000 0.000000 -1.000000
vn -0.000628 -0.155329 -0.987863
vn -0.001220 -0.302010 -0.953304
vn 0.999980 -0.006362 0.000002
vn 0.999980 -0.006362 0.000002
vn 0.955195 -0.295976 0.000002
vn 0.989159 -0.146848 0.000002
vn 0.000000 0.000002 -1.000000
vn 0.000000 0.000002 -1.000000
vn -0.000272 -0.113782 -0.993506
vn -0.000636 -0.266441 -0.963851
vn 0.999955 -0.009468 0.000000
vn 0.999955 -0.009468 0.000000
vn 0.948423 -0.317007 0.000000
vn 0.948281 -0.317434 0.000000
vn -0.000640 -0.268436 0.963297
vn -0.000275 -0.115133 0.993350
vn -0.000001 0.000000 1.000000
vn -0.000001 0.000000 1.000000
vn 0.989243 -0.146283 0.000000
vn 0.955089 -0.296318 0.000000
vn 0.999980 -0.006361 0.000000
vn 0.999980 -0.006361 0.000000
vn -0.001228 -0.303828 0.952726
vn -0.000634 -0.156814 0.987628
vn 0.000000 0.000000 1.000000
vn 0.000000 0.000000 1.000000
vn 0.994536 -0.104398 0.000000
vn 0.965141 -0.261730 0.000000
vn 1.000000 0.000000 0.000000
vn 1.000000 0.000000 0.000000
vn 0.000000 1.000000 0.000000
vn 0.000000 1.000000 0.000000
vn 0.000000 1.000000 -0.000001
vn 0.000000 1.000000 -0.000001
vn 0.000000 -1.000000 0.000001
vn 0.000000 -1.000000 0.000001
vn 0.000000 -1.000000 0.000001
vn 0.000000 -1.000000 0.000001
vn 0.000000 1.000000 -0.000001
vn 0.000000 1.000000 -0.000001
vn 0.000000 1.000000 -0.000001
vn 0.000000 1.000000 -0.000001
vn 0.000000 -1.000000 0.000001
vn 0.000000 -1.000000 0.000000
vn 0.000000 -1.000000 0.000000
vn 0.000000 -1.000000 0.000001
vn 0.001110 -0.999999 0.000551
vn 0.000000 -1.000000 0.000000
vn 0.000000 -1.000000 0.000000
vn 0.001201 -0.999999 0.000596
vn 0.000000 1.000000 -0.000001
vn -0.001187 0.999999 -0.000950
vn -0.001278 0.999999 -0.001022
vn 0.000000 1.000000 -0.000001
vn 0.002348 -0.999997 0.000577
vn 0.001110 -0.999999 0.000551
vn 0.001201 -0.999999 0.000596
vn 0.002365 -0.999997 0.000484
vn -0.001187 0.999999 -0.000950
vn -0.001914 0.999998 -0.000979
vn -0.001825 0.999998 -0.000803
vn -0.001278 0.999999 -0.001022
vn 0.002077 -0.999998 -0.000754
vn 0.002348 -0.999997 0.000577
vn 0.002365 -0.999997 0.000484
vn 0.001941 -0.999998 -0.001027
vn -0.001914 0.999998 -0.000979
vn -0.001416 0.999999 0.000124
vn -0.001416 0.999999 0.000181
vn -0.001825 0.999998 -0.000803
vn 0.003223 -0.999995 -0.000172
vn 0.002077 -0.999998 -0.000754
vn 0.001941 -0.999998 -0.001027
vn 0.003294 -0.999995 -0.000094
vn -0.001416 0.999999 0.000124
vn -0.001881 0.999998 0.000030
vn -0.001900 0.999998 0.000015
vn -0.001416 0.999999 0.000181
vn 0.003223 -0.999995 0.000173
vn 0.003223 -0.999995 -0.000172
vn 0.003294 -0.999995 -0.000094
vn 0.003294 -0.999995 0.000095
vn -0.001881 0.999998 0.000030
vn -0.001881 0.999998 -0.000029
vn -0.001900 0.999998 -0.000014
vn -0.001900 0.999998 0.000015
vn -0.001881 0.999998 -0.000029
vn -0.001416 0.999999 -0.000125
vn -0.001414 0.999999 -0.000183
vn -0.001900 0.999998 -0.000014
vn 0.002077 -0.999998 0.000754
vn 0.003223 -0.999995 0.000173
vn 0.003294 -0.999995 0.000095
vn 0.001941 -0.999998 0.001027
vn -0.001416 0.999999 -0.000125
vn -0.001915 0.999998 0.000981
vn -0.001825 0.999998 0.000804
vn -0.001414 0.999999 -0.000183
vn 0.002348 -0.999997 -0.000577
vn 0.002077 -0.999998 0.000754
vn 0.001941 -0.999998 0.001027
vn 0.002365 -0.999997 -0.000484
vn -0.001915 0.999998 0.000981
vn -0.001170 0.999999 0.000936
vn -0.001262 0.999999 0.001009
vn -0.001825 0.999998 0.000804
vn 0.001095 -0.999999 -0.000544
vn 0.002348 -0.999997 -0.000577
vn 0.002365 -0.999997 -0.000484
vn 0.001187 -0.999999 -0.000589
vn -0.001170 0.999999 0.000936
vn 0.000000 1.000000 0.000000
vn 0.000000 1.000000 0.000000
vn -0.001262 0.999999 0.001009
vn 0.000001 -1.000000 -0.000001
vn 0.001095 -0.999999 -0.000544
vn 0.001187 -0.999999 -0.000589
vn 0.000001 -1.000000 -0.000001
vn 0.000000 1.000000 0.000000
vn 0.000000 1.000000 0.000000
vn 0.000000 1.000000 0.000000
vn 0.000000 1.000000 0.000000
vn 0.000001 -1.000000 -0.000001
vn 0.000000 -1.000000 -0.000001
vn 0.000000 -1.000000 -0.000001
vn 0.000001 -1.000000 -0.000001
vn 0.000000 1.000000 0.000000
vn 0.000000 1.000000 0.000000
vn 0.000000 1.000000 0.000000
vn 0.000000 1.000000 0.000000
vn 0.000000 -1.000000 -0.000001
vn 0.000000 -1.000000 0.000000
vn 0.000000 -1.000000 0.000000
vn 0.000000 -1.000000 -0.000001
vn -0.001096 -0.999999 -0.000544
vn 0.000000 -1.000000 0.000000
vn 0.000000 -1.000000 0.000000
vn -0.001188 -0.999999 -0.000589
vn 0.000000 1.000000 0.000000
vn 0.001169 0.999999 0.000936
vn 0.001261 0.999999 0.001009
vn 0.000000 1.000000 0.000000
vn -0.002349 -0.999997 -0.000575
vn -0.001096 -0.999999 -0.000544
vn -0.001188 -0.999999 -0.000589
vn -0.002366 -0.999997 -0.000482
vn 0.001169 0.999999 0.000936
vn 0.001913 0.999998 0.000978
vn 0.001824 0.999998 0.000801
vn 0.001261 0.999999 0.001009
vn -0.002076 -0.999998 0.000755
vn -0.002349 -0.999997 -0.000575
vn -0.002366 -0.999997 -0.000482
vn -0.001940 -0.999998 0.001027
vn 0.001913 0.999998 0.000978
vn 0.001416 0.999999 -0.000124
vn 0.001414 0.999999 -0.000181
vn 0.001824 0.999998 0.000801
vn -0.003223 -0.999995 0.000172
vn -0.002076 -0.999998 0.000755
vn -0.001940 -0.999998 0.001027
vn -0.003293 -0.999995 0.000094
vn 0.001416 0.999999 -0.000124
vn 0.001881 0.999998 -0.000029
vn 0.001900 0.999998 -0.000014
vn 0.001414 0.999999 -0.000181
vn -0.003223 -0.999995 -0.000173
vn -0.003223 -0.999995 0.000172
vn -0.003293 -0.999995 0.000094
vn -0.003294 -0.999995 -0.000095
vn 0.001881 0.999998 -0.000029
vn 0.001881 0.999998 0.000029
vn 0.001900 0.999998 0.000014
vn 0.001900 0.999998 -0.000014
vn 0.001881 0.999998 0.000029
vn 0.001416 0.999999 0.000125
vn 0.001414 0.999999 0.000183
vn 0.001900 0.999998 0.000014
vn -0.002077 -0.999998 -0.000754
vn -0.003223 -0.999995 -0.000173
vn -0.003294 -0.999995 -0.000095
vn -0.001941 -0.999998 -0.001027
vn 0.001416 0.999999 0.000125
vn 0.001914 0.999998 -0.000979
vn 0.001825 0.999998 -0.000803
vn 0.001414 0.999999 0.000183
vn -0.002349 -0.999997 0.000578
vn -0.002077 -0.999998 -0.000754
vn -0.001941 -0.999998 -0.001027
vn -0.002366 -0.999997 0.000485
vn 0.001914 0.999998 -0.000979
vn 0.001187 0.999999 -0.000950
vn 0.001278 0.999999 -0.001022
vn 0.001825 0.999998 -0.000803
vn -0.001111 -0.999999 0.000552
vn -0.002349 -0.999997 0.000578
vn -0.002366 -0.999997 0.000485
vn -0.001202 -0.999999 0.000598
vn 0.001187 0.999999 -0.000950
vn 0.000000 1.000000 0.000000
vn 0.000000 1.000000 0.000000
vn 0.001278 0.999999 -0.001022
vn 0.000000 -1.000000 0.000001
vn -0.001111 -0.999999 0.000552
vn -0.001202 -0.999999 0.000598
vn 0.000000 -1.000000 0.000001
vn 0.000001 0.000000 1.000000
vn 0.000001 0.000000 1.000000
vn 0.000001 -0.411752 0.911296
vn 0.000001 -0.308220 0.951315
vn -0.000001 -0.411751 0.911296
vn -0.000001 0.000001 1.000000
vn -0.000001 0.000001 1.000000
vn -0.000001 -0.308219 0.951315
vn -0.924581 -0.380985 0.000000
vn -0.986538 -0.163530 0.000000
vn -1.000000 -0.000001 0.000000
vn -1.000000 -0.000001 0.000000
vn 0.000986 -0.244313 0.969696
vn 0.001775 -0.439392 0.898294
vn -0.000001 0.000000 1.000000
vn -0.000001 0.000000 1.000000
vn -0.905570 -0.424196 -0.000001
vn -0.975040 -0.222030 -0.000001
vn -0.999978 -0.006583 -0.000001
vn -0.999978 -0.006583 -0.000001
vn 0.000441 -0.184773 0.982781
vn 0.000942 -0.394393 0.918941
vn 0.000000 0.000004 1.000000
vn 0.000000 0.000004 1.000000
vn -0.960956 -0.276703 0.000000
vn -0.961206 -0.275830 0.000000
vn -0.999952 -0.009798 0.000000
vn -0.999952 -0.009798 0.000000
vn 0.000000 0.000000 -1.000000
vn 0.000000 0.000000 -1.000000
vn 0.000933 -0.391684 -0.920099
vn 0.000435 -0.182644 -0.983179
vn -0.999978 -0.006583 0.000000
vn -0.999978 -0.006583 0.000000
vn -0.974866 -0.222792 0.000000
vn -0.905782 -0.423745 0.000000
vn 0.000000 0.000000 -1.000000
vn 0.000000 0.000000 -1.000000
vn 0.001766 -0.437005 -0.899457
vn 0.000978 -0.242052 -0.970263
vn -1.000000 0.000000 -0.000003
vn -1.000000 0.000000 -0.000003
vn -0.986539 -0.163529 -0.000003
vn -0.924725 -0.380636 -0.000003
vn -0.000002 -0.000002 -1.000000
vn -0.000002 -0.000002 -1.000000
vn -0.000001 -0.411754 -0.911295
vn -0.000001 -0.308222 -0.951315
vn 0.000001 -0.411755 -0.911294
vn 0.000001 -0.000002 -1.000000
vn 0.000001 -0.000002 -1.000000
vn 0.000001 -0.308223 -0.951314
vn 0.924725 -0.380637 0.000000
vn 0.986538 -0.163530 0.000000
vn 1.000000 0.000000 0.000000
vn 1.000000 0.000000 0.000000
vn -0.000978 -0.242053 -0.970263
vn -0.001766 -0.437004 -0.899458
vn 0.000000 -0.000004 -1.000000
vn 0.000000 -0.000004 -1.000000
vn 0.905782 -0.423744 0.000002
vn 0.974866 -0.222791 0.000002
vn 0.999978 -0.006584 0.000002
vn 0.999978 -0.006584 0.000002
vn -0.000436 -0.182647 -0.983178
vn -0.000935 -0.391684 -0.920099
vn 0.000000 -0.000004 -1.000000
vn 0.000000 -0.000004 -1.000000
vn 0.961206 -0.275832 0.000000
vn 0.960955 -0.276705 0.000000
vn 0.999952 -0.009799 0.000000
vn 0.999952 -0.009799 0.000000
vn 0.000000 0.000000 1.000000
vn 0.000000 0.000000 1.000000
vn -0.000940 -0.394393 0.918941
vn -0.000440 -0.184773 0.982781
vn 0.999978 -0.006583 0.000000
vn 0.999978 -0.006583 0.000000
vn 0.975040 -0.222031 0.000000
vn 0.905569 -0.424198 0.000000
vn 0.000001 0.000000 1.000000
vn 0.000001 0.000000 1.000000
vn -0.001775 -0.439391 0.898294
vn -0.000986 -0.244313 0.969696
vn 1.000000 0.000001 0.000000
vn 1.000000 0.000001 0.000000
vn 0.986539 -0.163528 0.000000
vn 0.924582 -0.380983 0.000000
vn 0.000001 -0.411752 0.911296
vn 0.000001 -0.264977 0.964255
vn 0.000001 -0.331286 0.943530
vn 0.000001 -0.308220 0.951315
vn -0.000001 -0.264977 0.964255
vn -0.000001 -0.411751 0.911296
vn -0.000001 -0.308219 0.951315
vn -0.000001 -0.331285 0.943531
vn -0.994536 -0.104397 0.000000
vn -0.965141 -0.261729 0.000000
vn -0.986538 -0.163530 0.000000
vn -0.924581 -0.380985 0.000000
vn 0.001227 -0.303829 0.952726
vn 0.000633 -0.156815 0.987628
vn 0.001775 -0.439392 0.898294
vn 0.000986 -0.244313 0.969696
vn -0.989243 -0.146282 -0.000001
vn -0.955090 -0.296317 -0.000001
vn -0.975040 -0.222030 -0.000001
vn -0.905570 -0.424196 -0.000001
vn 0.000641 -0.268438 0.963297
vn 0.000275 -0.115136 0.993350
vn 0.000942 -0.394393 0.918941
vn 0.000441 -0.184773 0.982781
vn -0.948423 -0.317008 0.000000
vn -0.948281 -0.317433 0.000000
vn -0.961206 -0.275830 0.000000
vn -0.960956 -0.276703 0.000000
vn 0.000435 -0.182644 -0.983179
vn 0.000933 -0.391684 -0.920099
vn 0.000271 -0.113783 -0.993506
vn 0.000635 -0.266442 -0.963851
vn -0.905782 -0.423745 0.000000
vn -0.974866 -0.222792 0.000000
vn -0.955195 -0.295978 0.000000
vn -0.989159 -0.146849 0.000000
vn 0.000978 -0.242052 -0.970263
vn 0.001766 -0.437005 -0.899457
vn 0.000628 -0.155329 -0.987863
vn 0.001220 -0.302011 -0.953304
vn -0.924725 -0.380636 -0.000003
vn -0.986539 -0.163529 -0.000003
vn -0.965141 -0.261729 -0.000003
vn -0.994489 -0.104843 -0.000003
vn -0.000001 -0.308222 -0.951315
vn -0.000001 -0.411754 -0.911295
vn -0.000001 -0.264977 -0.964255
vn -0.000001 -0.331286 -0.943530
vn 0.000000 -0.264978 -0.964254
vn 0.000001 -0.411755 -0.911294
vn 0.000001 -0.308223 -0.951314
vn 0.000000 -0.331286 -0.943530
vn 0.994489 -0.104843 0.000000
vn 0.965141 -0.261729 0.000000
vn 0.986538 -0.163530 0.000000
vn 0.924725 -0.380637 0.000000
vn -0.001220 -0.302010 -0.953304
vn -0.000628 -0.155329 -0.987863
vn -0.001766 -0.437004 -0.899458
vn -0.000978 -0.242053 -0.970263
vn 0.989159 -0.146848 0.000002
vn 0.955195 -0.295976 0.000002
vn 0.974866 -0.222791 0.000002
vn 0.905782 -0.423744 0.000002
vn -0.000636 -0.266441 -0.963851
vn -0.000272 -0.113782 -0.993506
vn -0.000935 -0.391684 -0.920099
vn -0.000436 -0.182647 -0.983178
vn 0.948281 -0.317434 0.000000
vn 0.948423 -0.317007 0.000000
vn 0.960955 -0.276705 0.000000
vn 0.961206 -0.275832 0.000000
vn -0.000440 -0.184773 0.982781
vn -0.000940 -0.394393 0.918941
vn -0.000275 -0.115133 0.993350
vn -0.000640 -0.268436 0.963297
vn 0.905569 -0.424198 0.000000
vn 0.975040 -0.222031 0.000000
vn 0.955089 -0.296318 0.000000
vn 0.989243 -0.146283 0.000000
vn -0.000986 -0.244313 0.969696
vn -0.001775 -0.439391 0.898294
vn -0.000634 -0.156814 0.987628
vn -0.001228 -0.303828 0.952726
vn 0.924582 -0.380983 0.000000
vn 0.986539 -0.163528 0.000000
vn 0.965141 -0.261730 0.000000
vn 0.994536 -0.104398 0.000000
vn 0.000001 -0.264977 0.964255
vn 0.000001 0.000000 1.000000
vn 0.000001 0.000000 1.000000
vn 0.000001 -0.331285 0.943531
vn -0.000001 0.000000 1.000000
vn -0.000001 -0.264977 0.964255
vn -0.000001 -0.331285 0.943531
vn -0.000001 0.000000 1.000000
vn -1.000000 0.000001 0.000000
vn -1.000000 0.000001 0.000000
vn -0.965141 -0.261729 0.000000
vn -0.994536 -0.104397 0.000000
vn -0.000001 0.000000 1.000000
vn -0.000001 0.000000 1.000000
vn 0.000633 -0.156814 0.987628
vn 0.001227 -0.303828 0.952726
vn -0.999980 -0.006361 -0.000001
vn -0.999980 -0.006361 -0.000001
vn -0.955090 -0.296317 -0.000001
vn -0.989243 -0.146282 -0.000001
vn 0.000000 -0.000001 1.000000
vn 0.000000 -0.000001 1.000000
vn 0.000275 -0.115137 0.993350
vn 0.000641 -0.268439 0.963297
vn -0.999955 -0.009468 0.000000
vn -0.999955 -0.009468 0.000000
vn -0.948281 -0.317433 0.000000
vn -0.948423 -0.317008 0.000000
vn 0.000635 -0.266441 -0.963851
vn 0.000271 -0.113782 -0.993506
vn 0.000000 0.000000 -1.000000
vn 0.000000 0.000000 -1.000000
vn -0.989159 -0.146849 0.000000
vn -0.955195 -0.295978 0.000000
vn -0.999980 -0.006361 0.000000
vn -0.999980 -0.006361 0.000000
vn 0.001220 -0.302010 -0.953304
vn 0.000628 -0.155329 -0.987863
vn 0.000000 0.000002 -1.000000
vn 0.000000 0.000002 -1.000000
vn -0.994489 -0.104843 -0.000002
vn -0.965141 -0.261729 -0.000002
vn -1.000000 0.000000 -0.000003
vn -1.000000 0.000000 -0.000003
vn -0.000001 -0.331286 -0.943530
vn -0.000001 -0.264977 -0.964255
vn -0.000001 0.000001 -1.000000
vn -0.000001 0.000001 -1.000000
vn 0.000000 0.000000 -1.000000
vn 0.000000 -0.264977 -0.964255
vn 0.000000 -0.331286 -0.943530
vn 0.000000 0.000000 -1.000000
vn 1.000000 0.000001 0.000000
vn 1.000000 0.000001 0.000000
vn 0.965141 -0.261729 0.000000
vn 0.994489 -0.104843 0.000000
vn 0.000000 0.000000 -1.000000
vn 0.000000 0.000000 -1.000000
vn -0.000628 -0.155329 -0.987863
vn -0.001220 -0.302010 -0.953304
vn 0.999980 -0.006362 0.000002
vn 0.999980 -0.006362 0.000002
vn 0.955195 -0.295976 0.000002
vn 0.989159 -0.146848 0.000002
vn 0.000000 0.000002 -1.000000
vn 0.000000 0.000002 -1.000000
vn -0.000272 -0.113782 -0.993506
vn -0.000636 -0.266440 -0.963851
vn 0.999955 -0.009468 0.000000
vn 0.999955 -0.009468 0.000000
vn 0.948423 -0.317007 0.000000
vn 0.948281 -0.317434 0.000000
vn -0.000640 -0.268437 0.963297
vn -0.000275 -0.115133 0.993350
vn -0.000001 0.000000 1.000000
vn -0.000001 0.000000 1.000000
vn 0.989243 -0.146283 0.000000
vn 0.955089 -0.296318 0.000000
vn 0.999980 -0.006361 0.000000
vn 0.999980 -0.006361 0.000000
vn -0.001228 -0.303828 0.952726
vn -0.000634 -0.156814 0.987628
vn 0.000000 0.000000 1.000000
vn 0.000000 0.000000 1.000000
vn 0.994536 -0.104398 0.000000
vn 0.965141 -0.261730 0.000000
vn 1.000000 0.000000 0.000000
vn 1.000000 0.000000 0.000000
vn 0.000000 1.000000 0.000000
vn 0.000000 1.000000 0.000000
vn 0.000000 1.000000 0.000000
vn 0.000000 1.000000 0.000000
vn 0.000000 -1.000000 0.000000
vn 0.000000 -1.000000 0.000000
vn 0.000000 -1.000000 0.000000
vn 0.000000 -1.000000 0.000000
vn 0.000000 1.000000 0.000000
vn 0.000000 1.000000 0.000000
vn 0.000000 1.000000 0.000000
vn 0.000000 1.000000 0.000000
vn 0.000000 -1.000000 0.000000
vn 0.000000 -1.000000 0.000000
vn 0.000000 -1.000000 0.000000
vn 0.000000 -1.000000 0.000000
vn 0.001110 -0.999999 0.000549
vn 0.000000 -1.000000 0.000000
vn 0.000000 -1.000000 0.000000
vn 0.001201 -0.999999 0.000595
vn 0.000000 1.000000 0.000000
vn -0.001187 0.999999 -0.000950
vn -0.001278 0.999999 -0.001022
vn 0.000000 1.000000 0.000000
vn 0.002348 -0.999997 0.000575
vn 0.001110 -0.999999 0.000549
vn 0.001201 -0.999999 0.000595
vn 0.002365 -0.999997 0.000482
vn -0.001187 0.999999 -0.000950
vn -0.001914 0.999998 -0.000977
vn -0.001825 0.999998 -0.000801
vn -0.001278 0.999999 -0.001022
vn 0.002077 -0.999998 -0.000753
vn 0.002348 -0.999997 0.000575
vn 0.002365 -0.999997 0.000482
vn 0.001941 -0.999998 -0.001026
vn -0.001914 0.999998 -0.000977
vn -0.001416 0.999999 0.000125
vn -0.001416 0.999999 0.000181
vn -0.001825 0.999998 -0.000801
vn 0.003223 -0.999995 -0.000172
vn 0.002077 -0.999998 -0.000753
vn 0.001941 -0.999998 -0.001026
vn 0.003294 -0.999995 -0.000094
vn -0.001416 0.999999 0.000125
vn -0.001881 0.999998 0.000029
vn -0.001900 0.999998 0.000014
vn -0.001416 0.999999 0.000181
vn 0.003223 -0.999995 0.000172
vn 0.003223 -0.999995 -0.000172
vn 0.003294 -0.999995 -0.000094
vn 0.003294 -0.999995 0.000095
vn -0.001881 0.999998 0.000029
vn -0.001881 0.999998 -0.000029
vn -0.001900 0.999998 -0.000014
vn -0.001900 0.999998 0.000014
vn -0.001881 0.999998 -0.000029
vn -0.001416 0.999999 -0.000125
vn -0.001414 0.999999 -0.000183
vn -0.001900 0.999998 -0.000014
vn 0.002077 -0.999998 0.000752
vn 0.003223 -0.999995 0.000172
vn 0.003294 -0.999995 0.000095
vn 0.001941 -0.999998 0.001024
vn -0.001416 0.999999 -0.000125
vn -0.001915 0.999998 0.000983
vn -0.001825 0.999998 0.000805
vn -0.001414 0.999999 -0.000183
vn 0.002348 -0.999997 -0.000575
vn 0.002077 -0.999998 0.000752
vn 0.001941 -0.999998 0.001024
vn 0.002365 -0.999997 -0.000482
vn -0.001915 0.999998 0.000983
vn -0.001170 0.999999 0.000938
vn -0.001262 0.999999 0.001011
vn -0.001825 0.999998 0.000805
vn 0.001095 -0.999999 -0.000542
vn 0.002348 -0.999997 -0.000575
vn 0.002365 -0.999997 -0.000482
vn 0.001187 -0.999999 -0.000588
vn -0.001170 0.999999 0.000938
vn 0.000000 1.000000 0.000000
vn 0.000000 1.000000 0.000000
vn -0.001262 0.999999 0.001011
vn 0.000001 -1.000000 0.000000
vn 0.001095 -0.999999 -0.000542
vn 0.001187 -0.999999 -0.000588
vn 0.000001 -1.000000 0.000000
vn 0.000000 1.000000 0.000000
vn 0.000000 1.000000 0.000000
vn 0.000000 1.000000 0.000001
vn 0.000000 1.000000 0.000001
vn 0.000001 -1.000000 0.000000
vn 0.000000 -1.000000 0.000000
vn 0.000000 -1.000000 0.000000
vn 0.000001 -1.000000 0.000000
vn 0.000000 1.000000 0.000001
vn 0.000000 1.000000 0.000001
vn 0.000000 1.000000 0.000001
vn 0.000000 1.000000 0.000001
vn 0.000000 -1.000000 0.000000
vn 0.000000 -1.000000 0.000000
vn 0.000000 -1.000000 0.000000
vn 0.000000 -1.000000 0.000000
vn -0.001096 -0.999999 -0.000542
vn 0.000000 -1.000000 0.000000
vn 0.000000 -1.000000 0.000000
vn -0.001188 -0.999999 -0.000588
vn 0.000000 1.000000 0.000001
vn 0.001169 0.999999 0.000936
vn 0.001261 0.999999 0.001009
vn 0.000000 1.000000 0.000001
vn -0.002349 -0.999997 -0.000575
vn -0.001096 -0.999999 -0.000542
vn -0.001188 -0.999999 -0.000588
vn -0.002366 -0.999997 -0.000482
vn 0.001169 0.999999 0.000936
vn 0.001913 0.999998 0.000979
vn 0.001824 0.999998 0.000802
vn 0.001261 0.999999 0.001009
vn -0.002076 -0.999998 0.000754
vn -0.002349 -0.999997 -0.000575
vn -0.002366 -0.999997 -0.000482
vn -0.001940 -0.999998 0.001027
vn 0.001913 0.999998 0.000979
vn 0.001416 0.999999 -0.000125
vn 0.001414 0.999999 -0.000183
vn 0.001824 0.999998 0.000802
vn -0.003223 -0.999995 0.000172
vn -0.002076 -0.999998 0.000754
vn -0.001940 -0.999998 0.001027
vn -0.003293 -0.999995 0.000095
vn 0.001416 0.999999 -0.000125
vn 0.001881 0.999998 -0.000030
vn 0.001900 0.999998 -0.000014
vn 0.001414 0.999999 -0.000183
vn -0.003223 -0.999995 -0.000172
vn -0.003223 -0.999995 0.000172
vn -0.003293 -0.999995 0.000095
vn -0.003294 -0.999995 -0.000095
vn 0.001881 0.999998 -0.000030
vn 0.001881 0.999998 0.000030
vn 0.001900 0.999998 0.000014
vn 0.001900 0.999998 -0.000014
vn 0.001881 0.999998 0.000030
vn 0.001416 0.999999 0.000125
vn 0.001414 0.999999 0.000183
vn 0.001900 0.999998 0.000014
vn -0.002077 -0.999998 -0.000753
vn -0.003223 -0.999995 -0.000172
vn -0.003294 -0.999995 -0.000095
vn -0.001941 -0.999998 -0.001026
vn 0.001416 0.999999 0.000125
vn 0.001914 0.999998 -0.000979
vn 0.001825 0.999998 -0.000803
vn 0.001414 0.999999 0.000183
vn -0.002349 -0.999997 0.000577
vn -0.002077 -0.999998 -0.000753
vn -0.001941 -0.999998 -0.001026
vn -0.002366 -0.999997 0.000484
vn 0.001914 0.999998 -0.000979
vn 0.001187 0.999999 -0.000950
vn 0.001278 0.999999 -0.001022
vn 0.001825 0.999998 -0.000803
vn -0.001111 -0.999999 0.000551
vn -0.002349 -0.999997 0.000577
vn -0.002366 -0.999997 0.000484
vn -0.001202 -0.999999 0.000596
vn 0.001187 0.999999 -0.000950
vn 0.000000 1.000000 0.000000
vn 0.000000 1.000000 0.000000
vn 0.001278 0.999999 -0.001022
vn 0.000000 -1.000000 0.000000
vn -0.001111 -0.999999 0.000551
vn -0.001202 -0.999999 0.000596
vn 0.000000 -1.000000 0.000000
vn 0.000001 0.000000 1.000000
vn 0.000001 0.000000 1.000000
vn 0.000001 -0.411752 0.911296
vn 0.000001 -0.308221 0.951315
vn -0.000001 -0.411752 0.911296
vn -0.000001 0.000001 1.000000
vn -0.000001 0.000001 1.000000
vn -0.000001 -0.308220 0.951315
vn -0.924581 -0.380985 0.000000
vn -0.986538 -0.163530 0.000000
vn -1.000000 -0.000001 0.000000
vn -1.000000 -0.000001 0.000000
vn 0.000986 -0.244313 0.969696
vn 0.001775 -0.439391 0.898294
vn -0.000001 0.000000 1.000000
vn -0.000001 0.000000 1.000000
vn -0.905570 -0.424196 -0.000001
vn -0.975040 -0.222030 -0.000001
vn -0.999978 -0.006583 -0.000001
vn -0.999978 -0.006583 -0.000001
vn 0.000441 -0.184774 0.982781
vn 0.000942 -0.394394 0.918941
vn 0.000000 0.000004 1.000000
vn 0.000000 0.000004 1.000000
vn -0.960956 -0.276703 0.000000
vn -0.961206 -0.275830 0.000000
vn -0.999952 -0.009798 0.000000
vn -0.999952 -0.009798 0.000000
vn 0.000000 0.000000 -1.000000
vn 0.000000 0.000000 -1.000000
vn 0.000933 -0.391683 -0.920100
vn 0.000435 -0.182644 -0.983179
vn -0.999978 -0.006583 0.000000
vn -0.999978 -0.006583 0.000000
vn -0.974866 -0.222792 0.000000
vn -0.905782 -0.423745 0.000000
vn 0.000000 0.000000 -1.000000
vn 0.000000 0.000000 -1.000000
vn 0.001766 -0.437002 -0.899459
vn 0.000978 -0.242051 -0.970263
vn -1.000000 0.000000 -0.000003
vn -1.000000 0.000000 -0.000003
vn -0.986539 -0.163529 -0.000002
vn -0.924725 -0.380636 -0.000002
vn -0.000002 -0.000002 -1.000000
vn -0.000002 -0.000002 -1.000000
vn -0.000001 -0.411753 -0.911295
vn -0.000001 -0.308221 -0.951315
vn 0.000001 -0.411754 -0.911295
vn 0.000001 -0.000002 -1.000000
vn 0.000001 -0.000002 -1.000000
vn 0.000001 -0.308222 -0.951315
vn 0.924725 -0.380637 0.000000
vn 0.986538 -0.163530 0.000000
vn 1.000000 0.000000 0.000000
vn 1.000000 0.000000 0.000000
vn -0.000978 -0.242054 -0.970262
vn -0.001766 -0.437005 -0.899457
vn 0.000000 -0.000004 -1.000000
vn 0.000000 -0.000004 -1.000000
vn 0.905782 -0.423744 0.000002
vn 0.974866 -0.222791 0.000002
vn 0.999978 -0.006584 0.000002
vn 0.999978 -0.006584 0.000002
vn -0.000436 -0.182647 -0.983178
vn -0.000935 -0.391684 -0.920099
vn 0.000000 -0.000004 -1.000000
vn 0.000000 -0.000004 -1.000000
vn 0.961206 -0.275832 0.000000
vn 0.960955 -0.276705 0.000000
vn 0.999952 -0.009799 0.000000
vn 0.999952 -0.009799 0.000000
vn 0.000000 0.000000 1.000000
vn 0.000000 0.000000 1.000000
vn -0.000940 -0.394395 0.918940
vn -0.000440 -0.184774 0.982781
vn 0.999978 -0.006583 0.000000
vn 0.999978 -0.006583 0.000000
vn 0.975040 -0.222031 0.000000
vn 0.905569 -0.424198 0.000000
vn 0.000001 0.000000 1.000000
vn 0.000001 0.000000 1.000000
vn -0.001775 -0.439390 0.898295
vn -0.000986 -0.244313 0.969696
vn 1.000000 0.000001 0.000000
vn 1.000000 0.000001 0.000000
vn 0.986539 -0.163528 0.000000
vn 0.924582 -0.380983 0.000000
vn 0.000001 -0.411752 0.911296
vn 0.000001 -0.264977 0.964255
vn 0.000001 -0.331285 0.943531
vn 0.000001 -0.308221 0.951315
vn -0.000001 -0.264977 0.964255
vn -0.000001 -0.411752 0.911296
vn -0.000001 -0.308220 0.951315
vn -0.000001 -0.331285 0.943531
vn -0.994536 -0.104397 0.000000
vn -0.965141 -0.261729 0.000000
vn -0.986538 -0.163530 0.000000
vn -0.924581 -0.380985 0.000000
vn 0.001227 -0.303828 0.952726
vn 0.000633 -0.156814 0.987628
vn 0.001775 -0.439391 0.898294
vn 0.000986 -0.244313 0.969696
vn -0.989243 -0.146282 -0.000001
vn -0.955090 -0.296317 -0.000001
vn -0.975040 -0.222030 -0.000001
vn -0.905570 -0.424196 -0.000001
vn 0.000641 -0.268439 0.963297
vn 0.000275 -0.115137 0.993350
vn 0.000942 -0.394394 0.918941
vn 0.000441 -0.184774 0.982781
vn -0.948423 -0.317008 0.000000
vn -0.948281 -0.317433 0.000000
vn -0.961206 -0.275830 0.000000
vn -0.960956 -0.276703 0.000000
vn 0.000435 -0.182644 -0.983179
vn 0.000933 -0.391683 -0.920100
vn 0.000271 -0.113782 -0.993506
vn 0.000635 -0.266441 -0.963851
vn -0.905782 -0.423745 0.000000
vn -0.974866 -0.222792 0.000000
vn -0.955195 -0.295978 0.000000
vn -0.989159 -0.146849 0.000000
vn 0.000978 -0.242051 -0.970263
vn 0.001766 -0.437002 -0.899459
vn 0.000628 -0.155329 -0.987863
vn 0.001220 -0.302010 -0.953304
vn -0.924725 -0.380636 -0.000002
vn -0.986539 -0.163529 -0.000002
vn -0.965141 -0.261729 -0.000002
vn -0.994489 -0.104843 -0.000002
vn -0.000001 -0.308221 -0.951315
vn -0.000001 -0.411753 -0.911295
vn -0.000001 -0.264977 -0.964255
vn -0.000001 -0.331286 -0.943530
vn 0.000000 -0.264977 -0.964255
vn 0.000001 -0.411754 -0.911295
vn 0.000001 -0.308222 -0.951315
vn 0.000000 -0.331286 -0.943530
vn 0.994489 -0.104843 0.000000
vn 0.965141 -0.261729 0.000000
vn 0.986538 -0.163530 0.000000
vn 0.924725 -0.380637 0.000000
vn -0.001220 -0.302010 -0.953304
vn -0.000628 -0.155329 -0.987863
vn -0.001766 -0.437005 -0.899457
vn -0.000978 -0.242054 -0.970262
vn 0.989159 -0.146848 0.000002
vn 0.955195 -0.295976 0.000002
vn 0.974866 -0.222791 0.000002
vn 0.905782 -0.423744 0.000002
vn -0.000636 -0.266440 -0.963851
vn -0.000272 -0.113782 -0.993506
vn -0.000935 -0.391684 -0.920099
vn -0.000436 -0.182647 -0.983178
vn 0.948281 -0.317434 0.000000
vn 0.948423 -0.317007 0.000000
vn 0.960955 -0.276705 0.000000
vn 0.961206 -0.275832 0.000000
vn -0.000440 -0.184774 0.982781
vn -0.000940 -0.394395 0.918940
vn -0.000275 -0.115133 0.993350
vn -0.000640 -0.268437 0.963297
vn 0.905569 -0.424198 0.000000
vn 0.975040 -0.222031 0.000000
vn 0.955089 -0.296318 0.000000
vn 0.989243 -0.146283 0.000000
vn -0.000986 -0.244313 0.969696
vn -0.001775 -0.439390 0.898295
vn -0.000634 -0.156814 0.987628
vn -0.001228 -0.303828 0.952726
vn 0.924582 -0.380983 0.000000
vn 0.986539 -0.163528 0.000000
vn 0.965141 -0.261730 0.000000
vn 0.994536 -0.104398 0.000000
vn -0.999988 -0.004935 0.000000
vn -1.000000 0.000000 0.000000
vn -1.000000 0.000000 0.000000
vn -0.999988 -0.004935 0.000000
vn -0.785429 -0.618952 0.000000
vn -0.894152 -0.447764 0.000000
vn -0.894152 -0.447764 0.000000
vn -0.785429 -0.618952 0.000000
vn -0.980528 -0.196378 0.000000
vn -0.999988 -0.004935 0.000000
vn -0.999988 -0.004935 0.000000
vn -0.980528 -0.196378 0.000000
vn -0.635398 -0.772185 0.000000
vn -0.785429 -0.618952 0.000000
vn -0.785429 -0.618952 0.000000
vn -0.635398 -0.772185 0.000000
vn -0.894152 -0.447764 0.000000
vn -0.980528 -0.196378 0.000000
vn -0.980528 -0.196378 0.000000
vn -0.894152 -0.447764 0.000000
vn 0.000001 0.000000 -1.000000
vn 0.000001 0.000000 -1.000000
vn 0.000001 0.000000 -1.000000
vn 0.000001 0.000000 -1.000000
vn 0.000000 0.000000 -1.000000
vn 0.000000 0.000000 -1.000000
vn 0.000000 0.000000 -1.000000
vn 0.000000 0.000000 -1.000000
vn 0.000000 0.000000 -1.000000
vn 0.000001 0.000000 -1.000000
vn 0.000001 0.000000 -1.000000
vn 0.000000 0.000000 -1.000000
vn 0.000001 0.000000 -1.000000
vn 0.000000 0.000000 -1.000000
vn 0.000000 0.000000 -1.000000
vn 0.000001 0.000000 -1.000000
vn 0.000000 0.000000 -1.000000
vn 0.000000 0.000000 -1.000000
vn 0.000000 0.000000 -1.000000
vn 0.000000 0.000000 -1.000000
vn -0.999945 -0.010513 0.000000
vn -0.999980 -0.006361 0.000000
vn -0.999980 -0.006361 0.000000
vn -0.999945 -0.010513 0.000000
vn -0.785329 -0.619079 0.000000
vn -0.893591 -0.448882 0.000000
vn -0.893591 -0.448882 0.000000
vn -0.785329 -0.619079 0.000000
vn -0.980925 -0.194386 0.000000
vn -0.999945 -0.010513 0.000000
vn -0.999945 -0.010513 0.000000
vn -0.980925 -0.194386 0.000000
vn -0.647595 -0.761985 0.000000
vn -0.785329 -0.619079 0.000000
vn -0.785329 -0.619079 0.000000
vn -0.647595 -0.761985 0.000000
vn -0.893591 -0.448882 0.000000
vn -0.980925 -0.194386 0.000000
vn -0.980925 -0.194386 0.000000
vn -0.893591 -0.448882 0.000000
vn 0.000000 0.000000 -1.000000
vn 0.000000 0.000000 -1.000000
vn 0.000000 0.000000 -1.000000
vn 0.000000 0.000000 -1.000000
vn -0.000001 0.000000 -1.000000
vn -0.000001 0.000000 -1.000000
vn -0.000001 0.000000 -1.000000
vn -0.000001 0.000000 -1.000000
vn -0.000001 0.000000 -1.000000
vn 0.000000 0.000000 -1.000000
vn 0.000000 0.000000 -1.000000
vn -0.000001 0.000000 -1.000000
vn 0.000000 0.000000 -1.000000
vn -0.000001 0.000000 -1.000000
vn -0.000001 0.000000 -1.000000
vn 0.000000 0.000000 -1.000000
vn -0.000001 0.000000 -1.000000
vn -0.000001 0.000000 -1.000000
vn -0.000001 0.000000 -1.000000
vn -0.000001 0.000000 -1.000000
vn -0.554757 -0.832012 0.000000
vn -0.554757 -0.832012 0.000000
vn -0.635398 -0.772185 0.000000
vn -0.635398 -0.772185 0.000000
vn 0.000000 0.000000 -1.000000
vn 0.000000 0.000000 -1.000000
vn 0.000001 0.000000 -1.000000
vn 0.000001 0.000000 -1.000000
vn -0.576321 -0.817223 0.000000
vn -0.576321 -0.817223 0.000000
vn -0.647595 -0.761985 0.000000
vn -0.647595 -0.761985 0.000000
vn 0.000000 0.000000 -1.000000
vn 0.000000 0.000000 -1.000000
vn 0.000000 0.000000 -1.000000
vn 0.000000 0.000000 -1.000000
vn 0.000000 0.000000 -1.000000
vn 0.000000 0.000000 -1.000000
vn 0.000000 0.000000 -1.000000
vn 0.000000 0.000000 -1.000000
vn 0.000000 0.000000 -1.000000
vn 0.000000 0.000000 -1.000000
vn 0.000000 0.000000 -1.000000
vn 0.000000 0.000000 -1.000000
vn 0.000000 0.000000 -1.000000
vn 0.000000 0.000000 -1.000000
vn 0.000000 0.000000 -1.000000
vn 0.000000 0.000000 -1.000000
vn 0.000000 0.000000 -1.000000
vn 0.000000 0.000000 -1.000000
vn 0.000000 0.000000 -1.000000
vn 0.000000 0.000000 -1.000000
vn 0.000000 0.000000 -1.000000
vn 0.000000 0.000000 -1.000000
vn 0.000000 0.000000 -1.000000
vn 0.000000 0.000000 -1.000000
vn 0.000000 0.000000 -1.000000
vn 0.000000 0.000000 -1.000000
vn 0.000000 0.000000 -1.000000
vn 0.000000 0.000000 -1.000000
vn 0.000000 0.000000 -1.000000
vn 0.000000 0.000000 -1.000000
vn 0.000000 0.000000 -1.000000
vn 0.000000 0.000000 -1.000000
vn 0.000000 0.000000 -1.000000
vn 0.000000 0.000000 -1.000000
vn 0.000000 0.000000 -1.000000
vn 0.000000 0.000000 -1.000000
vn 0.000000 0.000000 -1.000000
vn 0.000000 0.000000 -1.000000
vn 0.000000 0.000000 -1.000000
vn 0.000000 0.000000 -1.000000
vn 0.000000 0.000000 -1.000000
vn 0.000000 0.000000 -1.000000
vn 0.000000 0.000000 -1.000000
vn 0.000000 0.000000 -1.000000
vn 0.000000 0.000000 -1.000000
vn 0.000000 0.000000 -1.000000
vn 0.000000 0.000000 -1.000000
vn 0.000000 0.000000 -1.000000
vn 0.999988 -0.004935 0.000000
vn 0.999988 -0.004935 0.000000
vn 1.000000 0.000000 0.000000
vn 1.000000 0.000000 0.000000
vn 0.785429 -0.618952 0.000000
vn 0.785429 -0.618952 0.000000
vn 0.894152 -0.447764 0.000000
vn 0.894152 -0.447764 0.000000
vn 0.980528 -0.196378 0.000000
vn 0.980528 -0.196378 0.000000
vn 0.999988 -0.004935 0.000000
vn 0.999988 -0.004935 0.000000
vn 0.635398 -0.772185 0.000000
vn 0.635398 -0.772185 0.000000
vn 0.785429 -0.618952 0.000000
vn 0.785429 -0.618952 0.000000
vn 0.894152 -0.447764 0.000000
vn 0.894152 -0.447764 0.000000
vn 0.980528 -0.196378 0.000000
vn 0.980528 -0.196378 0.000000
vn -0.000002 0.000000 -1.000000
vn -0.000002 0.000000 -1.000000
vn -0.000002 0.000000 -1.000000
vn -0.000002 0.000000 -1.000000
vn 0.000000 0.000000 -1.000000
vn 0.000000 0.000000 -1.000000
vn 0.000000 0.000000 -1.000000
vn 0.000000 0.000000 -1.000000
vn 0.000000 0.000000 -1.000000
vn 0.000000 0.000000 -1.000000
vn -0.000002 0.000000 -1.000000
vn -0.000002 0.000000 -1.000000
vn -0.000001 0.000000 -1.000000
vn -0.000001 0.000000 -1.000000
vn 0.000000 0.000000 -1.000000
vn 0.000000 0.000000 -1.000000
vn 0.000000 0.000000 -1.000000
vn 0.000000 0.000000 -1.000000
vn 0.000000 0.000000 -1.000000
vn 0.000000 0.000000 -1.000000
vn 0.999945 -0.010513 0.000000
vn 0.999945 -0.010513 0.000000
vn 0.999980 -0.006361 0.000000
vn 0.999980 -0.006361 0.000000
vn 0.785329 -0.619079 0.000000
vn 0.785329 -0.619079 0.000000
vn 0.893591 -0.448882 0.000000
vn 0.893591 -0.448882 0.000000
vn 0.980925 -0.194386 0.000000
vn 0.980925 -0.194386 0.000000
vn 0.999945 -0.010513 0.000000
vn 0.999945 -0.010513 0.000000
vn 0.647595 -0.761985 0.000000
vn 0.647595 -0.761985 0.000000
vn 0.785329 -0.619079 0.000000
vn 0.785329 -0.619079 0.000000
vn 0.893591 -0.448882 0.000000
vn 0.893591 -0.448882 0.000000
vn 0.980925 -0.194386 0.000000
vn 0.980925 -0.194386 0.000000
vn 0.000000 0.000000 -1.000000
vn 0.000000 0.000000 -1.000000
vn 0.000000 0.000000 -1.000000
vn 0.000000 0.000000 -1.000000
vn 0.000000 0.000000 -1.000000
vn 0.000000 0.000000 -1.000000
vn 0.000001 0.000000 -1.000000
vn 0.000001 0.000000 -1.000000
vn 0.000001 0.000000 -1.000000
vn 0.000001 0.000000 -1.000000
vn 0.000000 0.000000 -1.000000
vn 0.000000 0.000000 -1.000000
vn 0.000000 0.000000 -1.000000
vn 0.000000 0.000000 -1.000000
vn 0.000000 0.000000 -1.000000
vn 0.000000 0.000000 -1.000000
vn 0.000001 0.000000 -1.000000
vn 0.000001 0.000000 -1.000000
vn 0.000001 0.000000 -1.000000
vn 0.000001 0.000000 -1.000000
vn 0.000000 0.000000 -1.000000
vn 0.000000 0.000000 -1.000000
vn 0.000000 0.000000 -1.000000
vn 0.000000 0.000000 -1.000000
vn 0.554757 -0.832012 0.000000
vn 0.635398 -0.772185 0.000000
vn 0.635398 -0.772185 0.000000
vn 0.554757 -0.832012 0.000000
vn 0.000000 0.000000 -1.000000
vn -0.000001 0.000000 -1.000000
vn -0.000001 0.000000 -1.000000
vn 0.000000 0.000000 -1.000000
vn 0.576321 -0.817223 0.000000
vn 0.647595 -0.761985 0.000000
vn 0.647595 -0.761985 0.000000
vn 0.576321 -0.817223 0.000000
vn 0.000001 0.000000 -1.000000
vn 0.000000 0.000000 -1.000000
vn 0.000000 0.000000 -1.000000
vn 0.000001 0.000000 -1.000000
vn 0.999988 -0.004935 0.000000
vn 1.000000 0.000000 0.000000
vn 1.000000 0.000000 0.000000
vn 0.999988 -0.004935 0.000000
vn 0.785429 -0.618951 0.000000
vn 0.894152 -0.447764 0.000000
vn 0.894152 -0.447764 0.000000
vn 0.785429 -0.618951 0.000000
vn 0.980528 -0.196378 0.000000
vn 0.999988 -0.004935 0.000000
vn 0.999988 -0.004935 0.000000
vn 0.980528 -0.196378 0.000000
vn 0.635398 -0.772185 0.000000
vn 0.785429 -0.618951 0.000000
vn 0.785429 -0.618951 0.000000
vn 0.635398 -0.772185 0.000000
vn 0.894152 -0.447764 0.000000
vn 0.980528 -0.196378 0.000000
vn 0.980528 -0.196378 0.000000
vn 0.894152 -0.447764 0.000000
vn 0.000000 0.000000 1.000000
vn 0.000000 0.000000 1.000000
vn 0.000000 0.000000 1.000000
vn 0.000000 0.000000 1.000000
vn 0.000000 0.000000 1.000000
vn 0.000001 0.000000 1.000000
vn 0.000001 0.000000 1.000000
vn 0.000000 0.000000 1.000000
vn 0.000001 0.000000 1.000000
vn 0.000000 0.000000 1.000000
vn 0.000000 0.000000 1.000000
vn 0.000001 0.000000 1.000000
vn 0.000000 0.000000 1.000000
vn 0.000000 0.000000 1.000000
vn 0.000000 0.000000 1.000000
vn 0.000000 0.000000 1.000000
vn 0.000001 0.000000 1.000000
vn 0.000001 0.000000 1.000000
vn 0.000001 0.000000 1.000000
vn 0.000001 0.000000 1.000000
vn 0.999945 -0.010513 0.000000
vn 0.999980 -0.006361 0.000000
vn 0.999980 -0.006361 0.000000
vn 0.999945 -0.010513 0.000000
vn 0.785329 -0.619079 0.000000
vn 0.893591 -0.448882 0.000000
vn 0.893591 -0.448882 0.000000
vn 0.785329 -0.619079 0.000000
vn 0.980925 -0.194386 0.000000
vn 0.999945 -0.010513 0.000000
vn 0.999945 -0.010513 0.000000
vn 0.980925 -0.194386 0.000000
vn 0.647595 -0.761985 0.000000
vn 0.785329 -0.619079 0.000000
vn 0.785329 -0.619079 0.000000
vn 0.647595 -0.761985 0.000000
vn 0.893591 -0.448882 0.000000
vn 0.980925 -0.194386 0.000000
vn 0.980925 -0.194386 0.000000
vn 0.893591 -0.448882 0.000000
vn 0.000000 0.000000 1.000000
vn 0.000000 0.000000 1.000000
vn 0.000000 0.000000 1.000000
vn 0.000000 0.000000 1.000000
vn 0.000000 0.000000 1.000000
vn 0.000000 0.000000 1.000000
vn 0.000000 0.000000 1.000000
vn 0.000000 0.000000 1.000000
vn 0.000000 0.000000 1.000000
vn 0.000000 0.000000 1.000000
vn 0.000000 0.000000 1.000000
vn 0.000000 0.000000 1.000000
vn 0.000000 0.000000 1.000000
vn 0.000000 0.000000 1.000000
vn 0.000000 0.000000 1.000000
vn 0.000000 0.000000 1.000000
vn 0.000000 0.000000 1.000000
vn 0.000000 0.000000 1.000000
vn 0.000000 0.000000 1.000000
vn 0.000000 0.000000 1.000000
vn 0.554757 -0.832013 0.000000
vn 0.554757 -0.832013 0.000000
vn 0.635398 -0.772185 0.000000
vn 0.635398 -0.772185 0.000000
vn 0.000000 0.000000 1.000000
vn 0.000000 0.000000 1.000000
vn 0.000000 0.000000 1.000000
vn 0.000000 0.000000 1.000000
vn 0.576321 -0.817223 0.000000
vn 0.576321 -0.817223 0.000000
vn 0.647595 -0.761985 0.000000
vn 0.647595 -0.761985 0.000000
vn 0.000001 0.000000 1.000000
vn 0.000001 0.000000 1.000000
vn 0.000000 0.000000 1.000000
vn 0.000000 0.000000 1.000000
vn 0.000000 0.000000 1.000000
vn 0.000000 0.000000 1.000000
vn 0.000000 0.000000 1.000000
vn -0.000001 0.000000 1.000000
vn -0.000001 0.000000 1.000000
vn 0.000000 0.000000 1.000000
vn 0.000000 0.000000 1.000000
vn 0.000000 0.000000 1.000000
vn 0.000001 0.000000 1.000000
vn 0.000000 0.000000 1.000000
vn 0.000000 0.000000 1.000000
vn 0.000000 0.000000 1.000000
vn -0.000001 0.000000 1.000000
vn 0.000000 0.000000 1.000000
vn 0.000000 0.000000 1.000000
vn -0.000001 0.000000 1.000000
vn 0.000000 0.000000 1.000000
vn 0.000000 0.000000 1.000000
vn 0.000000 0.000000 1.000000
vn 0.000001 0.000000 1.000000
vn 0.000000 0.000000 1.000000
vn 0.000000 0.000000 1.000000
vn 0.000000 0.000000 1.000000
vn 0.000000 0.000000 1.000000
vn 0.000000 0.000000 1.000000
vn 0.000000 0.000000 1.000000
vn 0.000000 0.000000 1.000000
vn 0.000000 0.000000 1.000000
vn 0.000001 0.000000 1.000000
vn 0.000000 0.000000 1.000000
vn 0.000000 0.000000 1.000000
vn 0.000000 0.000000 1.000000
vn 0.000000 0.000000 1.000000
vn 0.000000 0.000000 1.000000
vn 0.000000 0.000000 1.000000
vn 0.000000 0.000000 1.000000
vn 0.000001 0.000000 1.000000
vn 0.000001 0.000000 1.000000
vn 0.000000 0.000000 1.000000
vn 0.000000 0.000000 1.000000
vn 0.000000 0.000000 1.000000
vn 0.000000 0.000000 1.000000
vn 0.000000 0.000000 1.000000
vn 0.000000 0.000000 1.000000
vn -0.999988 -0.004935 0.000000
vn -0.999988 -0.004935 0.000000
vn -1.000000 0.000000 0.000000
vn -1.000000 0.000000 0.000000
vn -0.785429 -0.618951 0.000000
vn -0.785429 -0.618951 0.000000
vn -0.894152 -0.447764 0.000000
vn -0.894152 -0.447764 0.000000
vn -0.980528 -0.196378 0.000000
vn -0.980528 -0.196378 0.000000
vn -0.999988 -0.004935 0.000000
vn -0.999988 -0.004935 0.000000
vn -0.635398 -0.772185 0.000000
vn -0.635398 -0.772185 0.000000
vn -0.785429 -0.618951 0.000000
vn -0.785429 -0.618951 0.000000
vn -0.894152 -0.447764 0.000000
vn -0.894152 -0.447764 0.000000
vn -0.980528 -0.196378 0.000000
vn -0.980528 -0.196378 0.000000
vn 0.000000 0.000000 1.000000
vn 0.000000 0.000000 1.000000
vn 0.000000 0.000000 1.000000
vn 0.000000 0.000000 1.000000
vn 0.000000 0.000000 1.000000
vn 0.000000 0.000000 1.000000
vn -0.000001 0.000000 1.000000
vn -0.000001 0.000000 1.000000
vn 0.000000 0.000000 1.000000
vn 0.000000 0.000000 1.000000
vn 0.000000 0.000000 1.000000
vn 0.000000 0.000000 1.000000
vn 0.000000 0.000000 1.000000
vn 0.000000 0.000000 1.000000
vn 0.000000 0.000000 1.000000
vn 0.000000 0.000000 1.000000
vn -0.000001 0.000000 1.000000
vn -0.000001 0.000000 1.000000
vn 0.000000 0.000000 1.000000
vn 0.000000 0.000000 1.000000
vn -0.999945 -0.010513 0.000000
vn -0.999945 -0.010513 0.000000
vn -0.999980 -0.006361 0.000000
vn -0.999980 -0.006361 0.000000
vn -0.785329 -0.619079 0.000000
vn -0.785329 -0.619079 0.000000
vn -0.893591 -0.448882 0.000000
vn -0.893591 -0.448882 0.000000
vn -0.980925 -0.194386 0.000000
vn -0.980925 -0.194386 0.000000
vn -0.999945 -0.010513 0.000000
vn -0.999945 -0.010513 0.000000
vn -0.647595 -0.761985 0.000000
vn -0.647595 -0.761985 0.000000
vn -0.785329 -0.619079 0.000000
vn -0.785329 -0.619079 0.000000
vn -0.893591 -0.448882 0.000000
vn -0.893591 -0.448882 0.000000
vn -0.980925 -0.194386 0.000000
vn -0.980925 -0.194386 0.000000
vn 0.000000 0.000000 1.000000
vn 0.000000 0.000000 1.000000
vn 0.000000 0.000000 1.000000
vn 0.000000 0.000000 1.000000
vn 0.000000 0.000000 1.000000
vn 0.000000 0.000000 1.000000
vn 0.000000 0.000000 1.000000
vn 0.000000 0.000000 1.000000
vn 0.000000 0.000000 1.000000
vn 0.000000 0.000000 1.000000
vn 0.000000 0.000000 1.000000
vn 0.000000 0.000000 1.000000
vn -0.000001 0.000000 1.000000
vn -0.000001 0.000000 1.000000
vn 0.000000 0.000000 1.000000
vn 0.000000 0.000000 1.000000
vn 0.000000 0.000000 1.000000
vn 0.000000 0.000000 1.000000
vn 0.000000 0.000000 1.000000
vn 0.000000 0.000000 1.000000
vn 0.000000 0.000000 1.000000
vn 0.000000 0.000000 1.000000
vn 0.000001 0.000000 1.000000
vn 0.000000 0.000000 1.000000
vn -0.554757 -0.832013 0.000000
vn -0.635398 -0.772185 0.000000
vn -0.635398 -0.772185 0.000000
vn -0.554757 -0.832013 0.000000
vn 0.000000 0.000000 1.000000
vn 0.000000 0.000000 1.000000
vn 0.000000 0.000000 1.000000
vn 0.000000 0.000000 1.000000
vn -0.576321 -0.817223 0.000000
vn -0.647595 -0.761985 0.000000
vn -0.647595 -0.761985 0.000000
vn -0.576321 -0.817223 0.000000
vn -0.000001 0.000000 1.000000
vn -0.000001 0.000000 1.000000
vn -0.000001 0.000000 1.000000
vn -0.000001 0.000000 1.000000
vn 0.999955 -0.009470 0.000000
vn 0.999914 -0.013144 0.000000
vn 0.999914 -0.013144 0.000000
vn 0.999955 -0.009470 0.000000
vn 0.999914 -0.013144 0.000000
vn 0.981278 -0.192598 0.000000
vn 0.981278 -0.192598 0.000000
vn 0.999914 -0.013144 0.000000
vn 0.981278 -0.192598 0.000000
vn 0.893084 -0.449889 0.000000
vn 0.893084 -0.449889 0.000000
vn 0.981278 -0.192598 0.000000
vn 0.893084 -0.449889 0.000000
vn 0.785108 -0.619359 0.000000
vn 0.785109 -0.619358 0.000000
vn 0.893084 -0.449889 0.000000
vn 0.785108 -0.619359 0.000000
vn 0.654356 -0.756187 0.000000
vn 0.654355 -0.756187 0.000000
vn 0.785109 -0.619358 0.000000
vn 0.654356 -0.756187 0.000000
vn 0.586833 -0.809708 0.000000
vn 0.586833 -0.809708 0.000000
vn 0.654355 -0.756187 0.000000
vn -0.586833 -0.809708 0.000000
vn -0.654355 -0.756187 0.000000
vn -0.654355 -0.756187 0.000000
vn -0.586833 -0.809708 0.000000
vn -0.654355 -0.756187 0.000000
vn -0.785108 -0.619359 0.000000
vn -0.785108 -0.619359 0.000000
vn -0.654355 -0.756187 0.000000
vn -0.785108 -0.619359 0.000000
vn -0.893084 -0.449889 0.000000
vn -0.893084 -0.449889 0.000000
vn -0.785108 -0.619359 0.000000
vn -0.893084 -0.449889 0.000000
vn -0.981278 -0.192598 0.000000
vn -0.981278 -0.192598 0.000000
vn -0.893084 -0.449889 0.000000
vn -0.981278 -0.192598 0.000000
vn -0.999914 -0.013144 0.000000
vn -0.999914 -0.013144 0.000000
vn -0.981278 -0.192598 0.000000
vn -0.999914 -0.013144 0.000000
vn -0.999955 -0.009470 0.000000
vn -0.999955 -0.009470 0.000000
vn -0.999914 -0.013144 0.000000
vn 0.000000 0.000000 1.000000
vn 0.000000 0.000000 1.000000
vn 0.000000 0.000000 1.000000
vn 0.000000 0.000000 1.000000
vn 0.000000 0.000000 1.000000
vn 0.000000 0.000000 1.000000
vn 0.000000 0.000000 1.000000
vn 0.000000 0.000000 1.000000
vn 0.000000 0.000000 1.000000
vn 0.000000 0.000000 1.000000
vn 0.000000 0.000000 1.000000
vn 0.000000 0.000000 1.000000
vn 0.000000 0.000000 1.000000
vn 0.000000 0.000000 1.000000
vn 0.000000 0.000000 1.000000
vn 0.000000 0.000000 1.000000
vn 0.000000 0.000000 1.000000
vn 0.000000 0.000000 1.000000
vn 0.000000 0.000000 1.000000
vn 0.000000 0.000000 1.000000
vn 0.000000 0.000000 1.000000
vn 0.000000 0.000000 1.000000
vn 0.000000 0.000000 1.000000
vn 0.000000 0.000000 1.000000
vn 0.000000 0.000000 -1.000000
vn 0.000000 0.000000 -1.000000
vn 0.000000 0.000000 -1.000000
vn 0.000000 0.000000 -1.000000
vn 0.000001 0.000000 -1.000000
vn 0.000001 0.000000 -1.000000
vn 0.000000 0.000000 -1.000000
vn 0.000000 0.000000 -1.000000
vn 0.000001 0.000000 -1.000000
vn 0.000001 0.000000 -1.000000
vn 0.000000 0.000000 -1.000000
vn 0.000000 0.000000 -1.000000
vn -0.000002 0.000000 -1.000000
vn -0.000003 0.000000 -1.000000
vn 0.000000 0.000000 -1.000000
vn 0.000000 0.000000 -1.000000
vn 0.000000 0.000000 -1.000000
vn 0.000001 0.000000 -1.000000
vn 0.000000 0.000000 -1.000000
vn 0.000000 0.000000 -1.000000
vn 0.000000 0.000000 -1.000000
vn 0.000000 0.000000 -1.000000
vn 0.000000 0.000000 -1.000000
vn 0.000000 0.000000 -1.000000
vn 0.000000 0.000000 1.000000
vn 0.000000 0.000000 1.000000
vn 0.000000 0.000000 1.000000
vn 0.000000 0.000000 1.000000
vn 0.000000 0.000000 -1.000000
vn 0.000001 0.000000 -1.000000
vn 0.000002 0.000000 -1.000000
vn 0.000000 0.000000 -1.000000
vn 1.000000 0.000000 0.000000
vn 1.000000 0.000000 0.000000
vn 1.000000 0.000000 0.000000
vn 1.000000 -0.000002 0.000000
vn 1.000000 -0.000002 0.000000
vn 1.000000 -0.000002 0.000000
vn 1.000000 0.000000 0.000000
vn 1.000000 0.000000 0.000000
vn 1.000000 0.000000 0.000000
vn 1.000000 -0.000001 0.000002
vn 1.000000 -0.000001 0.000002
vn 1.000000 -0.000001 0.000002
vn 1.000000 0.000000 0.000000
vn 1.000000 0.000000 0.000000
vn 0.000000 0.000000 0.000000
vn 1.000000 0.000000 0.000000
vn 1.000000 0.000000 0.000000
vn 1.000000 0.000000 0.000000
vn 1.000000 0.000000 0.000000
vn 1.000000 0.000000 0.000000
vn 1.000000 0.000000 0.000000
vn 1.000000 0.000000 0.000000
vn 1.000000 0.000000 0.000000
vn 1.000000 0.000000 0.000000
vn 1.000000 -0.000004 -0.000012
vn 1.000000 -0.000004 -0.000012
vn 1.000000 -0.000004 -0.000012
vn 1.000000 -0.000002 0.000000
vn 1.000000 -0.000002 0.000000
vn 1.000000 -0.000002 0.000000
vn 1.000000 0.000000 0.000000
vn 1.000000 0.000000 0.000000
vn 1.000000 0.000000 0.000000
vn 1.000000 0.000000 0.000000
vn 1.000000 0.000000 0.000000
vn 1.000000 0.000000 0.000000
vn 1.000000 0.000000 0.000000
vn 1.000000 0.000000 0.000000
vn 1.000000 0.000000 0.000000
vn -1.000000 0.000000 0.000000
vn -1.000000 0.000000 0.000000
vn -1.000000 0.000000 0.000000
vn -1.000000 0.000000 0.000000
vn -1.000000 0.000000 0.000000
vn -1.000000 0.000000 0.000000
vn -1.000000 0.000000 0.000000
vn -1.000000 0.000000 0.000000
vn -1.000000 0.000000 0.000000
vn -1.000000 0.000000 0.000000
vn -1.000000 0.000000 0.000000
vn -1.000000 0.000000 0.000000
vn -1.000000 0.000000 0.000000
vn -1.000000 0.000000 0.000000
vn -1.000000 0.000000 0.000000
vn -1.000000 0.000000 0.000000
vn -1.000000 0.000000 0.000000
vn -1.000000 0.000000 0.000000
vn -1.000000 0.000000 0.000000
vn -1.000000 0.000000 0.000000
vn -1.000000 0.000000 0.000000
vn -1.000000 0.000000 0.000000
vn -1.000000 0.000000 0.000000
vn -1.000000 0.000000 0.000000
vn -1.000000 0.000000 0.000000
vn -1.000000 0.000000 0.000000
vn -1.000000 0.000000 0.000000
vn -1.000000 0.000000 0.000000
vn -1.000000 0.000000 0.000000
vn -1.000000 0.000000 0.000000
vn -1.000000 0.000000 0.000000
vn -1.000000 0.000000 0.000000
vn -1.000000 0.000000 0.000000
vn -1.000000 0.000000 0.000000
vn -1.000000 0.000000 0.000000
vn -1.000000 0.000000 0.000000
vn -1.000000 0.000000 0.000000
vn -1.000000 0.000000 0.000000
vn -1.000000 0.000000 0.000000
vn -1.000000 0.000000 0.000000
vn -1.000000 0.000000 0.000000
vn -1.000000 0.000000 0.000000
vn -1.000000 0.000000 0.000000
vn 0.811743 0.584015 0.000002
vn 0.811743 0.584015 0.000002
vn 0.811743 0.584015 0.000002
vn 0.811743 0.584015 0.000002
vn 0.811743 0.584014 -0.000002
vn 0.811743 0.584014 -0.000002
vn 0.811743 0.584014 -0.000002
vn 0.811743 0.584014 -0.000002
vn 0.000001 -0.264977 0.964255
vn 0.000001 0.000000 1.000000
vn 0.000001 0.000000 1.000000
vn 0.000001 -0.331285 0.943531
vn -0.000001 0.000000 1.000000
vn -0.000001 -0.264977 0.964255
vn -0.000001 -0.331285 0.943531
vn -0.000001 0.000000 1.000000
vn -1.000000 0.000001 0.000000
vn -1.000000 0.000001 0.000000
vn -0.965141 -0.261729 0.000000
vn -0.994536 -0.104397 0.000000
vn -0.000001 0.000000 1.000000
vn -0.000001 0.000000 1.000000
vn 0.000633 -0.156815 0.987628
vn 0.001227 -0.303830 0.952726
vn -0.999980 -0.006361 -0.000001
vn -0.999980 -0.006361 -0.000001
vn -0.955090 -0.296317 -0.000001
vn -0.989243 -0.146282 -0.000001
vn 0.000000 -0.000001 1.000000
vn 0.000000 -0.000001 1.000000
vn 0.000275 -0.115137 0.993350
vn 0.000641 -0.268438 0.963297
vn -0.999955 -0.009468 0.000000
vn -0.999955 -0.009468 0.000000
vn -0.948281 -0.317433 0.000000
vn -0.948423 -0.317008 0.000000
vn 0.000635 -0.266442 -0.963851
vn 0.000271 -0.113783 -0.993506
vn 0.000000 0.000000 -1.000000
vn 0.000000 0.000000 -1.000000
vn -0.989159 -0.146849 0.000000
vn -0.955195 -0.295978 0.000000
vn -0.999980 -0.006361 0.000000
vn -0.999980 -0.006361 0.000000
vn 0.001220 -0.302012 -0.953303
vn 0.000628 -0.155330 -0.987862
vn 0.000000 0.000002 -1.000000
vn 0.000000 0.000002 -1.000000
vn -0.994489 -0.104843 -0.000003
vn -0.965141 -0.261729 -0.000003
vn -1.000000 0.000000 -0.000003
vn -1.000000 0.000000 -0.000003
vn -0.000001 -0.331286 -0.943530
vn -0.000001 -0.264977 -0.964255
vn -0.000001 0.000001 -1.000000
vn -0.000001 0.000001 -1.000000
vn 0.000000 0.000000 -1.000000
vn 0.000000 -0.264977 -0.964255
vn 0.000000 -0.331286 -0.943530
vn 0.000000 0.000000 -1.000000
vn 1.000000 0.000001 0.000000
vn 1.000000 0.000001 0.000000
vn 0.965141 -0.261729 0.000000
vn 0.994489 -0.104843 0.000000
vn 0.000000 0.000000 -1.000000
vn 0.000000 0.000000 -1.000000
vn -0.000628 -0.155330 -0.987862
vn -0.001220 -0.302011 -0.953304
vn 0.999980 -0.006362 0.000002
vn 0.999980 -0.006362 0.000002
vn 0.955195 -0.295976 0.000002
vn 0.989159 -0.146848 0.000002
vn 0.000000 0.000002 -1.000000
vn 0.000000 0.000002 -1.000000
vn -0.000272 -0.113782 -0.993506
vn -0.000636 -0.266441 -0.963851
vn 0.999955 -0.009468 0.000000
vn 0.999955 -0.009468 0.000000
vn 0.948423 -0.317007 0.000000
vn 0.948281 -0.317434 0.000000
vn -0.000640 -0.268437 0.963297
vn -0.000275 -0.115133 0.993350
vn -0.000001 0.000000 1.000000
vn -0.000001 0.000000 1.000000
vn 0.989243 -0.146283 0.000000
vn 0.955089 -0.296318 0.000000
vn 0.999980 -0.006361 0.000000
vn 0.999980 -0.006361 0.000000
vn -0.001228 -0.303829 0.952726
vn -0.000634 -0.156814 0.987628
vn 0.000000 0.000000 1.000000
vn 0.000000 0.000000 1.000000
vn 0.994536 -0.104398 0.000000
vn 0.965141 -0.261730 0.000000
vn 1.000000 0.000000 0.000000
vn 1.000000 0.000000 0.000000
vn 0.000000 1.000000 0.000001
vn 0.000000 1.000000 0.000001
vn 0.000000 1.000000 0.000000
vn 0.000000 1.000000 0.000000
vn 0.000000 -1.000000 0.000000
vn 0.000000 -1.000000 0.000000
vn 0.000000 -1.000000 0.000000
vn 0.000000 -1.000000 0.000000
vn 0.000000 1.000000 0.000000
vn 0.000000 1.000000 0.000000
vn 0.000000 1.000000 -0.000001
vn 0.000000 1.000000 -0.000001
vn 0.000000 -1.000000 0.000000
vn 0.000000 -1.000000 0.000000
vn 0.000000 -1.000000 0.000000
vn 0.000000 -1.000000 0.000000
vn 0.001110 -0.999999 0.000551
vn 0.000000 -1.000000 0.000000
vn 0.000000 -1.000000 0.000000
vn 0.001201 -0.999999 0.000596
vn 0.000000 1.000000 -0.000001
vn -0.001187 0.999999 -0.000948
vn -0.001278 0.999999 -0.001020
vn 0.000000 1.000000 -0.000001
vn 0.002348 -0.999997 0.000575
vn 0.001110 -0.999999 0.000551
vn 0.001201 -0.999999 0.000596
vn 0.002365 -0.999997 0.000482
vn -0.001187 0.999999 -0.000948
vn -0.001914 0.999998 -0.000977
vn -0.001825 0.999998 -0.000801
vn -0.001278 0.999999 -0.001020
vn 0.002077 -0.999998 -0.000756
vn 0.002348 -0.999997 0.000575
vn 0.002365 -0.999997 0.000482
vn 0.001941 -0.999998 -0.001029
vn -0.001914 0.999998 -0.000977
vn -0.001416 0.999999 0.000122
vn -0.001416 0.999999 0.000179
vn -0.001825 0.999998 -0.000801
vn 0.003223 -0.999995 -0.000172
vn 0.002077 -0.999998 -0.000756
vn 0.001941 -0.999998 -0.001029
vn 0.003294 -0.999995 -0.000094
vn -0.001416 0.999999 0.000122
vn -0.001881 0.999998 0.000029
vn -0.001900 0.999998 0.000014
vn -0.001416 0.999999 0.000179
vn 0.003223 -0.999995 0.000172
vn 0.003223 -0.999995 -0.000172
vn 0.003294 -0.999995 -0.000094
vn 0.003294 -0.999995 0.000095
vn -0.001881 0.999998 0.000029
vn -0.001881 0.999998 -0.000029
vn -0.001900 0.999998 -0.000014
vn -0.001900 0.999998 0.000014
vn -0.001881 0.999998 -0.000029
vn -0.001416 0.999999 -0.000122
vn -0.001414 0.999999 -0.000179
vn -0.001900 0.999998 -0.000014
vn 0.002077 -0.999998 0.000753
vn 0.003223 -0.999995 0.000172
vn 0.003294 -0.999995 0.000095
vn 0.001941 -0.999998 0.001026
vn -0.001416 0.999999 -0.000122
vn -0.001915 0.999998 0.000979
vn -0.001825 0.999998 0.000802
vn -0.001414 0.999999 -0.000179
vn 0.002348 -0.999997 -0.000575
vn 0.002077 -0.999998 0.000753
vn 0.001941 -0.999998 0.001026
vn 0.002365 -0.999997 -0.000482
vn -0.001915 0.999998 0.000979
vn -0.001170 0.999999 0.000936
vn -0.001262 0.999999 0.001009
vn -0.001825 0.999998 0.000802
vn 0.001095 -0.999999 -0.000544
vn 0.002348 -0.999997 -0.000575
vn 0.002365 -0.999997 -0.000482
vn 0.001187 -0.999999 -0.000589
vn -0.001170 0.999999 0.000936
vn 0.000000 1.000000 0.000000
vn 0.000000 1.000000 0.000000
vn -0.001262 0.999999 0.001009
vn 0.000001 -1.000000 -0.000001
vn 0.001095 -0.999999 -0.000544
vn 0.001187 -0.999999 -0.000589
vn 0.000001 -1.000000 -0.000001
vn 0.000000 1.000000 0.000000
vn 0.000000 1.000000 0.000000
vn 0.000000 1.000000 0.000000
vn 0.000000 1.000000 0.000000
vn 0.000001 -1.000000 -0.000001
vn 0.000000 -1.000000 0.000000
vn 0.000000 -1.000000 0.000000
vn 0.000001 -1.000000 -0.000001
vn 0.000000 1.000000 0.000000
vn 0.000000 1.000000 0.000000
vn 0.000000 1.000000 0.000000
vn 0.000000 1.000000 0.000000
vn 0.000000 -1.000000 0.000000
vn 0.000000 -1.000000 0.000000
vn 0.000000 -1.000000 0.000000
vn 0.000000 -1.000000 0.000000
vn -0.001096 -0.999999 -0.000544
vn 0.000000 -1.000000 0.000000
vn 0.000000 -1.000000 0.000000
vn -0.001188 -0.999999 -0.000589
vn 0.000000 1.000000 0.000000
vn 0.001169 0.999999 0.000935
vn 0.001261 0.999999 0.001008
vn 0.000000 1.000000 0.000000
vn -0.002349 -0.999997 -0.000577
vn -0.001096 -0.999999 -0.000544
vn -0.001188 -0.999999 -0.000589
vn -0.002366 -0.999997 -0.000484
vn 0.001169 0.999999 0.000935
vn 0.001913 0.999998 0.000979
vn 0.001824 0.999998 0.000803
vn 0.001261 0.999999 0.001008
vn -0.002076 -0.999998 0.000754
vn -0.002349 -0.999997 -0.000577
vn -0.002366 -0.999997 -0.000484
vn -0.001940 -0.999998 0.001027
vn 0.001913 0.999998 0.000979
vn 0.001416 0.999999 -0.000121
vn 0.001414 0.999999 -0.000179
vn 0.001824 0.999998 0.000803
vn -0.003223 -0.999995 0.000172
vn -0.002076 -0.999998 0.000754
vn -0.001940 -0.999998 0.001027
vn -0.003293 -0.999995 0.000094
vn 0.001416 0.999999 -0.000121
vn 0.001881 0.999998 -0.000029
vn 0.001900 0.999998 -0.000014
vn 0.001414 0.999999 -0.000179
vn -0.003223 -0.999995 -0.000172
vn -0.003223 -0.999995 0.000172
vn -0.003293 -0.999995 0.000094
vn -0.003294 -0.999995 -0.000095
vn 0.001881 0.999998 -0.000029
vn 0.001881 0.999998 0.000029
vn 0.001900 0.999998 0.000014
vn 0.001900 0.999998 -0.000014
vn 0.001881 0.999998 0.000029
vn 0.001416 0.999999 0.000122
vn 0.001414 0.999999 0.000179
vn 0.001900 0.999998 0.000014
vn -0.002077 -0.999998 -0.000752
vn -0.003223 -0.999995 -0.000172
vn -0.003294 -0.999995 -0.000095
vn -0.001941 -0.999998 -0.001024
vn 0.001416 0.999999 0.000122
vn 0.001914 0.999998 -0.000977
vn 0.001825 0.999998 -0.000801
vn 0.001414 0.999999 0.000179
vn -0.002349 -0.999997 0.000577
vn -0.002077 -0.999998 -0.000752
vn -0.001941 -0.999998 -0.001024
vn -0.002366 -0.999997 0.000484
vn 0.001914 0.999998 -0.000977
vn 0.001187 0.999999 -0.000948
vn 0.001278 0.999999 -0.001020
vn 0.001825 0.999998 -0.000801
vn -0.001111 -0.999999 0.000551
vn -0.002349 -0.999997 0.000577
vn -0.002366 -0.999997 0.000484
vn -0.001202 -0.999999 0.000596
vn 0.001187 0.999999 -0.000948
vn 0.000000 1.000000 0.000001
vn 0.000000 1.000000 0.000001
vn 0.001278 0.999999 -0.001020
vn 0.000000 -1.000000 0.000000
vn -0.001111 -0.999999 0.000551
vn -0.001202 -0.999999 0.000596
vn 0.000000 -1.000000 0.000000
vn 0.000001 0.000000 1.000000
vn 0.000001 0.000000 1.000000
vn 0.000001 -0.411752 0.911296
vn 0.000001 -0.308221 0.951315
vn -0.000001 -0.411751 0.911296
vn -0.000001 0.000001 1.000000
vn -0.000001 0.000001 1.000000
vn -0.000001 -0.308219 0.951316
vn -0.924581 -0.380985 0.000000
vn -0.986538 -0.163530 0.000000
vn -1.000000 -0.000001 0.000000
vn -1.000000 -0.000001 0.000000
vn 0.000986 -0.244313 0.969696
vn 0.001775 -0.439392 0.898294
vn -0.000001 0.000000 1.000000
vn -0.000001 0.000000 1.000000
vn -0.905570 -0.424196 -0.000002
vn -0.975040 -0.222030 -0.000001
vn -0.999978 -0.006583 -0.000001
vn -0.999978 -0.006583 -0.000001
vn 0.000441 -0.184774 0.982781
vn 0.000942 -0.394394 0.918941
vn 0.000000 0.000004 1.000000
vn 0.000000 0.000004 1.000000
vn -0.960956 -0.276703 0.000000
vn -0.961206 -0.275830 0.000000
vn -0.999952 -0.009798 0.000000
vn -0.999952 -0.009798 0.000000
vn 0.000000 0.000000 -1.000000
vn 0.000000 0.000000 -1.000000
vn 0.000933 -0.391685 -0.920099
vn 0.000435 -0.182645 -0.983179
vn -0.999978 -0.006583 0.000000
vn -0.999978 -0.006583 0.000000
vn -0.974866 -0.222792 0.000000
vn -0.905782 -0.423745 0.000000
vn 0.000000 0.000000 -1.000000
vn 0.000000 0.000000 -1.000000
vn 0.001766 -0.437006 -0.899457
vn 0.000978 -0.242053 -0.970263
vn -1.000000 0.000000 -0.000003
vn -1.000000 0.000000 -0.000003
vn -0.986539 -0.163529 -0.000003
vn -0.924725 -0.380636 -0.000003
vn -0.000002 -0.000002 -1.000000
vn -0.000002 -0.000002 -1.000000
vn -0.000001 -0.411753 -0.911296
vn -0.000001 -0.308221 -0.951315
vn 0.000001 -0.411754 -0.911295
vn 0.000001 -0.000002 -1.000000
vn 0.000001 -0.000002 -1.000000
vn 0.000001 -0.308222 -0.951315
vn 0.924725 -0.380637 0.000000
vn 0.986538 -0.163530 0.000000
vn 1.000000 0.000000 0.000000
vn 1.000000 0.000000 0.000000
vn -0.000978 -0.242053 -0.970263
vn -0.001766 -0.437005 -0.899457
vn 0.000000 -0.000004 -1.000000
vn 0.000000 -0.000004 -1.000000
vn 0.905782 -0.423744 0.000001
vn 0.974866 -0.222791 0.000002
vn 0.999978 -0.006584 0.000002
vn 0.999978 -0.006584 0.000002
vn -0.000436 -0.182648 -0.983178
vn -0.000935 -0.391685 -0.920099
vn 0.000000 -0.000004 -1.000000
vn 0.000000 -0.000004 -1.000000
vn 0.961206 -0.275832 0.000000
vn 0.960955 -0.276705 0.000000
vn 0.999952 -0.009799 0.000000
vn 0.999952 -0.009799 0.000000
vn 0.000000 0.000000 1.000000
vn 0.000000 0.000000 1.000000
vn -0.000940 -0.394396 0.918940
vn -0.000440 -0.184774 0.982781
vn 0.999978 -0.006583 0.000000
vn 0.999978 -0.006583 0.000000
vn 0.975040 -0.222031 0.000000
vn 0.905569 -0.424198 0.000000
vn 0.000001 0.000000 1.000000
vn 0.000001 0.000000 1.000000
vn -0.001775 -0.439391 0.898294
vn -0.000986 -0.244312 0.969696
vn 1.000000 0.000001 0.000000
vn 1.000000 0.000001 0.000000
vn 0.986539 -0.163528 0.000000
vn 0.924582 -0.380983 0.000000
vn 0.000001 -0.411752 0.911296
vn 0.000001 -0.264977 0.964255
vn 0.000001 -0.331285 0.943531
vn 0.000001 -0.308221 0.951315
vn -0.000001 -0.264977 0.964255
vn -0.000001 -0.411751 0.911296
vn -0.000001 -0.308219 0.951316
vn -0.000001 -0.331285 0.943531
vn -0.994536 -0.104397 0.000000
vn -0.965141 -0.261729 0.000000
vn -0.986538 -0.163530 0.000000
vn -0.924581 -0.380985 0.000000
vn 0.001227 -0.303830 0.952726
vn 0.000633 -0.156815 0.987628
vn 0.001775 -0.439392 0.898294
vn 0.000986 -0.244313 0.969696
vn -0.989243 -0.146282 -0.000001
vn -0.955090 -0.296317 -0.000001
vn -0.975040 -0.222030 -0.000001
vn -0.905570 -0.424196 -0.000002
vn 0.000641 -0.268438 0.963297
vn 0.000275 -0.115137 0.993350
vn 0.000942 -0.394394 0.918941
vn 0.000441 -0.184774 0.982781
vn -0.948423 -0.317008 0.000000
vn -0.948281 -0.317433 0.000000
vn -0.961206 -0.275830 0.000000
vn -0.960956 -0.276703 0.000000
vn 0.000435 -0.182645 -0.983179
vn 0.000933 -0.391685 -0.920099
vn 0.000271 -0.113783 -0.993506
vn 0.000635 -0.266442 -0.963851
vn -0.905782 -0.423745 0.000000
vn -0.974866 -0.222792 0.000000
vn -0.955195 -0.295978 0.000000
vn -0.989159 -0.146849 0.000000
vn 0.000978 -0.242053 -0.970263
vn 0.001766 -0.437006 -0.899457
vn 0.000628 -0.155330 -0.987862
vn 0.001220 -0.302012 -0.953303
vn -0.924725 -0.380636 -0.000003
vn -0.986539 -0.163529 -0.000003
vn -0.965141 -0.261729 -0.000003
vn -0.994489 -0.104843 -0.000003
vn -0.000001 -0.308221 -0.951315
vn -0.000001 -0.411753 -0.911296
vn -0.000001 -0.264977 -0.964255
vn -0.000001 -0.331286 -0.943530
vn 0.000000 -0.264977 -0.964255
vn 0.000001 -0.411754 -0.911295
vn 0.000001 -0.308222 -0.951315
vn 0.000000 -0.331286 -0.943530
vn 0.994489 -0.104843 0.000000
vn 0.965141 -0.261729 0.000000
vn 0.986538 -0.163530 0.000000
vn 0.924725 -0.380637 0.000000
vn -0.001220 -0.302011 -0.953304
vn -0.000628 -0.155330 -0.987862
vn -0.001766 -0.437005 -0.899457
vn -0.000978 -0.242053 -0.970263
vn 0.989159 -0.146848 0.000002
vn 0.955195 -0.295976 0.000002
vn 0.974866 -0.222791 0.000002
vn 0.905782 -0.423744 0.000001
vn -0.000636 -0.266441 -0.963851
vn -0.000272 -0.113782 -0.993506
vn -0.000935 -0.391685 -0.920099
vn -0.000436 -0.182648 -0.983178
vn 0.948281 -0.317434 0.000000
vn 0.948423 -0.317007 0.000000
vn 0.960955 -0.276705 0.000000
vn 0.961206 -0.275832 0.000000
vn -0.000440 -0.184774 0.982781
vn -0.000940 -0.394396 0.918940
vn -0.000275 -0.115133 0.993350
vn -0.000640 -0.268437 0.963297
vn 0.905569 -0.424198 0.000000
vn 0.975040 -0.222031 0.000000
vn 0.955089 -0.296318 0.000000
vn 0.989243 -0.146283 0.000000
vn -0.000986 -0.244312 0.969696
vn -0.001775 -0.439391 0.898294
vn -0.000634 -0.156814 0.987628
vn -0.001228 -0.303829 0.952726
vn 0.924582 -0.380983 0.000000
vn 0.986539 -0.163528 0.000000
vn 0.965141 -0.261730 0.000000
vn 0.994536 -0.104398 0.000000
vn 0.000000 0.000000 -1.000000
vn 0.000000 0.000000 -1.000000
vn 0.000000 0.000000 -1.000000
vn 0.000000 0.000000 -1.000000
vn 0.000000 0.000000 -1.000000
vn 0.000000 0.000000 -1.000000
vn -0.000001 0.000000 -1.000000
vn -0.000001 0.000000 -1.000000
vn 0.000000 0.000000 -1.000000
vn 0.000000 0.000000 -1.000000
vn -0.000001 0.000000 -1.000000
vn -0.000001 0.000000 -1.000000
vn 0.000000 0.000000 -1.000000
vn 0.000000 0.000000 -1.000000
vn 0.000000 0.000000 -1.000000
vn 0.000000 0.000000 -1.000000
vn 0.000000 0.000000 -1.000000
vn 0.000000 0.000000 -1.000000
vn -0.000000 0.000000 -1.000000
vn -0.000000 0.000000 -1.000000
vn 0.000000 0.000000 -1.000000
vn 0.000000 0.000000 -1.000000
vn 0.000000 0.000000 -1.000000
vn 0.000000 0.000000 -1.000000
vn 0.000000 0.000000 -1.000000
vn 0.000000 0.000000 -1.000000
vn 0.000000 0.000000 -1.000000
vn 0.000000 0.000000 -1.000000
vn 0.194524 0.980898 0.000000
vn 0.194524 0.980898 0.000000
vn 0.000000 1.000000 0.000000
vn 0.000000 1.000000 0.000000
vn 0.194525 0.980898 0.000000
vn 0.194525 0.980898 0.000000
vn 0.000000 1.000000 0.000000
vn 0.000000 1.000000 0.000000
vn 0.000000 0.000000 1.000000
vn 0.000000 0.000000 1.000000
vn 0.000000 0.000000 1.000000
vn 0.000000 0.000000 1.000000
vn 0.000000 0.000000 1.000000
vn 0.000000 0.000000 1.000000
vn 0.000000 0.000000 1.000000
vn 0.000000 0.000000 1.000000
vn 0.000000 0.000000 1.000000
vn 0.000000 0.000000 1.000000
vn 0.000000 0.000000 1.000000
vn 0.000000 0.000000 1.000000
vn 0.000000 0.000000 1.000000
vn 0.000000 0.000000 1.000000
vn 0.000000 0.000000 1.000000
vn 0.000000 0.000000 1.000000
vn 0.000000 0.000000 1.000000
vn 0.000000 0.000000 1.000000
vn 0.000000 0.000000 1.000000
vn 0.000000 0.000000 1.000000
vn 0.000000 0.000000 1.000000
vn 0.000000 0.000000 1.000000
vn 0.000000 0.000000 1.000000
vn 0.000000 0.000000 1.000000
vn 0.000000 0.000000 1.000000
vn 0.000000 0.000000 1.000000
vn 0.000000 0.000000 1.000000
vn 0.000000 0.000000 1.000000
vn 0.000000 0.000000 -1.000000
vn 0.000000 0.000000 -1.000000
vn -0.000002 0.000000 -1.000000
vn -0.000002 0.000000 -1.000000
vn -0.000002 0.000000 -1.000000
vn -0.000002 0.000000 -1.000000
vn 0.000000 0.000000 -1.000000
vn 0.000000 0.000000 -1.000000
vn -0.000001 0.000000 -1.000000
vn -0.000001 0.000000 -1.000000
vn 0.000000 0.000000 -1.000000
vn 0.000000 0.000000 -1.000000
vn 0.000001 0.000000 -1.000000
vn 0.000002 0.000000 -1.000000
vn 0.416137 0.909302 0.000000
vn 0.416137 0.909302 0.000000
vn 0.416138 0.909302 0.000000
vn 0.416138 0.909302 0.000000
vn 0.000000 0.000000 1.000000
vn 0.000001 0.000000 1.000000
vn 0.000000 0.000000 1.000000
vn 0.000000 0.000000 1.000000
vn 0.000000 0.000000 1.000000
vn 0.000000 0.000000 1.000000
vn 0.000000 0.000000 1.000000
vn 0.000000 0.000000 1.000000
vn 0.000000 0.000000 1.000000
vn 0.000000 0.000000 1.000000
vn 0.000000 0.000000 1.000000
vn 0.000000 0.000000 1.000000
vn 0.000000 0.000000 1.000000
vn 0.000000 0.000000 1.000000
vn 0.000000 1.000000 0.000000
vn 0.000000 1.000000 0.000000
vn 0.000000 1.000000 0.000000
vn 0.000000 1.000000 0.000000
vn -1.000000 0.000002 0.000000
vn -1.000000 0.000002 0.000000
vn -1.000000 0.000002 0.000000
vn -1.000000 0.000002 0.000000
vn -0.998005 -0.063130 0.000000
vn -0.998005 -0.063130 0.000000
vn -0.998005 -0.063130 0.000000
vn -0.998005 -0.063130 0.000000
vn -0.000002 0.000000 -1.000000
vn -0.000002 0.000000 -1.000000
vn -0.000002 0.000000 -1.000000
vn -0.000002 0.000000 -1.000000
vn -0.000012 0.000000 -1.000000
vn -0.000012 0.000000 -1.000000
vn -0.000012 0.000000 -1.000000
vn -0.000012 0.000000 -1.000000
vn -1.000000 0.000000 0.000000
vn -1.000000 0.000000 0.000000
vn -1.000000 0.000000 0.000000
vn -1.000000 0.000000 0.000000
vn -0.998169 -0.060489 0.000000
vn -0.998169 -0.060489 0.000000
vn -0.998169 -0.060489 0.000000
vn -0.998169 -0.060489 0.000000
vn -0.000005 0.000000 -1.000000
vn -0.000005 0.000000 -1.000000
vn -0.000005 0.000000 -1.000000
vn -0.000005 0.000000 -1.000000
vn -0.000007 0.000000 -1.000000
vn -0.000007 0.000000 -1.000000
vn -0.000007 0.000000 -1.000000
vn -0.000007 0.000000 -1.000000
vn 0.000000 0.000000 -1.000000
vn 0.000000 0.000000 -1.000000
vn 0.000000 0.000000 -1.000000
vn 0.000000 0.000000 -1.000000
vn 0.000005 0.000000 -1.000000
vn 0.000005 0.000000 -1.000000
vn 0.000005 0.000000 -1.000000
vn 0.000005 0.000000 -1.000000
vn -0.000004 0.000000 -1.000000
vn -0.000004 0.000000 -1.000000
vn -0.000004 0.000000 -1.000000
vn -0.000004 0.000000 -1.000000
vn -0.000002 0.000000 -1.000000
vn -0.000002 0.000000 -1.000000
vn -0.000002 0.000000 -1.000000
vn -0.000002 0.000000 -1.000000
vn 1.000000 0.000000 0.000000
vn 1.000000 0.000000 0.000000
vn 1.000000 0.000000 0.000000
vn 1.000000 0.000000 0.000000
vn 0.998005 -0.063131 0.000000
vn 0.998005 -0.063131 0.000000
vn 0.998005 -0.063131 0.000000
vn 0.998005 -0.063131 0.000000
vn 0.000000 0.000000 -1.000000
vn 0.000000 0.000000 -1.000000
vn 0.000000 0.000000 -1.000000
vn 0.000000 0.000000 -1.000000
vn 0.000000 0.000000 -1.000000
vn 0.000000 0.000000 -1.000000
vn 0.000000 0.000000 -1.000000
vn 0.000000 0.000000 -1.000000
vn 1.000000 0.000000 0.000000
vn 1.000000 0.000000 0.000000
vn 1.000000 0.000000 0.000000
vn 1.000000 0.000000 0.000000
vn 0.998169 -0.060487 0.000000
vn 0.998169 -0.060487 0.000000
vn 0.998169 -0.060487 0.000000
vn 0.998169 -0.060487 0.000000
vn 0.000000 0.000000 -1.000000
vn 0.000000 0.000000 -1.000000
vn 0.000000 0.000000 -1.000000
vn 0.000000 0.000000 -1.000000
vn 0.000000 0.000000 -1.000000
vn 0.000000 0.000000 -1.000000
vn 0.000000 0.000000 -1.000000
vn 0.000000 0.000000 -1.000000
vn 1.000000 0.000000 0.000000
vn 1.000000 0.000000 0.000000
vn 1.000000 0.000000 0.000000
vn 1.000000 0.000000 0.000000
vn 0.998005 -0.063136 0.000000
vn 0.998005 -0.063136 0.000000
vn 0.998005 -0.063136 0.000000
vn 0.998005 -0.063136 0.000000
vn -0.000002 0.000000 1.000000
vn -0.000002 0.000000 1.000000
vn -0.000002 0.000000 1.000000
vn -0.000002 0.000000 1.000000
vn -0.000003 0.000000 1.000000
vn -0.000003 0.000000 1.000000
vn -0.000003 0.000000 1.000000
vn -0.000003 0.000000 1.000000
vn 1.000000 0.000000 0.000000
vn 1.000000 0.000000 0.000000
vn 1.000000 0.000000 0.000000
vn 1.000000 0.000000 0.000000
vn 0.998170 -0.060478 0.000000
vn 0.998170 -0.060478 0.000000
vn 0.998170 -0.060478 0.000000
vn 0.998170 -0.060478 0.000000
vn 0.000009 0.000000 1.000000
vn 0.000009 0.000000 1.000000
vn 0.000009 0.000000 1.000000
vn 0.000009 0.000000 1.000000
vn -0.000005 0.000000 1.000000
vn -0.000005 0.000000 1.000000
vn -0.000005 0.000000 1.000000
vn -0.000005 0.000000 1.000000
vn -0.000007 0.000000 1.000000
vn -0.000007 0.000000 1.000000
vn -0.000007 0.000000 1.000000
vn -0.000007 0.000000 1.000000
vn 0.000000 0.000000 1.000000
vn 0.000000 0.000000 1.000000
vn 0.000000 0.000000 1.000000
vn 0.000000 0.000000 1.000000
vn 0.000001 0.000000 1.000000
vn 0.000001 0.000000 1.000000
vn 0.000001 0.000000 1.000000
vn 0.000001 0.000000 1.000000
vn 0.000002 0.000000 1.000000
vn 0.000002 0.000000 1.000000
vn 0.000002 0.000000 1.000000
vn 0.000002 0.000000 1.000000
vn -1.000000 0.000002 0.000000
vn -1.000000 0.000002 0.000000
vn -1.000000 0.000002 0.000000
vn -1.000000 0.000002 0.000000
vn -0.998005 -0.063130 0.000000
vn -0.998005 -0.063130 0.000000
vn -0.998005 -0.063130 0.000000
vn -0.998005 -0.063130 0.000000
vn 0.000000 0.000000 1.000000
vn 0.000000 0.000000 1.000000
vn 0.000000 0.000000 1.000000
vn 0.000000 0.000000 1.000000
vn 0.000015 0.000000 1.000000
vn 0.000015 0.000000 1.000000
vn 0.000015 0.000000 1.000000
vn 0.000015 0.000000 1.000000
vn -1.000000 0.000000 0.000000
vn -1.000000 0.000000 0.000000
vn -1.000000 0.000000 0.000000
vn -1.000000 0.000000 0.000000
vn -0.998169 -0.060491 0.000000
vn -0.998169 -0.060491 0.000000
vn -0.998169 -0.060491 0.000000
vn -0.998169 -0.060491 0.000000
vn -0.000013 0.000000 1.000000
vn -0.000013 0.000000 1.000000
vn -0.000013 0.000000 1.000000
vn -0.000013 0.000000 1.000000
vn 0.000000 0.000000 1.000000
vn 0.000000 0.000000 1.000000
vn 0.000000 0.000000 1.000000
vn 0.000000 0.000000 1.000000
vn 1.000000 0.000000 0.000000
vn 1.000000 0.000000 0.000000
vn 1.000000 0.000000 0.000000
vn 1.000000 0.000000 0.000000
vn 0.998307 -0.058167 0.000000
vn 0.998307 -0.058167 0.000000
vn 0.998307 -0.058167 0.000001
vn 0.998307 -0.058167 0.000002
vn -0.998307 -0.058166 0.000000
vn -0.998307 -0.058166 0.000000
vn -0.998307 -0.058166 0.000000
vn -0.998307 -0.058166 0.000000
vn -1.000000 0.000000 0.000000
vn -1.000000 0.000000 0.000000
vn -1.000000 0.000000 0.000000
vn -1.000000 0.000000 0.000000
vn 0.000000 0.000000 1.000000
vn 0.000000 0.000000 1.000000
vn 0.000000 0.000000 1.000000
vn 0.000000 0.000000 1.000000
vn 0.000000 0.000000 1.000000
vn 0.000000 0.000000 1.000000
vn 0.000000 0.000000 1.000000
vn 0.000000 0.000000 1.000000
vn 0.000000 0.000000 -1.000000
vn 0.000000 0.000000 -1.000000
vn 0.000000 0.000000 -1.000000
vn 0.000000 0.000000 -1.000000
vn 0.000000 0.000000 -1.000000
vn 0.000000 0.000000 -1.000000
vn 0.000000 0.000000 -1.000000
vn 0.000000 0.000000 -1.000000
vn 0.000000 1.000000 0.000000
vn 0.000000 1.000000 0.000000
vn 0.000000 1.000000 0.000001
vn 0.000000 1.000000 0.000001
vn 0.000000 1.000000 0.000003
vn 0.000000 1.000000 0.000003
vn -0.209567 0.977794 0.000000
vn -0.209567 0.977794 0.000000
vn -0.209567 0.977794 0.000000
vn -0.209567 0.977794 0.000000
vn -0.209568 0.977794 0.000000
vn -0.209568 0.977794 0.000000
vn -0.209568 0.977794 0.000000
vn -0.209568 0.977794 0.000000
vn 0.964925 0.262525 0.000000
vn 0.964925 0.262525 0.000000
vn 0.964925 0.262525 0.000000
vn 0.964925 0.262525 0.000000
vn 0.579768 0.800933 -0.149584
vn 0.579768 0.800933 -0.149584
vn 0.579768 0.800933 -0.149584
vn 0.579768 0.800933 -0.149584
vn 0.515023 0.630286 0.580939
vn 0.515023 0.630286 0.580939
vn 0.515023 0.630286 0.580939
vn 0.515023 0.630286 0.580939
vn 0.367966 0.890130 -0.268831
vn 0.367966 0.890130 -0.268831
vn 0.367966 0.890130 -0.268831
vn 0.367966 0.890130 -0.268831
vn -0.209196 0.977874 0.000154
vn -0.209196 0.977874 0.000154
vn -0.209196 0.977874 0.000154
vn -0.209196 0.977874 0.000154
vn -0.209200 0.977873 -0.000161
vn -0.209200 0.977873 -0.000161
vn -0.209200 0.977873 -0.000161
vn -0.209200 0.977873 -0.000161
vn -0.998307 -0.058166 0.000000
vn -0.998307 -0.058166 0.000000
vn -1.000000 0.000000 0.000000
vn -1.000000 0.000000 0.000000
vn 0.998307 -0.058167 0.000005
vn 0.998307 -0.058167 0.000005
vn 1.000000 0.000000 0.000000
vn 1.000000 0.000000 0.000000
vn 0.429074 0.615147 0.661430
vn 0.429074 0.615147 0.661430
vn 0.429074 0.615147 0.661430
vn 0.429074 0.615147 0.661430
vn 0.583153 0.812363 -0.000161
vn 0.583153 0.812363 -0.000161
vn 0.583153 0.812363 -0.000161
vn 0.583153 0.812363 -0.000161
vn -0.208999 0.977916 -0.000175
vn -0.208999 0.977916 -0.000175
vn -0.208999 0.977916 -0.000175
vn -0.208999 0.977916 -0.000175
vn -0.208999 0.977916 0.000177
vn -0.208999 0.977916 0.000177
vn -0.208999 0.977916 0.000177
vn -0.208999 0.977916 0.000177
vn 0.965924 -0.000000 -0.258826
vn 0.866114 -0.000000 -0.499846
vn 0.877462 -0.000000 -0.479647
vn 0.965924 -0.000000 -0.258826
vn 0.500072 0.000000 -0.865984
vn 0.508249 0.000000 -0.861210
vn -0.000052 0.000000 -1.000000
vn -0.006711 0.000000 -0.999978
vn -0.500149 0.000000 -0.865939
vn -0.518290 0.000000 -0.855205
vn -0.866140 0.000000 -0.499802
vn -0.880793 0.000000 -0.473502
vn -0.965923 0.000000 -0.258831
vn -0.965923 0.000000 -0.258831
vn 0.041037 0.981367 -0.187707
vn 0.041037 0.981367 -0.187707
vn 0.041035 0.981366 -0.187717
vn 0.041035 0.981366 -0.187718
vn 0.041033 0.981365 -0.187719
vn 0.041033 0.981365 -0.187719
vn 0.041032 0.981367 -0.187710
vn 0.041032 0.981367 -0.187710
vn 0.041030 0.981369 -0.187701
vn 0.041030 0.981369 -0.187701
vn 0.041034 0.981364 -0.187728
vn 0.041034 0.981364 -0.187728
vn 0.000006 0.000000 -1.000000
vn 0.000006 0.000000 -1.000000
vn 0.000006 0.000000 -1.000000
vn 0.000006 0.000000 -1.000000
vn 0.000006 0.000000 -1.000000
vn 0.000006 0.000000 -1.000000
vn 0.000006 0.000000 -1.000000
vn 0.000006 0.000000 -1.000000
vn 0.000003 0.000000 -1.000000
vn 0.000003 0.000000 -1.000000
vn 0.000003 0.000000 -1.000000
vn 0.000003 0.000000 -1.000000
vn 0.000002 0.000000 -1.000000
vn 0.000002 0.000000 -1.000000
vn 0.000002 0.000000 -1.000000
vn 0.000002 0.000000 -1.000000
vn 0.000004 0.000000 -1.000000
vn 0.000004 0.000000 -1.000000
vn 0.000004 0.000000 -1.000000
vn 0.000004 0.000000 -1.000000
vn 1.000000 0.000000 0.000000
vn 1.000000 0.000000 0.000000
vn 1.000000 0.000000 0.000000
vn 1.000000 0.000000 0.000000
vn 0.845490 -0.533991 0.000000
vn 0.845490 -0.533991 0.000000
vn 0.845490 -0.533991 0.000000
vn 0.845490 -0.533991 0.000000
vn 0.997800 -0.066304 0.000000
vn 0.997800 -0.066304 0.000000
vn 0.997800 -0.066304 0.000000
vn 0.997800 -0.066304 0.000000
vn 0.712810 -0.701357 0.000000
vn 0.712810 -0.701357 0.000000
vn 0.712810 -0.701357 0.000000
vn 0.712810 -0.701357 0.000000
vn 0.944309 -0.329059 0.000000
vn 0.944309 -0.329059 0.000000
vn 0.944309 -0.329059 0.000000
vn 0.944309 -0.329059 0.000000
vn 0.000000 0.000000 -1.000000
vn 0.000000 0.000000 -1.000000
vn 0.000000 0.000000 -1.000000
vn 0.000000 0.000000 -1.000000
vn 0.000000 0.000000 -1.000000
vn 0.000000 0.000000 -1.000000
vn 0.000000 0.000000 -1.000000
vn 0.000000 0.000000 -1.000000
vn 0.000000 0.000000 -1.000000
vn 0.000000 0.000000 -1.000000
vn 0.000000 0.000000 -1.000000
vn 0.000000 0.000000 -1.000000
vn 0.000000 0.000000 -1.000000
vn 0.000000 0.000000 -1.000000
vn 0.000000 0.000000 -1.000000
vn 0.000000 0.000000 -1.000000
vn 0.000000 0.000000 -1.000000
vn 0.000000 0.000000 -1.000000
vn 0.000000 0.000000 -1.000000
vn 0.000000 0.000000 -1.000000
vn 1.000000 0.000000 0.000000
vn 1.000000 0.000000 0.000000
vn 1.000000 0.000000 0.000000
vn 1.000000 0.000000 0.000000
vn 0.845387 -0.534154 0.000000
vn 0.845387 -0.534154 0.000000
vn 0.845387 -0.534154 0.000000
vn 0.845387 -0.534154 0.000000
vn 0.997980 -0.063534 0.000000
vn 0.997980 -0.063534 0.000000
vn 0.997980 -0.063534 0.000000
vn 0.997980 -0.063534 0.000000
vn 0.712725 -0.701443 0.000000
vn 0.712725 -0.701443 0.000000
vn 0.712725 -0.701443 0.000000
vn 0.712725 -0.701443 0.000000
vn 0.944020 -0.329889 0.000000
vn 0.944020 -0.329889 0.000000
vn 0.944020 -0.329889 0.000000
vn 0.944020 -0.329889 0.000000
vn 0.000000 0.000000 -1.000000
vn 0.000000 0.000000 -1.000000
vn 0.000000 0.000000 -1.000000
vn 0.000000 0.000000 -1.000000
vn 0.000000 0.000000 -1.000000
vn 0.000000 0.000000 -1.000000
vn 0.000000 0.000000 -1.000000
vn 0.000000 0.000000 -1.000000
vn 0.000000 0.000000 -1.000000
vn 0.000000 0.000000 -1.000000
vn 0.000000 0.000000 -1.000000
vn 0.000000 0.000000 -1.000000
vn 0.000000 0.000000 -1.000000
vn 0.000000 0.000000 -1.000000
vn 0.000000 0.000000 -1.000000
vn 0.000000 0.000000 -1.000000
vn 0.000000 0.000000 -1.000000
vn 0.000000 0.000000 -1.000000
vn 0.000000 0.000000 -1.000000
vn 0.000000 0.000000 -1.000000
vn 0.000000 0.000000 -1.000000
vn 0.000000 0.000000 -1.000000
vn 0.000000 0.000000 -1.000000
vn 0.000000 0.000000 -1.000000
vn 0.554752 -0.832016 0.000000
vn 0.554752 -0.832016 0.000000
vn 0.554752 -0.832016 0.000000
vn 0.554752 -0.832016 0.000000
vn 0.000011 0.000000 -1.000000
vn 0.000011 0.000000 -1.000000
vn 0.000011 0.000000 -1.000000
vn 0.000011 0.000000 -1.000000
vn 0.576316 -0.817227 0.000000
vn 0.576316 -0.817227 0.000000
vn 0.576316 -0.817227 0.000000
vn 0.576316 -0.817227 0.000000
vn 0.000007 0.000000 -1.000000
vn 0.000007 0.000000 -1.000000
vn 0.000007 0.000000 -1.000000
vn 0.000007 0.000000 -1.000000
vn 1.000000 0.000000 0.000000
vn 1.000000 0.000000 0.000000
vn 1.000000 0.000000 0.000000
vn 1.000000 0.000000 0.000000
vn 0.845494 -0.533984 0.000000
vn 0.845494 -0.533984 0.000000
vn 0.845494 -0.533984 0.000000
vn 0.845494 -0.533984 0.000000
vn 0.997800 -0.066304 0.000000
vn 0.997800 -0.066304 0.000000
vn 0.997800 -0.066304 0.000000
vn 0.997800 -0.066304 0.000000
vn 0.712810 -0.701357 0.000000
vn 0.712810 -0.701357 0.000000
vn 0.712810 -0.701357 0.000000
vn 0.712810 -0.701357 0.000000
vn 0.944309 -0.329059 0.000000
vn 0.944309 -0.329059 0.000000
vn 0.944309 -0.329059 0.000000
vn 0.944309 -0.329059 0.000000
vn -0.000017 0.000000 1.000000
vn -0.000017 0.000000 1.000000
vn -0.000017 0.000000 1.000000
vn -0.000017 0.000000 1.000000
vn -0.000005 0.000000 1.000000
vn -0.000005 0.000000 1.000000
vn -0.000005 0.000000 1.000000
vn -0.000005 0.000000 1.000000
vn 0.000011 0.000000 1.000000
vn 0.000011 0.000000 1.000000
vn 0.000011 0.000000 1.000000
vn 0.000011 0.000000 1.000000
vn -0.000014 0.000000 1.000000
vn -0.000014 0.000000 1.000000
vn -0.000014 0.000000 1.000000
vn -0.000014 0.000000 1.000000
vn -0.000004 0.000000 1.000000
vn -0.000004 0.000000 1.000000
vn -0.000004 0.000000 1.000000
vn -0.000004 0.000000 1.000000
vn 1.000000 0.000000 0.000000
vn 1.000000 0.000000 0.000000
vn 1.000000 0.000000 0.000000
vn 1.000000 0.000000 0.000000
vn 0.845386 -0.534157 0.000000
vn 0.845386 -0.534157 0.000000
vn 0.845386 -0.534157 0.000000
vn 0.845386 -0.534157 0.000000
vn 0.997980 -0.063534 0.000000
vn 0.997980 -0.063534 0.000000
vn 0.997980 -0.063534 0.000000
vn 0.997980 -0.063534 0.000000
vn 0.712720 -0.701448 0.000000
vn 0.712720 -0.701448 0.000000
vn 0.712720 -0.701448 0.000000
vn 0.712720 -0.701448 0.000000
vn 0.944019 -0.329892 0.000000
vn 0.944019 -0.329892 0.000000
vn 0.944019 -0.329892 0.000000
vn 0.944019 -0.329892 0.000000
vn 0.000004 0.000000 1.000000
vn 0.000004 0.000000 1.000000
vn 0.000004 0.000000 1.000000
vn 0.000004 0.000000 1.000000
vn -0.000014 0.000000 1.000000
vn -0.000014 0.000000 1.000000
vn -0.000014 0.000000 1.000000
vn -0.000014 0.000000 1.000000
vn 0.000001 0.000000 1.000000
vn 0.000001 0.000000 1.000000
vn 0.000001 0.000000 1.000000
vn 0.000001 0.000000 1.000000
vn 0.000017 0.000000 1.000000
vn 0.000017 0.000000 1.000000
vn 0.000017 0.000000 1.000000
vn 0.000017 0.000000 1.000000
vn 0.000013 -0.000002 1.000000
vn 0.000013 -0.000002 1.000000
vn 0.000013 -0.000002 1.000000
vn 0.000013 -0.000002 1.000000
vn 0.554762 -0.832009 0.000000
vn 0.554762 -0.832009 0.000000
vn 0.554762 -0.832009 0.000000
vn 0.554762 -0.832009 0.000000
vn 0.000000 0.000000 1.000000
vn 0.000000 0.000000 1.000000
vn 0.000000 0.000000 1.000000
vn 0.000000 0.000000 1.000000
vn 0.576317 -0.817226 0.000000
vn 0.576317 -0.817226 0.000000
vn 0.576317 -0.817226 0.000000
vn 0.576317 -0.817226 0.000000
vn 0.000019 -0.000007 1.000000
vn 0.000019 -0.000007 1.000000
vn 0.000019 -0.000007 1.000000
vn 0.000019 -0.000007 1.000000
vn 0.000000 0.000000 1.000000
vn 0.000000 0.000000 1.000000
vn 0.000000 0.000000 1.000000
vn 0.000000 0.000000 1.000000
vn 0.000000 0.000000 1.000000
vn 0.000000 0.000000 1.000000
vn 0.000000 0.000000 1.000000
vn 0.000000 0.000000 1.000000
vn 0.000000 0.000000 1.000000
vn 0.000000 0.000000 1.000000
vn 0.000000 0.000000 1.000000
vn 0.000000 0.000000 1.000000
vn 0.000000 0.000000 1.000000
vn 0.000000 0.000000 1.000000
vn 0.000000 0.000000 1.000000
vn 0.000000 0.000000 1.000000
vn 0.000008 0.000000 1.000000
vn 0.000008 0.000000 1.000000
vn 0.000008 0.000000 1.000000
vn 0.000008 0.000000 1.000000
vn 0.000000 0.000000 1.000000
vn 0.000000 0.000000 1.000000
vn 0.000000 0.000000 1.000000
vn 0.000000 0.000000 1.000000
vn 1.000000 0.000000 0.000000
vn 1.000000 0.000000 0.000000
vn 1.000000 0.000000 0.000000
vn 1.000000 0.000000 0.000000
vn 0.998132 -0.061091 0.000000
vn 0.998132 -0.061091 0.000000
vn 0.998132 -0.061091 0.000000
vn 0.998132 -0.061091 0.000000
vn 0.943740 -0.330688 0.000000
vn 0.943740 -0.330688 0.000000
vn 0.943740 -0.330688 0.000000
vn 0.943740 -0.330688 0.000000
vn 0.845299 -0.534294 0.000000
vn 0.845299 -0.534294 0.000000
vn 0.845299 -0.534294 0.000000
vn 0.845299 -0.534294 0.000000
vn 0.712439 -0.701734 0.000000
vn 0.712439 -0.701734 0.000000
vn 0.712439 -0.701734 0.000000
vn 0.712439 -0.701734 0.000000
vn 0.586834 -0.809707 0.000000
vn 0.586834 -0.809707 0.000000
vn 0.586834 -0.809707 0.000000
vn 0.586834 -0.809707 0.000000
vn 0.000000 0.000000 1.000000
vn 0.000000 0.000000 1.000000
vn 0.000000 0.000000 1.000000
vn 0.000000 0.000000 1.000000
vn 0.000000 0.000000 1.000000
vn 0.000000 0.000000 1.000000
vn 0.000000 0.000000 1.000000
vn 0.000000 0.000000 1.000000
vn 0.000000 0.000000 1.000000
vn 0.000000 0.000000 1.000000
vn 0.000000 0.000000 1.000000
vn 0.000000 0.000000 1.000000
vn 0.000000 0.000000 1.000000
vn 0.000000 0.000000 1.000000
vn 0.000000 0.000000 1.000000
vn 0.000000 0.000000 1.000000
vn -0.000000 0.000000 1.000000
vn -0.000000 0.000000 1.000000
vn -0.000000 0.000000 1.000000
vn 0.000000 0.000000 1.000000
vn 0.000000 0.000000 1.000000
vn 0.000000 0.000000 1.000000
vn -0.000001 0.000000 1.000000
vn -0.000001 0.000000 1.000000
vn 0.000000 0.000000 -1.000000
vn 0.000000 0.000000 -1.000000
vn 0.000000 0.000000 -1.000000
vn 0.000000 0.000000 -1.000000
vn 0.000000 0.000000 -1.000000
vn 0.000000 0.000000 -1.000000
vn 0.000000 0.000000 -1.000000
vn 0.000000 0.000000 -1.000000
vn 0.000000 0.000000 -1.000000
vn 0.000000 0.000000 -1.000000
vn 0.000000 0.000000 -1.000000
vn 0.000000 0.000000 -1.000000
vn 0.000000 0.000000 -1.000000
vn -0.000000 0.000000 -1.000000
vn -0.000001 0.000000 -1.000000
vn -0.000001 0.000000 -1.000000
vn 0.000000 0.000000 -1.000000
vn -0.000000 0.000000 -1.000000
vn -0.000001 0.000000 -1.000000
vn -0.000001 0.000000 -1.000000
vn 0.000000 0.000000 -1.000000
vn 0.000000 0.000000 -1.000000
vn 0.000000 0.000000 -1.000000
vn 0.000000 0.000000 -1.000000
vn 0.000000 0.000000 1.000000
vn 0.000000 0.000000 1.000000
vn 0.000000 0.000000 1.000000
vn 0.000000 0.000000 1.000000
vn 0.000000 0.000000 -1.000000
vn 0.000000 0.000000 -1.000000
vn 0.000000 0.000000 -1.000000
vn 0.000000 0.000000 -1.000000
vn 1.000000 0.000000 0.000000
vn 1.000000 0.000000 0.000000
vn 1.000000 0.000000 0.000000
vn 1.000000 0.000000 0.000000
vn 1.000000 0.000000 0.000000
vn 1.000000 0.000000 0.000000
vn 1.000000 0.000000 0.000000
vn 1.000000 0.000000 0.000000
vn 1.000000 0.000000 0.000000
vn 1.000000 0.000000 0.000000
vn 1.000000 0.000000 0.000000
vn 0.000000 0.000000 0.000000
vn 0.000000 0.000000 0.000000
vn 1.000000 0.000000 0.000000
vn 1.000000 0.000000 0.000000
vn 0.000000 0.000000 0.000000
vn 0.000000 0.000000 0.000000
vn 1.000000 0.000000 0.000000
vn 1.000000 0.000000 0.000000
vn 1.000000 0.000000 0.000000
vn 1.000000 0.000000 0.000000
vn 1.000000 0.000000 0.000000
vn 1.000000 0.000000 0.000000
vn 1.000000 0.000000 0.000000
vn 1.000000 0.000000 0.000000
vn 1.000000 0.000000 0.000000
vn 1.000000 -0.000015 0.000000
vn 1.000000 -0.000015 0.000000
vn 0.000000 -0.000000 0.000000
vn 0.000000 -0.000000 0.000000
vn 1.000000 0.000000 0.000000
vn 1.000000 0.000000 0.000000
vn 1.000000 0.000000 0.000000
vn 1.000000 0.000000 0.000000
vn 1.000000 0.000000 0.000000
vn 0.000000 0.000000 0.000000
vn 0.000000 0.000000 0.000000
vn 1.000000 0.000000 0.000000
vn 1.000000 0.000000 0.000000
vn 1.000000 0.000000 0.000000
vn 1.000000 0.000000 0.000000
vn 1.000000 0.000000 0.000000
vn 1.000000 0.000000 0.000000
vn 0.000000 1.000000 0.000000
vn 0.000000 1.000000 0.000000
vn 0.000000 1.000000 0.000000
vn 0.000000 1.000000 0.000000
vn 0.000000 1.000000 0.000000
vn 0.000000 1.000000 0.000000
vn 0.000000 1.000000 0.000000
vn 0.000000 1.000000 0.000000
vn 0.000000 0.000000 -1.000000
vn 0.000000 0.000000 -1.000000
vn 0.000000 0.000000 -1.000000
vn 0.000000 0.000000 -1.000000
vn 0.000000 0.000000 -1.000000
vn 0.000000 0.000000 -1.000000
vn 0.000000 0.000000 -1.000000
vn 0.000000 0.000000 -1.000000
vn 0.000000 0.000000 -1.000000
vn 0.000000 0.000000 -1.000000
vn 0.000000 0.000000 -1.000000
vn 0.000000 0.000000 -1.000000
vn 0.000000 0.000000 -1.000000
vn 0.000000 0.000000 -1.000000
vn 0.000000 1.000000 0.000000
vn 0.000000 1.000000 0.000000
vn 0.000000 1.000000 0.000000
vn 0.000000 1.000000 0.000000
vn 0.000001 0.000000 1.000000
vn 0.000001 0.000000 1.000000
vn -0.000001 0.000000 1.000000
vn -0.000001 0.000000 1.000000
vn 0.000000 0.000000 1.000000
vn 0.000000 0.000000 1.000000
vn 0.000000 0.000000 1.000000
vn 0.000000 0.000000 1.000000
vn 0.000000 0.000000 1.000000
vn 0.000000 0.000000 1.000000
vn 0.000000 0.000000 1.000000
vn 0.000000 0.000000 1.000000
vn 0.000000 0.000000 1.000000
vn 0.000000 0.000000 1.000000
vn -0.485474 0.874251 0.000000
vn -0.485474 0.874251 0.000000
vn -0.485474 0.874251 0.000000
vn -0.485474 0.874251 0.000000
vn -0.825666 0.564160 0.000000
vn -0.825666 0.564160 0.000000
vn -0.825665 0.564160 0.000000
vn -0.825665 0.564160 0.000000
vn -0.434119 0.900856 0.000000
vn -0.434119 0.900856 0.000000
vn -0.434119 0.900855 0.000000
vn -0.434119 0.900855 0.000000
vn -0.981727 0.190295 0.000000
vn -0.981727 0.190295 0.000000
vn -0.981727 0.190295 0.000000
vn -0.981727 0.190295 0.000000
vn -1.000000 -0.000003 0.000001
vn -1.000000 -0.000003 0.000001
vn -1.000000 -0.000004 0.000001
vn -1.000000 -0.000004 0.000001
vn -1.000000 -0.000001 0.000001
vn -1.000000 -0.000001 0.000001
vn -1.000000 -0.000001 0.000001
vn -1.000000 -0.000001 0.000001
vn -1.000000 0.000000 0.000000
vn -1.000000 0.000000 0.000000
vn -1.000000 0.000000 0.000000
vn -1.000000 0.000000 0.000000
vn -1.000000 0.000000 0.000000
vn -1.000000 0.000000 0.000000
vn -1.000000 0.000000 0.000000
vn -1.000000 0.000000 0.000000
vn -1.000000 -0.000005 0.000000
vn -1.000000 -0.000005 0.000000
vn -0.981727 0.190294 0.000000
vn -0.981727 0.190294 0.000000
vn -0.434120 0.900855 0.000000
vn -0.434120 0.900855 0.000000
vn -0.825665 0.564161 0.000000
vn -0.825665 0.564161 0.000000
vn -0.485474 0.874251 0.000000
vn -0.485474 0.874251 0.000000
vn 0.000000 0.000000 -1.000000
vn 0.000000 0.000000 -1.000000
vn 0.000000 0.000000 -1.000000
vn 0.000000 0.000000 -1.000000
vn 0.000000 0.000000 1.000000
vn 0.000000 0.000000 1.000000
vn 0.000000 0.000000 1.000000
vn 0.000000 0.000000 1.000000
vn 0.000000 1.000000 0.000000
vn 0.000000 1.000000 0.000000
vn 0.000000 1.000000 0.000000
vn 0.000000 1.000000 0.000000
s off
g column_tall6
usemtl piedra_caseta_riotutte
f 170/321/433 205/322/434 206/323/435 171/324/436
f 173/325/437 171/324/438 206/323/439 207/326/440
f 175/327/441 173/325/442 207/326/443 208/328/444
f 177/329/445 175/327/446 208/328/447 209/330/448
f 179/331/449 177/329/450 209/330/451 210/332/452
f 181/333/453 179/331/454 210/332/455 211/334/456
f 211/334/457 212/335/458 184/336/459 181/333/460
f 212/335/461 213/337/462 186/338/463 184/336/464
f 213/337/465 214/339/466 188/340/467 186/338/468
f 214/339/469 215/341/470 190/342/471 188/340/472
f 215/341/473 216/343/474 192/344/475 190/342/476
f 169/345/477 156/346/478 155/347/479 172/348/480
f 170/349/481 171/350/482 158/351/483 157/352/484
f 159/353/485 158/351/486 171/350/487 173/354/488
f 155/347/489 154/355/490 174/356/491 172/348/492
f 160/357/493 159/353/494 173/354/495 175/358/496
f 154/355/497 153/359/498 176/360/499 174/356/500
f 161/361/501 160/357/502 175/358/503 177/362/504
f 153/359/505 152/363/506 178/364/507 176/360/508
f 162/365/509 161/361/510 177/362/511 179/366/512
f 152/363/513 151/367/514 180/368/515 178/364/516
f 163/369/517 162/365/518 179/366/519 181/370/520
f 151/367/521 150/371/522 182/372/523 180/368/524
f 150/371/525 149/373/526 183/374/527 182/372/528
f 164/375/529 163/369/530 181/370/531 184/376/532
f 149/373/533 148/377/534 185/378/535 183/374/536
f 165/379/537 164/375/538 184/376/539 186/380/540
f 148/377/541 147/381/542 187/382/543 185/378/544
f 166/383/545 165/379/546 186/380/547 188/384/548
f 147/381/549 146/385/550 189/386/551 187/382/552
f 167/387/553 166/383/554 188/384/555 190/388/556
f 189/386/557 146/385/558 145/389/559 191/390/560
f 190/388/561 192/391/562 168/392/563 167/387/564
f 193/393/565 169/394/566 172/395/567 194/396/568
f 195/397/569 194/396/570 172/395/571 174/398/572
f 196/399/573 195/397/574 174/398/575 176/400/576
f 197/401/577 196/399/578 176/400/579 178/402/580
f 198/403/581 197/401/582 178/402/583 180/404/584
f 199/405/585 198/403/586 180/404/587 182/406/588
f 182/406/589 183/407/590 200/408/591 199/405/592
f 183/407/593 185/409/594 201/410/595 200/408/596
f 185/409/597 187/411/598 202/412/599 201/410/600
f 187/411/601 189/413/602 203/414/603 202/412/604
f 189/413/605 191/415/606 204/416/607 203/414/608
f 205/417/609 193/418/610 194/419/611 206/420/612
f 207/421/613 206/420/614 194/419/615 195/422/616
f 208/423/617 207/421/618 195/422/619 196/424/620
f 209/425/621 208/423/622 196/424/623 197/426/624
f 210/427/625 209/425/626 197/426/627 198/428/628
f 211/429/629 210/427/630 198/428/631 199/430/632
f 199/430/633 200/431/634 212/432/635 211/429/636
f 200/431/637 201/433/638 213/434/639 212/432/640
f 201/433/641 202/435/642 214/436/643 213/434/644
f 202/435/645 203/437/646 215/438/647 214/436/648
f 203/437/649 204/439/650 216/440/651 215/438/652
f 242/441/653 277/442/654 278/443/655 243/444/656
f 245/445/657 243/444/658 278/443/659 279/446/660
f 247/447/661 245/445/662 279/446/663 280/448/664
f 249/449/665 247/447/666 280/448/667 281/450/668
f 251/451/669 249/449/670 281/450/671 282/452/672
f 253/453/673 251/451/674 282/452/675 283/454/676
f 283/454/677 284/455/678 256/456/679 253/453/680
f 284/455/681 285/457/682 258/458/683 256/456/684
f 285/457/685 286/459/686 260/460/687 258/458/688
f 286/459/689 287/461/690 262/462/691 260/460/692
f 287/461/693 288/463/694 264/464/695 262/462/696
f 241/465/697 228/466/698 227/467/699 244/468/700
f 242/469/701 243/470/702 230/471/703 229/472/704
f 231/473/705 230/471/706 243/470/707 245/474/708
f 227/467/709 226/475/710 246/476/711 244/468/712
f 232/477/713 231/473/714 245/474/715 247/478/716
f 226/475/717 225/479/718 248/480/719 246/476/720
f 233/481/721 232/477/722 247/478/723 249/482/724
f 225/479/725 224/483/726 250/484/727 248/480/728
f 234/485/729 233/481/730 249/482/731 251/486/732
f 224/483/733 223/487/734 252/488/735 250/484/736
f 235/489/737 234/485/738 251/486/739 253/490/740
f 223/487/741 222/491/742 254/492/743 252/488/744
f 222/491/745 221/493/746 255/494/747 254/492/748
f 236/495/749 235/489/750 253/490/751 256/496/752
f 221/493/753 220/497/754 257/498/755 255/494/756
f 237/499/757 236/495/758 256/496/759 258/500/760
f 220/497/761 219/501/762 259/502/763 257/498/764
f 238/503/765 237/499/766 258/500/767 260/504/768
f 219/501/769 218/505/770 261/506/771 259/502/772
f 239/507/773 238/503/774 260/504/775 262/508/776
f 261/506/777 218/505/778 217/509/779 263/510/780
f 262/508/781 264/511/782 240/512/783 239/507/784
f 265/513/785 241/514/786 244/515/787 266/516/788
f 267/517/789 266/516/790 244/515/791 246/518/792
f 268/519/793 267/517/794 246/518/795 248/520/796
f 269/521/797 268/519/798 248/520/799 250/522/800
f 270/523/801 269/521/802 250/522/803 252/524/804
f 271/525/805 270/523/806 252/524/807 254/526/808
f 254/526/809 255/527/810 272/528/811 271/525/812
f 255/527/813 257/529/814 273/530/815 272/528/816
f 257/529/817 259/531/818 274/532/819 273/530/820
f 259/531/821 261/533/822 275/534/823 274/532/824
f 261/533/825 263/535/826 276/536/827 275/534/828
f 277/537/829 265/538/830 266/539/831 278/540/832
f 279/541/833 278/540/834 266/539/835 267/542/836
f 280/543/837 279/541/838 267/542/839 268/544/840
f 281/545/841 280/543/842 268/544/843 269/546/844
f 282/547/845 281/545/846 269/546/847 270/548/848
f 283/549/849 282/547/850 270/548/851 271/550/852
f 271/550/853 272/551/854 284/552/855 283/549/856
f 272/551/857 273/553/858 285/554/859 284/552/860
f 273/553/861 274/555/862 286/556/863 285/554/864
f 274/555/865 275/557/866 287/558/867 286/556/868
f 275/557/869 276/559/870 288/560/871 287/558/872
f 290/561/873 319/562/874 320/563/875 294/564/876
f 289/565/877 291/566/878 296/567/879 297/568/880
f 293/569/881 290/561/882 294/564/883 298/570/884
f 292/571/885 289/565/886 297/568/887 295/572/888
f 291/566/889 293/569/890 298/570/891 296/567/892
f 294/564/893 320/563/894 321/573/895 299/574/896
f 297/568/897 296/567/898 301/575/899 302/576/900
f 298/570/901 294/564/902 299/574/903 303/577/904
f 295/572/905 297/568/906 302/576/907 300/578/908
f 296/567/909 298/570/910 303/577/911 301/575/912
f 299/574/913 321/573/914 322/579/915 304/580/916
f 302/576/917 301/575/918 306/581/919 307/582/920
f 303/577/921 299/574/922 304/580/923 308/583/924
f 300/578/925 302/576/926 307/582/927 305/584/928
f 301/575/929 303/577/930 308/583/931 306/581/932
f 304/580/933 322/579/934 323/585/935 309/586/936
f 307/582/937 306/581/938 311/587/939 312/588/940
f 308/583/941 304/580/942 309/586/943 313/589/944
f 305/584/945 307/582/946 312/588/947 310/590/948
f 306/581/949 308/583/950 313/589/951 311/587/952
f 315/591/953 314/592/954 292/571/955 295/572/956
f 316/593/957 315/591/958 295/572/959 300/578/960
f 317/594/961 316/593/962 300/578/963 305/584/964
f 318/595/965 317/594/966 305/584/967 310/590/968
f 314/592/969 325/596/970 324/597/971 292/571/972
f 289/565/973 327/598/974 326/599/975 291/566/976
f 293/569/977 329/600/978 328/601/979 290/561/980
f 292/571/981 324/597/982 327/598/983 289/565/984
f 291/566/985 326/599/986 329/600/987 293/569/988
f 290/561/989 328/601/990 330/602/991 319/562/992
f 338/603/993 367/604/994 378/605/995 376/606/996
f 337/607/997 339/608/998 374/609/999 375/610/1000
f 341/611/1001 338/603/1002 376/606/1003 377/612/1004
f 340/613/1005 337/607/1006 375/610/1007 372/614/1008
f 339/608/1009 341/611/1010 377/612/1011 374/609/1012
f 338/603/1013 342/615/1014 368/616/1015 367/604/1016
f 337/607/1017 345/617/1018 344/618/1019 339/608/1020
f 341/611/1021 346/619/1022 342/615/1023 338/603/1024
f 340/613/1025 343/620/1026 345/617/1027 337/607/1028
f 339/608/1029 344/618/1030 346/619/1031 341/611/1032
f 342/615/1033 347/621/1034 369/622/1035 368/616/1036
f 345/617/1037 350/623/1038 349/624/1039 344/618/1040
f 346/619/1041 351/625/1042 347/621/1043 342/615/1044
f 343/620/1045 348/626/1046 350/623/1047 345/617/1048
f 344/618/1049 349/624/1050 351/625/1051 346/619/1052
f 347/621/1053 352/627/1054 370/628/1055 369/622/1056
f 350/623/1057 355/629/1058 354/630/1059 349/624/1060
f 351/625/1061 356/631/1062 352/627/1063 347/621/1064
f 348/626/1065 353/632/1066 355/629/1067 350/623/1068
f 349/624/1069 354/630/1070 356/631/1071 351/625/1072
f 352/627/1073 357/633/1074 371/634/1075 370/628/1076
f 355/629/1077 360/635/1078 359/636/1079 354/630/1080
f 356/631/1081 361/637/1082 357/633/1083 352/627/1084
f 353/632/1085 358/638/1086 360/635/1087 355/629/1088
f 354/630/1089 359/636/1090 361/637/1091 356/631/1092
f 373/639/1093 362/640/1094 340/613/1095 372/614/1096
f 363/641/1097 343/620/1098 340/613/1099 362/640/1100
f 364/642/1101 348/626/1102 343/620/1103 363/641/1104
f 365/643/1105 353/632/1106 348/626/1107 364/642/1108
f 366/644/1109 358/638/1110 353/632/1111 365/643/1112
f 318/595/1113 310/590/1114 358/638/1115 366/644/1116
f 310/590/1117 312/588/1118 360/635/1119 358/638/1120
f 312/588/1121 311/587/1122 359/636/1123 360/635/1124
f 311/587/1125 313/589/1126 361/637/1127 359/636/1128
f 313/589/1129 309/586/1130 357/633/1131 361/637/1132
f 309/586/1133 323/585/1134 371/634/1135 357/633/1136
s 1
f 336/645/1137 334/646/1138 471/647/1139 472/648/1140
s 2
f 334/646/1141 335/649/1142 470/650/1143 471/647/1144
s 3
f 456/655/1145 457/656/1146 331/657/1147 333/658/1148
s 4
f 457/656/1149 458/659/1150 332/660/1151 331/657/1152
s off
f 314/667/1153 315/668/1154 382/669/1155 381/670/1156
f 315/668/1157 316/671/1158 382/669/1159
f 316/671/1160 317/672/1161 381/670/1162 382/669/1163
f 317/672/1164 318/673/1165 381/670/1166
f 325/674/1167 314/667/1168 381/670/1169
f 362/675/1170 373/676/1171 381/670/1172
f 363/677/1173 362/675/1174 381/670/1175 383/678/1176
f 364/679/1177 363/677/1178 383/678/1179
f 365/680/1180 364/679/1181 383/678/1182 381/670/1183
f 366/681/1184 365/680/1185 381/670/1186
f 318/673/1187 366/681/1188 381/670/1189
f 373/676/1190 379/682/1191 381/670/1192
f 380/683/1193 473/821/1194 325/674/1195 381/670/1196
f 409/684/1197 444/685/1198 445/686/1199 410/687/1200
f 412/688/1201 410/687/1202 445/686/1203 446/689/1204
f 414/690/1205 412/688/1206 446/689/1207 447/691/1208
f 416/692/1209 414/690/1210 447/691/1211 448/693/1212
f 418/694/1213 416/692/1214 448/693/1215 449/695/1216
f 420/696/1217 418/694/1218 449/695/1219 450/697/1220
f 450/697/1221 451/698/1222 423/699/1223 420/696/1224
f 451/698/1225 452/700/1226 425/701/1227 423/699/1228
f 452/700/1229 453/702/1230 427/703/1231 425/701/1232
f 453/702/1233 454/704/1234 429/705/1235 427/703/1236
f 454/704/1237 455/706/1238 431/707/1239 429/705/1240
f 408/708/1241 395/709/1242 394/710/1243 411/711/1244
f 409/712/1245 410/713/1246 397/714/1247 396/715/1248
f 398/716/1249 397/714/1250 410/713/1251 412/717/1252
f 394/710/1253 393/718/1254 413/719/1255 411/711/1256
f 399/720/1257 398/716/1258 412/717/1259 414/721/1260
f 393/718/1261 392/722/1262 415/723/1263 413/719/1264
f 400/724/1265 399/720/1266 414/721/1267 416/725/1268
f 392/722/1269 391/726/1270 417/727/1271 415/723/1272
f 401/728/1273 400/724/1274 416/725/1275 418/729/1276
f 391/726/1277 390/730/1278 419/731/1279 417/727/1280
f 402/732/1281 401/728/1282 418/729/1283 420/733/1284
f 390/730/1285 389/734/1286 421/735/1287 419/731/1288
f 389/734/1289 388/736/1290 422/737/1291 421/735/1292
f 403/738/1293 402/732/1294 420/733/1295 423/739/1296
f 388/736/1297 387/740/1298 424/741/1299 422/737/1300
f 404/742/1301 403/738/1302 423/739/1303 425/743/1304
f 387/740/1305 386/744/1306 426/745/1307 424/741/1308
f 405/746/1309 404/742/1310 425/743/1311 427/747/1312
f 386/744/1313 385/748/1314 428/749/1315 426/745/1316
f 406/750/1317 405/746/1318 427/747/1319 429/751/1320
f 428/749/1321 385/748/1322 384/752/1323 430/753/1324
f 429/751/1325 431/754/1326 407/755/1327 406/750/1328
f 432/756/1329 408/757/1330 411/758/1331 433/759/1332
f 434/760/1333 433/759/1334 411/758/1335 413/761/1336
f 435/762/1337 434/760/1338 413/761/1339 415/763/1340
f 436/764/1341 435/762/1342 415/763/1343 417/765/1344
f 437/766/1345 436/764/1346 417/765/1347 419/767/1348
f 438/768/1349 437/766/1350 419/767/1351 421/769/1352
f 421/769/1353 422/770/1354 439/771/1355 438/768/1356
f 422/770/1357 424/772/1358 440/773/1359 439/771/1360
f 424/772/1361 426/774/1362 441/775/1363 440/773/1364
f 426/774/1365 428/776/1366 442/777/1367 441/775/1368
f 428/776/1369 430/778/1370 443/779/1371 442/777/1372
f 444/780/1373 432/781/1374 433/782/1375 445/783/1376
f 446/784/1377 445/783/1378 433/782/1379 434/785/1380
f 447/786/1381 446/784/1382 434/785/1383 435/787/1384
f 448/788/1385 447/786/1386 435/787/1387 436/789/1388
f 449/790/1389 448/788/1390 436/789/1391 437/791/1392
f 450/792/1393 449/790/1394 437/791/1395 438/793/1396
f 438/793/1397 439/794/1398 451/795/1399 450/792/1400
f 439/794/1401 440/796/1402 452/797/1403 451/795/1404
f 440/796/1405 441/798/1406 453/799/1407 452/797/1408
f 441/798/1409 442/800/1410 454/801/1411 453/799/1412
f 442/800/1413 443/802/1414 455/803/1415 454/801/1416
s 3
f 330/661/1417 328/662/1418 457/656/1146 456/655/1145
s 4
f 328/662/1419 329/663/1420 458/659/1150 457/656/1149
s off
f 329/663/1421 326/664/1422 459/666/1423 458/659/1424
f 326/664/1425 327/804/1426 460/805/1427 459/666/1428
f 327/804/1429 324/806/1430 461/807/1431 460/805/1432
f 324/806/1433 325/808/1434 462/809/1435 461/807/1436
s 5
f 473/810/1437 474/811/1438 462/809/1439 325/808/1440
s off
f 464/823/1441 463/824/1442 380/825/1443 381/826/1444
f 465/827/1445 464/823/1446 381/826/1447 379/828/1448
f 373/651/1449 466/652/1450 465/653/1451 379/654/1452
f 467/665/1453 466/652/1454 373/651/1455 372/812/1456
f 468/813/1457 467/665/1458 372/812/1459 375/814/1460
f 469/815/1461 468/813/1462 375/814/1463 374/816/1464
f 470/650/1465 469/815/1466 374/816/1467 377/817/1468
s 2
f 471/647/1144 470/650/1143 377/817/1469 376/818/1470
s 1
f 472/648/1140 471/647/1139 376/818/1471 378/819/1472
s 5
f 463/820/1473 474/811/1438 473/810/1437 380/822/1474
s off
f 463/829/1475 464/830/1476 475/831/1477 474/832/1478
usemtl vigas_caseta_riotutte
f 476/833/1479 477/834/1480 479/835/1481 478/836/1482
f 478/836/1483 479/835/1484 481/837/1485 480/838/1486
f 480/838/1487 481/837/1488 483/839/1489 482/840/1490
f 482/840/1491 483/839/1492 477/841/1493 476/842/1494
f 477/834/1495 483/843/1496 481/844/1497 479/835/1498
f 482/845/1499 476/833/1500 478/836/1501 480/846/1502
usemtl piedra_caseta_riotutte
f 594/847/1503 531/848/1504 529/849/1505 615/850/1506
f 531/851/1507 594/852/1508 595/853/1509 532/854/1510
f 534/855/1511 532/854/1512 595/853/1513 596/856/1514
f 536/857/1515 534/855/1516 596/856/1517 597/858/1518
f 538/859/1519 536/857/1520 597/858/1521 598/860/1522
f 540/861/1523 538/859/1524 598/860/1525 599/862/1526
f 542/863/1527 540/861/1528 599/862/1529 600/864/1530
f 600/864/1531 601/865/1532 545/866/1533 542/863/1534
f 601/865/1535 602/867/1536 547/868/1537 545/866/1538
f 602/867/1539 603/869/1540 549/870/1541 547/868/1542
f 603/869/1543 604/871/1544 551/872/1545 549/870/1546
f 604/871/1547 605/873/1548 553/874/1549 551/872/1550
f 553/875/1551 605/876/1552 606/877/1553 554/878/1554
f 556/879/1555 554/878/1556 606/877/1557 607/880/1558
f 558/881/1559 556/879/1560 607/880/1561 608/882/1562
f 560/883/1563 558/881/1564 608/882/1565 609/884/1566
f 562/885/1567 560/883/1568 609/884/1569 610/886/1570
f 564/887/1571 562/885/1572 610/886/1573 611/888/1574
f 611/888/1575 612/889/1576 567/890/1577 564/887/1578
f 612/889/1579 613/891/1580 569/892/1581 567/890/1582
f 613/891/1583 614/893/1584 571/894/1585 569/892/1586
f 614/893/1587 615/850/1588 529/849/1589 571/894/1590
f 528/895/1591 497/896/1592 496/897/1593 530/898/1594
f 529/899/1595 531/900/1596 507/901/1597 506/902/1598
f 530/903/1599 496/904/1600 495/905/1601 533/906/1602
f 531/907/1603 532/908/1604 508/909/1605 507/910/1606
f 509/911/1607 508/909/1608 532/908/1609 534/912/1610
f 495/905/1611 494/913/1612 535/914/1613 533/906/1614
f 510/915/1615 509/911/1616 534/912/1617 536/916/1618
f 494/913/1619 493/917/1620 537/918/1621 535/914/1622
f 511/919/1623 510/915/1624 536/916/1625 538/920/1626
f 493/917/1627 492/921/1628 539/922/1629 537/918/1630
f 512/923/1631 511/919/1632 538/920/1633 540/924/1634
f 492/921/1635 491/925/1636 541/926/1637 539/922/1638
f 513/927/1639 512/923/1640 540/924/1641 542/928/1642
f 491/925/1643 490/929/1644 543/930/1645 541/926/1646
f 490/929/1647 489/931/1648 544/932/1649 543/930/1650
f 514/933/1651 513/927/1652 542/928/1653 545/934/1654
f 489/931/1655 488/935/1656 546/936/1657 544/932/1658
f 515/937/1659 514/933/1660 545/934/1661 547/938/1662
f 488/935/1663 487/939/1664 548/940/1665 546/936/1666
f 516/941/1667 515/937/1668 547/938/1669 549/942/1670
f 487/939/1671 486/943/1672 550/944/1673 548/940/1674
f 517/945/1675 516/941/1676 549/942/1677 551/946/1678
f 550/944/1679 486/943/1680 485/947/1681 552/948/1682
f 551/946/1683 553/949/1684 518/950/1685 517/945/1686
f 552/951/1687 485/952/1688 484/953/1689 555/954/1690
f 553/955/1691 554/956/1692 519/957/1693 518/958/1694
f 520/959/1695 519/957/1696 554/956/1697 556/960/1698
f 484/953/1699 505/961/1700 557/962/1701 555/954/1702
f 521/963/1703 520/959/1704 556/960/1705 558/964/1706
f 505/961/1707 504/965/1708 559/966/1709 557/962/1710
f 522/967/1711 521/963/1712 558/964/1713 560/968/1714
f 504/965/1715 503/969/1716 561/970/1717 559/966/1718
f 523/971/1719 522/967/1720 560/968/1721 562/972/1722
f 503/969/1723 502/973/1724 563/974/1725 561/970/1726
f 524/975/1727 523/971/1728 562/972/1729 564/976/1730
f 502/973/1731 501/977/1732 565/978/1733 563/974/1734
f 501/977/1735 500/979/1736 566/980/1737 565/978/1738
f 525/981/1739 524/975/1740 564/976/1741 567/982/1742
f 500/979/1743 499/983/1744 568/984/1745 566/980/1746
f 526/985/1747 525/981/1748 567/982/1749 569/986/1750
f 499/983/1751 498/987/1752 570/988/1753 568/984/1754
f 527/989/1755 526/985/1756 569/986/1757 571/990/1758
f 498/987/1759 497/896/1760 528/895/1761 570/988/1762
f 506/902/1763 527/989/1764 571/990/1765 529/899/1766
f 528/991/1767 530/992/1768 572/993/1769 593/994/1770
f 572/995/1771 530/996/1772 533/997/1773 573/998/1774
f 574/999/1775 573/998/1776 533/997/1777 535/1000/1778
f 575/1001/1779 574/999/1780 535/1000/1781 537/1002/1782
f 576/1003/1783 575/1001/1784 537/1002/1785 539/1004/1786
f 577/1005/1787 576/1003/1788 539/1004/1789 541/1006/1790
f 578/1007/1791 577/1005/1792 541/1006/1793 543/1008/1794
f 543/1008/1795 544/1009/1796 579/1010/1797 578/1007/1798
f 544/1009/1799 546/1011/1800 580/1012/1801 579/1010/1802
f 546/1011/1803 548/1013/1804 581/1014/1805 580/1012/1806
f 548/1013/1807 550/1015/1808 582/1016/1809 581/1014/1810
f 550/1015/1811 552/1017/1812 583/1018/1813 582/1016/1814
f 583/1019/1815 552/1020/1816 555/1021/1817 584/1022/1818
f 585/1023/1819 584/1022/1820 555/1021/1821 557/1024/1822
f 586/1025/1823 585/1023/1824 557/1024/1825 559/1026/1826
f 587/1027/1827 586/1025/1828 559/1026/1829 561/1028/1830
f 588/1029/1831 587/1027/1832 561/1028/1833 563/1030/1834
f 589/1031/1835 588/1029/1836 563/1030/1837 565/1032/1838
f 565/1032/1839 566/1033/1840 590/1034/1841 589/1031/1842
f 566/1033/1843 568/1035/1844 591/1036/1845 590/1034/1846
f 568/1035/1847 570/1037/1848 592/1038/1849 591/1036/1850
f 570/1037/1851 528/991/1852 593/994/1853 592/1038/1854
f 572/1039/1855 594/1040/1856 615/1041/1857 593/1042/1858
f 594/1043/1859 572/1044/1860 573/1045/1861 595/1046/1862
f 596/1047/1863 595/1046/1864 573/1045/1865 574/1048/1866
f 597/1049/1867 596/1047/1868 574/1048/1869 575/1050/1870
f 598/1051/1871 597/1049/1872 575/1050/1873 576/1052/1874
f 599/1053/1875 598/1051/1876 576/1052/1877 577/1054/1878
f 600/1055/1879 599/1053/1880 577/1054/1881 578/1056/1882
f 578/1056/1883 579/1057/1884 601/1058/1885 600/1055/1886
f 579/1057/1887 580/1059/1888 602/1060/1889 601/1058/1890
f 580/1059/1891 581/1061/1892 603/1062/1893 602/1060/1894
f 581/1061/1895 582/1063/1896 604/1064/1897 603/1062/1898
f 582/1063/1899 583/1065/1900 605/1066/1901 604/1064/1902
f 605/1067/1903 583/1068/1904 584/1069/1905 606/1070/1906
f 607/1071/1907 606/1070/1908 584/1069/1909 585/1072/1910
f 608/1073/1911 607/1071/1912 585/1072/1913 586/1074/1914
f 609/1075/1915 608/1073/1916 586/1074/1917 587/1076/1918
f 610/1077/1919 609/1075/1920 587/1076/1921 588/1078/1922
f 611/1079/1923 610/1077/1924 588/1078/1925 589/1080/1926
f 589/1080/1927 590/1081/1928 612/1082/1929 611/1079/1930
f 590/1081/1931 591/1083/1932 613/1084/1933 612/1082/1934
f 591/1083/1935 592/1085/1936 614/1086/1937 613/1084/1938
f 592/1085/1939 593/1042/1940 615/1041/1941 614/1086/1942
f 726/1087/1943 663/1088/1944 661/1089/1945 747/1090/1946
f 663/1091/1947 726/1092/1948 727/1093/1949 664/1094/1950
f 666/1095/1951 664/1094/1952 727/1093/1953 728/1096/1954
f 668/1097/1955 666/1095/1956 728/1096/1957 729/1098/1958
f 670/1099/1959 668/1097/1960 729/1098/1961 730/1100/1962
f 672/1101/1963 670/1099/1964 730/1100/1965 731/1102/1966
f 674/1103/1967 672/1101/1968 731/1102/1969 732/1104/1970
f 732/1104/1971 733/1105/1972 677/1106/1973 674/1103/1974
f 733/1105/1975 734/1107/1976 679/1108/1977 677/1106/1978
f 734/1107/1979 735/1109/1980 681/1110/1981 679/1108/1982
f 735/1109/1983 736/1111/1984 683/1112/1985 681/1110/1986
f 736/1111/1987 737/1113/1988 685/1114/1989 683/1112/1990
f 685/1115/1991 737/1116/1992 738/1117/1993 686/1118/1994
f 688/1119/1995 686/1118/1996 738/1117/1997 739/1120/1998
f 690/1121/1999 688/1119/2000 739/1120/2001 740/1122/2002
f 692/1123/2003 690/1121/2004 740/1122/2005 741/1124/2006
f 694/1125/2007 692/1123/2008 741/1124/2009 742/1126/2010
f 696/1127/2011 694/1125/2012 742/1126/2013 743/1128/2014
f 743/1128/2015 744/1129/2016 699/1130/2017 696/1127/2018
f 744/1129/2019 745/1131/2020 701/1132/2021 699/1130/2022
f 745/1131/2023 746/1133/2024 703/1134/2025 701/1132/2026
f 746/1133/2027 747/1090/2028 661/1089/2029 703/1134/2030
f 660/1135/2031 629/1136/2032 628/1137/2033 662/1138/2034
f 661/1139/2035 663/1140/2036 639/1141/2037 638/1142/2038
f 662/1143/2039 628/1144/2040 627/1145/2041 665/1146/2042
f 663/1147/2043 664/1148/2044 640/1149/2045 639/1150/2046
f 641/1151/2047 640/1149/2048 664/1148/2049 666/1152/2050
f 627/1145/2051 626/1153/2052 667/1154/2053 665/1146/2054
f 642/1155/2055 641/1151/2056 666/1152/2057 668/1156/2058
f 626/1153/2059 625/1157/2060 669/1158/2061 667/1154/2062
f 643/1159/2063 642/1155/2064 668/1156/2065 670/1160/2066
f 625/1157/2067 624/1161/2068 671/1162/2069 669/1158/2070
f 644/1163/2071 643/1159/2072 670/1160/2073 672/1164/2074
f 624/1161/2075 623/1165/2076 673/1166/2077 671/1162/2078
f 645/1167/2079 644/1163/2080 672/1164/2081 674/1168/2082
f 623/1165/2083 622/1169/2084 675/1170/2085 673/1166/2086
f 622/1169/2087 621/1171/2088 676/1172/2089 675/1170/2090
f 646/1173/2091 645/1167/2092 674/1168/2093 677/1174/2094
f 621/1171/2095 620/1175/2096 678/1176/2097 676/1172/2098
f 647/1177/2099 646/1173/2100 677/1174/2101 679/1178/2102
f 620/1175/2103 619/1179/2104 680/1180/2105 678/1176/2106
f 648/1181/2107 647/1177/2108 679/1178/2109 681/1182/2110
f 619/1179/2111 618/1183/2112 682/1184/2113 680/1180/2114
f 649/1185/2115 648/1181/2116 681/1182/2117 683/1186/2118
f 682/1184/2119 618/1183/2120 617/1187/2121 684/1188/2122
f 683/1186/2123 685/1189/2124 650/1190/2125 649/1185/2126
f 684/1191/2127 617/1192/2128 616/1193/2129 687/1194/2130
f 685/1195/2131 686/1196/2132 651/1197/2133 650/1198/2134
f 652/1199/2135 651/1197/2136 686/1196/2137 688/1200/2138
f 616/1193/2139 637/1201/2140 689/1202/2141 687/1194/2142
f 653/1203/2143 652/1199/2144 688/1200/2145 690/1204/2146
f 637/1201/2147 636/1205/2148 691/1206/2149 689/1202/2150
f 654/1207/2151 653/1203/2152 690/1204/2153 692/1208/2154
f 636/1205/2155 635/1209/2156 693/1210/2157 691/1206/2158
f 655/1211/2159 654/1207/2160 692/1208/2161 694/1212/2162
f 635/1209/2163 634/1213/2164 695/1214/2165 693/1210/2166
f 656/1215/2167 655/1211/2168 694/1212/2169 696/1216/2170
f 634/1213/2171 633/1217/2172 697/1218/2173 695/1214/2174
f 633/1217/2175 632/1219/2176 698/1220/2177 697/1218/2178
f 657/1221/2179 656/1215/2180 696/1216/2181 699/1222/2182
f 632/1219/2183 631/1223/2184 700/1224/2185 698/1220/2186
f 658/1225/2187 657/1221/2188 699/1222/2189 701/1226/2190
f 631/1223/2191 630/1227/2192 702/1228/2193 700/1224/2194
f 659/1229/2195 658/1225/2196 701/1226/2197 703/1230/2198
f 630/1227/2199 629/1136/2200 660/1135/2201 702/1228/2202
f 638/1142/2203 659/1229/2204 703/1230/2205 661/1139/2206
f 660/1231/2207 662/1232/2208 704/1233/2209 725/1234/2210
f 704/1235/2211 662/1236/2212 665/1237/2213 705/1238/2214
f 706/1239/2215 705/1238/2216 665/1237/2217 667/1240/2218
f 707/1241/2219 706/1239/2220 667/1240/2221 669/1242/2222
f 708/1243/2223 707/1241/2224 669/1242/2225 671/1244/2226
f 709/1245/2227 708/1243/2228 671/1244/2229 673/1246/2230
f 710/1247/2231 709/1245/2232 673/1246/2233 675/1248/2234
f 675/1248/2235 676/1249/2236 711/1250/2237 710/1247/2238
f 676/1249/2239 678/1251/2240 712/1252/2241 711/1250/2242
f 678/1251/2243 680/1253/2244 713/1254/2245 712/1252/2246
f 680/1253/2247 682/1255/2248 714/1256/2249 713/1254/2250
f 682/1255/2251 684/1257/2252 715/1258/2253 714/1256/2254
f 715/1259/2255 684/1260/2256 687/1261/2257 716/1262/2258
f 717/1263/2259 716/1262/2260 687/1261/2261 689/1264/2262
f 718/1265/2263 717/1263/2264 689/1264/2265 691/1266/2266
f 719/1267/2267 718/1265/2268 691/1266/2269 693/1268/2270
f 720/1269/2271 719/1267/2272 693/1268/2273 695/1270/2274
f 721/1271/2275 720/1269/2276 695/1270/2277 697/1272/2278
f 697/1272/2279 698/1273/2280 722/1274/2281 721/1271/2282
f 698/1273/2283 700/1275/2284 723/1276/2285 722/1274/2286
f 700/1275/2287 702/1277/2288 724/1278/2289 723/1276/2290
f 702/1277/2291 660/1231/2292 725/1234/2293 724/1278/2294
f 704/1279/2295 726/1280/2296 747/1281/2297 725/1282/2298
f 726/1283/2299 704/1284/2300 705/1285/2301 727/1286/2302
f 728/1287/2303 727/1286/2304 705/1285/2305 706/1288/2306
f 729/1289/2307 728/1287/2308 706/1288/2309 707/1290/2310
f 730/1291/2311 729/1289/2312 707/1290/2313 708/1292/2314
f 731/1293/2315 730/1291/2316 708/1292/2317 709/1294/2318
f 732/1295/2319 731/1293/2320 709/1294/2321 710/1296/2322
f 710/1296/2323 711/1297/2324 733/1298/2325 732/1295/2326
f 711/1297/2327 712/1299/2328 734/1300/2329 733/1298/2330
f 712/1299/2331 713/1301/2332 735/1302/2333 734/1300/2334
f 713/1301/2335 714/1303/2336 736/1304/2337 735/1302/2338
f 714/1303/2339 715/1305/2340 737/1306/2341 736/1304/2342
f 737/1307/2343 715/1308/2344 716/1309/2345 738/1310/2346
f 739/1311/2347 738/1310/2348 716/1309/2349 717/1312/2350
f 740/1313/2351 739/1311/2352 717/1312/2353 718/1314/2354
f 741/1315/2355 740/1313/2356 718/1314/2357 719/1316/2358
f 742/1317/2359 741/1315/2360 719/1316/2361 720/1318/2362
f 743/1319/2363 742/1317/2364 720/1318/2365 721/1320/2366
f 721/1320/2367 722/1321/2368 744/1322/2369 743/1319/2370
f 722/1321/2371 723/1323/2372 745/1324/2373 744/1322/2374
f 723/1323/2375 724/1325/2376 746/1326/2377 745/1324/2378
f 724/1325/2379 725/1282/2380 747/1281/2381 746/1326/2382
f 749/1327/2383 778/1328/2384 779/1329/2385 753/1330/2386
f 748/1331/2387 750/1332/2388 755/1333/2389 756/1334/2390
f 752/1335/2391 749/1327/2392 753/1330/2393 757/1336/2394
f 751/1337/2395 748/1331/2396 756/1334/2397 754/1338/2398
f 750/1332/2399 752/1335/2400 757/1336/2401 755/1333/2402
f 753/1330/2403 779/1329/2404 780/1339/2405 758/1340/2406
f 756/1334/2407 755/1333/2408 760/1341/2409 761/1342/2410
f 757/1336/2411 753/1330/2412 758/1340/2413 762/1343/2414
f 754/1338/2415 756/1334/2416 761/1342/2417 759/1344/2418
f 755/1333/2419 757/1336/2420 762/1343/2421 760/1341/2422
f 758/1340/2423 780/1339/2424 781/1345/2425 763/1346/2426
f 761/1342/2427 760/1341/2428 765/1347/2429 766/1348/2430
f 762/1343/2431 758/1340/2432 763/1346/2433 767/1349/2434
f 759/1344/2435 761/1342/2436 766/1348/2437 764/1350/2438
f 760/1341/2439 762/1343/2440 767/1349/2441 765/1347/2442
f 763/1346/2443 781/1345/2444 782/1351/2445 768/1352/2446
f 766/1348/2447 765/1347/2448 770/1353/2449 771/1354/2450
f 767/1349/2451 763/1346/2452 768/1352/2453 772/1355/2454
f 764/1350/2455 766/1348/2456 771/1354/2457 769/1356/2458
f 765/1347/2459 767/1349/2460 772/1355/2461 770/1353/2462
f 774/1357/2463 773/1358/2464 751/1337/2465 754/1338/2466
f 775/1359/2467 774/1357/2468 754/1338/2469 759/1344/2470
f 776/1360/2471 775/1359/2472 759/1344/2473 764/1350/2474
f 777/1361/2475 776/1360/2476 764/1350/2477 769/1356/2478
f 773/1358/2479 784/1362/2480 783/1363/2481 751/1337/2482
f 748/1331/2483 786/1364/2484 785/1365/2485 750/1332/2486
f 752/1335/2487 788/1366/2488 787/1367/2489 749/1327/2490
f 751/1337/2491 783/1363/2492 786/1364/2493 748/1331/2494
f 750/1332/2495 785/1365/2496 788/1366/2497 752/1335/2498
f 749/1327/2499 787/1367/2500 789/1368/2501 778/1328/2502
f 791/1369/2503 820/1370/2504 831/1371/2505 829/1372/2506
f 790/1373/2507 792/1374/2508 827/1375/2509 828/1376/2510
f 794/1377/2511 791/1369/2512 829/1372/2513 830/1378/2514
f 793/1379/2515 790/1373/2516 828/1376/2517 825/1380/2518
f 792/1374/2519 794/1377/2520 830/1378/2521 827/1375/2522
f 791/1369/2523 795/1381/2524 821/1382/2525 820/1370/2526
f 790/1373/2527 798/1383/2528 797/1384/2529 792/1374/2530
f 794/1377/2531 799/1385/2532 795/1381/2533 791/1369/2534
f 793/1379/2535 796/1386/2536 798/1383/2537 790/1373/2538
f 792/1374/2539 797/1384/2540 799/1385/2541 794/1377/2542
f 795/1381/2543 800/1387/2544 822/1388/2545 821/1382/2546
f 798/1383/2547 803/1389/2548 802/1390/2549 797/1384/2550
f 799/1385/2551 804/1391/2552 800/1387/2553 795/1381/2554
f 796/1386/2555 801/1392/2556 803/1389/2557 798/1383/2558
f 797/1384/2559 802/1390/2560 804/1391/2561 799/1385/2562
f 800/1387/2563 805/1393/2564 823/1394/2565 822/1388/2566
f 803/1389/2567 808/1395/2568 807/1396/2569 802/1390/2570
f 804/1391/2571 809/1397/2572 805/1393/2573 800/1387/2574
f 801/1392/2575 806/1398/2576 808/1395/2577 803/1389/2578
f 802/1390/2579 807/1396/2580 809/1397/2581 804/1391/2582
f 805/1393/2583 810/1399/2584 824/1400/2585 823/1394/2586
f 808/1395/2587 813/1401/2588 812/1402/2589 807/1396/2590
f 809/1397/2591 814/1403/2592 810/1399/2593 805/1393/2594
f 806/1398/2595 811/1404/2596 813/1401/2597 808/1395/2598
f 807/1396/2599 812/1402/2600 814/1403/2601 809/1397/2602
f 826/1405/2603 815/1406/2604 793/1379/2605 825/1380/2606
f 816/1407/2607 796/1386/2608 793/1379/2609 815/1406/2610
f 817/1408/2611 801/1392/2612 796/1386/2613 816/1407/2614
f 818/1409/2615 806/1398/2616 801/1392/2617 817/1408/2618
f 819/1410/2619 811/1404/2620 806/1398/2621 818/1409/2622
f 833/1411/2623 862/1412/2624 863/1413/2625 837/1414/2626
f 832/1415/2627 834/1416/2628 839/1417/2629 840/1418/2630
f 836/1419/2631 833/1411/2632 837/1414/2633 841/1420/2634
f 835/1421/2635 832/1415/2636 840/1418/2637 838/1422/2638
f 834/1416/2639 836/1419/2640 841/1420/2641 839/1417/2642
f 837/1414/2643 863/1413/2644 864/1423/2645 842/1424/2646
f 840/1418/2647 839/1417/2648 844/1425/2649 845/1426/2650
f 841/1420/2651 837/1414/2652 842/1424/2653 846/1427/2654
f 838/1422/2655 840/1418/2656 845/1426/2657 843/1428/2658
f 839/1417/2659 841/1420/2660 846/1427/2661 844/1425/2662
f 842/1424/2663 864/1423/2664 865/1429/2665 847/1430/2666
f 845/1426/2667 844/1425/2668 849/1431/2669 850/1432/2670
f 846/1427/2671 842/1424/2672 847/1430/2673 851/1433/2674
f 843/1428/2675 845/1426/2676 850/1432/2677 848/1434/2678
f 844/1425/2679 846/1427/2680 851/1433/2681 849/1431/2682
f 847/1430/2683 865/1429/2684 866/1435/2685 852/1436/2686
f 850/1432/2687 849/1431/2688 854/1437/2689 855/1438/2690
f 851/1433/2691 847/1430/2692 852/1436/2693 856/1439/2694
f 848/1434/2695 850/1432/2696 855/1438/2697 853/1440/2698
f 849/1431/2699 851/1433/2700 856/1439/2701 854/1437/2702
f 858/1441/2703 857/1442/2704 835/1421/2705 838/1422/2706
f 859/1443/2707 858/1441/2708 838/1422/2709 843/1428/2710
f 860/1444/2711 859/1443/2712 843/1428/2713 848/1434/2714
f 861/1445/2715 860/1444/2716 848/1434/2717 853/1440/2718
f 857/1442/2719 868/1446/2720 867/1447/2721 835/1421/2722
f 832/1415/2723 870/1448/2724 869/1449/2725 834/1416/2726
f 836/1419/2727 872/1450/2728 871/1451/2729 833/1411/2730
f 835/1421/2731 867/1447/2732 870/1448/2733 832/1415/2734
f 834/1416/2735 869/1449/2736 872/1450/2737 836/1419/2738
f 833/1411/2739 871/1451/2740 873/1452/2741 862/1412/2742
f 875/1453/2743 904/1454/2744 915/1455/2745 913/1456/2746
f 874/1457/2747 876/1458/2748 911/1459/2749 912/1460/2750
f 878/1461/2751 875/1453/2752 913/1456/2753 914/1462/2754
f 877/1463/2755 874/1457/2756 912/1460/2757 909/1464/2758
f 876/1458/2759 878/1461/2760 914/1462/2761 911/1459/2762
f 875/1453/2763 879/1465/2764 905/1466/2765 904/1454/2766
f 874/1457/2767 882/1467/2768 881/1468/2769 876/1458/2770
f 878/1461/2771 883/1469/2772 879/1465/2773 875/1453/2774
f 877/1463/2775 880/1470/2776 882/1467/2777 874/1457/2778
f 876/1458/2779 881/1468/2780 883/1469/2781 878/1461/2782
f 879/1465/2783 884/1471/2784 906/1472/2785 905/1466/2786
f 882/1467/2787 887/1473/2788 886/1474/2789 881/1468/2790
f 883/1469/2791 888/1475/2792 884/1471/2793 879/1465/2794
f 880/1470/2795 885/1476/2796 887/1473/2797 882/1467/2798
f 881/1468/2799 886/1474/2800 888/1475/2801 883/1469/2802
f 884/1471/2803 889/1477/2804 907/1478/2805 906/1472/2806
f 887/1473/2807 892/1479/2808 891/1480/2809 886/1474/2810
f 888/1475/2811 893/1481/2812 889/1477/2813 884/1471/2814
f 885/1476/2815 890/1482/2816 892/1479/2817 887/1473/2818
f 886/1474/2819 891/1480/2820 893/1481/2821 888/1475/2822
f 889/1477/2823 894/1483/2824 908/1484/2825 907/1478/2826
f 892/1479/2827 897/1485/2828 896/1486/2829 891/1480/2830
f 893/1481/2831 898/1487/2832 894/1483/2833 889/1477/2834
f 890/1482/2835 895/1488/2836 897/1485/2837 892/1479/2838
f 891/1480/2839 896/1486/2840 898/1487/2841 893/1481/2842
f 910/1489/2843 899/1490/2844 877/1463/2845 909/1464/2846
f 900/1491/2847 880/1470/2848 877/1463/2849 899/1490/2850
f 901/1492/2851 885/1476/2852 880/1470/2853 900/1491/2854
f 902/1493/2855 890/1482/2856 885/1476/2857 901/1492/2858
f 903/1494/2859 895/1488/2860 890/1482/2861 902/1493/2862
s 6
f 824/1400/2863 810/1399/2864 1072/1495/2865 1073/1496/2866
s 7
f 810/1399/2867 814/1403/2868 1071/1497/2869 1072/1495/2870
s 8
f 814/1403/2871 812/1402/2872 1070/1498/2873 1071/1497/2874
s 9
f 812/1402/2875 813/1401/2876 1069/1499/2877 1070/1498/2878
s 10
f 813/1401/2879 811/1404/2880 1068/1500/2881 1069/1499/2882
s 11
f 811/1404/2883 819/1410/2884 1067/1501/2885 1068/1500/2886
s off
f 777/1361/2887 769/1356/2888 895/1488/2889 903/1494/2890
f 769/1356/2891 771/1354/2892 897/1485/2893 895/1488/2894
f 771/1354/2895 770/1353/2896 896/1486/2897 897/1485/2898
f 770/1353/2899 772/1355/2900 898/1487/2901 896/1486/2902
f 772/1355/2903 768/1352/2904 894/1483/2905 898/1487/2906
f 768/1352/2907 782/1351/2908 908/1484/2909 894/1483/2910
f 873/1502/2911 871/1503/2912 913/1504/2913 915/1505/2914
f 871/1503/2915 872/1506/2916 914/1507/2917 913/1504/2918
f 872/1506/2919 869/1508/2920 911/1509/2921 914/1507/2922
f 869/1508/2923 870/1510/2924 912/1511/2925 911/1509/2926
f 870/1510/2927 867/1512/2928 909/1513/2929 912/1511/2930
f 867/1512/2931 868/1514/2932 910/1515/2933 909/1513/2934
f 789/1516/2935 787/1517/2936 829/1518/2937 831/1519/2938
f 787/1517/2939 788/1520/2940 830/1521/2941 829/1518/2942
f 788/1520/2943 785/1522/2944 827/1523/2945 830/1521/2946
f 785/1522/2947 786/1524/2948 828/1525/2949 827/1523/2950
f 786/1524/2951 783/1526/2952 825/1527/2953 828/1525/2954
f 783/1526/2955 784/1528/2956 826/1529/2957 825/1527/2958
s 12
f 910/1515/2959 868/1514/2960 1090/1530/2961 1091/1531/2962
s 13
f 826/1529/2963 784/1528/2964 1095/1532/2965 1096/1533/2966
s off
f 920/1534/2967 919/1535/2968 918/1536/2969 921/1537/2970
f 916/1538/2971 920/1534/2972 921/1537/2973 917/1539/2974
f 1032/1540/2975 969/1541/2976 967/1542/2977 1053/1543/2978
f 969/1544/2979 1032/1545/2980 1033/1546/2981 970/1547/2982
f 972/1548/2983 970/1547/2984 1033/1546/2985 1034/1549/2986
f 974/1550/2987 972/1548/2988 1034/1549/2989 1035/1551/2990
f 976/1552/2991 974/1550/2992 1035/1551/2993 1036/1553/2994
f 978/1554/2995 976/1552/2996 1036/1553/2997 1037/1555/2998
f 980/1556/2999 978/1554/3000 1037/1555/3001 1038/1557/3002
f 1038/1557/3003 1039/1558/3004 983/1559/3005 980/1556/3006
f 1039/1558/3007 1040/1560/3008 985/1561/3009 983/1559/3010
f 1040/1560/3011 1041/1562/3012 987/1563/3013 985/1561/3014
f 1041/1562/3015 1042/1564/3016 989/1565/3017 987/1563/3018
f 1042/1564/3019 1043/1566/3020 991/1567/3021 989/1565/3022
f 991/1568/3023 1043/1569/3024 1044/1570/3025 992/1571/3026
f 994/1572/3027 992/1571/3028 1044/1570/3029 1045/1573/3030
f 996/1574/3031 994/1572/3032 1045/1573/3033 1046/1575/3034
f 998/1576/3035 996/1574/3036 1046/1575/3037 1047/1577/3038
f 1000/1578/3039 998/1576/3040 1047/1577/3041 1048/1579/3042
f 1002/1580/3043 1000/1578/3044 1048/1579/3045 1049/1581/3046
f 1049/1581/3047 1050/1582/3048 1005/1583/3049 1002/1580/3050
f 1050/1582/3051 1051/1584/3052 1007/1585/3053 1005/1583/3054
f 1051/1584/3055 1052/1586/3056 1009/1587/3057 1007/1585/3058
f 1052/1586/3059 1053/1543/3060 967/1542/3061 1009/1587/3062
f 966/1588/3063 935/1589/3064 934/1590/3065 968/1591/3066
f 967/1592/3067 969/1593/3068 945/1594/3069 944/1595/3070
f 968/1596/3071 934/1597/3072 933/1598/3073 971/1599/3074
f 969/1600/3075 970/1601/3076 946/1602/3077 945/1603/3078
f 947/1604/3079 946/1602/3080 970/1601/3081 972/1605/3082
f 933/1598/3083 932/1606/3084 973/1607/3085 971/1599/3086
f 948/1608/3087 947/1604/3088 972/1605/3089 974/1609/3090
f 932/1606/3091 931/1610/3092 975/1611/3093 973/1607/3094
f 949/1612/3095 948/1608/3096 974/1609/3097 976/1613/3098
f 931/1610/3099 930/1614/3100 977/1615/3101 975/1611/3102
f 950/1616/3103 949/1612/3104 976/1613/3105 978/1617/3106
f 930/1614/3107 929/1618/3108 979/1619/3109 977/1615/3110
f 951/1620/3111 950/1616/3112 978/1617/3113 980/1621/3114
f 929/1618/3115 928/1622/3116 981/1623/3117 979/1619/3118
f 928/1622/3119 927/1624/3120 982/1625/3121 981/1623/3122
f 952/1626/3123 951/1620/3124 980/1621/3125 983/1627/3126
f 927/1624/3127 926/1628/3128 984/1629/3129 982/1625/3130
f 953/1630/3131 952/1626/3132 983/1627/3133 985/1631/3134
f 926/1628/3135 925/1632/3136 986/1633/3137 984/1629/3138
f 954/1634/3139 953/1630/3140 985/1631/3141 987/1635/3142
f 925/1632/3143 924/1636/3144 988/1637/3145 986/1633/3146
f 955/1638/3147 954/1634/3148 987/1635/3149 989/1639/3150
f 988/1637/3151 924/1636/3152 923/1640/3153 990/1641/3154
f 989/1639/3155 991/1642/3156 956/1643/3157 955/1638/3158
f 990/1644/3159 923/1645/3160 922/1646/3161 993/1647/3162
f 991/1648/3163 992/1649/3164 957/1650/3165 956/1651/3166
f 958/1652/3167 957/1650/3168 992/1649/3169 994/1653/3170
f 922/1646/3171 943/1654/3172 995/1655/3173 993/1647/3174
f 959/1656/3175 958/1652/3176 994/1653/3177 996/1657/3178
f 943/1654/3179 942/1658/3180 997/1659/3181 995/1655/3182
f 960/1660/3183 959/1656/3184 996/1657/3185 998/1661/3186
f 942/1658/3187 941/1662/3188 999/1663/3189 997/1659/3190
f 961/1664/3191 960/1660/3192 998/1661/3193 1000/1665/3194
f 941/1662/3195 940/1666/3196 1001/1667/3197 999/1663/3198
f 962/1668/3199 961/1664/3200 1000/1665/3201 1002/1669/3202
f 940/1666/3203 939/1670/3204 1003/1671/3205 1001/1667/3206
f 939/1670/3207 938/1672/3208 1004/1673/3209 1003/1671/3210
f 963/1674/3211 962/1668/3212 1002/1669/3213 1005/1675/3214
f 938/1672/3215 937/1676/3216 1006/1677/3217 1004/1673/3218
f 964/1678/3219 963/1674/3220 1005/1675/3221 1007/1679/3222
f 937/1676/3223 936/1680/3224 1008/1681/3225 1006/1677/3226
f 965/1682/3227 964/1678/3228 1007/1679/3229 1009/1683/3230
f 936/1680/3231 935/1589/3232 966/1588/3233 1008/1681/3234
f 944/1595/3235 965/1682/3236 1009/1683/3237 967/1592/3238
f 966/1684/3239 968/1685/3240 1010/1686/3241 1031/1687/3242
f 1010/1688/3243 968/1689/3244 971/1690/3245 1011/1691/3246
f 1012/1692/3247 1011/1691/3248 971/1690/3249 973/1693/3250
f 1013/1694/3251 1012/1692/3252 973/1693/3253 975/1695/3254
f 1014/1696/3255 1013/1694/3256 975/1695/3257 977/1697/3258
f 1015/1698/3259 1014/1696/3260 977/1697/3261 979/1699/3262
f 1016/1700/3263 1015/1698/3264 979/1699/3265 981/1701/3266
f 981/1701/3267 982/1702/3268 1017/1703/3269 1016/1700/3270
f 982/1702/3271 984/1704/3272 1018/1705/3273 1017/1703/3274
f 984/1704/3275 986/1706/3276 1019/1707/3277 1018/1705/3278
f 986/1706/3279 988/1708/3280 1020/1709/3281 1019/1707/3282
f 988/1708/3283 990/1710/3284 1021/1711/3285 1020/1709/3286
f 1021/1712/3287 990/1713/3288 993/1714/3289 1022/1715/3290
f 1023/1716/3291 1022/1715/3292 993/1714/3293 995/1717/3294
f 1024/1718/3295 1023/1716/3296 995/1717/3297 997/1719/3298
f 1025/1720/3299 1024/1718/3300 997/1719/3301 999/1721/3302
f 1026/1722/3303 1025/1720/3304 999/1721/3305 1001/1723/3306
f 1027/1724/3307 1026/1722/3308 1001/1723/3309 1003/1725/3310
f 1003/1725/3311 1004/1726/3312 1028/1727/3313 1027/1724/3314
f 1004/1726/3315 1006/1728/3316 1029/1729/3317 1028/1727/3318
f 1006/1728/3319 1008/1730/3320 1030/1731/3321 1029/1729/3322
f 1008/1730/3323 966/1684/3324 1031/1687/3325 1030/1731/3326
f 1010/1732/3327 1032/1733/3328 1053/1734/3329 1031/1735/3330
f 1032/1736/3331 1010/1737/3332 1011/1738/3333 1033/1739/3334
f 1034/1740/3335 1033/1739/3336 1011/1738/3337 1012/1741/3338
f 1035/1742/3339 1034/1740/3340 1012/1741/3341 1013/1743/3342
f 1036/1744/3343 1035/1742/3344 1013/1743/3345 1014/1745/3346
f 1037/1746/3347 1036/1744/3348 1014/1745/3349 1015/1747/3350
f 1038/1748/3351 1037/1746/3352 1015/1747/3353 1016/1749/3354
f 1016/1749/3355 1017/1750/3356 1039/1751/3357 1038/1748/3358
f 1017/1750/3359 1018/1752/3360 1040/1753/3361 1039/1751/3362
f 1018/1752/3363 1019/1754/3364 1041/1755/3365 1040/1753/3366
f 1019/1754/3367 1020/1756/3368 1042/1757/3369 1041/1755/3370
f 1020/1756/3371 1021/1758/3372 1043/1759/3373 1042/1757/3374
f 1043/1760/3375 1021/1761/3376 1022/1762/3377 1044/1763/3378
f 1045/1764/3379 1044/1763/3380 1022/1762/3381 1023/1765/3382
f 1046/1766/3383 1045/1764/3384 1023/1765/3385 1024/1767/3386
f 1047/1768/3387 1046/1766/3388 1024/1767/3389 1025/1769/3390
f 1048/1770/3391 1047/1768/3392 1025/1769/3393 1026/1771/3394
f 1049/1772/3395 1048/1770/3396 1026/1771/3397 1027/1773/3398
f 1027/1773/3399 1028/1774/3400 1050/1775/3401 1049/1772/3402
f 1028/1774/3403 1029/1776/3404 1051/1777/3405 1050/1775/3406
f 1029/1776/3407 1030/1778/3408 1052/1779/3409 1051/1777/3410
f 1030/1778/3411 1031/1735/3412 1053/1734/3413 1052/1779/3414
f 815/1406/3415 826/1405/3416 1054/1780/3417 1055/1781/3418
f 816/1407/3419 815/1406/3420 1055/1781/3421 1056/1782/3422
f 817/1408/3423 816/1407/3424 1056/1782/3425 1057/1783/3426
s 14
f 818/1409/3427 817/1408/3428 1057/1783/3429 1058/1784/3430
s off
f 819/1410/3431 818/1409/3432 1058/1784/3433 1059/1785/3434
f 857/1442/3435 858/1441/3436 1060/1786/3437 1061/1787/3438
f 858/1441/3439 859/1443/3440 1062/1788/3441 1060/1786/3442
s 14
f 859/1443/3443 860/1444/3444 1063/1789/3445 1062/1788/3446
s off
f 860/1444/3447 861/1445/3448 1064/1790/3449 1063/1789/3450
f 868/1446/3451 857/1442/3452 1061/1787/3453 1065/1791/3454
s 14
f 1066/1792/3455 1067/1501/3456 819/1410/3457 1059/1785/3458
s 17
f 1100/1793/3459 1101/1794/3460 1065/1795/3461 1082/1796/3462
s 18
f 1054/1797/3463 1097/1798/3464 1098/1799/3465 1085/1800/3466
s 14
f 861/1445/3467 1067/1501/3456 1066/1792/3455 1064/1790/3468
s 11
f 1068/1500/2886 1067/1501/2885 861/1445/3469 853/1440/3470
s 10
f 1069/1499/2882 1068/1500/2881 853/1440/3471 855/1438/3472
s 9
f 1070/1498/2878 1069/1499/2877 855/1438/3473 854/1437/3474
s 8
f 1071/1497/2874 1070/1498/2873 854/1437/3475 856/1439/3476
s 7
f 1072/1495/2870 1071/1497/2869 856/1439/3477 852/1436/3478
s 6
f 1073/1496/2866 1072/1495/2865 852/1436/3479 866/1435/3480
s 19
f 1075/1801/3481 1093/1802/3482 1094/1803/3483 1078/1804/3484
f 1080/1805/3485 1092/1806/3486 1093/1802/3482 1075/1801/3481
s off
f 773/1807/3487 774/1808/3488 1074/1809/3489
f 774/1808/3490 775/1810/3491 1074/1809/3492
f 775/1810/3493 776/1811/3494 1074/1809/3495
f 776/1811/3496 777/1812/3497 1074/1809/3498
f 784/1813/3499 773/1807/3500 1074/1809/3501
f 899/1814/3502 910/1815/3503 1074/1809/3504
f 900/1816/3505 899/1814/3506 1074/1809/3507
f 901/1817/3508 900/1816/3509 1074/1809/3510
f 902/1818/3511 901/1817/3512 1074/1809/3513
f 903/1819/3514 902/1818/3515 1074/1809/3516
f 777/1812/3517 903/1819/3518 1074/1809/3519
f 921/1537/3520 918/1536/3521 1077/1820/3522 1076/1821/3523
s 20
f 1094/1822/3524 1095/1532/3525 784/1528/3526 1078/1823/3527
s off
f 784/1813/3528 1074/1809/3529 1075/1824/3530 1078/1825/3531
s 21
f 910/1515/3532 1091/1531/3533 1092/1826/3534 1080/1827/3535
s off
f 917/1539/3536 921/1537/3537 1076/1821/3538 1079/1828/3539
f 1074/1809/3540 910/1815/3541 1080/1829/3542 1075/1824/3543
s 22
f 1099/1830/3544 1100/1831/3545 1082/1832/3546 1084/1833/3547
f 1098/1834/3548 1099/1830/3544 1084/1833/3547 1085/1835/3549
s 23
f 920/1836/3550 916/1837/3551 1087/1838/3552 1088/1839/3553
f 919/1840/3554 920/1836/3550 1088/1839/3553 1089/1841/3555
s 14
f 1065/1842/3556 1084/1833/3557 1082/1832/3558
f 1084/1833/3557 1054/1843/3559 1085/1835/3560
f 1066/1844/3455 1084/1833/3557 1063/1845/3445 1064/1846/3468
f 1060/1847/3561 1084/1833/3557 1065/1842/3556 1061/1848/3562
f 1055/1849/3563 1054/1843/3559 1084/1833/3557 1056/1850/3564
f 1056/1850/3564 1084/1833/3557 1058/1851/3430 1057/1852/3429
f 1063/1845/3445 1084/1833/3557 1060/1847/3561 1062/1853/3446
f 1058/1851/3430 1084/1833/3557 1066/1844/3455 1059/1854/3458
s 23
f 1088/1839/3553 1087/1838/3552 1081/1855/3565 1083/1856/3566
f 1089/1841/3555 1088/1839/3553 1083/1856/3566 1086/1857/3567
s 17
f 1101/1794/3460 1090/1530/3568 868/1514/3569 1065/1795/3461
s 18
f 826/1529/3570 1096/1533/3571 1097/1798/3464 1054/1797/3463
s 12
f 1091/1531/2962 1090/1530/2961 916/1858/3572 917/1859/3573
s 21
f 1092/1826/3534 1091/1531/3533 917/1859/3574 1079/1860/3575
s 19
f 1093/1861/3482 1092/1862/3486 1079/1863/3576 1076/1864/3577
f 1094/1865/3483 1093/1861/3482 1076/1864/3577 1077/1866/3578
s 20
f 918/1867/3579 1095/1532/3525 1094/1822/3524 1077/1868/3580
s 13
f 1096/1533/2966 1095/1532/2965 918/1867/3581 919/1869/3582
s 18
f 1097/1798/3464 1096/1533/3571 919/1869/3583 1089/1870/3584
f 1098/1799/3465 1097/1798/3464 1089/1870/3584 1086/1871/3585
s 22
f 1083/1856/3586 1099/1830/3544 1098/1834/3548 1086/1857/3587
f 1081/1855/3588 1100/1831/3545 1099/1830/3544 1083/1856/3586
s 17
f 1087/1872/3589 1101/1794/3460 1100/1793/3459 1081/1873/3590
f 916/1858/3591 1090/1530/3568 1101/1794/3460 1087/1872/3589
s off
f 1162/1874/3592 1129/1875/3593 1127/1876/3594 1173/1877/3595
f 1131/1878/3596 1163/1879/3597 1164/1880/3598 1132/1881/3599
f 1134/1882/3600 1132/1881/3601 1164/1880/3602 1165/1883/3603
f 1136/1884/3604 1134/1882/3605 1165/1883/3606 1166/1885/3607
f 1138/1886/3608 1136/1884/3609 1166/1885/3610 1167/1887/3611
f 1140/1888/3612 1138/1886/3613 1167/1887/3614 1168/1889/3615
f 1142/1890/3616 1140/1888/3617 1168/1889/3618 1169/1891/3619
f 1169/1891/3620 1170/1892/3621 1145/1893/3622 1142/1890/3623
f 1170/1892/3624 1171/1894/3625 1147/1895/3626 1145/1893/3627
f 1171/1894/3628 1172/1896/3629 1149/1897/3630 1147/1895/3631
f 1172/1896/3632 1173/1877/3633 1127/1876/3634 1149/1897/3635
f 1126/1898/3636 1105/1899/3637 1104/1900/3638 1128/1901/3639
f 1127/1902/3640 1129/1903/3641 1115/1904/3642 1114/1905/3643
f 1130/1906/3644 1103/1907/3645 1102/1908/3646 1133/1909/3647
f 1131/1910/3648 1132/1911/3649 1117/1912/3650 1116/1913/3651
f 1118/1914/3652 1117/1912/3653 1132/1911/3654 1134/1915/3655
f 1102/1908/3656 1113/1916/3657 1135/1917/3658 1133/1909/3659
f 1119/1918/3660 1118/1914/3661 1134/1915/3662 1136/1919/3663
f 1113/1916/3664 1112/1920/3665 1137/1921/3666 1135/1917/3667
f 1120/1922/3668 1119/1918/3669 1136/1919/3670 1138/1923/3671
f 1112/1920/3672 1111/1924/3673 1139/1925/3674 1137/1921/3675
f 1121/1926/3676 1120/1922/3677 1138/1923/3678 1140/1927/3679
f 1111/1924/3680 1110/1928/3681 1141/1929/3682 1139/1925/3683
f 1122/1930/3684 1121/1926/3685 1140/1927/3686 1142/1931/3687
f 1110/1928/3688 1109/1932/3689 1143/1933/3690 1141/1929/3691
f 1109/1932/3692 1108/1934/3693 1144/1935/3694 1143/1933/3695
f 1123/1936/3696 1122/1930/3697 1142/1931/3698 1145/1937/3699
f 1108/1934/3700 1107/1938/3701 1146/1939/3702 1144/1935/3703
f 1124/1940/3704 1123/1936/3705 1145/1937/3706 1147/1941/3707
f 1107/1938/3708 1106/1942/3709 1148/1943/3710 1146/1939/3711
f 1125/1944/3712 1124/1940/3713 1147/1941/3714 1149/1945/3715
f 1106/1942/3716 1105/1899/3717 1126/1898/3718 1148/1943/3719
f 1114/1905/3720 1125/1944/3721 1149/1945/3722 1127/1902/3723
f 1126/1946/3724 1128/1947/3725 1150/1948/3726 1161/1949/3727
f 1151/1950/3728 1130/1951/3729 1133/1952/3730 1152/1953/3731
f 1153/1954/3732 1152/1953/3733 1133/1952/3734 1135/1955/3735
f 1154/1956/3736 1153/1954/3737 1135/1955/3738 1137/1957/3739
f 1155/1958/3740 1154/1956/3741 1137/1957/3742 1139/1959/3743
f 1156/1960/3744 1155/1958/3745 1139/1959/3746 1141/1961/3747
f 1157/1962/3748 1156/1960/3749 1141/1961/3750 1143/1963/3751
f 1143/1963/3752 1144/1964/3753 1158/1965/3754 1157/1962/3755
f 1144/1964/3756 1146/1966/3757 1159/1967/3758 1158/1965/3759
f 1146/1966/3760 1148/1968/3761 1160/1969/3762 1159/1967/3763
f 1148/1968/3764 1126/1946/3765 1161/1949/3766 1160/1969/3767
f 1150/1970/3768 1162/1971/3769 1173/1972/3770 1161/1973/3771
f 1163/1974/3772 1151/1975/3773 1152/1976/3774 1164/1977/3775
f 1165/1978/3776 1164/1977/3777 1152/1976/3778 1153/1979/3779
f 1166/1980/3780 1165/1978/3781 1153/1979/3782 1154/1981/3783
f 1167/1982/3784 1166/1980/3785 1154/1981/3786 1155/1983/3787
f 1168/1984/3788 1167/1982/3789 1155/1983/3790 1156/1985/3791
f 1169/1986/3792 1168/1984/3793 1156/1985/3794 1157/1987/3795
f 1157/1987/3796 1158/1988/3797 1170/1989/3798 1169/1986/3799
f 1158/1988/3800 1159/1990/3801 1171/1991/3802 1170/1989/3803
f 1159/1990/3804 1160/1992/3805 1172/1993/3806 1171/1991/3807
f 1160/1992/3808 1161/1973/3809 1173/1972/3810 1172/1993/3811
f 1234/1994/3812 1201/1995/3813 1199/1996/3814 1245/1997/3815
f 1203/1998/3816 1235/1999/3817 1236/2000/3818 1204/2001/3819
f 1206/2002/3820 1204/2001/3821 1236/2000/3822 1237/2003/3823
f 1208/2004/3824 1206/2002/3825 1237/2003/3826 1238/2005/3827
f 1210/2006/3828 1208/2004/3829 1238/2005/3830 1239/2007/3831
f 1212/2008/3832 1210/2006/3833 1239/2007/3834 1240/2009/3835
f 1214/2010/3836 1212/2008/3837 1240/2009/3838 1241/2011/3839
f 1241/2011/3840 1242/2012/3841 1217/2013/3842 1214/2010/3843
f 1242/2012/3844 1243/2014/3845 1219/2015/3846 1217/2013/3847
f 1243/2014/3848 1244/2016/3849 1221/2017/3850 1219/2015/3851
f 1244/2016/3852 1245/1997/3853 1199/1996/3854 1221/2017/3855
f 1198/2018/3856 1177/2019/3857 1176/2020/3858 1200/2021/3859
f 1199/2022/3860 1201/2023/3861 1187/2024/3862 1186/2025/3863
f 1202/2026/3864 1175/2027/3865 1174/2028/3866 1205/2029/3867
f 1203/2030/3868 1204/2031/3869 1189/2032/3870 1188/2033/3871
f 1190/2034/3872 1189/2032/3873 1204/2031/3874 1206/2035/3875
f 1174/2028/3876 1185/2036/3877 1207/2037/3878 1205/2029/3879
f 1191/2038/3880 1190/2034/3881 1206/2035/3882 1208/2039/3883
f 1185/2036/3884 1184/2040/3885 1209/2041/3886 1207/2037/3887
f 1192/2042/3888 1191/2038/3889 1208/2039/3890 1210/2043/3891
f 1184/2040/3892 1183/2044/3893 1211/2045/3894 1209/2041/3895
f 1193/2046/3896 1192/2042/3897 1210/2043/3898 1212/2047/3899
f 1183/2044/3900 1182/2048/3901 1213/2049/3902 1211/2045/3903
f 1194/2050/3904 1193/2046/3905 1212/2047/3906 1214/2051/3907
f 1182/2048/3908 1181/2052/3909 1215/2053/3910 1213/2049/3911
f 1181/2052/3912 1180/2054/3913 1216/2055/3914 1215/2053/3915
f 1195/2056/3916 1194/2050/3917 1214/2051/3918 1217/2057/3919
f 1180/2054/3920 1179/2058/3921 1218/2059/3922 1216/2055/3923
f 1196/2060/3924 1195/2056/3925 1217/2057/3926 1219/2061/3927
f 1179/2058/3928 1178/2062/3929 1220/2063/3930 1218/2059/3931
f 1197/2064/3932 1196/2060/3933 1219/2061/3934 1221/2065/3935
f 1178/2062/3936 1177/2019/3937 1198/2018/3938 1220/2063/3939
f 1186/2025/3940 1197/2064/3941 1221/2065/3942 1199/2022/3943
f 1198/2066/3944 1200/2067/3945 1222/2068/3946 1233/2069/3947
f 1223/2070/3948 1202/2071/3949 1205/2072/3950 1224/2073/3951
f 1225/2074/3952 1224/2073/3953 1205/2072/3954 1207/2075/3955
f 1226/2076/3956 1225/2074/3957 1207/2075/3958 1209/2077/3959
f 1227/2078/3960 1226/2076/3961 1209/2077/3962 1211/2079/3963
f 1228/2080/3964 1227/2078/3965 1211/2079/3966 1213/2081/3967
f 1229/2082/3968 1228/2080/3969 1213/2081/3970 1215/2083/3971
f 1215/2083/3972 1216/2084/3973 1230/2085/3974 1229/2082/3975
f 1216/2084/3976 1218/2086/3977 1231/2087/3978 1230/2085/3979
f 1218/2086/3980 1220/2088/3981 1232/2089/3982 1231/2087/3983
f 1220/2088/3984 1198/2066/3985 1233/2069/3986 1232/2089/3987
f 1222/2090/3988 1234/2091/3989 1245/2092/3990 1233/2093/3991
f 1235/2094/3992 1223/2095/3993 1224/2096/3994 1236/2097/3995
f 1237/2098/3996 1236/2097/3997 1224/2096/3998 1225/2099/3999
f 1238/2100/4000 1237/2098/4001 1225/2099/4002 1226/2101/4003
f 1239/2102/4004 1238/2100/4005 1226/2101/4006 1227/2103/4007
f 1240/2104/4008 1239/2102/4009 1227/2103/4010 1228/2105/4011
f 1241/2106/4012 1240/2104/4013 1228/2105/4014 1229/2107/4015
f 1229/2107/4016 1230/2108/4017 1242/2109/4018 1241/2106/4019
f 1230/2108/4020 1231/2110/4021 1243/2111/4022 1242/2109/4023
f 1231/2110/4024 1232/2112/4025 1244/2113/4026 1243/2111/4027
f 1232/2112/4028 1233/2093/4029 1245/2092/4030 1244/2113/4031
f 1250/2114/4032 1279/2115/4033 1290/2116/4034 1288/2117/4035
f 1249/2118/4036 1251/2119/4037 1286/2120/4038 1287/2121/4039
f 1253/2122/4040 1250/2114/4041 1288/2117/4042 1289/2123/4043
f 1252/2124/4044 1249/2118/4045 1287/2121/4046 1284/2125/4047
f 1251/2119/4048 1253/2122/4049 1289/2123/4050 1286/2120/4051
f 1250/2114/4052 1254/2126/4053 1280/2127/4054 1279/2115/4055
f 1249/2118/4056 1257/2128/4057 1256/2129/4058 1251/2119/4059
f 1253/2122/4060 1258/2130/4061 1254/2126/4062 1250/2114/4063
f 1252/2124/4064 1255/2131/4065 1257/2128/4066 1249/2118/4067
f 1251/2119/4068 1256/2129/4069 1258/2130/4070 1253/2122/4071
f 1254/2126/4072 1259/2132/4073 1281/2133/4074 1280/2127/4075
f 1257/2128/4076 1262/2134/4077 1261/2135/4078 1256/2129/4079
f 1258/2130/4080 1263/2136/4081 1259/2132/4082 1254/2126/4083
f 1255/2131/4084 1260/2137/4085 1262/2134/4086 1257/2128/4087
f 1256/2129/4088 1261/2135/4089 1263/2136/4090 1258/2130/4091
f 1259/2132/4092 1264/2138/4093 1282/2139/4094 1281/2133/4095
f 1262/2134/4096 1267/2140/4097 1266/2141/4098 1261/2135/4099
f 1263/2136/4100 1268/2142/4101 1264/2138/4102 1259/2132/4103
f 1260/2137/4104 1265/2143/4105 1267/2140/4106 1262/2134/4107
f 1261/2135/4108 1266/2141/4109 1268/2142/4110 1263/2136/4111
f 1264/2138/4112 1269/2144/4113 1283/2145/4114 1282/2139/4115
f 1267/2140/4116 1272/2146/4117 1271/2147/4118 1266/2141/4119
f 1268/2142/4120 1273/2148/4121 1269/2144/4122 1264/2138/4123
f 1265/2143/4124 1270/2149/4125 1272/2146/4126 1267/2140/4127
f 1266/2141/4128 1271/2147/4129 1273/2148/4130 1268/2142/4131
f 1285/2150/4132 1274/2151/4133 1252/2124/4134 1284/2125/4135
f 1275/2152/4136 1255/2131/4137 1252/2124/4138 1274/2151/4139
f 1276/2153/4140 1260/2137/4141 1255/2131/4142 1275/2152/4143
f 1277/2154/4144 1265/2143/4145 1260/2137/4146 1276/2153/4147
f 1278/2155/4148 1270/2149/4149 1265/2143/4150 1277/2154/4151
f 1292/2156/4152 1321/2157/4153 1322/2158/4154 1296/2159/4155
f 1291/2160/4156 1293/2161/4157 1298/2162/4158 1299/2163/4159
f 1295/2164/4160 1292/2156/4161 1296/2159/4162 1300/2165/4163
f 1294/2166/4164 1291/2160/4165 1299/2163/4166 1297/2167/4167
f 1293/2161/4168 1295/2164/4169 1300/2165/4170 1298/2162/4171
f 1296/2159/4172 1322/2158/4173 1323/2168/4174 1301/2169/4175
f 1299/2163/4176 1298/2162/4177 1303/2170/4178 1304/2171/4179
f 1300/2165/4180 1296/2159/4181 1301/2169/4182 1305/2172/4183
f 1297/2167/4184 1299/2163/4185 1304/2171/4186 1302/2173/4187
f 1298/2162/4188 1300/2165/4189 1305/2172/4190 1303/2170/4191
f 1301/2169/4192 1323/2168/4193 1324/2174/4194 1306/2175/4195
f 1304/2171/4196 1303/2170/4197 1308/2176/4198 1309/2177/4199
f 1305/2172/4200 1301/2169/4201 1306/2175/4202 1310/2178/4203
f 1302/2173/4204 1304/2171/4205 1309/2177/4206 1307/2179/4207
f 1303/2170/4208 1305/2172/4209 1310/2178/4210 1308/2176/4211
f 1306/2175/4212 1324/2174/4213 1325/2180/4214 1311/2181/4215
f 1309/2177/4216 1308/2176/4217 1313/2182/4218 1314/2183/4219
f 1310/2178/4220 1306/2175/4221 1311/2181/4222 1315/2184/4223
f 1307/2179/4224 1309/2177/4225 1314/2183/4226 1312/2185/4227
f 1308/2176/4228 1310/2178/4229 1315/2184/4230 1313/2182/4231
f 1317/2186/4232 1316/2187/4233 1294/2166/4234 1297/2167/4235
f 1318/2188/4236 1317/2186/4237 1297/2167/4238 1302/2173/4239
f 1319/2189/4240 1318/2188/4241 1302/2173/4242 1307/2179/4243
f 1320/2190/4244 1319/2189/4245 1307/2179/4246 1312/2185/4247
f 1316/2187/4248 1327/2191/4249 1326/2192/4250 1294/2166/4251
f 1291/2160/4252 1329/2193/4253 1328/2194/4254 1293/2161/4255
f 1295/2164/4256 1331/2195/4257 1330/2196/4258 1292/2156/4259
f 1294/2166/4260 1326/2192/4261 1329/2193/4262 1291/2160/4263
f 1293/2161/4264 1328/2194/4265 1331/2195/4266 1295/2164/4267
f 1292/2156/4268 1330/2196/4269 1332/2197/4270 1321/2157/4271
f 1283/2145/4272 1269/2144/4273 1311/2181/4274 1325/2180/4275
f 1269/2144/4276 1273/2148/4277 1315/2184/4278 1311/2181/4279
f 1273/2148/4280 1271/2147/4281 1313/2182/4282 1315/2184/4283
f 1271/2147/4284 1272/2146/4285 1314/2183/4286 1313/2182/4287
f 1272/2146/4288 1270/2149/4289 1312/2185/4290 1314/2183/4291
f 1270/2149/4292 1278/2155/4293 1320/2190/4294 1312/2185/4295
s 26
f 1332/2198/4296 1330/2199/4297 1429/2200/4298 1430/2201/4299
s 27
f 1330/2199/4300 1331/2202/4301 1428/2203/4302 1429/2200/4303
s off
f 1331/2202/4304 1328/2204/4305 1427/2205/4306 1428/2203/4307
f 1328/2204/4308 1329/2206/4309 1426/2207/4310 1427/2205/4311
f 1329/2206/4312 1326/2208/4313 1425/2209/4314 1426/2207/4315
f 1326/2208/4316 1327/2210/4317 1424/2211/4318 1425/2209/4319
s 28
f 1414/2212/4320 1415/2213/4321 1288/2214/4322 1290/2215/4323
s 29
f 1415/2213/4324 1416/2216/4325 1289/2217/4326 1288/2214/4327
s off
f 1416/2216/4328 1417/2218/4329 1286/2219/4330 1289/2217/4331
f 1417/2218/4332 1418/2220/4333 1287/2221/4334 1286/2219/4335
f 1418/2220/4336 1419/2222/4337 1284/2223/4338 1287/2221/4339
f 1419/2222/4340 1420/2224/4341 1285/2225/4342 1284/2223/4343
f 1423/2226/4344 1424/2211/4345 1327/2210/4346 1336/2227/4347
f 1285/2225/4348 1420/2224/4349 1421/2228/4350 1337/2229/4351
f 1274/2230/4352 1285/2231/4353 1338/2232/4354
f 1275/2233/4355 1274/2230/4356 1338/2232/4357
f 1276/2234/4358 1275/2233/4359 1338/2232/4360
f 1277/2235/4361 1276/2234/4362 1338/2232/4363 1339/2236/4364
f 1278/2237/4365 1277/2235/4366 1339/2236/4367 1340/2238/4368
f 1316/2239/4369 1317/2240/4370 1338/2241/4371
f 1317/2240/4372 1318/2242/4373 1338/2241/4374
f 1318/2242/4375 1319/2243/4376 1338/2241/4377
f 1319/2243/4378 1320/2244/4379 1341/2245/4380 1338/2241/4381
f 1327/2246/4382 1316/2239/4383 1338/2241/4384
f 1320/2244/4385 1278/2237/4386 1340/2238/4387 1341/2245/4388
f 1336/2247/4389 1327/2246/4390 1338/2241/4391
f 1285/2231/4392 1337/2248/4393 1338/2232/4394
f 1338/2249/4395 1337/2250/4396 1421/2251/4397 1422/2252/4398
f 1336/2253/4399 1338/2249/4400 1422/2252/4401 1423/2254/4402
f 1402/2255/4403 1369/2256/4404 1367/2257/4405 1413/2258/4406
f 1371/2259/4407 1403/2260/4408 1404/2261/4409 1372/2262/4410
f 1374/2263/4411 1372/2262/4412 1404/2261/4413 1405/2264/4414
f 1376/2265/4415 1374/2263/4416 1405/2264/4417 1406/2266/4418
f 1378/2267/4419 1376/2265/4420 1406/2266/4421 1407/2268/4422
f 1380/2269/4423 1378/2267/4424 1407/2268/4425 1408/2270/4426
f 1382/2271/4427 1380/2269/4428 1408/2270/4429 1409/2272/4430
f 1409/2272/4431 1410/2273/4432 1385/2274/4433 1382/2271/4434
f 1410/2273/4435 1411/2275/4436 1387/2276/4437 1385/2274/4438
f 1411/2275/4439 1412/2277/4440 1389/2278/4441 1387/2276/4442
f 1412/2277/4443 1413/2258/4444 1367/2257/4445 1389/2278/4446
f 1366/2279/4447 1345/2280/4448 1344/2281/4449 1368/2282/4450
f 1367/2283/4451 1369/2284/4452 1355/2285/4453 1354/2286/4454
f 1370/2287/4455 1343/2288/4456 1342/2289/4457 1373/2290/4458
f 1371/2291/4459 1372/2292/4460 1357/2293/4461 1356/2294/4462
f 1358/2295/4463 1357/2293/4464 1372/2292/4465 1374/2296/4466
f 1342/2289/4467 1353/2297/4468 1375/2298/4469 1373/2290/4470
f 1359/2299/4471 1358/2295/4472 1374/2296/4473 1376/2300/4474
f 1353/2297/4475 1352/2301/4476 1377/2302/4477 1375/2298/4478
f 1360/2303/4479 1359/2299/4480 1376/2300/4481 1378/2304/4482
f 1352/2301/4483 1351/2305/4484 1379/2306/4485 1377/2302/4486
f 1361/2307/4487 1360/2303/4488 1378/2304/4489 1380/2308/4490
f 1351/2305/4491 1350/2309/4492 1381/2310/4493 1379/2306/4494
f 1362/2311/4495 1361/2307/4496 1380/2308/4497 1382/2312/4498
f 1350/2309/4499 1349/2313/4500 1383/2314/4501 1381/2310/4502
f 1349/2313/4503 1348/2315/4504 1384/2316/4505 1383/2314/4506
f 1363/2317/4507 1362/2311/4508 1382/2312/4509 1385/2318/4510
f 1348/2315/4511 1347/2319/4512 1386/2320/4513 1384/2316/4514
f 1364/2321/4515 1363/2317/4516 1385/2318/4517 1387/2322/4518
f 1347/2319/4519 1346/2323/4520 1388/2324/4521 1386/2320/4522
f 1365/2325/4523 1364/2321/4524 1387/2322/4525 1389/2326/4526
f 1346/2323/4527 1345/2280/4528 1366/2279/4529 1388/2324/4530
f 1354/2286/4531 1365/2325/4532 1389/2326/4533 1367/2283/4534
f 1366/2327/4535 1368/2328/4536 1390/2329/4537 1401/2330/4538
f 1391/2331/4539 1370/2332/4540 1373/2333/4541 1392/2334/4542
f 1393/2335/4543 1392/2334/4544 1373/2333/4545 1375/2336/4546
f 1394/2337/4547 1393/2335/4548 1375/2336/4549 1377/2338/4550
f 1395/2339/4551 1394/2337/4552 1377/2338/4553 1379/2340/4554
f 1396/2341/4555 1395/2339/4556 1379/2340/4557 1381/2342/4558
f 1397/2343/4559 1396/2341/4560 1381/2342/4561 1383/2344/4562
f 1383/2344/4563 1384/2345/4564 1398/2346/4565 1397/2343/4566
f 1384/2345/4567 1386/2347/4568 1399/2348/4569 1398/2346/4570
f 1386/2347/4571 1388/2349/4572 1400/2350/4573 1399/2348/4574
f 1388/2349/4575 1366/2327/4576 1401/2330/4577 1400/2350/4578
f 1390/2351/4579 1402/2352/4580 1413/2353/4581 1401/2354/4582
f 1403/2355/4583 1391/2356/4584 1392/2357/4585 1404/2358/4586
f 1405/2359/4587 1404/2358/4588 1392/2357/4589 1393/2360/4590
f 1406/2361/4591 1405/2359/4592 1393/2360/4593 1394/2362/4594
f 1407/2363/4595 1406/2361/4596 1394/2362/4597 1395/2364/4598
f 1408/2365/4599 1407/2363/4600 1395/2364/4601 1396/2366/4602
f 1409/2367/4603 1408/2365/4604 1396/2366/4605 1397/2368/4606
f 1397/2368/4607 1398/2369/4608 1410/2370/4609 1409/2367/4610
f 1398/2369/4611 1399/2371/4612 1411/2372/4613 1410/2370/4614
f 1399/2371/4615 1400/2373/4616 1412/2374/4617 1411/2372/4618
f 1400/2373/4619 1401/2354/4620 1413/2353/4621 1412/2374/4622
s 28
f 1248/2375/4623 1246/2376/4624 1415/2213/4321 1414/2212/4320
s 29
f 1246/2376/4625 1247/2377/4626 1416/2216/4325 1415/2213/4324
s 27
f 1429/2200/4303 1428/2203/4302 1334/2378/4627 1333/2379/4628
s 26
f 1430/2201/4299 1429/2200/4298 1333/2379/4629 1335/2380/4630
s off
f 1431/2381/4631 1441/2382/4632 1442/2383/4633 1433/2384/4634
f 1432/2385/4635 1431/2381/4636 1433/2384/4637 1434/2386/4638
f 1433/2384/4639 1442/2383/4640 1443/2387/4641 1435/2388/4642
f 1434/2386/4643 1433/2384/4644 1435/2388/4645 1436/2389/4646
f 1435/2388/4647 1443/2387/4648 1444/2390/4649 1437/2391/4650
f 1436/2389/4651 1435/2388/4652 1437/2391/4653 1438/2392/4654
f 1437/2391/4655 1444/2390/4656 1445/2393/4657 1439/2394/4658
f 1438/2392/4659 1437/2391/4660 1439/2394/4661 1440/2395/4662
f 1432/2385/4663 1447/2396/4664 1446/2397/4665 1431/2381/4666
f 1431/2381/4667 1446/2397/4668 1448/2398/4669 1441/2382/4670
f 1449/2399/4671 1459/2400/4672 1466/2401/4673 1464/2402/4674
f 1450/2403/4675 1449/2399/4676 1464/2402/4677 1465/2404/4678
f 1449/2399/4679 1451/2405/4680 1460/2406/4681 1459/2400/4682
f 1450/2403/4683 1452/2407/4684 1451/2405/4685 1449/2399/4686
f 1451/2405/4687 1453/2408/4688 1461/2409/4689 1460/2406/4690
f 1452/2407/4691 1454/2410/4692 1453/2408/4693 1451/2405/4694
f 1453/2408/4695 1455/2411/4696 1462/2412/4697 1461/2409/4698
f 1454/2410/4699 1456/2413/4700 1455/2411/4701 1453/2408/4702
f 1455/2411/4703 1457/2414/4704 1463/2415/4705 1462/2412/4706
f 1456/2413/4707 1458/2416/4708 1457/2414/4709 1455/2411/4710
f 1467/2417/4711 1477/2418/4712 1478/2419/4713 1469/2420/4714
f 1468/2421/4715 1467/2417/4716 1469/2420/4717 1470/2422/4718
f 1469/2420/4719 1478/2419/4720 1479/2423/4721 1471/2424/4722
f 1470/2422/4723 1469/2420/4724 1471/2424/4725 1472/2425/4726
f 1471/2424/4727 1479/2423/4728 1480/2426/4729 1473/2427/4730
f 1472/2425/4731 1471/2424/4732 1473/2427/4733 1474/2428/4734
f 1473/2427/4735 1480/2426/4736 1481/2429/4737 1475/2430/4738
f 1474/2428/4739 1473/2427/4740 1475/2430/4741 1476/2431/4742
f 1468/2421/4743 1483/2432/4744 1482/2433/4745 1467/2417/4746
f 1467/2417/4747 1482/2433/4748 1484/2434/4749 1477/2418/4750
f 1485/2435/4751 1495/2436/4752 1502/2437/4753 1500/2438/4754
f 1486/2439/4755 1485/2435/4756 1500/2438/4757 1501/2440/4758
f 1485/2435/4759 1487/2441/4760 1496/2442/4761 1495/2436/4762
f 1486/2439/4763 1488/2443/4764 1487/2441/4765 1485/2435/4766
f 1487/2441/4767 1489/2444/4768 1497/2445/4769 1496/2442/4770
f 1488/2443/4771 1490/2446/4772 1489/2444/4773 1487/2441/4774
f 1489/2444/4775 1491/2447/4776 1498/2448/4777 1497/2445/4778
f 1490/2446/4779 1492/2449/4780 1491/2447/4781 1489/2444/4782
f 1491/2447/4783 1493/2450/4784 1499/2451/4785 1498/2448/4786
f 1492/2449/4787 1494/2452/4788 1493/2450/4789 1491/2447/4790
f 1463/2415/4791 1457/2414/4792 1475/2430/4793 1481/2429/4794
f 1457/2414/4795 1458/2416/4796 1476/2431/4797 1475/2430/4798
f 1458/2416/4799 1514/2453/4800 1519/2454/4801 1476/2431/4802
f 1440/2395/4803 1439/2394/4804 1493/2450/4805 1494/2452/4806
f 1439/2394/4807 1445/2393/4808 1499/2451/4809 1493/2450/4810
f 1484/2455/4811 1482/2456/4812 1500/2457/4813 1502/2458/4814
f 1482/2456/4815 1483/2459/4816 1501/2460/4817 1500/2457/4818
f 1483/2459/4819 1520/2461/4820 1522/2462/4821 1501/2460/4822
f 1448/2463/4823 1446/2464/4824 1464/2465/4825 1466/2466/4826
f 1446/2464/4827 1447/2467/4828 1465/2468/4829 1464/2465/4830
f 1447/2467/4831 1508/2469/4832 1510/2470/4833 1465/2468/4834
f 1504/2471/4835 1503/2472/4836 1432/2385/4837 1434/2386/4838
f 1505/2473/4839 1504/2471/4840 1434/2386/4841 1436/2389/4842
f 1506/2474/4843 1505/2473/4844 1436/2389/4845 1438/2392/4846
f 1507/2475/4847 1506/2474/4848 1438/2392/4849 1440/2395/4850
f 1503/2472/4851 1508/2476/4852 1447/2396/4853 1432/2385/4854
f 1510/2477/4855 1509/2478/4856 1450/2403/4857 1465/2404/4858
f 1509/2478/4859 1511/2479/4860 1452/2407/4861 1450/2403/4862
f 1511/2479/4863 1512/2480/4864 1454/2410/4865 1452/2407/4866
f 1512/2480/4867 1513/2481/4868 1456/2413/4869 1454/2410/4870
f 1513/2481/4871 1514/2453/4872 1458/2416/4873 1456/2413/4874
f 1516/2482/4875 1515/2483/4876 1468/2421/4877 1470/2422/4878
f 1517/2484/4879 1516/2482/4880 1470/2422/4881 1472/2425/4882
f 1518/2485/4883 1517/2484/4884 1472/2425/4885 1474/2428/4886
f 1519/2454/4887 1518/2485/4888 1474/2428/4889 1476/2431/4890
f 1515/2483/4891 1520/2486/4892 1483/2432/4893 1468/2421/4894
f 1522/2487/4895 1521/2488/4896 1486/2439/4897 1501/2440/4898
f 1521/2488/4899 1523/2489/4900 1488/2443/4901 1486/2439/4902
f 1523/2489/4903 1524/2490/4904 1490/2446/4905 1488/2443/4906
f 1524/2490/4907 1525/2491/4908 1492/2449/4909 1490/2446/4910
f 1525/2491/4911 1526/2492/4912 1494/2452/4913 1492/2449/4914
f 1526/2492/4915 1507/2475/4916 1440/2395/4917 1494/2452/4918
f 1503/2493/4919 1504/2494/4920 1527/2495/4921
f 1504/2494/4922 1505/2496/4923 1527/2495/4924
f 1505/2496/4925 1506/2497/4926 1527/2495/4927
f 1506/2497/4928 1507/2498/4929 1527/2495/4930
f 1508/2499/4931 1503/2493/4932 1527/2495/4933
f 1509/2500/4934 1510/2501/4935 1527/2495/4936
f 1511/2502/4937 1509/2500/4938 1527/2495/4939
f 1512/2503/4940 1511/2502/4941 1527/2495/4942
f 1513/2504/4943 1512/2503/4944 1527/2495/4945
f 1514/2505/4946 1513/2504/4947 1527/2495/4948
f 1515/2506/4949 1516/2507/4950 1527/2495/4951
f 1516/2507/4952 1517/2508/4953 1527/2495/4954
f 1517/2508/4955 1518/2509/4956 1527/2495/4957
f 1518/2509/4958 1519/2510/4959 1527/2495/4960
f 1520/2511/4961 1515/2506/4962 1527/2495/4963
f 1521/2512/4964 1522/2513/4965 1527/2495/4966
f 1523/2514/4967 1521/2512/4968 1527/2495/4969
f 1524/2515/4970 1523/2514/4971 1527/2495/4972
f 1525/2516/4973 1524/2515/4974 1527/2495/4975
f 1526/2517/4976 1525/2516/4977 1527/2495/4978
f 1519/2510/4979 1514/2505/4980 1527/2495/4981
f 1507/2498/4982 1526/2517/4983 1527/2495/4984
f 1522/2513/4985 1520/2511/4986 1527/2495/4987
f 1510/2501/4988 1508/2499/4989 1527/2495/4990
f 1528/2518/4991 1529/2519/4992 1531/2520/4993 1530/2521/4994
s 30
f 1530/2522/4995 1531/2523/4996 1543/2524/4997 1540/2525/4998
s off
f 1532/2526/4999 1533/2527/5000 1535/2528/5001 1534/2529/5002
s 31
f 1541/2530/5003 1542/2531/5004 1529/2532/5005 1528/2533/5006
s 32
f 1529/2534/5007 1542/2535/5008 1543/2536/5009 1531/2537/5010
s 33
f 1540/2538/5011 1541/2539/5012 1528/2540/5013 1530/2541/5014
f 1534/2542/5015 1544/2543/5016 1545/2544/5017 1532/2545/5018
s 31
f 1534/2529/5019 1535/2528/5020 1547/2546/5021 1544/2547/5022
s 32
f 1546/2548/5023 1547/2549/5024 1535/2550/5025 1533/2551/5026
s 30
f 1545/2552/5027 1546/2553/5028 1533/2527/5029 1532/2526/5030
s 33
f 1536/2554/5031 1537/2555/5032 1541/2539/5012 1540/2538/5011
s 31
f 1537/2556/5033 1538/2557/5034 1542/2531/5004 1541/2530/5003
s 32
f 1543/2536/5009 1542/2535/5008 1538/2558/5035 1539/2559/5036
s 30
f 1540/2525/4998 1543/2524/4997 1539/2560/5037 1536/2561/5038
s 33
f 1545/2544/5017 1544/2543/5016 1537/2555/5032 1536/2554/5031
s 30
f 1536/2561/5038 1539/2560/5037 1546/2553/5028 1545/2552/5027
s 32
f 1539/2559/5036 1538/2558/5035 1547/2549/5024 1546/2548/5023
s 31
f 1544/2547/5022 1547/2546/5021 1538/2557/5034 1537/2556/5033
s 38
f 1550/2562/5039 1557/2563/5040 1558/2564/5041 1552/2565/5042
s 39
f 1552/2566/5043 1558/2567/5044 1559/2568/5045 1554/2569/5046
s 40
f 1554/2570/5047 1559/2571/5048 1556/2572/5049 1548/2573/5050
s off
f 1554/2574/5051 1548/2575/5052 1550/2576/5053 1552/2577/5054
s 38
f 1558/2564/5041 1557/2563/5040 1561/2578/5055 1562/2579/5056
s 39
f 1559/2568/5045 1558/2567/5044 1562/2580/5057 1563/2581/5058
s 40
f 1556/2572/5049 1559/2571/5048 1563/2582/5059 1560/2583/5060
s 38
f 1562/2579/5056 1561/2578/5055 1551/2584/5061 1553/2585/5062
s off
f 1565/2586/5063 1564/2587/5064 1566/2588/5065 1567/2589/5066
s 40
f 1560/2583/5060 1563/2582/5059 1555/2590/5067 1549/2591/5068
s 41
f 1563/2581/5069 1562/2580/5070 1568/2592/5071 1569/2593/5072
s 42
f 1562/2579/5073 1553/2585/5074 1571/2594/5075 1568/2595/5076
s 43
f 1555/2590/5077 1563/2582/5078 1569/2596/5079 1570/2597/5080
s 41
f 1569/2593/5072 1568/2592/5071 1564/2598/5081 1565/2599/5082
s 43
f 1570/2597/5080 1569/2596/5079 1565/2600/5083 1567/2601/5084
s 42
f 1568/2595/5076 1571/2594/5075 1566/2602/5085 1564/2603/5086
s off
usemtl vigas_caseta_riotutte
f 1572/2604/5087 1573/2605/5088 1575/2606/5089 1574/2607/5090
f 1574/2607/5091 1575/2606/5092 1577/2608/5093 1576/2609/5094
f 1576/2609/5095 1577/2608/5096 1579/2610/5097 1578/2611/5098
f 1578/2611/5099 1579/2610/5100 1573/2612/5101 1572/2613/5102
f 1573/2605/5103 1579/2614/5104 1577/2615/5105 1575/2606/5106
f 1578/2616/5107 1572/2604/5108 1574/2607/5109 1576/2617/5110
f 1580/2618/5111 1581/2619/5112 1583/2620/5113 1582/2621/5114
f 1582/2621/5115 1583/2620/5116 1585/2622/5117 1584/2623/5118
f 1584/2623/5119 1585/2622/5120 1587/2624/5121 1586/2625/5122
f 1586/2625/5123 1587/2624/5124 1581/2626/5125 1580/2627/5126
f 1581/2619/5127 1587/2628/5128 1585/2629/5129 1583/2620/5130
f 1586/2630/5131 1580/2618/5132 1582/2621/5133 1584/2631/5134
s 44
usemtl piedra_caseta_riotutte
f 1588/2632/5135 1596/2633/5136 1600/2634/5137 1592/2635/5138
s 45
f 1589/2636/5139 1588/2637/5140 1592/2638/5141 1593/2639/5142
s 44
f 1590/2640/5143 1598/2641/5144 1596/2633/5136 1588/2632/5135
s 45
f 1591/2642/5145 1590/2643/5146 1588/2637/5140 1589/2636/5139
s 44
f 1594/2644/5147 1602/2645/5148 1598/2641/5144 1590/2640/5143
s 45
f 1595/2646/5149 1594/2647/5150 1590/2643/5146 1591/2642/5145
s 46
f 1601/2648/5151 1597/2649/5152 1589/2650/5153 1593/2651/5154
f 1597/2649/5152 1599/2652/5155 1591/2653/5156 1589/2650/5153
f 1599/2652/5155 1603/2654/5157 1595/2655/5158 1591/2653/5156
s off
f 1604/2656/5159 1605/2657/5160 1607/2658/5161 1606/2659/5162
s 47
f 1606/2660/5163 1607/2661/5164 1611/2662/5165 1608/2663/5166
s 48
f 1609/2664/5167 1610/2665/5168 1605/2666/5169 1604/2667/5170
s 49
f 1608/2668/5171 1609/2669/5172 1604/2656/5173 1606/2659/5174
s 47
f 1608/2663/5166 1611/2662/5165 1615/2670/5175 1614/2671/5176
s 49
f 1614/2672/5177 1612/2673/5178 1609/2669/5172 1608/2668/5171
s 48
f 1612/2674/5179 1613/2675/5180 1610/2665/5168 1609/2664/5167
s off
f 1726/2676/5181 1663/2677/5182 1661/2678/5183 1747/2679/5184
f 1663/2680/5185 1726/2681/5186 1727/2682/5187 1664/2683/5188
f 1666/2684/5189 1664/2683/5190 1727/2682/5191 1728/2685/5192
f 1668/2686/5193 1666/2684/5194 1728/2685/5195 1729/2687/5196
f 1670/2688/5197 1668/2686/5198 1729/2687/5199 1730/2689/5200
f 1672/2690/5201 1670/2688/5202 1730/2689/5203 1731/2691/5204
f 1674/2692/5205 1672/2690/5206 1731/2691/5207 1732/2693/5208
f 1732/2693/5209 1733/2694/5210 1677/2695/5211 1674/2692/5212
f 1733/2694/5213 1734/2696/5214 1679/2697/5215 1677/2695/5216
f 1734/2696/5217 1735/2698/5218 1681/2699/5219 1679/2697/5220
f 1735/2698/5221 1736/2700/5222 1683/2701/5223 1681/2699/5224
f 1736/2700/5225 1737/2702/5226 1685/2703/5227 1683/2701/5228
f 1685/2704/5229 1737/2705/5230 1738/2706/5231 1686/2707/5232
f 1688/2708/5233 1686/2707/5234 1738/2706/5235 1739/2709/5236
f 1690/2710/5237 1688/2708/5238 1739/2709/5239 1740/2711/5240
f 1692/2712/5241 1690/2710/5242 1740/2711/5243 1741/2713/5244
f 1694/2714/5245 1692/2712/5246 1741/2713/5247 1742/2715/5248
f 1696/2716/5249 1694/2714/5250 1742/2715/5251 1743/2717/5252
f 1743/2717/5253 1744/2718/5254 1699/2719/5255 1696/2716/5256
f 1744/2718/5257 1745/2720/5258 1701/2721/5259 1699/2719/5260
f 1745/2720/5261 1746/2722/5262 1703/2723/5263 1701/2721/5264
f 1746/2722/5265 1747/2679/5266 1661/2678/5267 1703/2723/5268
f 1660/2724/5269 1629/2725/5270 1628/2726/5271 1662/2727/5272
f 1661/2728/5273 1663/2729/5274 1639/2730/5275 1638/2731/5276
f 1662/2732/5277 1628/2733/5278 1627/2734/5279 1665/2735/5280
f 1663/2736/5281 1664/2737/5282 1640/2738/5283 1639/2739/5284
f 1641/2740/5285 1640/2738/5286 1664/2737/5287 1666/2741/5288
f 1627/2734/5289 1626/2742/5290 1667/2743/5291 1665/2735/5292
f 1642/2744/5293 1641/2740/5294 1666/2741/5295 1668/2745/5296
f 1626/2742/5297 1625/2746/5298 1669/2747/5299 1667/2743/5300
f 1643/2748/5301 1642/2744/5302 1668/2745/5303 1670/2749/5304
f 1625/2746/5305 1624/2750/5306 1671/2751/5307 1669/2747/5308
f 1644/2752/5309 1643/2748/5310 1670/2749/5311 1672/2753/5312
f 1624/2750/5313 1623/2754/5314 1673/2755/5315 1671/2751/5316
f 1645/2756/5317 1644/2752/5318 1672/2753/5319 1674/2757/5320
f 1623/2754/5321 1622/2758/5322 1675/2759/5323 1673/2755/5324
f 1622/2758/5325 1621/2760/5326 1676/2761/5327 1675/2759/5328
f 1646/2762/5329 1645/2756/5330 1674/2757/5331 1677/2763/5332
f 1621/2760/5333 1620/2764/5334 1678/2765/5335 1676/2761/5336
f 1647/2766/5337 1646/2762/5338 1677/2763/5339 1679/2767/5340
f 1620/2764/5341 1619/2768/5342 1680/2769/5343 1678/2765/5344
f 1648/2770/5345 1647/2766/5346 1679/2767/5347 1681/2771/5348
f 1619/2768/5349 1618/2772/5350 1682/2773/5351 1680/2769/5352
f 1649/2774/5353 1648/2770/5354 1681/2771/5355 1683/2775/5356
f 1682/2773/5357 1618/2772/5358 1617/2776/5359 1684/2777/5360
f 1683/2775/5361 1685/2778/5362 1650/2779/5363 1649/2774/5364
f 1684/2780/5365 1617/2781/5366 1616/2782/5367 1687/2783/5368
f 1685/2784/5369 1686/2785/5370 1651/2786/5371 1650/2787/5372
f 1652/2788/5373 1651/2786/5374 1686/2785/5375 1688/2789/5376
f 1616/2782/5377 1637/2790/5378 1689/2791/5379 1687/2783/5380
f 1653/2792/5381 1652/2788/5382 1688/2789/5383 1690/2793/5384
f 1637/2790/5385 1636/2794/5386 1691/2795/5387 1689/2791/5388
f 1654/2796/5389 1653/2792/5390 1690/2793/5391 1692/2797/5392
f 1636/2794/5393 1635/2798/5394 1693/2799/5395 1691/2795/5396
f 1655/2800/5397 1654/2796/5398 1692/2797/5399 1694/2801/5400
f 1635/2798/5401 1634/2802/5402 1695/2803/5403 1693/2799/5404
f 1656/2804/5405 1655/2800/5406 1694/2801/5407 1696/2805/5408
f 1634/2802/5409 1633/2806/5410 1697/2807/5411 1695/2803/5412
f 1633/2806/5413 1632/2808/5414 1698/2809/5415 1697/2807/5416
f 1657/2810/5417 1656/2804/5418 1696/2805/5419 1699/2811/5420
f 1632/2808/5421 1631/2812/5422 1700/2813/5423 1698/2809/5424
f 1658/2814/5425 1657/2810/5426 1699/2811/5427 1701/2815/5428
f 1631/2812/5429 1630/2816/5430 1702/2817/5431 1700/2813/5432
f 1659/2818/5433 1658/2814/5434 1701/2815/5435 1703/2819/5436
f 1630/2816/5437 1629/2725/5438 1660/2724/5439 1702/2817/5440
f 1638/2731/5441 1659/2818/5442 1703/2819/5443 1661/2728/5444
f 1660/2820/5445 1662/2821/5446 1704/2822/5447 1725/2823/5448
f 1704/2824/5449 1662/2825/5450 1665/2826/5451 1705/2827/5452
f 1706/2828/5453 1705/2827/5454 1665/2826/5455 1667/2829/5456
f 1707/2830/5457 1706/2828/5458 1667/2829/5459 1669/2831/5460
f 1708/2832/5461 1707/2830/5462 1669/2831/5463 1671/2833/5464
f 1709/2834/5465 1708/2832/5466 1671/2833/5467 1673/2835/5468
f 1710/2836/5469 1709/2834/5470 1673/2835/5471 1675/2837/5472
f 1675/2837/5473 1676/2838/5474 1711/2839/5475 1710/2836/5476
f 1676/2838/5477 1678/2840/5478 1712/2841/5479 1711/2839/5480
f 1678/2840/5481 1680/2842/5482 1713/2843/5483 1712/2841/5484
f 1680/2842/5485 1682/2844/5486 1714/2845/5487 1713/2843/5488
f 1682/2844/5489 1684/2846/5490 1715/2847/5491 1714/2845/5492
f 1715/2848/5493 1684/2849/5494 1687/2850/5495 1716/2851/5496
f 1717/2852/5497 1716/2851/5498 1687/2850/5499 1689/2853/5500
f 1718/2854/5501 1717/2852/5502 1689/2853/5503 1691/2855/5504
f 1719/2856/5505 1718/2854/5506 1691/2855/5507 1693/2857/5508
f 1720/2858/5509 1719/2856/5510 1693/2857/5511 1695/2859/5512
f 1721/2860/5513 1720/2858/5514 1695/2859/5515 1697/2861/5516
f 1697/2861/5517 1698/2862/5518 1722/2863/5519 1721/2860/5520
f 1698/2862/5521 1700/2864/5522 1723/2865/5523 1722/2863/5524
f 1700/2864/5525 1702/2866/5526 1724/2867/5527 1723/2865/5528
f 1702/2866/5529 1660/2820/5530 1725/2823/5531 1724/2867/5532
f 1704/2868/5533 1726/2869/5534 1747/2870/5535 1725/2871/5536
f 1726/2872/5537 1704/2873/5538 1705/2874/5539 1727/2875/5540
f 1728/2876/5541 1727/2875/5542 1705/2874/5543 1706/2877/5544
f 1729/2878/5545 1728/2876/5546 1706/2877/5547 1707/2879/5548
f 1730/2880/5549 1729/2878/5550 1707/2879/5551 1708/2881/5552
f 1731/2882/5553 1730/2880/5554 1708/2881/5555 1709/2883/5556
f 1732/2884/5557 1731/2882/5558 1709/2883/5559 1710/2885/5560
f 1710/2885/5561 1711/2886/5562 1733/2887/5563 1732/2884/5564
f 1711/2886/5565 1712/2888/5566 1734/2889/5567 1733/2887/5568
f 1712/2888/5569 1713/2890/5570 1735/2891/5571 1734/2889/5572
f 1713/2890/5573 1714/2892/5574 1736/2893/5575 1735/2891/5576
f 1714/2892/5577 1715/2894/5578 1737/2895/5579 1736/2893/5580
f 1737/2896/5581 1715/2897/5582 1716/2898/5583 1738/2899/5584
f 1739/2900/5585 1738/2899/5586 1716/2898/5587 1717/2901/5588
f 1740/2902/5589 1739/2900/5590 1717/2901/5591 1718/2903/5592
f 1741/2904/5593 1740/2902/5594 1718/2903/5595 1719/2905/5596
f 1742/2906/5597 1741/2904/5598 1719/2905/5599 1720/2907/5600
f 1743/2908/5601 1742/2906/5602 1720/2907/5603 1721/2909/5604
f 1721/2909/5605 1722/2910/5606 1744/2911/5607 1743/2908/5608
f 1722/2910/5609 1723/2912/5610 1745/2913/5611 1744/2911/5612
f 1723/2912/5613 1724/2914/5614 1746/2915/5615 1745/2913/5616
f 1724/2914/5617 1725/2871/5618 1747/2870/5619 1746/2915/5620
f 1858/2916/5621 1795/2917/5622 1793/2918/5623 1879/2919/5624
f 1795/2920/5625 1858/2921/5626 1859/2922/5627 1796/2923/5628
f 1798/2924/5629 1796/2923/5630 1859/2922/5631 1860/2925/5632
f 1800/2926/5633 1798/2924/5634 1860/2925/5635 1861/2927/5636
f 1802/2928/5637 1800/2926/5638 1861/2927/5639 1862/2929/5640
f 1804/2930/5641 1802/2928/5642 1862/2929/5643 1863/2931/5644
f 1806/2932/5645 1804/2930/5646 1863/2931/5647 1864/2933/5648
f 1864/2933/5649 1865/2934/5650 1809/2935/5651 1806/2932/5652
f 1865/2934/5653 1866/2936/5654 1811/2937/5655 1809/2935/5656
f 1866/2936/5657 1867/2938/5658 1813/2939/5659 1811/2937/5660
f 1867/2938/5661 1868/2940/5662 1815/2941/5663 1813/2939/5664
f 1868/2940/5665 1869/2942/5666 1817/2943/5667 1815/2941/5668
f 1817/2944/5669 1869/2945/5670 1870/2946/5671 1818/2947/5672
f 1820/2948/5673 1818/2947/5674 1870/2946/5675 1871/2949/5676
f 1822/2950/5677 1820/2948/5678 1871/2949/5679 1872/2951/5680
f 1824/2952/5681 1822/2950/5682 1872/2951/5683 1873/2953/5684
f 1826/2954/5685 1824/2952/5686 1873/2953/5687 1874/2955/5688
f 1828/2956/5689 1826/2954/5690 1874/2955/5691 1875/2957/5692
f 1875/2957/5693 1876/2958/5694 1831/2959/5695 1828/2956/5696
f 1876/2958/5697 1877/2960/5698 1833/2961/5699 1831/2959/5700
f 1877/2960/5701 1878/2962/5702 1835/2963/5703 1833/2961/5704
f 1878/2962/5705 1879/2919/5706 1793/2918/5707 1835/2963/5708
f 1792/2964/5709 1761/2965/5710 1760/2966/5711 1794/2967/5712
f 1793/2968/5713 1795/2969/5714 1771/2970/5715 1770/2971/5716
f 1794/2972/5717 1760/2973/5718 1759/2974/5719 1797/2975/5720
f 1795/2976/5721 1796/2977/5722 1772/2978/5723 1771/2979/5724
f 1773/2980/5725 1772/2978/5726 1796/2977/5727 1798/2981/5728
f 1759/2974/5729 1758/2982/5730 1799/2983/5731 1797/2975/5732
f 1774/2984/5733 1773/2980/5734 1798/2981/5735 1800/2985/5736
f 1758/2982/5737 1757/2986/5738 1801/2987/5739 1799/2983/5740
f 1775/2988/5741 1774/2984/5742 1800/2985/5743 1802/2989/5744
f 1757/2986/5745 1756/2990/5746 1803/2991/5747 1801/2987/5748
f 1776/2992/5749 1775/2988/5750 1802/2989/5751 1804/2993/5752
f 1756/2990/5753 1755/2994/5754 1805/2995/5755 1803/2991/5756
f 1777/2996/5757 1776/2992/5758 1804/2993/5759 1806/2997/5760
f 1755/2994/5761 1754/2998/5762 1807/2999/5763 1805/2995/5764
f 1754/2998/5765 1753/3000/5766 1808/3001/5767 1807/2999/5768
f 1778/3002/5769 1777/2996/5770 1806/2997/5771 1809/3003/5772
f 1753/3000/5773 1752/3004/5774 1810/3005/5775 1808/3001/5776
f 1779/3006/5777 1778/3002/5778 1809/3003/5779 1811/3007/5780
f 1752/3004/5781 1751/3008/5782 1812/3009/5783 1810/3005/5784
f 1780/3010/5785 1779/3006/5786 1811/3007/5787 1813/3011/5788
f 1751/3008/5789 1750/3012/5790 1814/3013/5791 1812/3009/5792
f 1781/3014/5793 1780/3010/5794 1813/3011/5795 1815/3015/5796
f 1814/3013/5797 1750/3012/5798 1749/3016/5799 1816/3017/5800
f 1815/3015/5801 1817/3018/5802 1782/3019/5803 1781/3014/5804
f 1816/3020/5805 1749/3021/5806 1748/3022/5807 1819/3023/5808
f 1817/3024/5809 1818/3025/5810 1783/3026/5811 1782/3027/5812
f 1784/3028/5813 1783/3026/5814 1818/3025/5815 1820/3029/5816
f 1748/3022/5817 1769/3030/5818 1821/3031/5819 1819/3023/5820
f 1785/3032/5821 1784/3028/5822 1820/3029/5823 1822/3033/5824
f 1769/3030/5825 1768/3034/5826 1823/3035/5827 1821/3031/5828
f 1786/3036/5829 1785/3032/5830 1822/3033/5831 1824/3037/5832
f 1768/3034/5833 1767/3038/5834 1825/3039/5835 1823/3035/5836
f 1787/3040/5837 1786/3036/5838 1824/3037/5839 1826/3041/5840
f 1767/3038/5841 1766/3042/5842 1827/3043/5843 1825/3039/5844
f 1788/3044/5845 1787/3040/5846 1826/3041/5847 1828/3045/5848
f 1766/3042/5849 1765/3046/5850 1829/3047/5851 1827/3043/5852
f 1765/3046/5853 1764/3048/5854 1830/3049/5855 1829/3047/5856
f 1789/3050/5857 1788/3044/5858 1828/3045/5859 1831/3051/5860
f 1764/3048/5861 1763/3052/5862 1832/3053/5863 1830/3049/5864
f 1790/3054/5865 1789/3050/5866 1831/3051/5867 1833/3055/5868
f 1763/3052/5869 1762/3056/5870 1834/3057/5871 1832/3053/5872
f 1791/3058/5873 1790/3054/5874 1833/3055/5875 1835/3059/5876
f 1762/3056/5877 1761/2965/5878 1792/2964/5879 1834/3057/5880
f 1770/2971/5881 1791/3058/5882 1835/3059/5883 1793/2968/5884
f 1792/3060/5885 1794/3061/5886 1836/3062/5887 1857/3063/5888
f 1836/3064/5889 1794/3065/5890 1797/3066/5891 1837/3067/5892
f 1838/3068/5893 1837/3067/5894 1797/3066/5895 1799/3069/5896
f 1839/3070/5897 1838/3068/5898 1799/3069/5899 1801/3071/5900
f 1840/3072/5901 1839/3070/5902 1801/3071/5903 1803/3073/5904
f 1841/3074/5905 1840/3072/5906 1803/3073/5907 1805/3075/5908
f 1842/3076/5909 1841/3074/5910 1805/3075/5911 1807/3077/5912
f 1807/3077/5913 1808/3078/5914 1843/3079/5915 1842/3076/5916
f 1808/3078/5917 1810/3080/5918 1844/3081/5919 1843/3079/5920
f 1810/3080/5921 1812/3082/5922 1845/3083/5923 1844/3081/5924
f 1812/3082/5925 1814/3084/5926 1846/3085/5927 1845/3083/5928
f 1814/3084/5929 1816/3086/5930 1847/3087/5931 1846/3085/5932
f 1847/3088/5933 1816/3089/5934 1819/3090/5935 1848/3091/5936
f 1849/3092/5937 1848/3091/5938 1819/3090/5939 1821/3093/5940
f 1850/3094/5941 1849/3092/5942 1821/3093/5943 1823/3095/5944
f 1851/3096/5945 1850/3094/5946 1823/3095/5947 1825/3097/5948
f 1852/3098/5949 1851/3096/5950 1825/3097/5951 1827/3099/5952
f 1853/3100/5953 1852/3098/5954 1827/3099/5955 1829/3101/5956
f 1829/3101/5957 1830/3102/5958 1854/3103/5959 1853/3100/5960
f 1830/3102/5961 1832/3104/5962 1855/3105/5963 1854/3103/5964
f 1832/3104/5965 1834/3106/5966 1856/3107/5967 1855/3105/5968
f 1834/3106/5969 1792/3060/5970 1857/3063/5971 1856/3107/5972
f 1836/3108/5973 1858/3109/5974 1879/3110/5975 1857/3111/5976
f 1858/3112/5977 1836/3113/5978 1837/3114/5979 1859/3115/5980
f 1860/3116/5981 1859/3115/5982 1837/3114/5983 1838/3117/5984
f 1861/3118/5985 1860/3116/5986 1838/3117/5987 1839/3119/5988
f 1862/3120/5989 1861/3118/5990 1839/3119/5991 1840/3121/5992
f 1863/3122/5993 1862/3120/5994 1840/3121/5995 1841/3123/5996
f 1864/3124/5997 1863/3122/5998 1841/3123/5999 1842/3125/6000
f 1842/3125/6001 1843/3126/6002 1865/3127/6003 1864/3124/6004
f 1843/3126/6005 1844/3128/6006 1866/3129/6007 1865/3127/6008
f 1844/3128/6009 1845/3130/6010 1867/3131/6011 1866/3129/6012
f 1845/3130/6013 1846/3132/6014 1868/3133/6015 1867/3131/6016
f 1846/3132/6017 1847/3134/6018 1869/3135/6019 1868/3133/6020
f 1869/3136/6021 1847/3137/6022 1848/3138/6023 1870/3139/6024
f 1871/3140/6025 1870/3139/6026 1848/3138/6027 1849/3141/6028
f 1872/3142/6029 1871/3140/6030 1849/3141/6031 1850/3143/6032
f 1873/3144/6033 1872/3142/6034 1850/3143/6035 1851/3145/6036
f 1874/3146/6037 1873/3144/6038 1851/3145/6039 1852/3147/6040
f 1875/3148/6041 1874/3146/6042 1852/3147/6043 1853/3149/6044
f 1853/3149/6045 1854/3150/6046 1876/3151/6047 1875/3148/6048
f 1854/3150/6049 1855/3152/6050 1877/3153/6051 1876/3151/6052
f 1855/3152/6053 1856/3154/6054 1878/3155/6055 1877/3153/6056
f 1856/3154/6057 1857/3111/6058 1879/3110/6059 1878/3155/6060
f 1881/3156/6061 1910/3157/6062 1911/3158/6063 1885/3159/6064
f 1880/3160/6065 1882/3161/6066 1887/3162/6067 1888/3163/6068
f 1884/3164/6069 1881/3156/6070 1885/3159/6071 1889/3165/6072
f 1883/3166/6073 1880/3160/6074 1888/3163/6075 1886/3167/6076
f 1882/3161/6077 1884/3164/6078 1889/3165/6079 1887/3162/6080
f 1885/3159/6081 1911/3158/6082 1912/3168/6083 1890/3169/6084
f 1888/3163/6085 1887/3162/6086 1892/3170/6087 1893/3171/6088
f 1889/3165/6089 1885/3159/6090 1890/3169/6091 1894/3172/6092
f 1886/3167/6093 1888/3163/6094 1893/3171/6095 1891/3173/6096
f 1887/3162/6097 1889/3165/6098 1894/3172/6099 1892/3170/6100
f 1890/3169/6101 1912/3168/6102 1913/3174/6103 1895/3175/6104
f 1893/3171/6105 1892/3170/6106 1897/3176/6107 1898/3177/6108
f 1894/3172/6109 1890/3169/6110 1895/3175/6111 1899/3178/6112
f 1891/3173/6113 1893/3171/6114 1898/3177/6115 1896/3179/6116
f 1892/3170/6117 1894/3172/6118 1899/3178/6119 1897/3176/6120
f 1895/3175/6121 1913/3174/6122 1914/3180/6123 1900/3181/6124
f 1898/3177/6125 1897/3176/6126 1902/3182/6127 1903/3183/6128
f 1899/3178/6129 1895/3175/6130 1900/3181/6131 1904/3184/6132
f 1896/3179/6133 1898/3177/6134 1903/3183/6135 1901/3185/6136
f 1897/3176/6137 1899/3178/6138 1904/3184/6139 1902/3182/6140
f 1906/3186/6141 1905/3187/6142 1883/3166/6143 1886/3167/6144
f 1907/3188/6145 1906/3186/6146 1886/3167/6147 1891/3173/6148
f 1908/3189/6149 1907/3188/6150 1891/3173/6151 1896/3179/6152
f 1909/3190/6153 1908/3189/6154 1896/3179/6155 1901/3185/6156
f 1905/3187/6157 1916/3191/6158 1915/3192/6159 1883/3166/6160
f 1880/3160/6161 1918/3193/6162 1917/3194/6163 1882/3161/6164
f 1884/3164/6165 1920/3195/6166 1919/3196/6167 1881/3156/6168
f 1883/3166/6169 1915/3192/6170 1918/3193/6171 1880/3160/6172
f 1882/3161/6173 1917/3194/6174 1920/3195/6175 1884/3164/6176
f 1881/3156/6177 1919/3196/6178 1921/3197/6179 1910/3157/6180
f 1923/3198/6181 1952/3199/6182 1963/3200/6183 1961/3201/6184
f 1922/3202/6185 1924/3203/6186 1959/3204/6187 1960/3205/6188
f 1926/3206/6189 1923/3198/6190 1961/3201/6191 1962/3207/6192
f 1925/3208/6193 1922/3202/6194 1960/3205/6195 1957/3209/6196
f 1924/3203/6197 1926/3206/6198 1962/3207/6199 1959/3204/6200
f 1923/3198/6201 1927/3210/6202 1953/3211/6203 1952/3199/6204
f 1922/3202/6205 1930/3212/6206 1929/3213/6207 1924/3203/6208
f 1926/3206/6209 1931/3214/6210 1927/3210/6211 1923/3198/6212
f 1925/3208/6213 1928/3215/6214 1930/3212/6215 1922/3202/6216
f 1924/3203/6217 1929/3213/6218 1931/3214/6219 1926/3206/6220
f 1927/3210/6221 1932/3216/6222 1954/3217/6223 1953/3211/6224
f 1930/3212/6225 1935/3218/6226 1934/3219/6227 1929/3213/6228
f 1931/3214/6229 1936/3220/6230 1932/3216/6231 1927/3210/6232
f 1928/3215/6233 1933/3221/6234 1935/3218/6235 1930/3212/6236
f 1929/3213/6237 1934/3219/6238 1936/3220/6239 1931/3214/6240
f 1932/3216/6241 1937/3222/6242 1955/3223/6243 1954/3217/6244
f 1935/3218/6245 1940/3224/6246 1939/3225/6247 1934/3219/6248
f 1936/3220/6249 1941/3226/6250 1937/3222/6251 1932/3216/6252
f 1933/3221/6253 1938/3227/6254 1940/3224/6255 1935/3218/6256
f 1934/3219/6257 1939/3225/6258 1941/3226/6259 1936/3220/6260
f 1937/3222/6261 1942/3228/6262 1956/3229/6263 1955/3223/6264
f 1940/3224/6265 1945/3230/6266 1944/3231/6267 1939/3225/6268
f 1941/3226/6269 1946/3232/6270 1942/3228/6271 1937/3222/6272
f 1938/3227/6273 1943/3233/6274 1945/3230/6275 1940/3224/6276
f 1939/3225/6277 1944/3231/6278 1946/3232/6279 1941/3226/6280
f 1958/3234/6281 1947/3235/6282 1925/3208/6283 1957/3209/6284
f 1948/3236/6285 1928/3215/6286 1925/3208/6287 1947/3235/6288
f 1949/3237/6289 1933/3221/6290 1928/3215/6291 1948/3236/6292
f 1950/3238/6293 1938/3227/6294 1933/3221/6295 1949/3237/6296
f 1951/3239/6297 1943/3233/6298 1938/3227/6299 1950/3238/6300
f 1965/3240/6301 1994/3241/6302 1995/3242/6303 1969/3243/6304
f 1964/3244/6305 1966/3245/6306 1971/3246/6307 1972/3247/6308
f 1968/3248/6309 1965/3240/6310 1969/3243/6311 1973/3249/6312
f 1967/3250/6313 1964/3244/6314 1972/3247/6315 1970/3251/6316
f 1966/3245/6317 1968/3248/6318 1973/3249/6319 1971/3246/6320
f 1969/3243/6321 1995/3242/6322 1996/3252/6323 1974/3253/6324
f 1972/3247/6325 1971/3246/6326 1976/3254/6327 1977/3255/6328
f 1973/3249/6329 1969/3243/6330 1974/3253/6331 1978/3256/6332
f 1970/3251/6333 1972/3247/6334 1977/3255/6335 1975/3257/6336
f 1971/3246/6337 1973/3249/6338 1978/3256/6339 1976/3254/6340
f 1974/3253/6341 1996/3252/6342 1997/3258/6343 1979/3259/6344
f 1977/3255/6345 1976/3254/6346 1981/3260/6347 1982/3261/6348
f 1978/3256/6349 1974/3253/6350 1979/3259/6351 1983/3262/6352
f 1975/3257/6353 1977/3255/6354 1982/3261/6355 1980/3263/6356
f 1976/3254/6357 1978/3256/6358 1983/3262/6359 1981/3260/6360
f 1979/3259/6361 1997/3258/6362 1998/3264/6363 1984/3265/6364
f 1982/3261/6365 1981/3260/6366 1986/3266/6367 1987/3267/6368
f 1983/3262/6369 1979/3259/6370 1984/3265/6371 1988/3268/6372
f 1980/3263/6373 1982/3261/6374 1987/3267/6375 1985/3269/6376
f 1981/3260/6377 1983/3262/6378 1988/3268/6379 1986/3266/6380
f 1990/3270/6381 1989/3271/6382 1967/3250/6383 1970/3251/6384
f 1991/3272/6385 1990/3270/6386 1970/3251/6387 1975/3257/6388
f 1992/3273/6389 1991/3272/6390 1975/3257/6391 1980/3263/6392
f 1993/3274/6393 1992/3273/6394 1980/3263/6395 1985/3269/6396
f 1989/3271/6397 2000/3275/6398 1999/3276/6399 1967/3250/6400
f 1964/3244/6401 2002/3277/6402 2001/3278/6403 1966/3245/6404
f 1968/3248/6405 2004/3279/6406 2003/3280/6407 1965/3240/6408
f 1967/3250/6409 1999/3276/6410 2002/3277/6411 1964/3244/6412
f 1966/3245/6413 2001/3278/6414 2004/3279/6415 1968/3248/6416
f 1965/3240/6417 2003/3280/6418 2005/3281/6419 1994/3241/6420
f 2007/3282/6421 2036/3283/6422 2047/3284/6423 2045/3285/6424
f 2006/3286/6425 2008/3287/6426 2043/3288/6427 2044/3289/6428
f 2010/3290/6429 2007/3282/6430 2045/3285/6431 2046/3291/6432
f 2009/3292/6433 2006/3286/6434 2044/3289/6435 2041/3293/6436
f 2008/3287/6437 2010/3290/6438 2046/3291/6439 2043/3288/6440
f 2007/3282/6441 2011/3294/6442 2037/3295/6443 2036/3283/6444
f 2006/3286/6445 2014/3296/6446 2013/3297/6447 2008/3287/6448
f 2010/3290/6449 2015/3298/6450 2011/3294/6451 2007/3282/6452
f 2009/3292/6453 2012/3299/6454 2014/3296/6455 2006/3286/6456
f 2008/3287/6457 2013/3297/6458 2015/3298/6459 2010/3290/6460
f 2011/3294/6461 2016/3300/6462 2038/3301/6463 2037/3295/6464
f 2014/3296/6465 2019/3302/6466 2018/3303/6467 2013/3297/6468
f 2015/3298/6469 2020/3304/6470 2016/3300/6471 2011/3294/6472
f 2012/3299/6473 2017/3305/6474 2019/3302/6475 2014/3296/6476
f 2013/3297/6477 2018/3303/6478 2020/3304/6479 2015/3298/6480
f 2016/3300/6481 2021/3306/6482 2039/3307/6483 2038/3301/6484
f 2019/3302/6485 2024/3308/6486 2023/3309/6487 2018/3303/6488
f 2020/3304/6489 2025/3310/6490 2021/3306/6491 2016/3300/6492
f 2017/3305/6493 2022/3311/6494 2024/3308/6495 2019/3302/6496
f 2018/3303/6497 2023/3309/6498 2025/3310/6499 2020/3304/6500
f 2021/3306/6501 2026/3312/6502 2040/3313/6503 2039/3307/6504
f 2024/3308/6505 2029/3314/6506 2028/3315/6507 2023/3309/6508
f 2025/3310/6509 2030/3316/6510 2026/3312/6511 2021/3306/6512
f 2022/3311/6513 2027/3317/6514 2029/3314/6515 2024/3308/6516
f 2023/3309/6517 2028/3315/6518 2030/3316/6519 2025/3310/6520
f 2042/3318/6521 2031/3319/6522 2009/3292/6523 2041/3293/6524
f 2032/3320/6525 2012/3299/6526 2009/3292/6527 2031/3319/6528
f 2033/3321/6529 2017/3305/6530 2012/3299/6531 2032/3320/6532
f 2034/3322/6533 2022/3311/6534 2017/3305/6535 2033/3321/6536
f 2035/3323/6537 2027/3317/6538 2022/3311/6539 2034/3322/6540
f 1956/3229/6541 1942/3228/6542 1984/3265/6543 1998/3264/6544
f 1942/3228/6545 1946/3232/6546 1988/3268/6547 1984/3265/6548
f 1946/3232/6549 1944/3231/6550 1986/3266/6551 1988/3268/6552
f 1944/3231/6553 1945/3230/6554 1987/3267/6555 1986/3266/6556
f 1945/3230/6557 1943/3233/6558 1985/3269/6559 1987/3267/6560
f 1943/3233/6561 1951/3239/6562 1993/3274/6563 1985/3269/6564
f 1909/3190/6565 1901/3185/6566 2027/3317/6567 2035/3323/6568
f 1901/3185/6569 1903/3183/6570 2029/3314/6571 2027/3317/6572
f 1903/3183/6573 1902/3182/6574 2028/3315/6575 2029/3314/6576
f 1902/3182/6577 1904/3184/6578 2030/3316/6579 2028/3315/6580
f 1904/3184/6581 1900/3181/6582 2026/3312/6583 2030/3316/6584
f 1900/3181/6585 1914/3180/6586 2040/3313/6587 2026/3312/6588
s 50
f 2005/3324/6589 2003/3325/6590 2237/3326/6591 2238/3327/6592
s 51
f 2003/3325/6593 2004/3328/6594 2236/3329/6595 2237/3326/6596
s 52
f 2004/3328/6597 2001/3330/6598 2235/3331/6599 2236/3329/6600
s 53
f 2001/3330/6601 2002/3332/6602 2234/3333/6603 2235/3331/6604
s 54
f 2002/3332/6605 1999/3334/6606 2233/3335/6607 2234/3333/6608
s 55
f 1999/3334/6609 2000/3336/6610 2232/3337/6611 2233/3335/6612
s 56
f 2222/3338/6613 2223/3339/6614 1961/3340/6615 1963/3341/6616
s 57
f 2223/3339/6617 2224/3342/6618 1962/3343/6619 1961/3340/6620
s 58
f 2224/3342/6621 2225/3344/6622 1959/3345/6623 1962/3343/6624
s 59
f 2225/3344/6625 2226/3346/6626 1960/3347/6627 1959/3345/6628
s 60
f 2226/3346/6629 2227/3348/6630 1957/3349/6631 1960/3347/6632
s 61
f 2227/3348/6633 2228/3350/6634 1958/3351/6635 1957/3349/6636
s 62
f 2231/3352/6637 2232/3337/6638 2000/3336/6639 2048/3353/6640
s 63
f 1958/3351/6641 2228/3350/6642 2229/3354/6643 2051/3355/6644
s off
f 1947/3356/6645 1958/3357/6646 2052/3358/6647
f 1948/3359/6648 1947/3356/6649 2052/3358/6650
f 1949/3360/6651 1948/3359/6652 2052/3358/6653
f 1950/3361/6654 1949/3360/6655 2052/3358/6656
f 1951/3362/6657 1950/3361/6658 2052/3358/6659
f 1989/3363/6660 1990/3364/6661 2052/3365/6662
f 1990/3364/6663 1991/3366/6664 2052/3365/6665
f 1991/3366/6666 1992/3367/6667 2052/3365/6668
f 1992/3367/6669 1993/3368/6670 2052/3365/6671
f 2000/3369/6672 1989/3363/6673 2052/3365/6674
f 1993/3368/6675 1951/3362/6676 2052/3358/6677
f 2048/3370/6678 2000/3369/6679 2052/3365/6680
f 1958/3357/6681 2051/3371/6682 2052/3358/6683
f 1905/3372/6684 1906/3373/6685 2054/3374/6686 2053/3375/6687
f 1906/3373/6688 1907/3376/6689 2054/3374/6690
f 1907/3376/6691 1908/3377/6692 2053/3375/6693 2054/3374/6694
f 1908/3377/6695 1909/3378/6696 2053/3375/6697
f 1916/3379/6698 1905/3372/6699 2053/3375/6700
f 2031/3380/6701 2042/3381/6702 2053/3375/6703
f 2032/3382/6704 2031/3380/6705 2053/3375/6706 2055/3383/6707
f 2033/3384/6708 2032/3382/6709 2055/3383/6710
f 2034/3385/6711 2033/3384/6712 2055/3383/6713 2053/3375/6714
f 2035/3386/6715 2034/3385/6716 2053/3375/6717
f 1909/3378/6718 2035/3386/6719 2053/3375/6720
f 2042/3381/6721 2049/3387/6722 2053/3375/6723
f 2050/3388/6724 1916/3379/6725 2053/3375/6726
f 2052/3389/6727 2051/3390/6728 2229/3391/6729 2230/3392/6730
f 2048/3393/6731 2052/3389/6732 2230/3392/6733 2231/3394/6734
f 2166/3395/6735 2103/3396/6736 2101/3397/6737 2187/3398/6738
f 2103/3399/6739 2166/3400/6740 2167/3401/6741 2104/3402/6742
f 2106/3403/6743 2104/3402/6744 2167/3401/6745 2168/3404/6746
f 2108/3405/6747 2106/3403/6748 2168/3404/6749 2169/3406/6750
f 2110/3407/6751 2108/3405/6752 2169/3406/6753 2170/3408/6754
f 2112/3409/6755 2110/3407/6756 2170/3408/6757 2171/3410/6758
f 2114/3411/6759 2112/3409/6760 2171/3410/6761 2172/3412/6762
f 2172/3412/6763 2173/3413/6764 2117/3414/6765 2114/3411/6766
f 2173/3413/6767 2174/3415/6768 2119/3416/6769 2117/3414/6770
f 2174/3415/6771 2175/3417/6772 2121/3418/6773 2119/3416/6774
f 2175/3417/6775 2176/3419/6776 2123/3420/6777 2121/3418/6778
f 2176/3419/6779 2177/3421/6780 2125/3422/6781 2123/3420/6782
f 2125/3423/6783 2177/3424/6784 2178/3425/6785 2126/3426/6786
f 2128/3427/6787 2126/3426/6788 2178/3425/6789 2179/3428/6790
f 2130/3429/6791 2128/3427/6792 2179/3428/6793 2180/3430/6794
f 2132/3431/6795 2130/3429/6796 2180/3430/6797 2181/3432/6798
f 2134/3433/6799 2132/3431/6800 2181/3432/6801 2182/3434/6802
f 2136/3435/6803 2134/3433/6804 2182/3434/6805 2183/3436/6806
f 2183/3436/6807 2184/3437/6808 2139/3438/6809 2136/3435/6810
f 2184/3437/6811 2185/3439/6812 2141/3440/6813 2139/3438/6814
f 2185/3439/6815 2186/3441/6816 2143/3442/6817 2141/3440/6818
f 2186/3441/6819 2187/3398/6820 2101/3397/6821 2143/3442/6822
f 2100/3443/6823 2069/3444/6824 2068/3445/6825 2102/3446/6826
f 2101/3447/6827 2103/3448/6828 2079/3449/6829 2078/3450/6830
f 2102/3451/6831 2068/3452/6832 2067/3453/6833 2105/3454/6834
f 2103/3455/6835 2104/3456/6836 2080/3457/6837 2079/3458/6838
f 2081/3459/6839 2080/3457/6840 2104/3456/6841 2106/3460/6842
f 2067/3453/6843 2066/3461/6844 2107/3462/6845 2105/3454/6846
f 2082/3463/6847 2081/3459/6848 2106/3460/6849 2108/3464/6850
f 2066/3461/6851 2065/3465/6852 2109/3466/6853 2107/3462/6854
f 2083/3467/6855 2082/3463/6856 2108/3464/6857 2110/3468/6858
f 2065/3465/6859 2064/3469/6860 2111/3470/6861 2109/3466/6862
f 2084/3471/6863 2083/3467/6864 2110/3468/6865 2112/3472/6866
f 2064/3469/6867 2063/3473/6868 2113/3474/6869 2111/3470/6870
f 2085/3475/6871 2084/3471/6872 2112/3472/6873 2114/3476/6874
f 2063/3473/6875 2062/3477/6876 2115/3478/6877 2113/3474/6878
f 2062/3477/6879 2061/3479/6880 2116/3480/6881 2115/3478/6882
f 2086/3481/6883 2085/3475/6884 2114/3476/6885 2117/3482/6886
f 2061/3479/6887 2060/3483/6888 2118/3484/6889 2116/3480/6890
f 2087/3485/6891 2086/3481/6892 2117/3482/6893 2119/3486/6894
f 2060/3483/6895 2059/3487/6896 2120/3488/6897 2118/3484/6898
f 2088/3489/6899 2087/3485/6900 2119/3486/6901 2121/3490/6902
f 2059/3487/6903 2058/3491/6904 2122/3492/6905 2120/3488/6906
f 2089/3493/6907 2088/3489/6908 2121/3490/6909 2123/3494/6910
f 2122/3492/6911 2058/3491/6912 2057/3495/6913 2124/3496/6914
f 2123/3494/6915 2125/3497/6916 2090/3498/6917 2089/3493/6918
f 2124/3499/6919 2057/3500/6920 2056/3501/6921 2127/3502/6922
f 2125/3503/6923 2126/3504/6924 2091/3505/6925 2090/3506/6926
f 2092/3507/6927 2091/3505/6928 2126/3504/6929 2128/3508/6930
f 2056/3501/6931 2077/3509/6932 2129/3510/6933 2127/3502/6934
f 2093/3511/6935 2092/3507/6936 2128/3508/6937 2130/3512/6938
f 2077/3509/6939 2076/3513/6940 2131/3514/6941 2129/3510/6942
f 2094/3515/6943 2093/3511/6944 2130/3512/6945 2132/3516/6946
f 2076/3513/6947 2075/3517/6948 2133/3518/6949 2131/3514/6950
f 2095/3519/6951 2094/3515/6952 2132/3516/6953 2134/3520/6954
f 2075/3517/6955 2074/3521/6956 2135/3522/6957 2133/3518/6958
f 2096/3523/6959 2095/3519/6960 2134/3520/6961 2136/3524/6962
f 2074/3521/6963 2073/3525/6964 2137/3526/6965 2135/3522/6966
f 2073/3525/6967 2072/3527/6968 2138/3528/6969 2137/3526/6970
f 2097/3529/6971 2096/3523/6972 2136/3524/6973 2139/3530/6974
f 2072/3527/6975 2071/3531/6976 2140/3532/6977 2138/3528/6978
f 2098/3533/6979 2097/3529/6980 2139/3530/6981 2141/3534/6982
f 2071/3531/6983 2070/3535/6984 2142/3536/6985 2140/3532/6986
f 2099/3537/6987 2098/3533/6988 2141/3534/6989 2143/3538/6990
f 2070/3535/6991 2069/3444/6992 2100/3443/6993 2142/3536/6994
f 2078/3450/6995 2099/3537/6996 2143/3538/6997 2101/3447/6998
f 2100/3539/6999 2102/3540/7000 2144/3541/7001 2165/3542/7002
f 2144/3543/7003 2102/3544/7004 2105/3545/7005 2145/3546/7006
f 2146/3547/7007 2145/3546/7008 2105/3545/7009 2107/3548/7010
f 2147/3549/7011 2146/3547/7012 2107/3548/7013 2109/3550/7014
f 2148/3551/7015 2147/3549/7016 2109/3550/7017 2111/3552/7018
f 2149/3553/7019 2148/3551/7020 2111/3552/7021 2113/3554/7022
f 2150/3555/7023 2149/3553/7024 2113/3554/7025 2115/3556/7026
f 2115/3556/7027 2116/3557/7028 2151/3558/7029 2150/3555/7030
f 2116/3557/7031 2118/3559/7032 2152/3560/7033 2151/3558/7034
f 2118/3559/7035 2120/3561/7036 2153/3562/7037 2152/3560/7038
f 2120/3561/7039 2122/3563/7040 2154/3564/7041 2153/3562/7042
f 2122/3563/7043 2124/3565/7044 2155/3566/7045 2154/3564/7046
f 2155/3567/7047 2124/3568/7048 2127/3569/7049 2156/3570/7050
f 2157/3571/7051 2156/3570/7052 2127/3569/7053 2129/3572/7054
f 2158/3573/7055 2157/3571/7056 2129/3572/7057 2131/3574/7058
f 2159/3575/7059 2158/3573/7060 2131/3574/7061 2133/3576/7062
f 2160/3577/7063 2159/3575/7064 2133/3576/7065 2135/3578/7066
f 2161/3579/7067 2160/3577/7068 2135/3578/7069 2137/3580/7070
f 2137/3580/7071 2138/3581/7072 2162/3582/7073 2161/3579/7074
f 2138/3581/7075 2140/3583/7076 2163/3584/7077 2162/3582/7078
f 2140/3583/7079 2142/3585/7080 2164/3586/7081 2163/3584/7082
f 2142/3585/7083 2100/3539/7084 2165/3542/7085 2164/3586/7086
f 2144/3587/7087 2166/3588/7088 2187/3589/7089 2165/3590/7090
f 2166/3591/7091 2144/3592/7092 2145/3593/7093 2167/3594/7094
f 2168/3595/7095 2167/3594/7096 2145/3593/7097 2146/3596/7098
f 2169/3597/7099 2168/3595/7100 2146/3596/7101 2147/3598/7102
f 2170/3599/7103 2169/3597/7104 2147/3598/7105 2148/3600/7106
f 2171/3601/7107 2170/3599/7108 2148/3600/7109 2149/3602/7110
f 2172/3603/7111 2171/3601/7112 2149/3602/7113 2150/3604/7114
f 2150/3604/7115 2151/3605/7116 2173/3606/7117 2172/3603/7118
f 2151/3605/7119 2152/3607/7120 2174/3608/7121 2173/3606/7122
f 2152/3607/7123 2153/3609/7124 2175/3610/7125 2174/3608/7126
f 2153/3609/7127 2154/3611/7128 2176/3612/7129 2175/3610/7130
f 2154/3611/7131 2155/3613/7132 2177/3614/7133 2176/3612/7134
f 2177/3615/7135 2155/3616/7136 2156/3617/7137 2178/3618/7138
f 2179/3619/7139 2178/3618/7140 2156/3617/7141 2157/3620/7142
f 2180/3621/7143 2179/3619/7144 2157/3620/7145 2158/3622/7146
f 2181/3623/7147 2180/3621/7148 2158/3622/7149 2159/3624/7150
f 2182/3625/7151 2181/3623/7152 2159/3624/7153 2160/3626/7154
f 2183/3627/7155 2182/3625/7156 2160/3626/7157 2161/3628/7158
f 2161/3628/7159 2162/3629/7160 2184/3630/7161 2183/3627/7162
f 2162/3629/7163 2163/3631/7164 2185/3632/7165 2184/3630/7166
f 2163/3631/7167 2164/3633/7168 2186/3634/7169 2185/3632/7170
f 2164/3633/7171 2165/3590/7172 2187/3589/7173 2186/3634/7174
s 56
f 1921/3635/7175 1919/3636/7176 2189/3637/7177 2188/3638/7178
s 57
f 1919/3636/7179 1920/3639/7180 2190/3640/7181 2189/3637/7182
s 58
f 1920/3639/7183 1917/3641/7184 2191/3642/7185 2190/3640/7186
s 59
f 1917/3641/7187 1918/3643/7188 2192/3644/7189 2191/3642/7190
s 60
f 1918/3643/7191 1915/3645/7192 2193/3646/7193 2192/3644/7194
s 61
f 1915/3645/7195 1916/3647/7196 2194/3648/7197 2193/3646/7198
s 63
f 2195/3649/7199 2194/3648/7200 1916/3647/7201 2050/3650/7202
s 71
f 2196/3651/7203 2195/3652/7204 2050/3653/7205 2053/3654/7206
s 72
f 2197/3655/7207 2196/3651/7208 2053/3654/7209 2049/3656/7210
s 62
f 2042/3657/7211 2198/3658/7212 2197/3659/7213 2049/3660/7214
s 55
f 2199/3661/7215 2198/3658/7216 2042/3657/7217 2041/3662/7218
s 54
f 2200/3663/7219 2199/3661/7220 2041/3662/7221 2044/3664/7222
s 53
f 2201/3665/7223 2200/3663/7224 2044/3664/7225 2043/3666/7226
s 52
f 2202/3667/7227 2201/3665/7228 2043/3666/7229 2046/3668/7230
s 51
f 2203/3669/7231 2202/3667/7232 2046/3668/7233 2045/3670/7234
s 50
f 2204/3671/7235 2203/3669/7236 2045/3670/7237 2047/3672/7238
s 56
f 2188/3638/7178 2189/3637/7177 2206/3673/7239 2205/3674/7240
s 57
f 2189/3637/7182 2190/3640/7181 2207/3675/7241 2206/3673/7242
s 58
f 2190/3640/7186 2191/3642/7185 2208/3676/7243 2207/3675/7244
s 59
f 2191/3642/7190 2192/3644/7189 2209/3677/7245 2208/3676/7246
s 60
f 2192/3644/7194 2193/3646/7193 2210/3678/7247 2209/3677/7248
s 61
f 2193/3646/7198 2194/3648/7197 2211/3679/7249 2210/3678/7250
s 63
f 2212/3680/7251 2211/3679/7252 2194/3648/7200 2195/3649/7199
s 71
f 2213/3681/7253 2212/3682/7254 2195/3652/7204 2196/3651/7203
s 72
f 2214/3683/7255 2213/3681/7256 2196/3651/7208 2197/3655/7207
s 62
f 2197/3659/7213 2198/3658/7212 2215/3684/7257 2214/3685/7258
s 55
f 2216/3686/7259 2215/3684/7260 2198/3658/7216 2199/3661/7215
s 54
f 2217/3687/7261 2216/3686/7262 2199/3661/7220 2200/3663/7219
s 53
f 2218/3688/7263 2217/3687/7264 2200/3663/7224 2201/3665/7223
s 52
f 2219/3689/7265 2218/3688/7266 2201/3665/7228 2202/3667/7227
s 51
f 2220/3690/7267 2219/3689/7268 2202/3667/7232 2203/3669/7231
s 50
f 2221/3691/7269 2220/3690/7270 2203/3669/7236 2204/3671/7235
s 56
f 2205/3674/7240 2206/3673/7239 2223/3339/6614 2222/3338/6613
s 57
f 2206/3673/7242 2207/3675/7241 2224/3342/6618 2223/3339/6617
s 58
f 2207/3675/7244 2208/3676/7243 2225/3344/6622 2224/3342/6621
s 59
f 2208/3676/7246 2209/3677/7245 2226/3346/6626 2225/3344/6625
s 60
f 2209/3677/7248 2210/3678/7247 2227/3348/6630 2226/3346/6629
s 61
f 2210/3678/7250 2211/3679/7249 2228/3350/6634 2227/3348/6633
s 63
f 2229/3354/6643 2228/3350/6642 2211/3679/7252 2212/3680/7251
s 71
f 2230/3392/7271 2229/3391/7272 2212/3682/7254 2213/3681/7253
s 72
f 2231/3394/7273 2230/3392/7274 2213/3681/7256 2214/3683/7255
s 62
f 2214/3685/7258 2215/3684/7257 2232/3337/6638 2231/3352/6637
s 55
f 2233/3335/6612 2232/3337/6611 2215/3684/7260 2216/3686/7259
s 54
f 2234/3333/6608 2233/3335/6607 2216/3686/7262 2217/3687/7261
s 53
f 2235/3331/6604 2234/3333/6603 2217/3687/7264 2218/3688/7263
s 52
f 2236/3329/6600 2235/3331/6599 2218/3688/7266 2219/3689/7265
s 51
f 2237/3326/6596 2236/3329/6595 2219/3689/7268 2220/3690/7267
s 50
f 2238/3327/6592 2237/3326/6591 2220/3690/7270 2221/3691/7269
s off
f 2239/3692/7275 2249/3693/7276 2250/3694/7277 2241/3695/7278
f 2240/3696/7279 2239/3692/7280 2241/3695/7281 2242/3697/7282
f 2241/3695/7283 2250/3694/7284 2251/3698/7285 2243/3699/7286
f 2242/3697/7287 2241/3695/7288 2243/3699/7289 2244/3700/7290
f 2243/3699/7291 2251/3698/7292 2252/3701/7293 2245/3702/7294
f 2244/3700/7295 2243/3699/7296 2245/3702/7297 2246/3703/7298
f 2245/3702/7299 2252/3701/7300 2253/3704/7301 2247/3705/7302
f 2246/3703/7303 2245/3702/7304 2247/3705/7305 2248/3706/7306
f 2240/3696/7307 2255/3707/7308 2254/3708/7309 2239/3692/7310
f 2239/3692/7311 2254/3708/7312 2256/3709/7313 2249/3693/7314
f 2257/3710/7315 2267/3711/7316 2274/3712/7317 2272/3713/7318
f 2258/3714/7319 2257/3710/7320 2272/3713/7321 2273/3715/7322
f 2257/3710/7323 2259/3716/7324 2268/3717/7325 2267/3711/7326
f 2258/3714/7327 2260/3718/7328 2259/3716/7329 2257/3710/7330
f 2259/3716/7331 2261/3719/7332 2269/3720/7333 2268/3717/7334
f 2260/3718/7335 2262/3721/7336 2261/3719/7337 2259/3716/7338
f 2261/3719/7339 2263/3722/7340 2270/3723/7341 2269/3720/7342
f 2262/3721/7343 2264/3724/7344 2263/3722/7345 2261/3719/7346
f 2263/3722/7347 2265/3725/7348 2271/3726/7349 2270/3723/7350
f 2264/3724/7351 2266/3727/7352 2265/3725/7353 2263/3722/7354
f 2275/3728/7355 2285/3729/7356 2286/3730/7357 2277/3731/7358
f 2276/3732/7359 2275/3728/7360 2277/3731/7361 2278/3733/7362
f 2277/3731/7363 2286/3730/7364 2287/3734/7365 2279/3735/7366
f 2278/3733/7367 2277/3731/7368 2279/3735/7369 2280/3736/7370
f 2279/3735/7371 2287/3734/7372 2288/3737/7373 2281/3738/7374
f 2280/3736/7375 2279/3735/7376 2281/3738/7377 2282/3739/7378
f 2281/3738/7379 2288/3737/7380 2289/3740/7381 2283/3741/7382
f 2282/3739/7383 2281/3738/7384 2283/3741/7385 2284/3742/7386
f 2276/3732/7387 2291/3743/7388 2290/3744/7389 2275/3728/7390
f 2275/3728/7391 2290/3744/7392 2292/3745/7393 2285/3729/7394
f 2293/3746/7395 2303/3747/7396 2310/3748/7397 2308/3749/7398
f 2294/3750/7399 2293/3746/7400 2308/3749/7401 2309/3751/7402
f 2293/3746/7403 2295/3752/7404 2304/3753/7405 2303/3747/7406
f 2294/3750/7407 2296/3754/7408 2295/3752/7409 2293/3746/7410
f 2295/3752/7411 2297/3755/7412 2305/3756/7413 2304/3753/7414
f 2296/3754/7415 2298/3757/7416 2297/3755/7417 2295/3752/7418
f 2297/3755/7419 2299/3758/7420 2306/3759/7421 2305/3756/7422
f 2298/3757/7423 2300/3760/7424 2299/3758/7425 2297/3755/7426
f 2299/3758/7427 2301/3761/7428 2307/3762/7429 2306/3759/7430
f 2300/3760/7431 2302/3763/7432 2301/3761/7433 2299/3758/7434
s 80
f 2271/3726/7435 2265/3725/7436 2317/3764/7437 2318/3765/7438
s 81
f 2265/3725/7439 2266/3727/7440 2316/3766/7441 2317/3764/7442
s 82
f 2313/3767/7443 2314/3768/7444 2301/3761/7445 2302/3763/7446
s 83
f 2314/3768/7447 2315/3769/7448 2307/3762/7449 2301/3761/7450
s off
f 2292/3770/7451 2290/3771/7452 2308/3772/7453 2310/3773/7454
f 2290/3771/7455 2291/3774/7456 2309/3775/7457 2308/3772/7458
f 2256/3776/7459 2254/3777/7460 2272/3778/7461 2274/3779/7462
f 2254/3777/7463 2255/3780/7464 2273/3781/7465 2272/3778/7466
s 84
f 2309/3782/7467 2291/3783/7468 2311/3784/7469 2312/3785/7470
f 2312/3785/7470 2311/3784/7469 2273/3786/7471 2255/3787/7472
s off
f 2296/3788/7473 2294/3789/7474 2309/3782/7475 2312/3785/7476
f 2240/3790/7477 2242/3791/7478 2312/3785/7479 2255/3787/7480
f 2276/3792/7481 2278/3793/7482 2311/3784/7483 2291/3783/7484
f 2260/3794/7485 2258/3795/7486 2273/3786/7487 2311/3784/7488
f 2280/3796/7489 2282/3797/7490 2311/3784/7491 2278/3793/7492
f 2264/3798/7493 2262/3799/7494 2260/3794/7495 2311/3784/7496
f 2300/3800/7497 2298/3801/7498 2296/3788/7499 2312/3785/7500
f 2244/3802/7501 2246/3803/7502 2312/3785/7503 2242/3791/7504
s 82
f 2248/3706/7505 2247/3705/7506 2314/3768/7444 2313/3767/7443
s 83
f 2247/3705/7507 2253/3704/7508 2315/3769/7448 2314/3768/7447
s 81
f 2317/3764/7442 2316/3766/7441 2284/3742/7509 2283/3741/7510
s 80
f 2318/3765/7438 2317/3764/7437 2283/3741/7511 2289/3740/7512
s off
f 2284/3804/7513 2316/3805/7514 2311/3784/7515 2282/3797/7516
f 2316/3805/7517 2266/3806/7518 2264/3798/7519 2311/3784/7520
f 2248/3807/7521 2313/3808/7522 2312/3785/7523 2246/3803/7524
f 2313/3808/7525 2302/3809/7526 2300/3800/7527 2312/3785/7528
s 85
f 2319/3810/7529 2320/3811/7530 2326/3812/7531 2332/3813/7532
f 2320/3811/7530 2321/3814/7533 2327/3815/7534 2326/3812/7531
f 2321/3814/7533 2322/3816/7535 2328/3817/7536 2327/3815/7534
f 2322/3816/7535 2323/3818/7537 2329/3819/7538 2328/3817/7536
f 2323/3818/7537 2324/3820/7539 2330/3821/7540 2329/3819/7538
f 2324/3820/7539 2325/3822/7541 2331/3823/7542 2330/3821/7540
s 86
f 2332/3824/7543 2326/3825/7544 2333/3826/7545 2334/3827/7546
s 87
f 2326/3825/7547 2327/3828/7548 2328/3829/7549 2333/3826/7550
f 2333/3826/7550 2328/3829/7549 2329/3830/7551 2330/3831/7552
s 86
f 2334/3827/7546 2333/3826/7545 2330/3831/7553 2331/3832/7554
s off
f 2343/3833/7555 2372/3834/7556 2383/3835/7557 2381/3836/7558
f 2342/3837/7559 2344/3838/7560 2379/3839/7561 2380/3840/7562
f 2346/3841/7563 2343/3833/7564 2381/3836/7565 2382/3842/7566
f 2345/3843/7567 2342/3837/7568 2380/3840/7569 2377/3844/7570
f 2344/3838/7571 2346/3841/7572 2382/3842/7573 2379/3839/7574
f 2343/3833/7575 2347/3845/7576 2373/3846/7577 2372/3834/7578
f 2342/3837/7579 2350/3847/7580 2349/3848/7581 2344/3838/7582
f 2346/3841/7583 2351/3849/7584 2347/3845/7585 2343/3833/7586
f 2345/3843/7587 2348/3850/7588 2350/3847/7589 2342/3837/7590
f 2344/3838/7591 2349/3848/7592 2351/3849/7593 2346/3841/7594
f 2347/3845/7595 2352/3851/7596 2374/3852/7597 2373/3846/7598
f 2350/3847/7599 2355/3853/7600 2354/3854/7601 2349/3848/7602
f 2351/3849/7603 2356/3855/7604 2352/3851/7605 2347/3845/7606
f 2348/3850/7607 2353/3856/7608 2355/3853/7609 2350/3847/7610
f 2349/3848/7611 2354/3854/7612 2356/3855/7613 2351/3849/7614
f 2352/3851/7615 2357/3857/7616 2375/3858/7617 2374/3852/7618
f 2355/3853/7619 2360/3859/7620 2359/3860/7621 2354/3854/7622
f 2356/3855/7623 2361/3861/7624 2357/3857/7625 2352/3851/7626
f 2353/3856/7627 2358/3862/7628 2360/3859/7629 2355/3853/7630
f 2354/3854/7631 2359/3860/7632 2361/3861/7633 2356/3855/7634
f 2357/3857/7635 2362/3863/7636 2376/3864/7637 2375/3858/7638
f 2360/3859/7639 2365/3865/7640 2364/3866/7641 2359/3860/7642
f 2361/3861/7643 2366/3867/7644 2362/3863/7645 2357/3857/7646
f 2358/3862/7647 2363/3868/7648 2365/3865/7649 2360/3859/7650
f 2359/3860/7651 2364/3866/7652 2366/3867/7653 2361/3861/7654
f 2378/3869/7655 2367/3870/7656 2345/3843/7657 2377/3844/7658
f 2368/3871/7659 2348/3850/7660 2345/3843/7661 2367/3870/7662
f 2369/3872/7663 2353/3856/7664 2348/3850/7665 2368/3871/7666
f 2370/3873/7667 2358/3862/7668 2353/3856/7669 2369/3872/7670
f 2371/3874/7671 2363/3868/7672 2358/3862/7673 2370/3873/7674
f 2385/3875/7675 2414/3876/7676 2415/3877/7677 2389/3878/7678
f 2384/3879/7679 2386/3880/7680 2391/3881/7681 2392/3882/7682
f 2388/3883/7683 2385/3875/7684 2389/3878/7685 2393/3884/7686
f 2387/3885/7687 2384/3879/7688 2392/3882/7689 2390/3886/7690
f 2386/3880/7691 2388/3883/7692 2393/3884/7693 2391/3881/7694
f 2389/3878/7695 2415/3877/7696 2416/3887/7697 2394/3888/7698
f 2392/3882/7699 2391/3881/7700 2396/3889/7701 2397/3890/7702
f 2393/3884/7703 2389/3878/7704 2394/3888/7705 2398/3891/7706
f 2390/3886/7707 2392/3882/7708 2397/3890/7709 2395/3892/7710
f 2391/3881/7711 2393/3884/7712 2398/3891/7713 2396/3889/7714
f 2394/3888/7715 2416/3887/7716 2417/3893/7717 2399/3894/7718
f 2397/3890/7719 2396/3889/7720 2401/3895/7721 2402/3896/7722
f 2398/3891/7723 2394/3888/7724 2399/3894/7725 2403/3897/7726
f 2395/3892/7727 2397/3890/7728 2402/3896/7729 2400/3898/7730
f 2396/3889/7731 2398/3891/7732 2403/3897/7733 2401/3895/7734
f 2399/3894/7735 2417/3893/7736 2418/3899/7737 2404/3900/7738
f 2402/3896/7739 2401/3895/7740 2406/3901/7741 2407/3902/7742
f 2403/3897/7743 2399/3894/7744 2404/3900/7745 2408/3903/7746
f 2400/3898/7747 2402/3896/7748 2407/3902/7749 2405/3904/7750
f 2401/3895/7751 2403/3897/7752 2408/3903/7753 2406/3901/7754
f 2410/3905/7755 2409/3906/7756 2387/3885/7757 2390/3886/7758
f 2411/3907/7759 2410/3905/7760 2390/3886/7761 2395/3892/7762
f 2412/3908/7763 2411/3907/7764 2395/3892/7765 2400/3898/7766
f 2413/3909/7767 2412/3908/7768 2400/3898/7769 2405/3904/7770
f 2409/3906/7771 2420/3910/7772 2419/3911/7773 2387/3885/7774
f 2384/3879/7775 2422/3912/7776 2421/3913/7777 2386/3880/7778
f 2388/3883/7779 2424/3914/7780 2423/3915/7781 2385/3875/7782
f 2387/3885/7783 2419/3911/7784 2422/3912/7785 2384/3879/7786
f 2386/3880/7787 2421/3913/7788 2424/3914/7789 2388/3883/7790
f 2385/3875/7791 2423/3915/7792 2425/3916/7793 2414/3876/7794
f 2376/3864/7795 2362/3863/7796 2404/3900/7797 2418/3899/7798
f 2362/3863/7799 2366/3867/7800 2408/3903/7801 2404/3900/7802
f 2366/3867/7803 2364/3866/7804 2406/3901/7805 2408/3903/7806
f 2364/3866/7807 2365/3865/7808 2407/3902/7809 2406/3901/7810
f 2365/3865/7811 2363/3868/7812 2405/3904/7813 2407/3902/7814
f 2363/3868/7815 2371/3874/7816 2413/3909/7817 2405/3904/7818
s 88
f 2425/3917/7819 2423/3918/7820 2457/3919/7821 2458/3920/7822
s 89
f 2423/3918/7823 2424/3921/7824 2456/3922/7825 2457/3919/7826
s 90
f 2424/3921/7827 2421/3923/7828 2455/3924/7829 2456/3922/7830
s 91
f 2421/3923/7831 2422/3925/7832 2454/3926/7833 2455/3924/7834
s 92
f 2422/3925/7835 2419/3927/7836 2453/3928/7837 2454/3926/7838
s 93
f 2419/3927/7839 2420/3929/7840 2452/3930/7841 2453/3928/7842
s 94
f 2442/3931/7843 2443/3932/7844 2381/3933/7845 2383/3934/7846
s 95
f 2443/3932/7847 2444/3935/7848 2382/3936/7849 2381/3933/7850
s 96
f 2444/3935/7851 2445/3937/7852 2379/3938/7853 2382/3936/7854
s 97
f 2445/3937/7855 2446/3939/7856 2380/3940/7857 2379/3938/7858
s 98
f 2446/3939/7859 2447/3941/7860 2377/3942/7861 2380/3940/7862
s 99
f 2447/3941/7863 2448/3943/7864 2378/3944/7865 2377/3942/7866
s 100
f 2451/3945/7867 2452/3930/7868 2420/3929/7869 2433/3946/7870
s 101
f 2378/3944/7871 2448/3943/7872 2449/3947/7873 2436/3948/7874
s off
f 2367/3949/7875 2378/3950/7876 2437/3951/7877
f 2368/3952/7878 2367/3949/7879 2437/3951/7880
f 2369/3953/7881 2368/3952/7882 2437/3951/7883
f 2370/3954/7884 2369/3953/7885 2437/3951/7886 2438/3955/7887
f 2371/3956/7888 2370/3954/7889 2438/3955/7890 2439/3957/7891
f 2409/3958/7892 2410/3959/7893 2437/3960/7894
f 2410/3959/7895 2411/3961/7896 2437/3960/7897
f 2411/3961/7898 2412/3962/7899 2437/3960/7900
f 2412/3962/7901 2413/3963/7902 2440/3964/7903 2437/3960/7904
f 2420/3965/7905 2409/3958/7906 2437/3960/7907
f 2413/3963/7908 2371/3956/7909 2439/3957/7910 2440/3964/7911
f 2433/3966/7912 2420/3965/7913 2437/3960/7914
f 2378/3950/7915 2436/3967/7916 2437/3951/7917
s 102
f 2437/3968/7918 2436/3969/7919 2449/3970/7920 2450/3971/7921
s 103
f 2433/3972/7922 2437/3968/7923 2450/3971/7924 2451/3973/7925
s 94
f 2341/3974/7926 2339/3975/7927 2443/3932/7844 2442/3931/7843
s 95
f 2339/3975/7928 2340/3976/7929 2444/3935/7848 2443/3932/7847
s 96
f 2340/3976/7930 2337/3977/7931 2445/3937/7852 2444/3935/7851
s 97
f 2337/3977/7932 2338/3978/7933 2446/3939/7856 2445/3937/7855
s 98
f 2338/3978/7934 2335/3979/7935 2447/3941/7860 2446/3939/7859
s 99
f 2335/3979/7936 2336/3980/7937 2448/3943/7864 2447/3941/7863
s 101
f 2449/3947/7873 2448/3943/7872 2336/3980/7938 2435/3981/7939
s 102
f 2450/3971/7921 2449/3970/7920 2435/3982/7940 2441/3983/7941
s 103
f 2451/3973/7925 2450/3971/7924 2441/3983/7942 2434/3984/7943
s 100
f 2427/3985/7944 2452/3930/7868 2451/3945/7867 2434/3986/7945
s 93
f 2453/3928/7842 2452/3930/7841 2427/3985/7946 2426/3987/7947
s 92
f 2454/3926/7838 2453/3928/7837 2426/3987/7948 2429/3988/7949
s 91
f 2455/3924/7834 2454/3926/7833 2429/3988/7950 2428/3989/7951
s 90
f 2456/3922/7830 2455/3924/7829 2428/3989/7952 2431/3990/7953
s 89
f 2457/3919/7826 2456/3922/7825 2431/3990/7954 2430/3991/7955
s 88
f 2458/3920/7822 2457/3919/7821 2430/3991/7956 2432/3992/7957
s 104
f 2435/3993/7958 2336/3994/7959 2465/3995/7960 2441/3996/7961
s 105
f 2336/3994/7962 2335/3997/7963 2464/3998/7964 2465/3995/7965
s 106
f 2335/3997/7966 2338/3999/7967 2463/4000/7968 2464/3998/7969
s 107
f 2338/4001/7970 2337/4002/7971 2462/4003/7972 2463/4004/7973
s 108
f 2337/4002/7974 2340/4005/7975 2461/4006/7976 2462/4003/7977
s 109
f 2340/4005/7978 2339/4007/7979 2460/4008/7980 2461/4006/7981
s 110
f 2339/4007/7982 2341/4009/7983 2459/4010/7984 2460/4008/7985
f 2460/4008/7985 2459/4010/7984 2432/4011/7986 2430/4012/7987
s 109
f 2461/4006/7981 2460/4008/7980 2430/4012/7988 2431/4013/7989
s 108
f 2462/4003/7977 2461/4006/7976 2431/4013/7990 2428/4014/7991
s 107
f 2463/4004/7973 2462/4003/7972 2428/4014/7992 2429/4015/7993
s 106
f 2464/3998/7969 2463/4000/7968 2429/4016/7994 2426/4017/7995
s 105
f 2465/3995/7965 2464/3998/7964 2426/4017/7996 2427/4018/7997
s 104
f 2441/3996/7961 2465/3995/7960 2427/4018/7998 2434/4019/7999
s off
f 2467/4020/8000 2466/4021/8001 2471/4022/8002 2470/4023/8003
f 2473/4024/8004 2472/4025/8005 2468/4026/8006 2469/4027/8007
f 2471/4022/8008 2466/4021/8009 2468/4026/8010 2472/4025/8011
